time,metastable_switch
0.0,-0.6324156113350634
1.0,-1.1210533596688332
2.0,-0.8047900788740906
3.0,-1.461626471143286
4.0,-1.0841546481059485
5.0,-1.402103390734007
6.0,-0.7423876102709001
7.0,-1.368826177215065
8.0,-1.1198613317137631
9.0,-0.562509444081664
10.0,-0.9612955813197926
11.0,-1.3853304097793817
12.0,-0.775263718880295
13.0,-0.9665410511505874
14.0,-1.0457353490636074
15.0,-1.039822707321753
16.0,-0.982477929022406
17.0,-0.9977826969300986
18.0,-0.863215511133184
19.0,-0.6750854671998929
20.0,-0.9399878257527877
21.0,-0.9121537103295704
22.0,-0.7575553432632575
23.0,-1.104460729296714
24.0,-1.3054547217660974
25.0,-1.562740698234814
26.0,-0.751017944919214
27.0,-0.822867153922979
28.0,-1.103814719854874
29.0,-0.7052713440907533
30.0,-0.9140674492236747
31.0,-0.6452846797106682
32.0,-1.1898850903719487
33.0,-1.3571606763226958
34.0,-0.7601746374047263
35.0,-1.1848662561819492
36.0,-1.1473117195313185
37.0,-0.8216111006694966
38.0,-1.3642797405861513
39.0,-1.0709055597876571
40.0,-1.3379583137978326
41.0,-1.15555280662733
42.0,-1.799089081447244
43.0,-1.0173972667567945
44.0,-0.7115428416013573
45.0,-1.4535922683966875
46.0,-0.9211588030092586
47.0,-0.8365599636894142
48.0,-0.9504290717940106
49.0,-1.0871829335126142
50.0,-0.7733913446398922
51.0,-1.356699196400066
52.0,-1.5310150261040927
53.0,-0.6904023212389845
54.0,-0.4492333203912282
55.0,-1.2641629454128167
56.0,-0.9688864444474421
57.0,-0.7255179790294757
58.0,-0.5820361685528824
59.0,-1.0382295729470603
60.0,-1.111302782855098
61.0,-1.0927841012994277
62.0,-1.1580805116456847
63.0,-0.8138989313916557
64.0,-1.0927142259386273
65.0,-1.1402689874990135
66.0,-0.6712986271151212
67.0,-0.8052155553272136
68.0,-0.617037584145151
69.0,-1.3498100594695797
70.0,-0.9061825532152541
71.0,-0.7904848070342662
72.0,-0.5669053421117807
73.0,-1.2063065572087837
74.0,-1.2615219279970127
75.0,-1.066046810595994
76.0,-1.5468225067294452
77.0,-1.23203728798747
78.0,-1.188710013009305
79.0,-0.9712664571957839
80.0,-1.0207281954704994
81.0,-0.7539930197989549
82.0,-0.8835431541777182
83.0,-0.7327626918640048
84.0,-0.9949161822706867
85.0,-0.9284404989596428
86.0,-1.1209977410845928
87.0,-1.1555020263281177
88.0,-0.872622621596819
89.0,-1.119055181798773
90.0,-1.233829269130782
91.0,-1.0211831893091017
92.0,-0.6503287133452959
93.0,-0.7183179353489857
94.0,-0.4748000321164155
95.0,-1.0382315314306767
96.0,-1.0703765392636113
97.0,-0.7714004869708296
98.0,-1.0336987294508058
99.0,-0.9756861628355409
100.0,-0.8539758027603629
101.0,-0.7368013899758223
102.0,-1.0885205142809586
103.0,-0.899685501560816
104.0,-0.6243243392658528
105.0,-1.2296714662329342
106.0,-1.126916614797718
107.0,-1.4703967433371026
108.0,-0.803203979693611
109.0,-1.2047713595506142
110.0,-0.7639532341988287
111.0,-1.178178185698369
112.0,-0.9491373701967697
113.0,-0.8870146547083372
114.0,-0.5997069031016994
115.0,-1.1930245479978832
116.0,-0.968252190560928
117.0,-0.8609295310375459
118.0,-0.6942396499140588
119.0,-0.7612750431938149
120.0,-1.140921506975994
121.0,-1.1597434162288964
122.0,-0.601073538230495
123.0,-0.654352215455885
124.0,-0.6543732313621249
125.0,-0.9556371660590488
126.0,-0.8665359737673887
127.0,-0.48050625892393717
128.0,-1.0524075166070086
129.0,-1.274897133724627
130.0,-1.0739515627915461
131.0,-1.4079327253936043
132.0,-1.2928822127122617
133.0,-1.1768644848557155
134.0,-0.9128710444813404
135.0,-0.7417734234735158
136.0,-0.801772683079017
137.0,-1.036612477910247
138.0,-1.17326016879902
139.0,-0.7705994482970735
140.0,-0.9945074106774554
141.0,-0.9817686031571529
142.0,-0.8722131213741202
143.0,-1.5137369370139904
144.0,-1.6670974808829244
145.0,-1.3874975121128381
146.0,-0.9488307460096854
147.0,-0.5038871609333297
148.0,-0.7926107271008075
149.0,-1.4680894477653208
150.0,-0.9119948571450718
151.0,-0.683584104219842
152.0,-0.4829548533283179
153.0,-1.156882905936067
154.0,-0.7042175325819888
155.0,-1.0912074669214868
156.0,-0.923759359950499
157.0,-0.8004409142691362
158.0,-1.1063590899165723
159.0,-0.8803346274226221
160.0,-0.7402818349036405
161.0,-1.397794997219373
162.0,-0.5291539586057461
163.0,-0.7553347721269184
164.0,-1.0466744776869665
165.0,-0.7033753641004251
166.0,-1.3073220491738797
167.0,-0.9869681422770411
168.0,-1.1094859532159882
169.0,-1.3671881635310323
170.0,-1.3511706147559246
171.0,-0.9236548763248751
172.0,-1.2038880870249917
173.0,-0.8183606904380606
174.0,-0.9496650924319798
175.0,-0.7300933599080637
176.0,-1.1398368609161755
177.0,-1.147541310882424
178.0,-0.9160811995738486
179.0,-0.9314241802127518
180.0,-1.072462821870952
181.0,-1.2890465161383091
182.0,-0.9415737123493152
183.0,-0.9371478551670507
184.0,-0.9211323993703789
185.0,-0.674470127674843
186.0,-1.1555220469047796
187.0,-0.8142681485566364
188.0,-1.3644133888610148
189.0,-0.5348164000170652
190.0,-1.2263318004526884
191.0,-0.8917730652953675
192.0,-1.0214683531689341
193.0,-0.8376154066051158
194.0,-1.132556441849349
195.0,-1.1381586458089872
196.0,-1.3309921310974886
197.0,-1.1391380683010182
198.0,-0.8075370330418996
199.0,-0.8636466566578866
200.0,-1.2610108675685971
201.0,-0.7260253546044734
202.0,-1.259709865285145
203.0,-0.9091990697487886
204.0,-0.5445146806519132
205.0,-1.1076570283065852
206.0,-1.2469035050306463
207.0,-0.9227768589935235
208.0,-1.0512140971361603
209.0,-0.7462169970091761
210.0,-0.6949057535717988
211.0,-1.3221766129669095
212.0,-0.8942355777055012
213.0,-0.7450526465629308
214.0,-0.8196524731432624
215.0,-1.6163882631193673
216.0,-0.8691548084739504
217.0,-1.0714426467543399
218.0,-1.1468911618988347
219.0,-1.0508585813687148
220.0,-1.4068597994178689
221.0,-1.2545509759154923
222.0,-1.2251071245321965
223.0,-1.0742648275984186
224.0,-1.0641742055287904
225.0,-0.765237537783847
226.0,-0.8409728442905652
227.0,-1.1262296205488718
228.0,-0.6713191465759198
229.0,-0.8405872118001033
230.0,-1.2345416477947926
231.0,-0.736782970682903
232.0,-1.2901496642498858
233.0,-0.8011200943608571
234.0,-0.6363572291490593
235.0,-1.102625814636771
236.0,-1.2166995821703157
237.0,-0.8281477489761117
238.0,-0.36240926707622023
239.0,-0.8031831459567504
240.0,-0.7001387790800913
241.0,-1.0833681777053061
242.0,-0.8460649766533967
243.0,-0.9740066351154838
244.0,-0.9340473329286823
245.0,-0.635481168562473
246.0,-1.1877891078503238
247.0,-1.077806980272065
248.0,-1.1524116132442028
249.0,-0.9769025572460371
250.0,-0.9214208464034807
251.0,-1.067269464958664
252.0,-1.0555824008799977
253.0,-1.1165603831121107
254.0,-0.632827899476731
255.0,-0.9624529171642757
256.0,-0.6145024350500085
257.0,-0.9060766038692887
258.0,-0.8306881177945047
259.0,-1.0186382105389522
260.0,-0.9815303221829367
261.0,-1.102616302190293
262.0,-0.8810285456020283
263.0,-0.9279080602583991
264.0,-0.9633620362846115
265.0,-1.2436041397915392
266.0,-0.8001587546072085
267.0,-1.1705919701059002
268.0,-0.8758988817222105
269.0,-1.3762414462721793
270.0,-0.8847423704431915
271.0,-0.5900175956469472
272.0,-0.9059555679649985
273.0,-0.9094522817838087
274.0,-1.233084167779291
275.0,-0.981523732654525
276.0,-1.3493370647789837
277.0,-0.7524592503363409
278.0,-0.6610206914413972
279.0,-1.0508339184504376
280.0,-0.8797044662367511
281.0,-0.7031891030777331
282.0,-0.3101444744081804
283.0,-1.3628953523499598
284.0,-0.7949342619479558
285.0,-1.2416949943321596
286.0,-0.7028245696538378
287.0,-0.8438866649176779
288.0,-0.6619720993668757
289.0,-0.6022702216037039
290.0,-0.901910796834134
291.0,-0.8733069883116298
292.0,-0.9923581091298517
293.0,-0.8187178741266512
294.0,-1.0430858669048428
295.0,-1.244704406139316
296.0,-1.6449889897283483
297.0,-0.9226523044454942
298.0,-0.9847453024261078
299.0,-1.2351220530354396
300.0,-1.0960024377918811
301.0,-1.2056268539741422
302.0,-0.9323576379155597
303.0,-1.3063298424321952
304.0,-0.9111370216047799
305.0,-0.9883596064111113
306.0,-1.1477975207097784
307.0,-0.8477511274072668
308.0,-1.315834964016375
309.0,-0.9934187473721847
310.0,-1.1777486735897589
311.0,-1.026671453898474
312.0,-1.0381781752159613
313.0,-1.5997355850456936
314.0,-1.0881416262867876
315.0,-1.2121229918050482
316.0,-1.1361631761163093
317.0,-0.9510412642600996
318.0,-0.7125392451319661
319.0,-1.2694847141514272
320.0,-1.153159368240143
321.0,-0.9594839004909999
322.0,-0.8773640990941389
323.0,-1.1996256667096736
324.0,-0.8550959558091781
325.0,-0.9467759535019581
326.0,-0.5489964857355368
327.0,-0.8697900097851341
328.0,-1.286984184105479
329.0,-0.37737412796749226
330.0,-1.3431139645887666
331.0,-1.0266167484160764
332.0,-0.940665737615527
333.0,-0.9750702083289979
334.0,-0.7523932000548221
335.0,-0.5492623803498942
336.0,-0.5183319719235938
337.0,-1.6583912034256703
338.0,-1.0196136275975667
339.0,-0.905550500085714
340.0,-0.7582341169022333
341.0,-1.0605942437250004
342.0,-0.7934672379652068
343.0,-1.086904129003705
344.0,-1.0701651667308667
345.0,-0.7989966552443271
346.0,-0.9430125318756871
347.0,-0.8874022002534397
348.0,-1.2736815706718414
349.0,-1.1371656103072434
350.0,-0.9355508986458612
351.0,-0.712750670598986
352.0,-0.976053999552606
353.0,-1.10602515453657
354.0,-0.8532175448641791
355.0,-1.3151882499231657
356.0,-0.8208813453134542
357.0,-0.9752195671496151
358.0,-1.2269264823404027
359.0,-1.2297232800666886
360.0,-1.169235683381046
361.0,-0.5911994255501913
362.0,-0.9639168987210988
363.0,-1.1260837803443928
364.0,-0.9177477565245783
365.0,-1.213905743976051
366.0,-1.0463985090594567
367.0,-0.7530846311296806
368.0,-0.6018674934810004
369.0,-0.9050358763596229
370.0,-1.422785613319421
371.0,-0.9822810352808005
372.0,-1.2416470245676057
373.0,-0.914640825161771
374.0,-1.192027342548574
375.0,-1.037210977583992
376.0,-1.1179556517513458
377.0,-1.364145364787174
378.0,-0.8601659965057424
379.0,-0.6397305138762011
380.0,-0.9551273939826272
381.0,-0.6506131423236902
382.0,-1.0302478065748586
383.0,-0.47029084927982556
384.0,-1.1763673809923294
385.0,-1.4642450477903601
386.0,-0.8887802038563456
387.0,-1.2370794732544272
388.0,-1.380208959847448
389.0,-1.0684295260172942
390.0,-1.1195327052226929
391.0,-1.0214891867814504
392.0,-1.0055922543085956
393.0,-0.889430398707665
394.0,-1.1621935759894866
395.0,-1.0187486061034945
396.0,-1.2393562555933602
397.0,-0.8888205484122074
398.0,-1.2388772222353113
399.0,-1.2952168039228427
400.0,-1.473505172953554
401.0,-0.8939800000546589
402.0,-0.6234592731570192
403.0,-1.208781739531079
404.0,-0.9806457654007098
405.0,-0.923867756762114
406.0,-0.6456023382596128
407.0,-1.178848991991525
408.0,-1.3067896507308747
409.0,-1.012436565691285
410.0,-1.0344348049586714
411.0,-0.9649582747609039
412.0,-1.4065470030022655
413.0,-1.3131696894971137
414.0,-0.9018138602388945
415.0,-1.4273119708951598
416.0,-0.9578804217155499
417.0,-1.161406571429747
418.0,-0.8247307324980537
419.0,-0.667999755073453
420.0,-0.9637979160810813
421.0,-1.2532381970735496
422.0,-0.7730871755958533
423.0,-1.4314109996614204
424.0,-0.9785014863110245
425.0,-0.9458271080129417
426.0,-1.3215924535852697
427.0,-1.2042954473952177
428.0,-1.0411012998085323
429.0,-1.0550661079860362
430.0,-1.138851222536605
431.0,-0.6918654468133344
432.0,-0.8253151854199646
433.0,-1.1293228212139719
434.0,-0.8662813221383225
435.0,-0.8180281209184515
436.0,-1.281672019511313
437.0,-0.6385464592571997
438.0,-0.9446352892302213
439.0,-0.8904553329007883
440.0,-1.2788142365913786
441.0,-1.0178756596291065
442.0,-1.2476560821739384
443.0,-0.6924091375093984
444.0,-1.626015635578588
445.0,-1.1302796529647634
446.0,-0.9970995456862287
447.0,-0.820740925886853
448.0,-1.1046527981521694
449.0,-0.9661748518622912
450.0,-0.5203131837931592
451.0,-0.8210253781740312
452.0,-1.1468171056256562
453.0,-1.026259974610577
454.0,-1.0803388305124435
455.0,-1.2430236135122228
456.0,-0.9296069861335537
457.0,-1.058800458574135
458.0,-1.1081767815044605
459.0,-1.2226107758910418
460.0,-1.08011977977826
461.0,-0.9557018970291663
462.0,-1.2988111185294193
463.0,-1.1558918812535206
464.0,-1.3237975430802815
465.0,-1.2467380526210792
466.0,-0.9669435004973281
467.0,-0.6397439990503513
468.0,-1.1237911352295828
469.0,-0.9710650761835764
470.0,-0.21586511582338797
471.0,-1.149892315536742
472.0,-1.25212079641971
473.0,-1.3665025473440444
474.0,-1.2316634123483472
475.0,-0.8036680312983452
476.0,-0.6946512308364218
477.0,-0.6574189060207087
478.0,-0.8919626265507336
479.0,-0.988929997817495
480.0,-1.2484396137678861
481.0,-1.2750558902019091
482.0,-1.120161502092727
483.0,-0.899861095319606
484.0,-1.2826996833292226
485.0,-0.9298443833688247
486.0,-1.1060858797467246
487.0,-0.8381086785255953
488.0,-0.8296111691804549
489.0,-1.0590532324881525
490.0,-0.6996935600139162
491.0,-1.04128521818912
492.0,-1.0438457300974497
493.0,-1.340893339287689
494.0,-0.351231618519281
495.0,-1.332041874227566
496.0,-1.419399749127539
497.0,-1.4410934989051425
498.0,-1.2694609385217293
499.0,-1.0375644706968792
500.0,-0.9814709981210842
501.0,-1.4302798060317816
502.0,-0.8692948951855515
503.0,-1.1625190037055966
504.0,-0.8501792159606416
505.0,-0.9643862999979441
506.0,-0.8582257231840978
507.0,-0.8791429153834146
508.0,-0.794319595380631
509.0,-0.7358028822972171
510.0,-1.2257918990681058
511.0,-1.3525649107550646
512.0,-1.0301576562603465
513.0,-0.9414521653731116
514.0,-1.195254990265818
515.0,-0.5875619486682749
516.0,-0.6428271447635796
517.0,-1.0827043899334663
518.0,-1.1469143453119035
519.0,-0.8717299059697389
520.0,-1.0234327381897872
521.0,-1.1029919673674553
522.0,-0.4074640588351601
523.0,-1.05975743187116
524.0,-1.1031495026586786
525.0,-0.7634968260800552
526.0,-0.7753373915253843
527.0,-1.2877865781288205
528.0,-0.8049697724159919
529.0,-1.4066354883749856
530.0,-0.8846614295004179
531.0,-0.979585268972585
532.0,-0.701937655465007
533.0,-0.911121945470958
534.0,-0.6992776605863056
535.0,-1.0890959889515492
536.0,-0.49523599872536184
537.0,-0.8649384838417816
538.0,-1.131877882763845
539.0,-0.94788298941121
540.0,-0.646016445846488
541.0,-1.1856843430034827
542.0,-0.9587017332192788
543.0,-0.699287582599271
544.0,-1.0880498934071376
545.0,-1.025297469103252
546.0,-0.6140280759917118
547.0,-1.1470333904978283
548.0,-0.790213619045684
549.0,-1.6250424655837175
550.0,-1.0862477636471513
551.0,-0.8636333677997106
552.0,-0.8201241679815314
553.0,-0.7305786833200352
554.0,-0.7471371522845716
555.0,-1.4303715521839024
556.0,-1.2164153564727909
557.0,-1.0508719265702178
558.0,-1.2871328223304055
559.0,-0.7961163469529386
560.0,-1.1811628669725447
561.0,-0.686444298852311
562.0,-1.470012485866595
563.0,-0.6389325903742036
564.0,-0.8696616687138558
565.0,-1.268729067216946
566.0,-0.7241963765831516
567.0,-1.0670791295464714
568.0,-0.7051199659428071
569.0,-0.9854971289884149
570.0,-0.8165267053191266
571.0,-1.4104667491593137
572.0,-1.0695630569784607
573.0,-1.2392714427644218
574.0,-0.7820468469364497
575.0,-0.7942918344006008
576.0,-1.0803628585516367
577.0,-1.293577335282654
578.0,-1.196044045520206
579.0,-1.1412898829920102
580.0,-0.785930685651696
581.0,-1.338552637600332
582.0,-1.271715884756814
583.0,-0.9865309445376119
584.0,-0.6856775544361124
585.0,-1.5302191347606948
586.0,-0.6189990020044495
587.0,-1.1483952821577257
588.0,-0.8063679693121621
589.0,-1.3008911416623066
590.0,-1.0205950423399825
591.0,-1.0107514440439145
592.0,-1.2819764472819828
593.0,-0.8270070121581294
594.0,-0.8956396126667857
595.0,-1.3483776724830836
596.0,-0.43898677933246233
597.0,-1.0804506711177253
598.0,-0.9329630714179262
599.0,-1.4196091737208347
600.0,-0.7696329574513372
601.0,-0.9945063360845575
602.0,-1.0035980556947155
603.0,-1.345156083321381
604.0,-1.4362423152794372
605.0,-1.1912393016508216
606.0,-0.5606977773969095
607.0,-1.4496429933852706
608.0,-1.1888380648785077
609.0,-1.1814268076915047
610.0,-0.8929678153472347
611.0,-0.8911569083014546
612.0,-1.0635687717105904
613.0,-1.02757950811407
614.0,-1.4065125357605517
615.0,-0.9759524225258316
616.0,-0.9492856900892892
617.0,-0.9671184780925257
618.0,-1.1385559856295047
619.0,-1.6596567089065846
620.0,-1.045982864742481
621.0,-1.0988714407883315
622.0,-1.1189799087886512
623.0,-0.8449812769873359
624.0,-0.9920117293676368
625.0,-0.9972095555933749
626.0,-1.0668239861253719
627.0,-1.182791931982454
628.0,-0.8815698523806377
629.0,-0.8607079392481717
630.0,-0.9797872825651043
631.0,-1.554049161532125
632.0,-0.9486475022960017
633.0,-1.0587854470034495
634.0,-1.052076905374897
635.0,-1.4653807524638673
636.0,-1.1222315206929108
637.0,-0.650951826329417
638.0,-0.9868860098374177
639.0,-1.1506718794591344
640.0,-0.3694755502277828
641.0,-1.3588205026059135
642.0,-0.7952507287834515
643.0,-0.7041610459488297
644.0,-1.1557779571979232
645.0,-1.2054202702609194
646.0,-0.953759267704098
647.0,-0.8210608914398743
648.0,-1.0688192536101147
649.0,-0.995749443620763
650.0,-0.6697339462704854
651.0,-1.0351805986511016
652.0,-1.1092052604287355
653.0,-1.0231760384983977
654.0,-0.8596558066133311
655.0,-1.1000929036199636
656.0,-1.0377546074946142
657.0,-0.6412268647494757
658.0,-1.320689999427042
659.0,-0.7268445281661048
660.0,-1.1572836270727966
661.0,-1.0902808272000324
662.0,-1.4552106573153618
663.0,-0.8464687239441784
664.0,-0.6800247135075366
665.0,-1.2312329058877856
666.0,-1.026716172559176
667.0,-0.7899563401785624
668.0,-0.7445397441047981
669.0,-0.7290920707481912
670.0,-1.1323036049547335
671.0,-1.1186539438688297
672.0,-0.5068334531832539
673.0,-0.9889795132346154
674.0,-0.979378356964046
675.0,-1.451324361570174
676.0,-0.6556860006920149
677.0,-1.0405035233462152
678.0,-1.2358054965414305
679.0,-0.720650364442661
680.0,-1.0825550565174211
681.0,-1.0041197877880306
682.0,-0.7608064910114727
683.0,-0.8351845348259175
684.0,-0.8189105514040176
685.0,-0.8922746368539867
686.0,-0.7296097709167612
687.0,-0.6526322238627724
688.0,-1.0961641955748296
689.0,-0.8761085839631595
690.0,-1.1284110575665758
691.0,-0.9825012973799062
692.0,-1.1244215710766259
693.0,-1.2804909887422737
694.0,-1.1575135927963198
695.0,-1.0167283119850443
696.0,-0.9766223247863379
697.0,-1.1298866281928697
698.0,-1.0761690431353408
699.0,-0.842243138395121
700.0,-0.6985894833154205
701.0,-0.9513058188859224
702.0,-1.3774645393257348
703.0,-1.0636956111546196
704.0,-0.8955786071905706
705.0,-0.828467161715777
706.0,-1.7326127320131235
707.0,-0.867567576779559
708.0,-0.8283342315627558
709.0,-0.6626384156810936
710.0,-1.2949474779613406
711.0,-0.858244082653338
712.0,-1.0649543211580088
713.0,-0.938297231855925
714.0,-0.6821518684732322
715.0,-0.8283970280222394
716.0,-0.8284933632169961
717.0,-0.6813677375982672
718.0,-1.420986878143557
719.0,-0.8868777035534702
720.0,-1.1710407046852795
721.0,-1.5156589854135374
722.0,-0.8454687495256454
723.0,-1.2451955735301687
724.0,-0.9548655113659185
725.0,-1.2544084824460886
726.0,-1.0325391602380907
727.0,-1.2755598770991035
728.0,-1.0351502340838636
729.0,-1.2671166203250923
730.0,-0.8935868045618902
731.0,-1.2450576410259777
732.0,-1.4950900007807073
733.0,-1.0622627160154632
734.0,-1.2197658011855887
735.0,-1.043764630618172
736.0,-0.45622987213152777
737.0,-0.7835491976359442
738.0,-0.9873624586711045
739.0,-0.9849416985513507
740.0,-1.0306995768135134
741.0,-0.7078357153770971
742.0,-1.5434480230429468
743.0,-0.6522758516272618
744.0,-1.3179322641335487
745.0,-1.1573027644451774
746.0,-1.3827477316045371
747.0,-1.4717189092049894
748.0,-1.0708765450329405
749.0,-0.9873743602334601
750.0,-1.1386932160766068
751.0,-1.3173698781882432
752.0,-1.0539163440590065
753.0,-1.0911264955444957
754.0,-0.7909693168533057
755.0,-0.954247717439556
756.0,-1.1658033808863364
757.0,-0.8975150960951427
758.0,-1.340758890422519
759.0,-0.8954306183121185
760.0,-0.6183839229382135
761.0,-1.087962595954552
762.0,-1.0845749428906648
763.0,-0.34971157944284414
764.0,-1.2963698221725461
765.0,-1.1265495609053908
766.0,-0.9877940373410892
767.0,-0.9594992478919415
768.0,-0.9479994905141431
769.0,-1.0960365313421239
770.0,-0.9666029899196498
771.0,-0.800635194478543
772.0,-1.000827618092025
773.0,-0.964699352846199
774.0,-1.4520584855980405
775.0,-0.9451513876618853
776.0,-1.2143277939767987
777.0,-1.098646143573623
778.0,-0.7206578521886629
779.0,-1.5897972429362923
780.0,-1.282583955330922
781.0,-0.9181630545119439
782.0,-0.8459872020238848
783.0,-1.2660084383723647
784.0,-0.9544445935311584
785.0,-0.8349607328447246
786.0,-1.0003640496233945
787.0,-0.8526677506529934
788.0,-0.9052292393737191
789.0,-1.6736435205857823
790.0,-0.8030577067611218
791.0,-1.3003651082743795
792.0,-1.1387001856066536
793.0,-1.0799630114100711
794.0,-1.1200416496369452
795.0,-1.1782946739400575
796.0,-0.9607543845761422
797.0,-1.1659894682152645
798.0,-1.4611982986305831
799.0,-1.1679530902089403
800.0,-1.1035449388492031
801.0,-1.5437896891398273
802.0,-0.7297378619221553
803.0,-1.0575696963661219
804.0,-0.9874561977339325
805.0,-1.0340387241905755
806.0,-0.8773165570281609
807.0,-0.8482408666808716
808.0,-0.5155474155300714
809.0,-0.774563639699652
810.0,-1.3489251673414504
811.0,-0.5642158908867968
812.0,-0.9617734009833486
813.0,-1.3582820941991027
814.0,-0.9995182058800086
815.0,-1.1996720925312927
816.0,-0.4415356320413878
817.0,-0.9658499756758177
818.0,-1.0803920988001035
819.0,-0.8841986028282549
820.0,-0.8323981019589528
821.0,-1.2313317658847458
822.0,-1.28680951500413
823.0,-0.6595805459436439
824.0,-1.402526467388904
825.0,-0.8878285061935052
826.0,-0.4262445676028135
827.0,-0.9217603473087207
828.0,-0.622771069180972
829.0,-1.018627828210008
830.0,-1.216481736822451
831.0,-1.1776923622837356
832.0,-0.8014837920087383
833.0,-0.9820966778596975
834.0,-0.9395285512180023
835.0,-0.6896817575530811
836.0,-1.168578323153496
837.0,-0.6444435717507587
838.0,-1.4796689172908
839.0,-1.115003595542622
840.0,-0.7580964835354437
841.0,-1.043664000640528
842.0,-1.0126271266684583
843.0,-0.8552043752406441
844.0,-1.527706337401419
845.0,-1.2639747210682215
846.0,-1.101844776161908
847.0,-1.0068471613211105
848.0,-1.0510107218404912
849.0,-1.1003942610035318
850.0,-0.9250883199544948
851.0,-0.5347908208436063
852.0,-1.0573398872608997
853.0,-1.2190822996276502
854.0,-1.03414346747336
855.0,-1.2055868075360898
856.0,-0.7226747475987463
857.0,-0.9033732806094608
858.0,-1.1599160874393055
859.0,-0.8931622799281992
860.0,-0.9505096179725067
861.0,-1.4090117018426853
862.0,-1.0363434438131964
863.0,-1.1392558179823
864.0,-1.1540740048895173
865.0,-0.8996389344391946
866.0,-1.0373219488392704
867.0,-0.31081145847458636
868.0,-1.3720913969553084
869.0,-1.28147466811234
870.0,-1.0599036579333623
871.0,-1.0152469155619421
872.0,-0.7815955865164709
873.0,-1.0770108039637951
874.0,-0.7921054903929245
875.0,-0.8426356062399157
876.0,-1.115078220532489
877.0,-0.9553769585680796
878.0,-1.041525118630612
879.0,-0.8989026651590911
880.0,-0.67143202760895
881.0,-1.0209513719942902
882.0,-1.6221685237388936
883.0,-0.5609741513781579
884.0,-1.0402879421444122
885.0,-1.069487471978917
886.0,-0.9108287288360426
887.0,-0.9214039461799675
888.0,-0.8465381853597398
889.0,-0.9312456887918604
890.0,-0.8224243648120615
891.0,-0.9604665033438466
892.0,-1.0230850864262464
893.0,-1.3520498645463765
894.0,-0.9443769202831289
895.0,-1.1541777771815687
896.0,-1.258809606624471
897.0,-0.7901941813005594
898.0,-1.0707927900420018
899.0,-0.8022955379941792
900.0,-0.968945009454806
901.0,-1.0896144974402124
902.0,-0.5952108220063554
903.0,-1.2372933993902373
904.0,-0.943692764463879
905.0,-1.0630937532125762
906.0,-1.1984051080491356
907.0,-1.3559036294691498
908.0,-0.5572528009997137
909.0,-0.5379753374114375
910.0,-1.1680970689640615
911.0,-0.9443178837848746
912.0,-1.100355879444589
913.0,-1.3336442310164967
914.0,-0.8597208118536499
915.0,-1.2865198101613546
916.0,-1.088092047178129
917.0,-1.0275903034614393
918.0,-0.8155309246468762
919.0,-0.787150048503616
920.0,-1.429074382050178
921.0,-1.0031853019843238
922.0,-0.6681655232284536
923.0,-1.009639084991683
924.0,-0.9702852560529694
925.0,-1.1204750720676013
926.0,-1.0479759272394276
927.0,-0.8905398562504263
928.0,-1.0104770269446401
929.0,-0.5681268096818414
930.0,-1.027043310171653
931.0,-1.1327236484553844
932.0,-1.2288233752708024
933.0,-1.0281479111056746
934.0,-0.7946288570195748
935.0,-1.0423496755540984
936.0,-1.2712395350611239
937.0,-0.9176598163432914
938.0,-1.0156188671676647
939.0,-1.0871096881895959
940.0,-0.705906385401535
941.0,-1.0526387833198116
942.0,-0.6098048499059344
943.0,-0.6132862828942777
944.0,-0.6195264384711744
945.0,-1.238655172375866
946.0,-0.9049176432062461
947.0,-0.9868311327970838
948.0,-0.7020696906993349
949.0,-0.9228102319890841
950.0,-0.6013534782396464
951.0,-1.1320926625749952
952.0,-0.679848793498702
953.0,-0.49600800179552285
954.0,-1.1741643485881175
955.0,-0.961628396623144
956.0,-1.2013587823464906
957.0,-0.6965161054662992
958.0,-0.8471396431002872
959.0,-1.157869254961551
960.0,-0.6683644330042162
961.0,-0.8800482153409885
962.0,-0.8866038141769023
963.0,-1.0483318163551556
964.0,-0.8837150212462075
965.0,-1.0040562968791904
966.0,-0.79330689015849
967.0,-0.7725828597382178
968.0,-0.9298774487844774
969.0,-0.9127185949884237
970.0,-1.1533294743591045
971.0,-1.135867339671137
972.0,-0.48818442784396565
973.0,-1.1500188802296585
974.0,-0.6678600126258638
975.0,-1.086453505688046
976.0,-0.9605965154630176
977.0,-1.1577211789352213
978.0,-0.721761124165822
979.0,-0.7885947898717269
980.0,-0.7107634069565509
981.0,-1.0510263152720452
982.0,-1.2312408179410357
983.0,-1.2885556631552093
984.0,-0.7492875297917478
985.0,-1.1734642368277886
986.0,-1.42927079258934
987.0,-1.0663135206397962
988.0,-0.9173369257562703
989.0,-1.1088369442954076
990.0,-1.3757557413932728
991.0,-1.0599332290179049
992.0,-0.693466206223775
993.0,-1.0820664881776967
994.0,-0.777152533390492
995.0,-0.7754930517406855
996.0,-0.9158973204318057
997.0,-1.1440451907452958
998.0,-1.4913071477204387
999.0,-0.5629204884073937
1000.0,-0.8799048130421403
1001.0,-0.9265691932882432
1002.0,-1.4423549031874325
1003.0,-1.1136773962171747
1004.0,-1.0471476857661255
1005.0,-0.7319151544891511
1006.0,-0.8073381968347492
1007.0,-1.0498300407996777
1008.0,-1.2103991767884312
1009.0,-0.955014823478757
1010.0,-1.3115775210900043
1011.0,-1.0410707841469533
1012.0,-0.7221628231950927
1013.0,-1.3306491878438953
1014.0,-0.47609662400408037
1015.0,-1.2682483326015273
1016.0,-0.729443855085997
1017.0,-0.7478228344746316
1018.0,-0.8584957740766253
1019.0,-0.965428482193232
1020.0,-0.36115557726010805
1021.0,-0.8470403229970687
1022.0,-0.8844480789645071
1023.0,-1.191718947001905
1024.0,-1.2358481643319899
1025.0,-0.7492299141865677
1026.0,-1.4478734580042203
1027.0,-1.4694300187519245
1028.0,-1.19964786651237
1029.0,-0.9596820771873454
1030.0,-0.750557075386
1031.0,-1.0157473694567265
1032.0,-1.18677895332021
1033.0,-1.3299459725932699
1034.0,-1.0788259940803808
1035.0,-1.006305394892319
1036.0,-1.1291376658499983
1037.0,-0.76479544700427
1038.0,-0.8569681124162024
1039.0,-1.0231986225367324
1040.0,-1.0525550535786263
1041.0,-1.147965232161554
1042.0,-1.1814712005984207
1043.0,-0.4431790467075791
1044.0,-0.7923661513198038
1045.0,-1.2718952654567748
1046.0,-1.2581129341147461
1047.0,-0.5903428855502637
1048.0,-1.4498986809151035
1049.0,-0.6476612023460093
1050.0,-1.0582246215449944
1051.0,-1.1668126130543857
1052.0,-0.7056744572071914
1053.0,-1.3516923999288273
1054.0,-1.3375692777151817
1055.0,-0.9377072384110537
1056.0,-1.016184932095848
1057.0,-0.9428784982361555
1058.0,-1.2859299820873131
1059.0,-1.124174886463032
1060.0,-1.220588307064278
1061.0,-0.5634943722942509
1062.0,-1.1498111620328544
1063.0,-1.155567153372536
1064.0,-1.5163844624812475
1065.0,-0.9780194181033215
1066.0,-1.0235645238685984
1067.0,-1.4849295535566345
1068.0,-0.5901344085919888
1069.0,-0.7701690137596512
1070.0,-1.0308725073727232
1071.0,-1.2174392419597218
1072.0,-1.1138313638349575
1073.0,-0.8408830248163182
1074.0,-0.8700009635364381
1075.0,-0.9555169489328109
1076.0,-1.1523918200907974
1077.0,-1.0084690207528264
1078.0,-1.341439333359857
1079.0,-1.2779803172544955
1080.0,-1.2134644135727055
1081.0,-1.175483040076612
1082.0,-0.8117331529389776
1083.0,-0.44354635343623794
1084.0,-0.8896624398652504
1085.0,-1.0361585925698653
1086.0,-1.047483434902342
1087.0,-1.1167371734358513
1088.0,-1.2210522298944673
1089.0,-1.1915077249043764
1090.0,-1.2610229818223928
1091.0,-0.9506949288039235
1092.0,-0.9578148469079139
1093.0,-1.2042500354510735
1094.0,-0.9623408030243281
1095.0,-0.5601158758581826
1096.0,-1.2440604859859554
1097.0,-0.7448162433545755
1098.0,-1.0559251198462374
1099.0,-0.9103506504997196
1100.0,-1.3628325483603658
1101.0,-1.2577774582926458
1102.0,-1.1929278763931368
1103.0,-1.2268413705296413
1104.0,-0.8789125283389541
1105.0,-1.1240488162822004
1106.0,-0.7282714676755583
1107.0,-1.0954890637720711
1108.0,-1.2376168052106038
1109.0,-0.8635526657753027
1110.0,-0.47048345408501246
1111.0,-0.9123761934108432
1112.0,-0.6306536892957366
1113.0,-0.7483099119880005
1114.0,-0.46897928305333847
1115.0,-0.7953736160564828
1116.0,-0.6737526166275289
1117.0,-1.384831781788455
1118.0,-0.7287529992328674
1119.0,-0.7208887082442987
1120.0,-1.2979607491704757
1121.0,-1.3874707738216228
1122.0,-1.0342341501757384
1123.0,-1.2652026013052207
1124.0,-0.496663695761278
1125.0,-0.9512855016222137
1126.0,-1.2856319015676916
1127.0,-0.7110529668312511
1128.0,-1.1294983424040521
1129.0,-1.0541255290656735
1130.0,-1.4849742401543344
1131.0,-1.049090490806566
1132.0,-1.3433551836194402
1133.0,-0.6621041641644726
1134.0,-1.1372211156992336
1135.0,-1.1195141006447216
1136.0,-0.8022781447851068
1137.0,-1.0768268586739762
1138.0,-0.7712116470304605
1139.0,-1.1136300118776752
1140.0,-0.9921237445679616
1141.0,-1.1146255930558329
1142.0,-0.6885188539217536
1143.0,-0.9564652568017233
1144.0,-1.1012832753006765
1145.0,-0.6554846039011079
1146.0,-1.1883591802643743
1147.0,-0.6169669913057091
1148.0,-1.0210320398554726
1149.0,-1.6102531501242905
1150.0,-1.4785854908070502
1151.0,-0.9248762186910303
1152.0,-0.6715918988668172
1153.0,-1.3157571979100924
1154.0,-1.2733568110799522
1155.0,-0.9251599456480515
1156.0,-0.5923584584331874
1157.0,-0.7384142560403171
1158.0,-1.0653497187262198
1159.0,-1.2471719098297136
1160.0,-1.105124167847126
1161.0,-0.9638064466421848
1162.0,-0.7733941515881821
1163.0,-0.9604086795287006
1164.0,-0.6044967066496534
1165.0,-0.9827355093259342
1166.0,-0.9145431319357555
1167.0,-0.8003457586250222
1168.0,-1.0998784184415498
1169.0,-1.151046440160025
1170.0,-1.003181254134866
1171.0,-0.858233606687345
1172.0,-1.0345529447863504
1173.0,-0.8260204829125972
1174.0,-1.3151401045387385
1175.0,-1.5494232077795587
1176.0,-0.806716000077125
1177.0,-0.8588270749345939
1178.0,-0.67465202176973
1179.0,-0.6060957976608266
1180.0,-1.1683920891712982
1181.0,-0.6565737925841217
1182.0,-1.139218487415575
1183.0,-0.9318797788351578
1184.0,-1.0752863801814345
1185.0,-0.7643393916289893
1186.0,-0.9894867439873898
1187.0,-0.9554234034119702
1188.0,-0.8979984586355534
1189.0,-1.2616873027779958
1190.0,-0.8116534021385614
1191.0,-0.8862377005676877
1192.0,-0.7091904235750821
1193.0,-1.3591877899520264
1194.0,-0.9035333023961233
1195.0,-0.9955184951346361
1196.0,-0.8512830565403836
1197.0,-0.638470715685536
1198.0,-0.9850868062892176
1199.0,-1.0740296008542685
1200.0,-0.8872023635960772
1201.0,-1.1220850127723248
1202.0,-0.882533349338207
1203.0,-0.7116985376483376
1204.0,-0.6214597353709048
1205.0,-0.582255267083287
1206.0,-0.8889545646812101
1207.0,-1.0163415208301905
1208.0,-0.5158316164852524
1209.0,-0.7872407759581366
1210.0,-0.5235614677743263
1211.0,-1.2827173829180591
1212.0,-0.8313676008450201
1213.0,-0.733313016272801
1214.0,-0.6391503968240351
1215.0,-1.0046296970183939
1216.0,-0.9658126116406802
1217.0,-0.944943072211136
1218.0,-0.8220312598366614
1219.0,-0.8317512693362812
1220.0,-1.0620913398141176
1221.0,-1.0212983138012701
1222.0,-1.119586055625191
1223.0,-0.9358773222429037
1224.0,-0.9668486622056984
1225.0,-1.2665621150797979
1226.0,-1.0890971526397903
1227.0,-1.0112746107707418
1228.0,-0.8043148709400316
1229.0,-1.1008429097290506
1230.0,-0.9555419555915237
1231.0,-0.9521177482608778
1232.0,-1.3851587348442256
1233.0,-1.0514003961544098
1234.0,-0.8582158362307124
1235.0,-0.9836867963475406
1236.0,-1.0777626531125473
1237.0,-1.0630819584814433
1238.0,-0.8068215133665965
1239.0,-1.2921160788754065
1240.0,-0.797688306549737
1241.0,-0.5741545187294694
1242.0,-0.9153822848822505
1243.0,-1.0065749221663702
1244.0,-0.6100777814717779
1245.0,-1.2125004656796792
1246.0,-0.6966932176548333
1247.0,-0.9979652480649801
1248.0,-1.2407436634585156
1249.0,-0.5980032116751615
1250.0,-0.9091217513867673
1251.0,-1.0651867726763942
1252.0,-0.9503804024065992
1253.0,-1.0774672033150026
1254.0,-0.9101552303989497
1255.0,-0.8848840788370026
1256.0,-0.8801972380975696
1257.0,-1.0872062049543425
1258.0,-1.1357226712332689
1259.0,-1.1338762845399715
1260.0,-1.1296231368427363
1261.0,-1.2341027753322498
1262.0,-0.8936710672815112
1263.0,-1.2602675324903725
1264.0,-1.0423529252288442
1265.0,-1.1972236925356938
1266.0,-0.9158139514008038
1267.0,-0.6345415749892099
1268.0,-0.7726079259647693
1269.0,-0.7998366373132019
1270.0,-1.0825303598288136
1271.0,-1.402856513875069
1272.0,-0.8101180765778685
1273.0,-1.215886514868793
1274.0,-1.2240688647169307
1275.0,-1.1677368068442928
1276.0,-1.4196070913540624
1277.0,-1.541080239687723
1278.0,-1.2205758186842535
1279.0,-0.5151187132966414
1280.0,-1.3008916393196426
1281.0,-0.936743832722625
1282.0,-0.9351010914888729
1283.0,-1.1649504246169258
1284.0,-1.041753439859574
1285.0,-0.652405235490617
1286.0,-0.673568308945343
1287.0,-0.8795695039128306
1288.0,-0.8521449735041404
1289.0,-1.1494685219188912
1290.0,-0.3691819527248634
1291.0,-1.1675751612085812
1292.0,-0.7109536964206128
1293.0,-0.9094259512686876
1294.0,-0.985235938543906
1295.0,-1.2237789444226759
1296.0,-1.437637287240435
1297.0,-0.5730277210742826
1298.0,-0.8332157240726972
1299.0,-1.1560073647627378
1300.0,-0.903779397802083
1301.0,-1.0337096911214472
1302.0,-0.8148772692647788
1303.0,-1.1582179342236565
1304.0,-0.9484181754602442
1305.0,-1.0367225282186736
1306.0,-1.1899174733379707
1307.0,-1.3014467412551989
1308.0,-0.8791630821411448
1309.0,-0.5837747284118928
1310.0,-0.606527768336915
1311.0,-1.263901387814189
1312.0,-0.982928052166807
1313.0,-1.2696385598717796
1314.0,-0.6317278898766002
1315.0,-1.0432399557329934
1316.0,-0.7217281566292928
1317.0,-1.2050082102837663
1318.0,-0.7617924118248405
1319.0,-0.935025952867024
1320.0,-0.7774994499628199
1321.0,-1.2843936812758703
1322.0,-0.9169528122079159
1323.0,-0.7504262478408997
1324.0,-1.1187450872673619
1325.0,-1.1271429292779032
1326.0,-0.9944909946622055
1327.0,-0.8666971539200674
1328.0,-0.6751298046006641
1329.0,-0.9381508572699208
1330.0,-0.7452441164397214
1331.0,-0.23230273761636677
1332.0,-0.9245759680254947
1333.0,-1.069001840580606
1334.0,-0.9807527066656266
1335.0,-1.1279647627896408
1336.0,-0.7538285714158447
1337.0,-0.8681191805871168
1338.0,-0.8540010052078287
1339.0,-0.5949243346634694
1340.0,-1.4658323462928762
1341.0,-1.0439041866583298
1342.0,-0.9304119252086126
1343.0,-1.0925654887637404
1344.0,-0.6053472928559928
1345.0,-0.9650616724013922
1346.0,-0.870400609003304
1347.0,-0.7910677463824606
1348.0,-1.3246532178097636
1349.0,-1.3356656548427697
1350.0,-0.7725598027631536
1351.0,-0.9898738343732341
1352.0,-1.3846088424293066
1353.0,-0.8783035714197607
1354.0,-1.0452413908977967
1355.0,-0.7745527178573962
1356.0,-0.9874680037952327
1357.0,-1.0916158249989805
1358.0,-0.560976201175999
1359.0,-0.9869269052382523
1360.0,-1.0458243598864447
1361.0,-0.8527352422792146
1362.0,-1.104311212993119
1363.0,-0.8880054333893348
1364.0,-1.0088202332711491
1365.0,-0.6177986521437071
1366.0,-0.7011697598567699
1367.0,-1.3084611638991457
1368.0,-0.8633936311848511
1369.0,-0.9635223015536409
1370.0,-0.9643351440807316
1371.0,-0.7023292639130126
1372.0,-0.49697055244009236
1373.0,-0.8707680112782645
1374.0,-1.246270429021486
1375.0,-1.3121281441807096
1376.0,-1.0662729264045931
1377.0,-0.7635852711426129
1378.0,-0.6505125570356824
1379.0,-0.8485627740530535
1380.0,-1.0127364885656251
1381.0,-0.7645346609420833
1382.0,-1.185655942554154
1383.0,-0.858560873845289
1384.0,-0.9921716251529697
1385.0,-0.8357052314677442
1386.0,-0.7219282289487603
1387.0,-0.8996540143597648
1388.0,-0.8958565289047152
1389.0,-1.2983665430797453
1390.0,-1.1302475350261711
1391.0,-1.3642738178048759
1392.0,-1.1458964536825964
1393.0,-1.3672712302937535
1394.0,-0.792455246729147
1395.0,-1.2419891100026728
1396.0,-1.2213516963176583
1397.0,-0.8630576086437465
1398.0,-0.7418592115405638
1399.0,-1.0798896076641906
1400.0,-0.6776056750624782
1401.0,-1.3112127292053133
1402.0,-0.9888897302550838
1403.0,-0.9223852428190582
1404.0,-1.1102513492667665
1405.0,-0.5315190221122873
1406.0,-1.2658823777400414
1407.0,-1.1797766158348844
1408.0,-0.8167230888099932
1409.0,-1.1246607920559806
1410.0,-1.126467711682513
1411.0,-0.5496239055973413
1412.0,-1.172544476868594
1413.0,-0.8025798774292213
1414.0,-1.3435043931580435
1415.0,-0.7838507246208674
1416.0,-0.8614424706539896
1417.0,-1.5034996503018043
1418.0,-0.9798524929449104
1419.0,-1.0010698377050253
1420.0,-1.174986282488522
1421.0,-0.9903941217250416
1422.0,-0.6756633961105467
1423.0,-0.29325554249154606
1424.0,-1.31672538624975
1425.0,-1.1064243581253064
1426.0,-1.2851904197702417
1427.0,-0.8560723470377447
1428.0,-1.090917396468307
1429.0,-1.0773689674076457
1430.0,-0.7501214605988049
1431.0,-0.9786355924641486
1432.0,-0.7834307967023093
1433.0,-0.6405823816303773
1434.0,-1.1493031218074732
1435.0,-0.7664202683434533
1436.0,-0.6723879085672491
1437.0,-1.2879110393062563
1438.0,-0.6833661191434277
1439.0,-1.089983885246363
1440.0,-0.7518038919060421
1441.0,-1.236832042927388
1442.0,-0.8205302018020848
1443.0,-1.0790163140822466
1444.0,-1.0764314543510816
1445.0,-1.212764375734385
1446.0,-1.066059436407027
1447.0,-0.5660994234205503
1448.0,-1.0552220649011068
1449.0,-1.0278488490337538
1450.0,-0.9930158461059031
1451.0,-1.086802411638569
1452.0,-0.3624217558209899
1453.0,-0.9957590269708578
1454.0,-0.7593576392463602
1455.0,-0.8723799297136499
1456.0,-1.142734662896589
1457.0,-1.0279194280191657
1458.0,-0.9219970554411868
1459.0,-0.7232475769929285
1460.0,-0.8112153136114293
1461.0,-1.2658981138859091
1462.0,-1.1817072391424353
1463.0,-0.9952962673264154
1464.0,-0.9448676097959152
1465.0,-0.962472608368627
1466.0,-0.9365696142328779
1467.0,-0.8855826147117416
1468.0,-0.841390065395925
1469.0,-0.6095497610590623
1470.0,-0.7480105160455002
1471.0,-0.5288028887089375
1472.0,-1.1210738634873454
1473.0,-0.8804168222640273
1474.0,-1.181958841831846
1475.0,-0.9159464185678566
1476.0,-1.314520266053139
1477.0,-1.0771319499818222
1478.0,-0.5157513781080963
1479.0,-1.011729817491457
1480.0,-0.5704638894229663
1481.0,-0.930468786658937
1482.0,-0.5602556575308053
1483.0,-0.6097631484005113
1484.0,-0.6562275777935789
1485.0,-0.8341189943105479
1486.0,-0.7840790114172596
1487.0,-0.6707609802401094
1488.0,-1.0930539288404642
1489.0,-1.049729471375241
1490.0,-1.2827099580692507
1491.0,-0.9426496381951963
1492.0,-1.1996788025845189
1493.0,-0.8858385737960415
1494.0,-1.1147032175806233
1495.0,-0.8063288886312718
1496.0,-0.9117236361495342
1497.0,-0.9353436969726778
1498.0,-0.6930860188058742
1499.0,-0.9494170077960743
1500.0,-0.7137025673561392
1501.0,-1.2559967553010836
1502.0,-0.6625078382022537
1503.0,-0.925280617489632
1504.0,-0.5861970101117464
1505.0,-0.8025497853478677
1506.0,-0.9966005663706881
1507.0,-1.0164251021206594
1508.0,-0.8381615079113058
1509.0,-0.8444698885320113
1510.0,-1.2821348321302986
1511.0,-0.7861190906591954
1512.0,-0.7191846932812815
1513.0,-0.9152804329286572
1514.0,-1.0256309449426508
1515.0,-1.0935289411634492
1516.0,-0.811951131479993
1517.0,-1.2872695023290728
1518.0,-1.2545496004810202
1519.0,-1.3495025876053837
1520.0,-1.1932170925555168
1521.0,-1.153807521920023
1522.0,-0.6184405107697128
1523.0,-1.3561178000420435
1524.0,-1.4264362795192032
1525.0,-1.145990903098539
1526.0,-1.0510331208898254
1527.0,-0.45365576251134765
1528.0,-0.8455955391708907
1529.0,-0.8380053838073022
1530.0,-0.9222055303817418
1531.0,-1.3389247502954216
1532.0,-0.8347600426286748
1533.0,-1.0625639603471502
1534.0,-1.0846924060670853
1535.0,-1.1980229694398068
1536.0,-0.5225960365532972
1537.0,-0.6423931460798338
1538.0,-1.0795816125631679
1539.0,-0.9828235680756593
1540.0,-1.1916187173293054
1541.0,-0.9734450787920657
1542.0,-1.3260423071910687
1543.0,-0.6733965708450875
1544.0,-1.0327085411204984
1545.0,-1.2140890445999217
1546.0,-1.0429250055791928
1547.0,-0.8639062645117211
1548.0,-0.7379382794193722
1549.0,-0.7442978798850477
1550.0,-1.3726516795422932
1551.0,-1.1801639040350973
1552.0,-1.1512033207291386
1553.0,-0.7728862379736323
1554.0,-1.1858893700040873
1555.0,-0.9047601699101677
1556.0,-0.6577750895100034
1557.0,-0.7259071119778879
1558.0,-1.2696186981256625
1559.0,-1.1039878203839453
1560.0,-1.051366704958368
1561.0,-1.6619333040733575
1562.0,-1.2756942795515078
1563.0,-0.8977736389797638
1564.0,-0.7744541231379165
1565.0,-0.8078192368171486
1566.0,-0.5839259473043661
1567.0,-0.8242713921653095
1568.0,-1.4154323557891475
1569.0,-1.0926025784543145
1570.0,-0.9093290123214768
1571.0,-1.184054546681996
1572.0,-1.229529004941448
1573.0,-1.1818849097257509
1574.0,-0.9706316371682863
1575.0,-1.2050280536501616
1576.0,-0.3652604845924914
1577.0,-0.98203984120969
1578.0,-1.0072084882560453
1579.0,-1.2955477350835758
1580.0,-1.2181193782026887
1581.0,-1.101897303683371
1582.0,-0.9859665697992375
1583.0,-0.34172402865702234
1584.0,-1.1137995598701171
1585.0,-1.27454053717009
1586.0,-1.5461661934376227
1587.0,-0.9952270519364507
1588.0,-1.2884400655311943
1589.0,-1.478632669349055
1590.0,-1.2135301320541247
1591.0,-0.639220102397096
1592.0,-1.1394371362895803
1593.0,-0.8850827033226405
1594.0,-0.6789515394620174
1595.0,-0.6801507043271713
1596.0,-1.123389582193691
1597.0,-0.9725810545650522
1598.0,-0.8304119280813245
1599.0,-0.7560950295127885
1600.0,-0.49070262855786895
1601.0,-0.989406191823954
1602.0,-1.0280039844619384
1603.0,-0.9459130206417565
1604.0,-1.2034435980829732
1605.0,-1.0364010875640663
1606.0,-1.203680763597179
1607.0,-0.9116447516578157
1608.0,-0.5373137247999276
1609.0,-1.317464638494874
1610.0,-0.8389023273631696
1611.0,-0.7507762953478291
1612.0,-1.3775307611618361
1613.0,-0.9950139109515133
1614.0,-1.0149404021235826
1615.0,-1.1381576591036577
1616.0,-1.2970335056157825
1617.0,-1.1693665573234784
1618.0,-1.0645908225776946
1619.0,-0.8471356657317424
1620.0,-0.9218346376504108
1621.0,-0.7808904325954871
1622.0,-1.0139846968182071
1623.0,-0.794720268907798
1624.0,-1.2289036660670982
1625.0,-1.3875938404730639
1626.0,-0.6520908946623373
1627.0,-1.3043252323341863
1628.0,-1.199965362795686
1629.0,-1.0711706842641142
1630.0,-1.1871743883559729
1631.0,-0.4835338865221236
1632.0,-1.0514112264614113
1633.0,-1.5872980334478888
1634.0,-0.8016770312563167
1635.0,-0.6136509768231446
1636.0,-1.2611838480083397
1637.0,-0.5742883160345769
1638.0,-1.1543278858668082
1639.0,-0.9586740307055579
1640.0,-0.803411470878888
1641.0,-0.6318892308348577
1642.0,-1.3512844140081397
1643.0,-1.037673885452778
1644.0,-1.0597935410886141
1645.0,-0.7614526377757384
1646.0,-1.4022780360450755
1647.0,-0.9268338740029151
1648.0,-1.109376791522116
1649.0,-0.8721801537883792
1650.0,-1.0858926660733776
1651.0,-0.759028200217653
1652.0,-1.0714864026855513
1653.0,-0.8487056245068683
1654.0,-1.1681839878809395
1655.0,-1.4422886713872978
1656.0,-1.2867940677213179
1657.0,-0.8551712029222331
1658.0,-0.772181085609214
1659.0,-0.7331756769985333
1660.0,-1.035336811304448
1661.0,-0.9098465472293041
1662.0,-0.8884114694732379
1663.0,-1.2334904016066544
1664.0,-1.7031090124784423
1665.0,-1.212823423925609
1666.0,-0.8922944704999658
1667.0,-1.2877820272070426
1668.0,-1.0767018118554992
1669.0,-0.9838034799700098
1670.0,-1.1379432786204493
1671.0,-1.0344791308523242
1672.0,-0.8716457002409408
1673.0,-1.4912994297159377
1674.0,-1.1904913167738316
1675.0,-0.9009454875827025
1676.0,-0.887086246481961
1677.0,-0.5250300587754764
1678.0,-1.0440309835988761
1679.0,-1.228429097576927
1680.0,-0.6972708118236763
1681.0,-1.0017903944095383
1682.0,-0.7899912320177235
1683.0,-1.1958962806967444
1684.0,-1.051357606507766
1685.0,-1.335855020459631
1686.0,-1.171786423514274
1687.0,-0.9134912271110587
1688.0,-1.3814259764269625
1689.0,-0.8828351046635802
1690.0,-1.1927894745062078
1691.0,-0.9468306655177533
1692.0,-1.2862847148471959
1693.0,-0.8297002503619988
1694.0,-1.4656594337903164
1695.0,-1.4876998231711098
1696.0,-0.981405020004786
1697.0,-0.84030584141578
1698.0,-0.8686557859358344
1699.0,-0.8345418199957366
1700.0,-1.1640184477643243
1701.0,-0.905792474464879
1702.0,-1.1760992726912805
1703.0,-0.9947498499956302
1704.0,-0.7906643066751846
1705.0,-1.4231068737302421
1706.0,-0.9868167534820289
1707.0,-0.8668727033183536
1708.0,-1.1022427031028907
1709.0,-0.66525887938988
1710.0,-0.9005933593261944
1711.0,-1.3077355186175046
1712.0,-1.1727212116991763
1713.0,-0.6440015764958318
1714.0,-0.9063836557024328
1715.0,-1.119477931317869
1716.0,-0.6211815239478179
1717.0,-0.937765751740124
1718.0,-0.5052669365608187
1719.0,-1.0855510221194218
1720.0,-1.307736996717709
1721.0,-0.8926478217541662
1722.0,-0.6668498934512628
1723.0,-0.9310334977610377
1724.0,-0.8286677309476131
1725.0,-0.9133987028351233
1726.0,-0.7976601960318609
1727.0,-1.1160772171369349
1728.0,-0.9804721858603349
1729.0,-1.0406480330411334
1730.0,-0.9867434071426414
1731.0,-1.2183372912624932
1732.0,-1.1272944614490308
1733.0,-0.9434133540684766
1734.0,-0.9172516227188295
1735.0,-0.7863211482966926
1736.0,-0.9951811850036458
1737.0,-1.062147107905234
1738.0,-0.632289477889134
1739.0,-0.9122017609806866
1740.0,-1.0466201432078839
1741.0,-1.1116773079083637
1742.0,-1.0609513637378871
1743.0,-0.6995232607552628
1744.0,-0.9476183519010011
1745.0,-0.7328486361132704
1746.0,-1.0313561526407073
1747.0,-1.1334539542472042
1748.0,-0.6636642767492239
1749.0,-1.2288383421458942
1750.0,-1.2474620960372855
1751.0,-0.709013586910616
1752.0,-1.2817812621469014
1753.0,-0.9919948497681187
1754.0,-0.8860438043054295
1755.0,-1.0979699450780407
1756.0,-0.8737645026016249
1757.0,-0.7839134396968575
1758.0,-1.4994770391081584
1759.0,-1.0051021150701314
1760.0,-1.257424275397241
1761.0,-1.0237417893876364
1762.0,-1.239360617478315
1763.0,-1.5429322857926386
1764.0,-0.9466287143375512
1765.0,-1.3245211496726765
1766.0,-0.6606632268117884
1767.0,-0.6674749886974196
1768.0,-1.2091133262404776
1769.0,-0.8988555102510466
1770.0,-1.4268551806987588
1771.0,-1.3989421624434408
1772.0,-1.0899090270897407
1773.0,-0.966546825400071
1774.0,-0.6337269022487785
1775.0,-0.40541061131872425
1776.0,-1.0359473510546466
1777.0,-1.1507142568445026
1778.0,-1.0253968692996496
1779.0,-0.9576416730810274
1780.0,-0.9337262441934874
1781.0,-1.4131529283298958
1782.0,-0.8406965715800054
1783.0,-0.7108776944149324
1784.0,-0.7478082071091137
1785.0,-1.0803242172325476
1786.0,-1.1769946916953464
1787.0,-1.1871958212864233
1788.0,-1.0078011695917957
1789.0,-0.9181969069123551
1790.0,-1.251273475634135
1791.0,-0.7491738854966279
1792.0,-0.8141357914126279
1793.0,-1.177774040077199
1794.0,-0.8989503268565576
1795.0,-1.0295965774666789
1796.0,-1.2180511321633896
1797.0,-1.121022689435751
1798.0,-0.9042207432744547
1799.0,-0.5551905597886271
1800.0,-0.48978554686829856
1801.0,-1.1709506535913636
1802.0,-0.8806713054495924
1803.0,-1.0502334368234507
1804.0,-0.8671655538466148
1805.0,-0.9974152638154805
1806.0,-1.1725504419028097
1807.0,-1.144563875310932
1808.0,-1.1751014473113752
1809.0,-0.7920293544485189
1810.0,-1.339688219498788
1811.0,-0.635221226482662
1812.0,-0.5749426055621347
1813.0,-0.9851056331314255
1814.0,-0.6804676289148117
1815.0,-0.7756376464201673
1816.0,-0.7634895480565409
1817.0,-1.2324107689999972
1818.0,-1.230784825013339
1819.0,-1.14517249228555
1820.0,-1.3114051481882134
1821.0,-0.9711006764630604
1822.0,-1.1764097218020682
1823.0,-0.7562612864487696
1824.0,-1.1585498326861376
1825.0,-0.6765469211741836
1826.0,-1.048032003220472
1827.0,-1.2557915202953567
1828.0,-0.8124626244819609
1829.0,-0.9924535289832934
1830.0,-1.0739064262272948
1831.0,-0.739685968299358
1832.0,-1.2481771451436847
1833.0,-1.015520686864871
1834.0,-1.3948906244684292
1835.0,-1.1874858383263667
1836.0,-1.2238672086575455
1837.0,-0.5512027670418799
1838.0,-1.3218125740929443
1839.0,-0.5896699371912277
1840.0,-1.4920859763320224
1841.0,-1.1210251393010786
1842.0,-0.7470665809600919
1843.0,-0.6823747199315006
1844.0,-0.9106983854871964
1845.0,-0.8189367938984473
1846.0,-0.9466071212768914
1847.0,-1.2527441806595316
1848.0,-0.9565739589565488
1849.0,-1.12989545501547
1850.0,-1.0055866108765772
1851.0,-1.2396782181594153
1852.0,-0.8846849899986987
1853.0,-1.241902680538536
1854.0,-1.0542622721906838
1855.0,-0.8456409829381628
1856.0,-1.0083324515316192
1857.0,-1.4746911142223007
1858.0,-0.523601216979886
1859.0,-0.9751096300518397
1860.0,-1.1219951767849912
1861.0,-0.6467991592204678
1862.0,-1.3570513879272168
1863.0,-0.6401337741152153
1864.0,-1.2456184237071477
1865.0,-0.8263842965553944
1866.0,-1.0716933416427146
1867.0,-1.2396478234471735
1868.0,-1.1855932417989297
1869.0,-0.8123600351257712
1870.0,-0.7195637655478553
1871.0,-1.2363882296905784
1872.0,-0.8936180891050831
1873.0,-0.957495811896466
1874.0,-0.8708060095429722
1875.0,-0.6717662421062471
1876.0,-1.1988441216186991
1877.0,-1.0418691475093373
1878.0,-0.7706282836312662
1879.0,-1.2160426885795381
1880.0,-1.7257242838341675
1881.0,-0.5247055839812496
1882.0,-1.2939050156624679
1883.0,-0.6757153380032117
1884.0,-0.7920547685784913
1885.0,-1.0568911339647522
1886.0,-0.48305846794641716
1887.0,-1.054613610419456
1888.0,-0.8114261981904205
1889.0,-0.740790186576301
1890.0,-1.092234785865285
1891.0,-1.4057296637750132
1892.0,-0.8874552139184408
1893.0,-0.5931206553782085
1894.0,-0.660574288483438
1895.0,-1.1664989027639692
1896.0,-1.3471167978287653
1897.0,-0.5456621070024411
1898.0,-1.0108099466105027
1899.0,-0.7992651897872254
1900.0,-0.9285110432787365
1901.0,-1.1745107695214534
1902.0,-1.2686477577920583
1903.0,-0.9678391212903599
1904.0,-0.9791056998465475
1905.0,-0.9916725712962837
1906.0,-0.7177443576814644
1907.0,-0.7647382895117804
1908.0,-1.1299108911889515
1909.0,-0.9814286840467672
1910.0,-1.064173812969761
1911.0,-0.6487538580639329
1912.0,-0.8902648530823349
1913.0,-0.9834768549269033
1914.0,-1.112174572423834
1915.0,-1.1064093323051254
1916.0,-0.9237485540867431
1917.0,-1.0672399959910808
1918.0,-1.3547676119492733
1919.0,-0.9367997581384715
1920.0,-1.2999086456286617
1921.0,-1.285123244127641
1922.0,-0.8149046479984419
1923.0,-1.0094659502356553
1924.0,-0.9422828884964138
1925.0,-0.7938804434940792
1926.0,-0.922587999729295
1927.0,-0.5853374219166017
1928.0,-0.8445646730692378
1929.0,-1.0715289597177038
1930.0,-1.3409067016639766
1931.0,-0.2342497607538141
1932.0,-1.3082928052589016
1933.0,-0.83602083642144
1934.0,-0.739788318342789
1935.0,-0.6393030302607872
1936.0,-0.8984115780122188
1937.0,-0.993040192347013
1938.0,-1.3066616092663703
1939.0,-1.0008010973845316
1940.0,-0.25124024225463437
1941.0,-1.2949238244355616
1942.0,-1.000937716994491
1943.0,-1.3511902447302842
1944.0,-0.7950500393497315
1945.0,-0.9403239341047894
1946.0,-0.992083134588766
1947.0,-0.7332482049561425
1948.0,-1.2441392622107412
1949.0,-0.8728759120568087
1950.0,-0.572760000661606
1951.0,-1.1691230696713748
1952.0,-0.48015736152679656
1953.0,-0.9087243088172541
1954.0,-1.0236095684820847
1955.0,-0.8525438453176014
1956.0,-0.8968262978661362
1957.0,-1.3009536834351854
1958.0,-1.060120147251278
1959.0,-0.42487542521529553
1960.0,-1.0886618683262619
1961.0,-1.2222108932827975
1962.0,-1.3074303863758239
1963.0,-0.8977641202387675
1964.0,-1.203456544421485
1965.0,-1.3151589629986955
1966.0,-0.8130010178783905
1967.0,-0.5867702813704339
1968.0,-0.909172023957161
1969.0,-0.999594776820616
1970.0,-1.1831168483648966
1971.0,-0.9141442111194255
1972.0,-1.1255969264943373
1973.0,-0.9524330817100327
1974.0,-1.3287846181306684
1975.0,-1.6336406680753979
1976.0,-1.2114229013516669
1977.0,-1.0598273724855227
1978.0,-0.9406209244206026
1979.0,-0.7825961118127853
1980.0,-0.9935052113290075
1981.0,-1.2527919300487564
1982.0,-0.8269528635442978
1983.0,-0.7296580935868657
1984.0,-1.083960794280937
1985.0,-1.0497917827754366
1986.0,-0.7539102274202133
1987.0,-1.0321423682385313
1988.0,-1.0636316767148126
1989.0,-0.8535831301302876
1990.0,-0.8700581359416286
1991.0,-0.791588084377453
1992.0,-1.3535976086990829
1993.0,-1.1710606063009759
1994.0,-1.016943312738365
1995.0,-1.3344992191328975
1996.0,-1.1954262205865824
1997.0,-0.6124504336286128
1998.0,-0.867704087718381
1999.0,-0.5727795330231418
2000.0,-1.1806638272742855
2001.0,-1.0061303802774884
2002.0,-0.9401411127567645
2003.0,-0.8972197562582297
2004.0,-0.6378041760381401
2005.0,-0.8352632574499373
2006.0,-1.0621599094693803
2007.0,-0.9953552663976
2008.0,-1.0786981492129624
2009.0,-0.90467309481375
2010.0,-0.574380524126769
2011.0,-1.2518216702395424
2012.0,-1.1095104815459833
2013.0,-0.8690848689606769
2014.0,-0.7164922311730507
2015.0,-1.0460229569819088
2016.0,-0.8368861235586399
2017.0,-0.6322891100602587
2018.0,-0.889959028378523
2019.0,-1.02795453337401
2020.0,-0.7967940286643417
2021.0,-0.817251356476332
2022.0,-1.354873330756687
2023.0,-0.9552030150632166
2024.0,-1.0440221783060601
2025.0,-1.129039071579493
2026.0,-1.2083080084015978
2027.0,-1.0508106030327131
2028.0,-1.0385228106382178
2029.0,-1.202655227970949
2030.0,-1.0354042543747601
2031.0,-1.1442291803190157
2032.0,-1.0545590313745532
2033.0,-1.0024466619833954
2034.0,-1.1164897362376436
2035.0,-1.3855439354749004
2036.0,-0.7029997638848698
2037.0,-0.9728009030926391
2038.0,-1.1312640011063502
2039.0,-1.1718725867764836
2040.0,-1.4648978543578508
2041.0,-0.7556169824201804
2042.0,-0.6845179049769786
2043.0,-0.6301247840773686
2044.0,-0.7971912684788103
2045.0,-1.0771193071103815
2046.0,-0.6174872943894425
2047.0,-0.7917869585666976
2048.0,-0.7666280102221169
2049.0,-1.443417911991427
2050.0,-1.1256688197355178
2051.0,-1.1270237616386787
2052.0,-1.057624884582627
2053.0,-1.1417489478394527
2054.0,-1.0860452558329696
2055.0,-0.8106424084421184
2056.0,-1.0395927647598964
2057.0,-1.0517503445999559
2058.0,-0.39276563914040064
2059.0,-1.1162341671628764
2060.0,-0.7551034898288083
2061.0,-0.9654570956432489
2062.0,-0.7967500776627501
2063.0,-1.4312811702197188
2064.0,-1.2097473869102002
2065.0,-1.3947282782108443
2066.0,-0.8855784208360034
2067.0,-0.5512792671311576
2068.0,-1.1355454200759683
2069.0,-0.682763955905396
2070.0,-1.1493690336950997
2071.0,-0.7406665981396277
2072.0,-0.9760451274015285
2073.0,-1.066392141178281
2074.0,-1.1261524534211325
2075.0,-0.8182747323656075
2076.0,-1.2142249720254423
2077.0,-1.0189767226760822
2078.0,-0.8718480960712922
2079.0,-0.6105209893652652
2080.0,-1.4252649981656103
2081.0,-1.302390770924599
2082.0,-1.2018117164160094
2083.0,-1.0282218751711278
2084.0,-0.9684881132970159
2085.0,-0.46600603675260177
2086.0,-0.6864081064127161
2087.0,-0.8285531895832388
2088.0,-0.6723893482472708
2089.0,-1.2117759523193483
2090.0,-0.9853041665482513
2091.0,-0.8199214891319025
2092.0,-1.0564570492798329
2093.0,-1.5381969047243234
2094.0,-0.5920373893101357
2095.0,-0.94003940106829
2096.0,-0.6756551919640528
2097.0,-1.3289582007285357
2098.0,-0.9491922058314759
2099.0,-0.9035130914295264
2100.0,-0.5893475457201611
2101.0,-1.4192735949069273
2102.0,-0.49505955150057845
2103.0,-1.6241245194645186
2104.0,-1.0689404803793305
2105.0,-1.1149918764255426
2106.0,-1.1253977441122154
2107.0,-0.78950408872241
2108.0,-0.9813344077399344
2109.0,-0.6293708365944661
2110.0,-0.608150692718079
2111.0,-1.2479212752972024
2112.0,-1.0989430293529703
2113.0,-0.40049495810112057
2114.0,-1.0097382468111034
2115.0,-0.8970960966492207
2116.0,-1.3482549897933374
2117.0,-1.1285017668025548
2118.0,-1.363576040674282
2119.0,-0.9628287936913462
2120.0,-0.9400770570541827
2121.0,-1.125060051424897
2122.0,-0.9100448628423472
2123.0,-1.148344910990059
2124.0,-1.6962123003263172
2125.0,-1.1084588227813759
2126.0,-0.9164600661322017
2127.0,-0.8938903519517998
2128.0,-1.1917308638444606
2129.0,-0.7552334002028537
2130.0,-0.9208425203242506
2131.0,-1.4101866348700072
2132.0,-0.9152905244581984
2133.0,-0.9720521846846145
2134.0,-0.961010088912308
2135.0,-1.016894943121588
2136.0,-1.1881841244658593
2137.0,-1.0115428937194109
2138.0,-1.0437821035171964
2139.0,-1.15896637018702
2140.0,-0.8590340118063484
2141.0,-0.8799568760604807
2142.0,-1.1501728707554972
2143.0,-0.891392366990818
2144.0,-1.0683776618880167
2145.0,-1.1025228207759452
2146.0,-1.0452014664179552
2147.0,-1.0886420802830992
2148.0,-0.9177566979741444
2149.0,-1.1480482290196465
2150.0,-1.23323030971259
2151.0,-0.9254240529513409
2152.0,-0.9314786103505137
2153.0,-1.1012176765823438
2154.0,-1.1906626412260835
2155.0,-1.158220675652847
2156.0,-1.127498425895093
2157.0,-0.581123521149892
2158.0,-1.3059776770647402
2159.0,-1.098110428129031
2160.0,-1.1528929752771817
2161.0,-1.168629227639774
2162.0,-1.1942095754344058
2163.0,-1.2600364597268108
2164.0,-1.2394977711479247
2165.0,-1.1693910120155246
2166.0,-0.8718362514208939
2167.0,-1.0780557456867563
2168.0,-1.1765791762655733
2169.0,-1.1585831478036797
2170.0,-0.9656931644857506
2171.0,-1.4300895391010455
2172.0,-1.0537863875840716
2173.0,-1.1112777598250587
2174.0,-0.6185376837286143
2175.0,-0.9917385732072102
2176.0,-0.84585666500101
2177.0,-1.364000084469467
2178.0,-1.2079108321318182
2179.0,-0.6877319794978785
2180.0,-0.9831679557399737
2181.0,-1.0496011764728372
2182.0,-0.5265177529478982
2183.0,-0.7697281596707434
2184.0,-0.8736398601130609
2185.0,-0.824822764007072
2186.0,-0.9060629022373805
2187.0,-0.7557308885577111
2188.0,-1.1566726651707129
2189.0,-1.0495715965801502
2190.0,-0.8794418292742636
2191.0,-1.0829309942081187
2192.0,-1.350866407492572
2193.0,-0.9509543855536845
2194.0,-1.1048073128609481
2195.0,-1.2091026614831155
2196.0,-1.4352337915456153
2197.0,-0.8602186192103609
2198.0,-1.177509043600328
2199.0,-0.9631644910024896
2200.0,-0.8943110326243291
2201.0,-0.5751014209897125
2202.0,-1.0835560343820267
2203.0,-0.9891427084334307
2204.0,-1.37872628424254
2205.0,-0.9977353608874123
2206.0,-1.2043536281956306
2207.0,-0.8217531981884246
2208.0,-1.2595611115878798
2209.0,-1.2016425551900232
2210.0,-0.9100601482601094
2211.0,-1.1549826140154575
2212.0,-1.0002478655522453
2213.0,-0.6910232346299565
2214.0,-1.1018503221838474
2215.0,-1.2827164912897486
2216.0,-1.0968393251311015
2217.0,-1.2550165962071538
2218.0,-0.9212465483624686
2219.0,-0.5712414241500854
2220.0,-0.6224832006207142
2221.0,-1.3766038890098236
2222.0,-0.5794426294302815
2223.0,-0.9624977854727937
2224.0,-1.330181869823638
2225.0,-0.6056860185744107
2226.0,-1.2243218336585682
2227.0,-0.8833112592904893
2228.0,-1.0098061919239092
2229.0,-0.9596008697233094
2230.0,-1.2025754376520643
2231.0,-1.340052997360849
2232.0,-1.052413753845882
2233.0,-0.6739060379293873
2234.0,-0.8875758220811795
2235.0,-1.362693756988281
2236.0,-0.7285815562354898
2237.0,-0.7220041846629732
2238.0,-1.3983879621161517
2239.0,-1.083548142609565
2240.0,-1.4006085816249727
2241.0,-0.7832036443015125
2242.0,-1.2005570765442406
2243.0,-1.0733955830910102
2244.0,-1.2577373729766126
2245.0,-0.8569162692318872
2246.0,-0.676726664789195
2247.0,-0.778851875967433
2248.0,-0.8533014910638139
2249.0,-0.9260262528907276
2250.0,-0.5107557620067227
2251.0,-1.2608020092488808
2252.0,-1.0691772449236754
2253.0,-1.1092840877924917
2254.0,-0.7342152318533018
2255.0,-0.8898599850704505
2256.0,-1.2418893757380909
2257.0,-0.7450166840745442
2258.0,-0.30939527369851727
2259.0,-1.1272252279557677
2260.0,-1.297287066920678
2261.0,-1.0203231979954446
2262.0,-1.0531460132041366
2263.0,-0.5734155195994658
2264.0,-0.8226079516920839
2265.0,-0.7814331266976675
2266.0,-1.0062588309708196
2267.0,-0.8546290813553988
2268.0,-0.8376296160077118
2269.0,-1.0522929017690332
2270.0,-1.228217813703974
2271.0,-0.7940674909325861
2272.0,-1.2747684489920488
2273.0,-0.8085762157480421
2274.0,-1.2396266376295602
2275.0,-1.254186173681549
2276.0,-0.7657421433651193
2277.0,-1.4486968254455774
2278.0,-1.0007265692842033
2279.0,-1.1978258904256809
2280.0,-0.917744580396102
2281.0,-0.8836418377797345
2282.0,-0.8219315652753498
2283.0,-0.9658659990318413
2284.0,-1.0996732614597133
2285.0,-0.7445102358748037
2286.0,-0.6714455986647558
2287.0,-1.1266729508336568
2288.0,-1.3156433253770852
2289.0,-1.0268108033691001
2290.0,-0.9044155764222118
2291.0,-0.8923311476501092
2292.0,-0.8654802672742684
2293.0,-1.1088691672457571
2294.0,-1.6097588883880483
2295.0,-0.9245504939696038
2296.0,-1.4572427668236576
2297.0,-0.8941523628782441
2298.0,-0.9280986438430188
2299.0,-1.1839127588468406
2300.0,-0.9902179646777115
2301.0,-1.1452213043033674
2302.0,-0.8678067499303737
2303.0,-1.031659411375773
2304.0,-1.3950354162009606
2305.0,-1.06284941762508
2306.0,-1.2255601266588825
2307.0,-0.7846956713621704
2308.0,-1.0922830047258842
2309.0,-1.1123579889951876
2310.0,-1.3696045502997922
2311.0,-0.9458938082494336
2312.0,-1.176192355020808
2313.0,-1.3247636615138532
2314.0,-1.0584690699524293
2315.0,-1.0074282474741043
2316.0,-1.1792836463114569
2317.0,-0.7374939376650473
2318.0,-0.8847249726486842
2319.0,-1.0951250785618942
2320.0,-0.924949239603535
2321.0,-0.9321636139880786
2322.0,-1.030985945018387
2323.0,-1.0667028822495366
2324.0,-0.8577597725582424
2325.0,-1.0032492716157029
2326.0,-1.2994151991025384
2327.0,-0.9041763695771441
2328.0,-1.7195314292850254
2329.0,-0.8395821213402734
2330.0,-0.7226137518905045
2331.0,-1.3118025034899068
2332.0,-0.9455233909591456
2333.0,-0.9807326893803109
2334.0,-1.0180648704572877
2335.0,-1.0165393117965096
2336.0,-0.8689116639586569
2337.0,-0.7636521257826077
2338.0,-1.1305768968737084
2339.0,-1.2531284616666307
2340.0,-0.9212588495099645
2341.0,-0.9787163726312004
2342.0,-1.2766369428007045
2343.0,-1.3620994583016879
2344.0,-0.9173782013133245
2345.0,-1.5302450075861405
2346.0,-0.9551377625088023
2347.0,-0.9029733600412779
2348.0,-0.9972692888279194
2349.0,-0.8326164273251461
2350.0,-0.9671144932768219
2351.0,-1.5844631553405342
2352.0,-0.5799966249441255
2353.0,-1.377815941215832
2354.0,-1.1180368766702118
2355.0,-0.8303898519597129
2356.0,-0.9127909282499086
2357.0,-1.3940710433813908
2358.0,-0.5731314605120087
2359.0,-1.2396909556915208
2360.0,-0.6673497890688135
2361.0,-1.1960002571034543
2362.0,-1.0531550541086692
2363.0,-1.0983946176025723
2364.0,-0.3986224257691692
2365.0,-0.9092792121635755
2366.0,-0.9386558070593954
2367.0,-0.647365345466502
2368.0,-1.234795779986741
2369.0,-1.3165090939519168
2370.0,-0.9966978241612178
2371.0,-0.9329288070950488
2372.0,-0.8360837000720732
2373.0,-1.1245216667844713
2374.0,-0.9348716523626811
2375.0,-0.6474805875707359
2376.0,-1.3344873706400298
2377.0,-0.8476278426538842
2378.0,-0.9191939304565877
2379.0,-0.8346851008696714
2380.0,-0.8817180683642294
2381.0,-0.8168282199897072
2382.0,-0.6692501088054823
2383.0,-0.6635624313936322
2384.0,-0.8569103014642934
2385.0,-0.9622968462482303
2386.0,-0.8671636850069141
2387.0,-1.3375253819088302
2388.0,-0.8481359619288584
2389.0,-0.6726882754945434
2390.0,-1.1241741221622066
2391.0,-1.0288889087308704
2392.0,-1.4242987616595868
2393.0,-1.3206398034429778
2394.0,-1.042936961150988
2395.0,-1.0372211899891794
2396.0,-1.085718736956042
2397.0,-0.9888914202991521
2398.0,-0.9398884577657468
2399.0,-1.427321812226361
2400.0,-1.410305888145193
2401.0,-1.1106610894270008
2402.0,-0.7909070494524398
2403.0,-1.1354012189579747
2404.0,-1.2854027819055083
2405.0,-0.7967121720418854
2406.0,-0.8075096936548395
2407.0,-0.6567788221254791
2408.0,-0.9400096850373787
2409.0,-0.9966549744729323
2410.0,-1.1111991952215614
2411.0,-0.8440607825735026
2412.0,-1.4160143010848745
2413.0,-0.8611948725286833
2414.0,-1.1846132263673441
2415.0,-0.8923100084634319
2416.0,-1.1254540598782106
2417.0,-0.6807118081803298
2418.0,-0.7930415934505783
2419.0,-1.0914962885377415
2420.0,-1.2063406472738067
2421.0,-1.0357976468050913
2422.0,-1.2701596948392058
2423.0,-1.089879850104482
2424.0,-0.6693216546127261
2425.0,-0.5532064736984454
2426.0,-0.7138865935362992
2427.0,-1.3173370139358709
2428.0,-0.966814640866756
2429.0,-1.1081015901852918
2430.0,-1.0482125805567
2431.0,-1.367345816686862
2432.0,-0.7765898491173369
2433.0,-1.035945392440029
2434.0,-0.9987064412696178
2435.0,-0.8644840737170074
2436.0,-1.173398018785631
2437.0,-1.1036884092732473
2438.0,-0.9829871436965857
2439.0,-1.1201224802342942
2440.0,-0.6973800580454173
2441.0,-0.9065421407824296
2442.0,-0.7615808191993274
2443.0,-0.7810768675392822
2444.0,-1.3875003025071482
2445.0,-1.171996094701843
2446.0,-0.6885588529933497
2447.0,-1.4109669851775664
2448.0,-0.6312510696322016
2449.0,-0.8661937464900054
2450.0,-1.0988339879705995
2451.0,-0.9497201857934289
2452.0,-0.9222588334625708
2453.0,-1.2484471333193006
2454.0,-0.9931043429727094
2455.0,-0.9339805951792005
2456.0,-0.9438192105980532
2457.0,-1.2678485928706922
2458.0,-0.7595572654732907
2459.0,-1.3624217323373946
2460.0,-0.7824165755039904
2461.0,-0.6058538543731118
2462.0,-0.7823412318777064
2463.0,-1.3000707213067657
2464.0,-1.2276388842133366
2465.0,-1.0748859482095918
2466.0,-0.9454523063535761
2467.0,-0.9569389745294916
2468.0,-0.8401649399348139
2469.0,-0.9544110273511139
2470.0,-1.115816616476125
2471.0,-0.9357232090020269
2472.0,-1.3622993059218078
2473.0,-0.914176241795485
2474.0,-0.6861052044332803
2475.0,-0.7558063473209562
2476.0,-1.2202623065125715
2477.0,-0.765638356327717
2478.0,-0.7620367987343534
2479.0,-1.0830267837083398
2480.0,-0.9636745271556104
2481.0,-0.5225888477977081
2482.0,-0.8585463661694046
2483.0,-1.262916287287429
2484.0,-1.2265918789163022
2485.0,-1.0446219836041295
2486.0,-0.979441173057761
2487.0,-1.092367544410796
2488.0,-0.8905750339991799
2489.0,-0.8876015294706339
2490.0,-0.826907626755311
2491.0,-1.0215393991855508
2492.0,-0.8243687746996274
2493.0,-1.0928440068730645
2494.0,-0.8467409445753475
2495.0,-1.209861131492507
2496.0,-1.0161781186371344
2497.0,-1.2567254661689493
2498.0,-1.1254781973913839
2499.0,-1.0579509929383375
2500.0,-0.38674303076758354
2501.0,-0.9937288907732819
2502.0,-1.2971273525135105
2503.0,-1.5513729122975404
2504.0,-1.012519738312889
2505.0,-0.8995112223134283
2506.0,-1.3639527313726978
2507.0,-0.8348275837527688
2508.0,-1.3060543438924948
2509.0,-0.8991318491448443
2510.0,-0.6361093616616885
2511.0,-0.8740837293336551
2512.0,-0.8227089410500555
2513.0,-1.0920550538426128
2514.0,-1.0121289529090598
2515.0,-0.9724291008901728
2516.0,-1.1804721594570986
2517.0,-1.2790289075260346
2518.0,-0.8231861522740327
2519.0,-0.7353053627355637
2520.0,-1.0724555907753632
2521.0,-1.05950635100168
2522.0,-0.37316039444334703
2523.0,-0.8734922227311289
2524.0,-0.822032532282025
2525.0,-1.0884989058753851
2526.0,-1.487002363314665
2527.0,-1.2473122021345902
2528.0,-1.0025836539908288
2529.0,-0.7526185222111088
2530.0,-1.013000667988605
2531.0,-1.0529799828605366
2532.0,-1.6565513211863958
2533.0,-1.0220664943401547
2534.0,-1.4112999604882603
2535.0,-1.080919732450031
2536.0,-1.0743504628903116
2537.0,-0.9458713927100165
2538.0,-0.6799776216547486
2539.0,-0.755444611157837
2540.0,-1.390158954072081
2541.0,-0.856497968854997
2542.0,-1.0984473308001914
2543.0,-1.1551366552648157
2544.0,-0.4686238810447624
2545.0,-0.6433113173912908
2546.0,-0.5510516476019613
2547.0,-1.2353480764229523
2548.0,-1.0309480478160777
2549.0,-0.9189349617966844
2550.0,-1.011967020456076
2551.0,-1.1091061055375824
2552.0,-1.0256718978386548
2553.0,-1.2708424687679596
2554.0,-0.7149360340621984
2555.0,-0.8174750928330553
2556.0,-0.8242005668107139
2557.0,-1.1296888421227633
2558.0,-1.0786394977882514
2559.0,-1.2862594466546837
2560.0,-1.0861393408070428
2561.0,-0.6049799876580964
2562.0,-0.9891396021785405
2563.0,-1.5652231948780173
2564.0,-1.2898020048321706
2565.0,-1.0949250193844207
2566.0,-1.1664511354372173
2567.0,-0.9875917028646591
2568.0,-0.9906527085827656
2569.0,-1.0266981836575617
2570.0,-0.9999392914324025
2571.0,-0.9039273008437096
2572.0,-1.241028355899223
2573.0,-0.7377183301795773
2574.0,-1.0776114556636642
2575.0,-1.5260360177854184
2576.0,-0.9074075655784952
2577.0,-0.9072683908496268
2578.0,-0.8086055836923486
2579.0,-0.9296032930729772
2580.0,-0.8817683080461867
2581.0,-1.119795664143893
2582.0,-0.7747956943584233
2583.0,-1.286471792968897
2584.0,-0.6681553985580021
2585.0,-0.7305523143389936
2586.0,-1.4309181761617213
2587.0,-1.1487699902245514
2588.0,-0.5677345045796623
2589.0,-0.6391475200427648
2590.0,-0.752606670198137
2591.0,-1.3848970620678966
2592.0,-0.745865790181283
2593.0,-0.8191764663656453
2594.0,-0.7085654747914213
2595.0,-0.9072646814770562
2596.0,-0.49903189358509126
2597.0,-1.361216715978602
2598.0,-0.9039924247140073
2599.0,-0.7204861558947744
2600.0,-1.1921244917977527
2601.0,-0.9333430756633262
2602.0,-0.9412800472194818
2603.0,-1.1553060858627389
2604.0,-0.6481992663353413
2605.0,-1.0822442176166323
2606.0,-1.121458647144167
2607.0,-1.060200388985439
2608.0,-0.7164761742869736
2609.0,-0.6694184629386485
2610.0,-1.0116554166986949
2611.0,-0.8590870159554389
2612.0,-0.7410379301935457
2613.0,-1.3431978419885664
2614.0,-0.7814654074391396
2615.0,-1.0255971173636687
2616.0,-1.1348035417661697
2617.0,-1.0253567985977028
2618.0,-1.0501241458530193
2619.0,-0.39539999089335776
2620.0,-1.0082425504830588
2621.0,-1.0731510840178067
2622.0,-1.27160224971023
2623.0,-0.7684573180164889
2624.0,-0.8045253328305179
2625.0,-0.891066708977269
2626.0,-0.8405968762090223
2627.0,-0.7032322648823873
2628.0,-0.8321626308322647
2629.0,-0.9098878203606685
2630.0,-1.147617823774092
2631.0,-0.8268949938621541
2632.0,-0.7202467249108842
2633.0,-0.900297900201141
2634.0,-0.9912075938581612
2635.0,-1.1800224234824508
2636.0,-0.8613719093848682
2637.0,-0.6972395852549829
2638.0,-0.9152571589111116
2639.0,-1.1508713204575456
2640.0,-0.7483632862540186
2641.0,-1.0267450835307623
2642.0,-1.3636450553210757
2643.0,-0.7062496659856428
2644.0,-0.7260529603825823
2645.0,-1.103965412423726
2646.0,-1.1416720319344928
2647.0,-1.052504644296622
2648.0,-0.9702524271080233
2649.0,-1.3079061826740745
2650.0,-0.9251735275860091
2651.0,-0.6794828696619577
2652.0,-0.8779269652204267
2653.0,-0.810965456794138
2654.0,-0.7386042856589023
2655.0,-0.6156697981219841
2656.0,-0.7874661062513058
2657.0,-0.9143713106689427
2658.0,-1.0437425705690817
2659.0,-1.1343472886948087
2660.0,-1.5099433839933576
2661.0,-1.031353610378052
2662.0,-1.0836112860815932
2663.0,-1.4071917530318152
2664.0,-0.8334618065317776
2665.0,-0.793374296059972
2666.0,-1.2970530141603098
2667.0,-0.912250858572263
2668.0,-1.2347154640526306
2669.0,-1.0257803975230042
2670.0,-1.0095752424686157
2671.0,-1.0371026561620837
2672.0,-1.0908256038653148
2673.0,-0.9199338199187193
2674.0,-1.0530476157145157
2675.0,-1.4152540734171786
2676.0,-1.0641380550143555
2677.0,-0.7075992189318528
2678.0,-0.7357784918463135
2679.0,-1.033907920575659
2680.0,-0.9568755290690593
2681.0,-0.7948912180747099
2682.0,-0.911542370367989
2683.0,-0.5914607670788838
2684.0,-1.3050552843839407
2685.0,-0.9488165456347699
2686.0,-0.7262722023666645
2687.0,-1.0354422408113342
2688.0,-1.4262133281980853
2689.0,-0.8391858577045068
2690.0,-1.1125069231093252
2691.0,-1.5182005995007166
2692.0,-1.353822350716337
2693.0,-1.067447501314005
2694.0,-0.8004236811166242
2695.0,-0.9077182492166191
2696.0,-1.0952970445018437
2697.0,-0.7695880752669872
2698.0,-1.0379487346471212
2699.0,-1.1280343323967612
2700.0,-1.2251157997033233
2701.0,-0.7688685145059861
2702.0,-0.696699547616873
2703.0,-0.7018207620222991
2704.0,-1.1345153591403578
2705.0,-1.3600920926703883
2706.0,-1.0580493693486008
2707.0,-0.33305250272544473
2708.0,-1.2184250922028945
2709.0,-0.9203359163909506
2710.0,-1.081103116299419
2711.0,-1.2081679269223629
2712.0,-1.0306238490447177
2713.0,-0.8369577999299064
2714.0,-1.0821488977110714
2715.0,-0.6942965335912188
2716.0,-1.2113362505076695
2717.0,-0.8139801575750611
2718.0,-0.8300924584615992
2719.0,-0.8928942045576416
2720.0,-0.8114247389317946
2721.0,-1.1273296650276223
2722.0,-0.7029174326230823
2723.0,-1.1389548854569693
2724.0,-0.9252236082709488
2725.0,-0.9505260319974027
2726.0,-0.9743910881864922
2727.0,-0.857060083018598
2728.0,-1.3968852147620747
2729.0,-1.1380632857422068
2730.0,-0.8325173722508636
2731.0,-1.0130163598314585
2732.0,-0.8400535818183169
2733.0,-0.9436548227008764
2734.0,-0.8947180127103941
2735.0,-0.8365556879205122
2736.0,-1.0295278513612576
2737.0,-1.1245917833400207
2738.0,-1.1188131375368915
2739.0,-0.7398097012281077
2740.0,-1.1110440687054575
2741.0,-1.3150186020195602
2742.0,-1.1333417049025853
2743.0,-0.9498546734365332
2744.0,-1.3322683976369327
2745.0,-0.6006587710245443
2746.0,-1.0200911197255964
2747.0,-0.7141825902034268
2748.0,-1.1064140139695897
2749.0,-0.7209075207458455
2750.0,-1.0650164319043898
2751.0,-0.806353673152838
2752.0,-1.1701572753814844
2753.0,-1.0284045973391216
2754.0,-1.5987653248145812
2755.0,-1.212596214894095
2756.0,-1.0603901798726463
2757.0,-0.8204117888962359
2758.0,-0.9418856387972908
2759.0,-1.0969008028341838
2760.0,-1.2423257011995088
2761.0,-1.2504197638226153
2762.0,-1.1396642104599586
2763.0,-0.8318411914830133
2764.0,-1.37045481519515
2765.0,-1.467754034566274
2766.0,-0.9337105266405287
2767.0,-1.2398061936872429
2768.0,-1.002936751349845
2769.0,-0.7049909597109261
2770.0,-0.9708170496734353
2771.0,-0.8863785745964319
2772.0,-0.8927253532720232
2773.0,-1.14427718348047
2774.0,-0.850437746005569
2775.0,-1.0854094753379941
2776.0,-1.0407491359980425
2777.0,-0.581988613222777
2778.0,-0.9768467382538847
2779.0,-0.5923891003961006
2780.0,-0.9057010943431715
2781.0,-1.5719942717838808
2782.0,-0.8011429703434245
2783.0,-1.3865143707895786
2784.0,-1.3091800947622128
2785.0,-1.5285648245578018
2786.0,-0.9703177965553313
2787.0,-1.106313293383946
2788.0,-0.49564324164641194
2789.0,-0.8741242757453447
2790.0,-1.260590710945669
2791.0,-1.0445670795961188
2792.0,-0.7343293624485128
2793.0,-1.2682374406541548
2794.0,-1.3462195014478937
2795.0,-1.3927696534814555
2796.0,-0.4968846527778209
2797.0,-1.1425738367658098
2798.0,-0.7529174099700728
2799.0,-0.8364955980238866
2800.0,-1.2653619380818788
2801.0,-0.9681409532143928
2802.0,-1.2928874660939091
2803.0,-0.6812911757160756
2804.0,-1.2365060944464337
2805.0,-0.9658228090845377
2806.0,-0.6547251714680817
2807.0,-0.8161189648192464
2808.0,-0.9972993681631008
2809.0,-0.6663057632745644
2810.0,-0.8486504089902892
2811.0,-0.7839819196457192
2812.0,-1.111054685024335
2813.0,-1.3124457463829617
2814.0,-0.9179782889130516
2815.0,-1.068899072601626
2816.0,-0.9180102900919764
2817.0,-0.7974477575763629
2818.0,-0.6774400098079829
2819.0,-0.8843844903458831
2820.0,-1.1590026484952711
2821.0,-0.934639840456157
2822.0,-1.0775114523095142
2823.0,-1.0608196357451791
2824.0,-1.1797011947751894
2825.0,-0.8486727489443968
2826.0,-0.8933592961580884
2827.0,-0.36667145522459066
2828.0,-0.8799468833774594
2829.0,-0.7996041256959929
2830.0,-0.6606368082561458
2831.0,-0.60457366803199
2832.0,-1.1458476289029758
2833.0,-0.7994097695845431
2834.0,-1.1961940843002197
2835.0,-1.2090834659237841
2836.0,-0.9961586436465326
2837.0,-1.0899206211048442
2838.0,-1.1131085140617885
2839.0,-0.8764281690112624
2840.0,-1.1278570911493313
2841.0,-0.9919138107296833
2842.0,-1.1832561771131953
2843.0,-1.1443721134739733
2844.0,-0.9802449290673856
2845.0,-1.0909375571911168
2846.0,-1.0294563169459008
2847.0,-1.0636142620176876
2848.0,-1.0640441427042742
2849.0,-0.7206356923002161
2850.0,-1.4442800582682926
2851.0,-0.8280715853409125
2852.0,-1.3057552107376724
2853.0,-1.430712865256167
2854.0,-0.8566621180541985
2855.0,-0.646607391219156
2856.0,-0.7991988361408189
2857.0,-0.8644480252781157
2858.0,-0.9569915199492188
2859.0,-1.2082601803971857
2860.0,-0.9542725007653043
2861.0,-0.9787454064573142
2862.0,-0.9197737188344697
2863.0,-1.065725183849729
2864.0,-0.8527212742638426
2865.0,-1.2109849741255474
2866.0,-1.2591799124125773
2867.0,-1.2918832438723078
2868.0,-0.864723144810789
2869.0,-0.7832578403559167
2870.0,-0.9525430710680396
2871.0,-1.0917021105588105
2872.0,-0.8009302224642338
2873.0,-1.3526253206411607
2874.0,-1.1228090754908737
2875.0,-0.6543322159301894
2876.0,-0.6428739285400117
2877.0,-0.6090048115171043
2878.0,-0.7045053945991067
2879.0,-1.0932891707863686
2880.0,-0.7179230190530772
2881.0,-0.6525632599856499
2882.0,-0.8494678520212205
2883.0,-1.2361932488266258
2884.0,-0.729260857625001
2885.0,-1.214429504070697
2886.0,-0.8937962015048574
2887.0,-0.9791065676374385
2888.0,-1.3506225457015533
2889.0,-0.891076400633201
2890.0,-1.3114309679217677
2891.0,-1.2883000054070113
2892.0,-1.1828232548453277
2893.0,-1.0038967551953992
2894.0,-1.5606108053268009
2895.0,-1.0502606378098505
2896.0,-0.864301083616885
2897.0,-0.8863693713335787
2898.0,-0.39331895534786054
2899.0,-1.2399006578357192
2900.0,-0.5944384429874363
2901.0,-0.6429040701488896
2902.0,-1.3541476784672595
2903.0,-0.7105089806330644
2904.0,-1.3513504245100736
2905.0,-0.8136482056456842
2906.0,-1.3130840120038716
2907.0,-1.2302816147333981
2908.0,-1.1553517645718658
2909.0,-0.7712511522747949
2910.0,-0.7886981756201413
2911.0,-1.053939006338851
2912.0,-1.15505552092097
2913.0,-0.5661587043221451
2914.0,-1.2209819018134527
2915.0,-0.833998481306577
2916.0,-1.1954110423662316
2917.0,-0.8489570223559104
2918.0,-1.0557667746676642
2919.0,-0.9276928918039296
2920.0,-0.7366711387779297
2921.0,-0.929918976939454
2922.0,-0.7901382402432048
2923.0,-0.9758579615964589
2924.0,-0.714517866646335
2925.0,-0.5856683518560954
2926.0,-1.1048017160037011
2927.0,-1.6424967751464783
2928.0,-1.087850613372233
2929.0,-0.9944154246615433
2930.0,-0.3391197272898785
2931.0,-0.8280188202717811
2932.0,-0.987796995164538
2933.0,-1.2444751431039651
2934.0,-1.3252327223649654
2935.0,-0.990357157049937
2936.0,-0.9588232684017717
2937.0,-1.0291569780683865
2938.0,-1.096315343280074
2939.0,-0.8288855148957558
2940.0,-0.7873130027965105
2941.0,-0.9219495820275564
2942.0,-1.4083987679197678
2943.0,-1.1083208726819953
2944.0,-0.6627768410867626
2945.0,-1.3383390475506656
2946.0,-1.1144792294751085
2947.0,-1.1011677364792927
2948.0,-1.1304376007495132
2949.0,-1.160978144711256
2950.0,-0.9994399010861725
2951.0,-0.9369993488764334
2952.0,-0.5301731269140951
2953.0,-0.8891255063417925
2954.0,-1.5405460651515253
2955.0,-1.0925938924739642
2956.0,-0.8507304104975324
2957.0,-1.1377815845492456
2958.0,-0.8572115389336219
2959.0,-0.9026100182206688
2960.0,-0.9367531533323842
2961.0,-1.2964854141620212
2962.0,-0.39094124991500867
2963.0,-0.8419430346913658
2964.0,-0.9742482160605911
2965.0,-1.3112405707912818
2966.0,-1.520535509205992
2967.0,-1.0877471321144505
2968.0,-1.0271489104233764
2969.0,-1.2883996785779999
2970.0,-0.8517265183703078
2971.0,-1.479858540282923
2972.0,-0.8952427577704001
2973.0,-0.8587949684178895
2974.0,-1.2155838661652933
2975.0,-0.9422306932969
2976.0,-1.267998765138881
2977.0,-1.1322992528616864
2978.0,-1.3532784956103088
2979.0,-0.8728110677239194
2980.0,-1.1397339143121794
2981.0,-0.9287764634739225
2982.0,-0.7859668548920278
2983.0,-0.8958718904151676
2984.0,-1.1483028420014052
2985.0,-0.8833570052166261
2986.0,-1.2316981860682064
2987.0,-1.1853970443091413
2988.0,-0.7862216276600758
2989.0,-0.6156524717463596
2990.0,-1.1784083659807782
2991.0,-0.8505909022904868
2992.0,-0.9618388281973215
2993.0,-1.325281409025966
2994.0,-0.9546340756916359
2995.0,-1.2845795885759779
2996.0,-0.556865032286392
2997.0,-0.8437695113734865
2998.0,-0.7597952525865131
2999.0,-1.1962405976206272
3000.0,-0.9415027200728436
3001.0,-0.8548647552868501
3002.0,-1.2805704072881996
3003.0,-0.681857381422778
3004.0,-0.4466475243932706
3005.0,-0.9097690878629662
3006.0,-1.2457516961417996
3007.0,-1.1472652278961615
3008.0,-0.4841895585479977
3009.0,-1.3022130307676443
3010.0,-0.9046268444995073
3011.0,-0.80839819326713
3012.0,-0.5811046526955153
3013.0,-0.8572481193525947
3014.0,-1.2383297995887308
3015.0,-0.9934134638744071
3016.0,-1.3381350464724773
3017.0,-0.590512934562498
3018.0,-1.0280866645176587
3019.0,-1.0339810348406397
3020.0,-0.9814073937459746
3021.0,-1.472451368714651
3022.0,-1.0504529172960326
3023.0,-1.1088760099215544
3024.0,-1.0539437173195418
3025.0,-0.702525049700609
3026.0,-1.2332547709534298
3027.0,-1.0951318299073536
3028.0,-0.8806376624326215
3029.0,-0.6317898577773298
3030.0,-1.5052341795211772
3031.0,-0.7054962433907144
3032.0,-0.9769148742257796
3033.0,-0.9570339411235024
3034.0,-1.1609752856766464
3035.0,-1.2453780935930623
3036.0,-1.1187606211573584
3037.0,-0.8169597313577472
3038.0,-0.7718245450298225
3039.0,-1.025335039652559
3040.0,-0.7517900360209939
3041.0,-1.3432945104252976
3042.0,-0.9041807118116495
3043.0,-0.850740199427815
3044.0,-1.0743201822644715
3045.0,-1.4842994945746484
3046.0,-1.0533115736103635
3047.0,-0.777820416737914
3048.0,-0.7339375295186785
3049.0,-1.0453966373953758
3050.0,-0.9617510832675639
3051.0,-1.0886937147415936
3052.0,-1.2165768447851486
3053.0,-1.3645699001153497
3054.0,-1.0040289572467578
3055.0,-1.1415674948035601
3056.0,-0.6564797773222011
3057.0,-0.7373647420635386
3058.0,-0.9044493583965199
3059.0,-1.0456607486704534
3060.0,-1.2008339398343568
3061.0,-1.1079833894289788
3062.0,-0.7551260104116218
3063.0,-1.171723006948964
3064.0,-1.4200179719066655
3065.0,-0.775200011987546
3066.0,-1.3126169403591694
3067.0,-1.2617513733585275
3068.0,-1.0801225844152653
3069.0,-0.889872429193671
3070.0,-0.5237668285287975
3071.0,-0.755029199924014
3072.0,-0.8083316989894629
3073.0,-1.0060999461247329
3074.0,-0.7722128323731607
3075.0,-1.1180677249594078
3076.0,-1.0679807553163732
3077.0,-0.6558768717138924
3078.0,-1.022103062191972
3079.0,-1.055637715206785
3080.0,-1.182648747122343
3081.0,-1.2741940285073667
3082.0,-1.0680656453499835
3083.0,-1.1636224954719747
3084.0,-1.0228199297540146
3085.0,-1.3279206128360552
3086.0,-1.1115988503578937
3087.0,-0.8390845005992442
3088.0,-1.6581507506353268
3089.0,-0.8361489070891387
3090.0,-1.0083164852480793
3091.0,-1.3215001099037165
3092.0,-0.7492066713981295
3093.0,-1.367547400377214
3094.0,-1.034077667331183
3095.0,-0.45821613703581443
3096.0,-0.9318650173923774
3097.0,-0.9785601785096791
3098.0,-0.8903548061292854
3099.0,-0.7946030116269432
3100.0,-1.3734914178057056
3101.0,-0.8998984330167679
3102.0,-0.9848478827293765
3103.0,-1.5220573614408592
3104.0,-0.8133333681055251
3105.0,-1.035950569132134
3106.0,-1.3946090757385043
3107.0,-0.8843034419869413
3108.0,-0.9989406822929121
3109.0,-0.9465216220568398
3110.0,-1.4860629109855257
3111.0,-1.0558426164570072
3112.0,-1.2752401197451606
3113.0,-1.5268569667277698
3114.0,-1.3731267155747442
3115.0,-1.349545754791234
3116.0,-0.9364953594577509
3117.0,-1.3513187834695695
3118.0,-1.1519417828348852
3119.0,-1.070709645697432
3120.0,-0.7896843749758234
3121.0,-0.9999076345051378
3122.0,-1.16351216243963
3123.0,-1.009451792450534
3124.0,-0.9880707869745954
3125.0,-1.0226434417694539
3126.0,-0.804162682535622
3127.0,-1.14560337889079
3128.0,-1.166453932575973
3129.0,-1.186238538755611
3130.0,-1.0247586448087076
3131.0,-1.0403091126509791
3132.0,-0.7097457961015594
3133.0,-0.904601585973015
3134.0,-1.065670212534057
3135.0,-0.8497249134454314
3136.0,-1.0287990877259676
3137.0,-1.2776574614019696
3138.0,-0.40176274079497776
3139.0,-0.8053013948386445
3140.0,-0.9561957452914542
3141.0,-0.5371959440453887
3142.0,-1.1330732660872092
3143.0,-0.9572343183078815
3144.0,-0.8975616145275448
3145.0,-1.2210278486387012
3146.0,-0.9823567533298841
3147.0,-1.4328251468634958
3148.0,-1.2194714181489978
3149.0,-1.1842899034199266
3150.0,-0.8612584236241954
3151.0,-0.7648597210961798
3152.0,-1.0464800568689545
3153.0,-0.8153626546829928
3154.0,-1.3300753857984788
3155.0,-0.9606811908849803
3156.0,-1.351925835237341
3157.0,-1.3238499664984986
3158.0,-1.2801440166898232
3159.0,-0.6198474894196698
3160.0,-1.042562244677915
3161.0,-0.6410007617159719
3162.0,-1.0736970769182088
3163.0,-1.1023552905303375
3164.0,-1.4970415032328401
3165.0,-1.2316606219496267
3166.0,-1.1497275575375876
3167.0,-0.9174346788552059
3168.0,-0.9304781743494566
3169.0,-1.196493915202482
3170.0,-0.45301317097205684
3171.0,-1.0664002552812282
3172.0,-1.480517057017715
3173.0,-0.7598700173169125
3174.0,-0.7038620292855007
3175.0,-0.5953431436450316
3176.0,-0.6088012710926229
3177.0,-0.9845588125364253
3178.0,-1.363825666901867
3179.0,-0.9744401103599694
3180.0,-1.4359807412988093
3181.0,-0.9757847901055764
3182.0,-0.5058088087820184
3183.0,-1.0303588255710339
3184.0,-1.2679123028874302
3185.0,-1.361076235384239
3186.0,-0.8163352223983771
3187.0,-1.067246200346359
3188.0,-0.9366022467718603
3189.0,-0.7605229386131864
3190.0,-0.6722856239663879
3191.0,-0.9544858094384786
3192.0,-1.133750387175695
3193.0,-1.0001116638843897
3194.0,-0.844992090584115
3195.0,-0.8213613670762874
3196.0,-0.8917529558893293
3197.0,-0.692837915931978
3198.0,-1.266833582343545
3199.0,-1.337314715523631
3200.0,-0.9370834394560597
3201.0,-1.1293743096897966
3202.0,-1.093956195716729
3203.0,-1.0530735150549868
3204.0,-1.0772780183784558
3205.0,-0.7509277032070367
3206.0,-0.9545342802859953
3207.0,-1.2069846421689054
3208.0,-1.062057579594399
3209.0,-0.6131552896041965
3210.0,-1.5265217210869242
3211.0,-0.787870415170208
3212.0,-1.217696714322915
3213.0,-1.330241703225012
3214.0,-0.9610642790169404
3215.0,-0.6554799615192641
3216.0,-1.2209345808448746
3217.0,-0.7789734941416663
3218.0,-0.9154491165052877
3219.0,-1.1523716193976479
3220.0,-1.3821991514049452
3221.0,-1.3211433612476386
3222.0,-0.7150678376646753
3223.0,-1.15474374677519
3224.0,-0.6135372593640045
3225.0,-1.3374161452294993
3226.0,-0.8349006788720881
3227.0,-0.7606764080345062
3228.0,-0.9166716870459324
3229.0,-0.867430618513595
3230.0,-1.172756273585721
3231.0,-1.3052739081923463
3232.0,-0.5960019424481966
3233.0,-0.9171586091584086
3234.0,-0.8810459109236177
3235.0,-0.3543163436202508
3236.0,-0.3758577906134223
3237.0,-0.40114478773082896
3238.0,-0.7823642972490295
3239.0,-1.2548080684830998
3240.0,-0.8646085126635392
3241.0,-1.0587909829389288
3242.0,-1.2656796247207396
3243.0,-1.0208926789701425
3244.0,-1.012899447241805
3245.0,-1.291175947332793
3246.0,-0.7218630978592494
3247.0,-1.0989844111496245
3248.0,-0.9613297956218531
3249.0,-0.9615640689222835
3250.0,-0.8334527002118411
3251.0,-1.3696406641703331
3252.0,-0.5920329408933918
3253.0,-0.9269458299543821
3254.0,-0.9766729378961205
3255.0,-0.6516976117326875
3256.0,-0.9774372530156644
3257.0,-0.9549082964246038
3258.0,-0.86329682982772
3259.0,-1.10535698296222
3260.0,-0.8069905221483361
3261.0,-0.8263116347036482
3262.0,-0.584980409726894
3263.0,-0.9367938467192625
3264.0,-0.950503764303782
3265.0,-1.1161232229991391
3266.0,-0.790927044106223
3267.0,-1.1327183188001937
3268.0,-0.6212179822211927
3269.0,-0.8319121863661907
3270.0,-0.9615597322514703
3271.0,-0.924329962356005
3272.0,-0.9403358165890122
3273.0,-0.8847933644151438
3274.0,-1.1413196290424046
3275.0,-0.8237266234452898
3276.0,-0.9451724041287217
3277.0,-1.0643597180896691
3278.0,-1.2204770402885212
3279.0,-1.1953841626616362
3280.0,-0.8248346323310775
3281.0,-0.8445588389102024
3282.0,-1.0230039623364422
3283.0,-1.105053616567721
3284.0,-1.2950657165222637
3285.0,-0.8839946232150688
3286.0,-0.9956340209943049
3287.0,-1.1025142964233872
3288.0,-1.112702076223837
3289.0,-1.0411771409450938
3290.0,-1.1069004317172075
3291.0,-0.6993476635686248
3292.0,-1.0770625274558479
3293.0,-0.6486772042989042
3294.0,-1.018541664174554
3295.0,-0.8756339787192595
3296.0,-0.9338356680459625
3297.0,-1.1066595515170794
3298.0,-1.0820155275641212
3299.0,-1.0363808541409811
3300.0,-0.7333621264787562
3301.0,-0.7020797908894942
3302.0,-0.9846329911415777
3303.0,-1.0134209512437469
3304.0,-0.9781695978389285
3305.0,-1.0259327293599187
3306.0,-0.7652615899394402
3307.0,-0.8776242844909105
3308.0,-0.8828633088454692
3309.0,-0.9353611954832922
3310.0,-0.8807581790774696
3311.0,-0.909554163006008
3312.0,-0.981709950011534
3313.0,-1.2490654897377618
3314.0,-1.2415645579349295
3315.0,-0.7375505185494431
3316.0,-0.7445461808003067
3317.0,-1.3938849023893523
3318.0,-0.9044538043524277
3319.0,-1.3425920223531826
3320.0,-0.8163262598953597
3321.0,-1.1467326450916884
3322.0,-0.4258684132883328
3323.0,-1.0382519549711082
3324.0,-0.8930032679198259
3325.0,-0.8616321319156469
3326.0,-0.7050449051700378
3327.0,-0.5987667302579749
3328.0,-1.0213000319392882
3329.0,-0.9220223774957114
3330.0,-0.978415258409073
3331.0,-0.9309569402476132
3332.0,-1.0027368233297191
3333.0,-0.9336506775443779
3334.0,-0.5319368803954735
3335.0,-1.295493229507411
3336.0,-1.1580314371874343
3337.0,-0.9260762085198722
3338.0,-1.3201067068597818
3339.0,-1.02248099427326
3340.0,-0.8665604722697279
3341.0,-1.2184990635992765
3342.0,-1.3424143020571113
3343.0,-1.043075696470097
3344.0,-1.0488119332131285
3345.0,-0.6583523016073073
3346.0,-1.051938584467123
3347.0,-1.3794991483393437
3348.0,-1.3298283721933388
3349.0,-0.8816909212540288
3350.0,-0.6029464593920854
3351.0,-1.2091034803129457
3352.0,-1.805861385020394
3353.0,-1.0861484779312647
3354.0,-0.6762889916390247
3355.0,-1.2374845074799272
3356.0,-0.9841898199157221
3357.0,-0.7094952228604476
3358.0,-0.8483326234976241
3359.0,-0.6541881042570823
3360.0,-1.2253114263677827
3361.0,-1.3916536750041038
3362.0,-1.4292156117911174
3363.0,-1.3916816245661368
3364.0,-0.7134999501283616
3365.0,-1.0522011615796893
3366.0,-1.2398871629638597
3367.0,-1.0327278647652578
3368.0,-1.108911331759583
3369.0,-0.757357253034503
3370.0,-0.989854306081549
3371.0,-1.4084673810207995
3372.0,-0.9111543833331884
3373.0,-1.1963220459814174
3374.0,-1.0368621431451375
3375.0,-1.4093858281058191
3376.0,-1.2843299446873433
3377.0,-1.368367216831318
3378.0,-0.6548008292064451
3379.0,-0.6479084440303813
3380.0,-1.0648207972993087
3381.0,-1.458705958134892
3382.0,-0.8632792878576739
3383.0,-1.051779239007259
3384.0,-0.9392147540214011
3385.0,-0.7248779784042841
3386.0,-1.38120851649033
3387.0,-1.2385051932783018
3388.0,-0.8128961718236317
3389.0,-0.9140546433589536
3390.0,-1.0078278142705317
3391.0,-1.0460978738622364
3392.0,-0.5597259855679682
3393.0,-1.1509080818515018
3394.0,-0.7693851108746395
3395.0,-1.0408262040354368
3396.0,-1.0631585779416157
3397.0,-1.498008642820762
3398.0,-0.8398714625779894
3399.0,-1.1362565831986169
3400.0,-0.998120206485987
3401.0,-1.253222720034311
3402.0,-1.0648409276257185
3403.0,-0.9669780482225594
3404.0,-0.7961554958614823
3405.0,-0.8167793209806866
3406.0,-1.4069390291305164
3407.0,-0.6673322537925716
3408.0,-1.1970070326447744
3409.0,-1.4360965797494039
3410.0,-1.3219267492131164
3411.0,-1.5623895728863069
3412.0,-1.1091220559886283
3413.0,-1.0439594696341894
3414.0,-1.143825561474467
3415.0,-0.9842026942857133
3416.0,-1.3844425811230971
3417.0,-0.918373127516053
3418.0,-0.7692698784355528
3419.0,-1.3514940440151102
3420.0,-0.9520592268573372
3421.0,-0.7976343721414642
3422.0,-0.5828623573966748
3423.0,-0.6463434483450106
3424.0,-1.4181318651944022
3425.0,-0.9704081356971618
3426.0,-0.6521566832161044
3427.0,-1.1243527746525648
3428.0,-0.7682252269674102
3429.0,-0.7706442895786662
3430.0,-1.4016775629806273
3431.0,-0.9231507178652326
3432.0,-1.3406096026932124
3433.0,-0.7088611709561492
3434.0,-0.9458001001478765
3435.0,-1.0330297576358207
3436.0,-1.3395569467596067
3437.0,-1.1619861295114084
3438.0,-0.9824957354947305
3439.0,-0.8643218594678347
3440.0,-1.3700020974339246
3441.0,-0.9740061078080721
3442.0,-0.6076347895931336
3443.0,-1.0849009064133526
3444.0,-1.0225073274719034
3445.0,-0.9692227335148976
3446.0,-0.8890838923249184
3447.0,-1.0336621787241589
3448.0,-1.0819450648744449
3449.0,-0.8883247748735996
3450.0,-0.910777680058136
3451.0,-1.1337922042939008
3452.0,-1.469111577222511
3453.0,-0.4741853394395549
3454.0,-0.909392228167704
3455.0,-0.5252829813143305
3456.0,-1.3764468759072894
3457.0,-0.97847508310536
3458.0,-0.9769828477568219
3459.0,-0.588609833764171
3460.0,-0.9760296374045303
3461.0,-0.8217882013827498
3462.0,-1.1948327625742359
3463.0,-1.0892488968969225
3464.0,-1.1892261439024747
3465.0,-0.8612957801683371
3466.0,-1.3476137181755679
3467.0,-1.0431366530367794
3468.0,-0.9033982313821297
3469.0,-1.2913589874945024
3470.0,-1.0340614806866792
3471.0,-1.3947046106978755
3472.0,-0.783001053078682
3473.0,-0.7003829716920769
3474.0,-0.7965779692470009
3475.0,-1.0809857945743768
3476.0,-0.5819029783299139
3477.0,-1.095517205344331
3478.0,-1.443090370167373
3479.0,-0.6696934461193493
3480.0,-1.0476998236632014
3481.0,-0.8295433429224051
3482.0,-1.1475352283738403
3483.0,-0.8095042508251671
3484.0,-1.1624018179342042
3485.0,-0.9421299388165834
3486.0,-1.0266130191158103
3487.0,-0.9309977648397785
3488.0,-1.329107069508008
3489.0,-0.7658049722417366
3490.0,-1.1023909390321307
3491.0,-0.7688991185689699
3492.0,-0.9214612969441981
3493.0,-1.28050199760314
3494.0,-1.1166692111529986
3495.0,-1.0992748660024751
3496.0,-1.2171993060023871
3497.0,-1.6801316099641883
3498.0,-0.6980778972297559
3499.0,-1.0470597423605124
3500.0,-1.2898915104600384
3501.0,-0.42381967214380334
3502.0,-0.8006570107418403
3503.0,-0.7192813413697748
3504.0,-1.1432273560617343
3505.0,-0.8357688742580648
3506.0,-1.4859184640687977
3507.0,-0.7976670149871559
3508.0,-1.1064253486271733
3509.0,-1.4009136974107734
3510.0,-0.8097349751362644
3511.0,-1.042628548634853
3512.0,-0.8589629862279559
3513.0,-1.1738227858838777
3514.0,-0.5917932134344666
3515.0,-0.9192943933554668
3516.0,-1.131858097144762
3517.0,-1.0595378460096903
3518.0,-0.29948915155120714
3519.0,-1.0535630560767255
3520.0,-0.997199353520134
3521.0,-1.5020789758192667
3522.0,-0.8335657771227514
3523.0,-1.078626284086388
3524.0,-1.3245560770868536
3525.0,-0.9628868146289478
3526.0,-0.7846027402763166
3527.0,-0.6372411305669723
3528.0,-0.5926019326079437
3529.0,-0.9277016245810457
3530.0,-0.8262325935691998
3531.0,-0.9148074746262211
3532.0,-0.7777856138793091
3533.0,-0.8089637456053592
3534.0,-1.2913261153685616
3535.0,-0.4249421684791125
3536.0,-1.3196096723801074
3537.0,-1.288312860837193
3538.0,-1.4467619675945724
3539.0,-1.2251186639664695
3540.0,-0.7115396705047187
3541.0,-1.1098902743367287
3542.0,-0.7330348091674801
3543.0,-1.055990117324724
3544.0,-0.8223313343283377
3545.0,-1.1995736426376975
3546.0,-0.975636560140273
3547.0,-0.5267884076623597
3548.0,-0.9784337205496237
3549.0,-0.8149473686865225
3550.0,-0.38246935347314526
3551.0,-1.0362361336276764
3552.0,-1.443589135329708
3553.0,-1.0006556395097586
3554.0,-0.49554551662870217
3555.0,-0.7680026561480785
3556.0,-0.7229718113634263
3557.0,-1.3778473459282243
3558.0,-0.9791637659820676
3559.0,-1.0788470851427359
3560.0,-1.2619739688542648
3561.0,-1.076887057505653
3562.0,-0.9930293037357467
3563.0,-0.905096075391772
3564.0,-0.862952959969264
3565.0,-1.2080013759964776
3566.0,-1.22350787834737
3567.0,-1.232402248137372
3568.0,-1.0878256471516303
3569.0,-0.9353297181305001
3570.0,-1.179722708217012
3571.0,-0.8334637948345599
3572.0,-0.9168720130269523
3573.0,-0.8625200542881217
3574.0,-0.9947114315626241
3575.0,-0.3884574716108834
3576.0,-1.18052040794956
3577.0,-0.4789702243303203
3578.0,-1.3372903137647012
3579.0,-1.1154467320919426
3580.0,-1.2505555074326749
3581.0,-0.8689607774601815
3582.0,-0.8369391993460016
3583.0,-0.9985585771227116
3584.0,-1.1570442832089913
3585.0,-0.9642625662053604
3586.0,-0.9648778972293214
3587.0,-1.382031757530464
3588.0,-1.0264485138590973
3589.0,-0.5787759925867413
3590.0,-0.8020327195404906
3591.0,-1.089031214296522
3592.0,-1.3552794274531454
3593.0,-0.7779405754465201
3594.0,-0.7596001706956956
3595.0,-1.2160865752410113
3596.0,-1.0552891588951256
3597.0,-1.0497785113775489
3598.0,-0.9683555103237429
3599.0,-1.018296134312172
3600.0,-1.1912737100042083
3601.0,-1.1451410824491417
3602.0,-0.5681162252280694
3603.0,-1.2020711818462877
3604.0,-0.8338467303152033
3605.0,-1.1755988186961732
3606.0,-0.9390909266532883
3607.0,-1.103741268508859
3608.0,-1.304484224268653
3609.0,-0.678932282716884
3610.0,-1.0442775389122574
3611.0,-1.2131193703501713
3612.0,-0.9097083921782959
3613.0,-0.9692565642097589
3614.0,-0.9965516536221994
3615.0,-0.5357448431305782
3616.0,-0.4980455543828217
3617.0,-1.226525802343172
3618.0,-1.0798103285986342
3619.0,-0.7171981163675641
3620.0,-1.1714298562500012
3621.0,-1.1220042067720541
3622.0,-0.6484804527740382
3623.0,-0.6066631145399501
3624.0,-1.3337588506122597
3625.0,-0.6836508538969138
3626.0,-0.7005162646901766
3627.0,-1.1694308939305624
3628.0,-1.4821754835559207
3629.0,-1.33602418040701
3630.0,-0.9255965220737887
3631.0,-0.5525882390867962
3632.0,-1.2715887748436487
3633.0,-1.0469456920353244
3634.0,-1.4814851194218086
3635.0,-1.2021426472843841
3636.0,-0.9880297415993315
3637.0,-0.9814119384423977
3638.0,-1.2379946964670723
3639.0,-1.5761265632546453
3640.0,-0.9680352888030115
3641.0,-1.330693272566756
3642.0,-1.227411869395764
3643.0,-0.5521638997616749
3644.0,-0.7803442660255964
3645.0,-1.143092672217539
3646.0,-1.326512124006734
3647.0,-1.2882785720321104
3648.0,-1.4148777771131664
3649.0,-0.6283560011778244
3650.0,-1.0113246011161539
3651.0,-0.932467531380856
3652.0,-0.7896138731389639
3653.0,-0.9234334713422755
3654.0,-1.115802846421564
3655.0,-0.7595005698412458
3656.0,-1.4217499189605414
3657.0,-0.5149279658786355
3658.0,-0.89779532516006
3659.0,-0.8972103784794799
3660.0,-0.7866640403931554
3661.0,-1.3106005784384005
3662.0,-0.8469638781538195
3663.0,-1.3962027508527144
3664.0,-1.0202166197252303
3665.0,-0.5440993888565684
3666.0,-0.7308124643342631
3667.0,-0.5860326934439565
3668.0,-0.7891062844504214
3669.0,-0.7823917406909074
3670.0,-0.8654134817327594
3671.0,-0.9684767540675386
3672.0,-0.6935815221041999
3673.0,-1.2836250464313892
3674.0,-0.6926488598866756
3675.0,-1.223926618980482
3676.0,-1.0258979266928954
3677.0,-0.8193309312523294
3678.0,-0.5692166644930807
3679.0,-1.2875553231385553
3680.0,-0.7787575917222956
3681.0,-0.43474055189816685
3682.0,-1.045199787683812
3683.0,-0.8444130302978006
3684.0,-0.7254339522202788
3685.0,-0.9151624512685093
3686.0,-1.4449859557816223
3687.0,-0.9529324358064927
3688.0,-1.121919292908847
3689.0,-1.2169452530290392
3690.0,-1.1536289298221056
3691.0,-1.5178158502937835
3692.0,-0.608424766466812
3693.0,-0.6830702556917784
3694.0,-0.9845089434993742
3695.0,-1.035248126585865
3696.0,-0.9956191544311562
3697.0,-0.973548460778156
3698.0,-0.7870490129315733
3699.0,-0.710415018829274
3700.0,-1.0970352564090997
3701.0,-0.9385232959420639
3702.0,-0.9685385291366927
3703.0,-0.7300459616323103
3704.0,-0.6283607905867576
3705.0,-1.3978366316097548
3706.0,-0.6543667879941075
3707.0,-1.0905546063956746
3708.0,-1.0956312969478819
3709.0,-1.1792215051777961
3710.0,-0.9002111625157283
3711.0,-0.763990979885864
3712.0,-1.078352365867181
3713.0,-1.0636973687445275
3714.0,-1.2453003766383155
3715.0,-1.2248522841504004
3716.0,-0.8021376351581657
3717.0,-0.7161440988172394
3718.0,-1.1376968436579427
3719.0,-1.223244195475599
3720.0,-0.643778000763189
3721.0,-0.6974901113799467
3722.0,-0.9044084836275601
3723.0,-0.8702943886215607
3724.0,-0.9850748679648638
3725.0,-1.146188067137092
3726.0,-0.9366130689087623
3727.0,-1.1681443325564735
3728.0,-0.8596725943006452
3729.0,-1.075373774257924
3730.0,-0.8672434418018603
3731.0,-1.3887389139176896
3732.0,-1.1675544155517474
3733.0,-0.7338008573980482
3734.0,-1.3696618220246384
3735.0,-0.8671998906180578
3736.0,-1.0597605899339482
3737.0,-0.6655147689083656
3738.0,-0.8504396813025346
3739.0,-0.9167298001661581
3740.0,-0.740389744750451
3741.0,-0.9593427815846847
3742.0,-1.0944983391041219
3743.0,-1.241485701429384
3744.0,-0.5483034460030283
3745.0,-1.0686738181479063
3746.0,-0.9846649696811965
3747.0,-1.1062223530545037
3748.0,-1.0162687840057536
3749.0,-1.055245474517549
3750.0,-1.1676141277258036
3751.0,-1.0886758400246808
3752.0,-0.9842734239498729
3753.0,-1.1966664552128135
3754.0,-1.2170860595955317
3755.0,-0.7240757123516703
3756.0,-0.9342694813268364
3757.0,-0.2411537723520596
3758.0,-0.6590537528416658
3759.0,-1.1388167378058633
3760.0,-0.7157009353634447
3761.0,-0.9374891378490356
3762.0,-1.2488394987674765
3763.0,-1.1160253745665367
3764.0,-0.9519435309967382
3765.0,-1.259914992783596
3766.0,-1.025527699920552
3767.0,-0.6040144767161113
3768.0,-0.853281956650908
3769.0,-0.8380487205335472
3770.0,-1.152043439884885
3771.0,-0.6706272440561483
3772.0,-1.1715160089289778
3773.0,-1.1116231306227158
3774.0,-1.109225452295184
3775.0,-0.9294514708918292
3776.0,-1.1345164133495418
3777.0,-1.184178044637535
3778.0,-0.5617394928508532
3779.0,-0.9667774174211974
3780.0,-1.0377817719679514
3781.0,-1.052836800198286
3782.0,-0.8579326010341658
3783.0,-1.1691272396380499
3784.0,-1.1068326927899326
3785.0,-1.0721840833321157
3786.0,-0.46816050692315214
3787.0,-0.7257150978487611
3788.0,-0.6153937635928854
3789.0,-0.9346299650788069
3790.0,-0.9085684601712625
3791.0,-1.5328252719831283
3792.0,-1.0420981579695754
3793.0,-0.7993158256772
3794.0,-1.2224975000976344
3795.0,-0.8963657534059886
3796.0,-1.0768177197685977
3797.0,-1.509924247263252
3798.0,-1.1583536889795079
3799.0,-1.047519067479193
3800.0,-0.8128027047038253
3801.0,-0.950773458598852
3802.0,-1.5141413547310818
3803.0,-1.0400385988690473
3804.0,-1.0428819206130464
3805.0,-0.49220839585568954
3806.0,-0.5722407429292005
3807.0,-0.4932061679894194
3808.0,-1.0542400815701702
3809.0,-0.9750953317428698
3810.0,-0.9873373152762634
3811.0,-0.8071387751561323
3812.0,-0.8004500133902114
3813.0,-0.9670340705507872
3814.0,-0.7481992948626746
3815.0,-0.7390149620646824
3816.0,-1.1993029101262245
3817.0,-0.9780423661902352
3818.0,-0.9507835718861279
3819.0,-1.3405615371968245
3820.0,-0.8909569190783735
3821.0,-1.154404801872678
3822.0,-0.9763788728356213
3823.0,-0.5323667953172353
3824.0,-1.047682005131888
3825.0,-0.5382413924244006
3826.0,-0.871787768770325
3827.0,-0.7387888434594865
3828.0,-0.6194498228217888
3829.0,-1.2864536077665885
3830.0,-1.000557453101875
3831.0,-0.5335497621516623
3832.0,-0.8400729402614858
3833.0,-0.8863241161656744
3834.0,-1.2205451598227077
3835.0,-0.8776725705991424
3836.0,-0.3756101717065805
3837.0,-0.5047628888182571
3838.0,-0.9950723492792575
3839.0,-1.0631303156694953
3840.0,-1.1759255786529281
3841.0,-1.2813428117380183
3842.0,-0.9122816123524295
3843.0,-1.0379523737663927
3844.0,-1.386234462735655
3845.0,-0.8763206449393472
3846.0,-0.7502336850809858
3847.0,-1.088089897162079
3848.0,-1.0549949702456811
3849.0,-1.0218049589153977
3850.0,-0.8458536033944775
3851.0,-1.2629047415329953
3852.0,-0.8309665334425459
3853.0,-0.978233772933264
3854.0,-1.086265873002834
3855.0,-0.5526953236902018
3856.0,-1.1924276250482688
3857.0,-0.8237606682648603
3858.0,-0.9506641366361492
3859.0,-0.7236439324940948
3860.0,-0.8895737366674451
3861.0,-1.0153811459196116
3862.0,-0.5783085845266369
3863.0,-1.3478082644998022
3864.0,-1.0031179916635897
3865.0,-1.2427163867955775
3866.0,-1.2806025105580605
3867.0,-1.0422279109902555
3868.0,-0.9199949999133857
3869.0,-1.1949183013633338
3870.0,-0.8516057950067246
3871.0,-0.34660941187100425
3872.0,-1.163658574369256
3873.0,-1.2755643427175642
3874.0,-1.136502522117094
3875.0,-1.0557412171460572
3876.0,-0.8133642322445781
3877.0,-0.6934103705928643
3878.0,-0.9659153786904022
3879.0,-0.7325727581379279
3880.0,-0.6675715935847982
3881.0,-0.9754025253241336
3882.0,-1.1737637591839918
3883.0,-1.0143016556403694
3884.0,-1.186536878474099
3885.0,-0.9010148804943013
3886.0,-0.8429928897234662
3887.0,-1.026370756657734
3888.0,-1.1808320561654828
3889.0,-1.2408024458895215
3890.0,-0.8119282325372612
3891.0,-0.7763270858047722
3892.0,-1.2803163610507586
3893.0,-1.0221096425982292
3894.0,-0.6905517057068831
3895.0,-1.4754744613602149
3896.0,-0.9229399954138399
3897.0,-0.5069438594376962
3898.0,-0.9397118151367979
3899.0,-1.1012439323091414
3900.0,-1.1653814720407623
3901.0,-1.1261687328056074
3902.0,-1.2143419902299917
3903.0,-0.8314415533773749
3904.0,-0.7941998333107501
3905.0,-1.1645121374248313
3906.0,-1.284531211297381
3907.0,-0.8479118056109103
3908.0,-1.15742808724167
3909.0,-0.9594597485392797
3910.0,-1.1879251536519613
3911.0,-0.8798864401607297
3912.0,-1.0199702790209846
3913.0,-1.349778493467167
3914.0,-0.7886552287735538
3915.0,-0.8133100492722904
3916.0,-1.4310541985304281
3917.0,-0.9630823186390396
3918.0,-0.8252054142808376
3919.0,-0.44842084755498524
3920.0,-0.6874226568321372
3921.0,-0.7998179367341884
3922.0,-0.7379537621343852
3923.0,-0.5300030792896308
3924.0,-1.0100747852140128
3925.0,-0.9505203014713304
3926.0,-0.9859628118743701
3927.0,-1.2329371946081957
3928.0,-0.9299139464756061
3929.0,-1.2116459716401142
3930.0,-1.2630528816464537
3931.0,-1.4286089562838362
3932.0,-1.0500630349016982
3933.0,-1.007795184740011
3934.0,-0.5547334327717306
3935.0,-0.9379180479975787
3936.0,-1.1551110311059276
3937.0,-0.9267069334654596
3938.0,-1.3371308016640155
3939.0,-0.9033812943574772
3940.0,-1.1731900547477416
3941.0,-0.6292901248449237
3942.0,-0.9246883845431781
3943.0,-1.0156814247070756
3944.0,-0.7439084025945755
3945.0,-0.640836220942214
3946.0,-1.172935108958686
3947.0,-0.9394148043952867
3948.0,-0.691305297580775
3949.0,-0.8729731493014861
3950.0,-1.1645516997678313
3951.0,-1.418418463863766
3952.0,-0.6905069003723199
3953.0,-1.110071875873408
3954.0,-1.1951593688586462
3955.0,-1.0151806259109664
3956.0,-0.6542042816122029
3957.0,-1.237903724082061
3958.0,-0.9381207056203118
3959.0,-0.9286286593237839
3960.0,-1.2313210953024079
3961.0,-0.8398418087723879
3962.0,-1.0361916003587668
3963.0,-1.2901712858005803
3964.0,-1.0452774283396786
3965.0,-0.5976055517281488
3966.0,-1.0291699008097295
3967.0,-0.7295504113356237
3968.0,-0.8374499033312728
3969.0,-1.3491757037822636
3970.0,-1.115081661387723
3971.0,-0.8789800235896307
3972.0,-0.8889012590296391
3973.0,-0.9596313379127701
3974.0,-1.2199396827919091
3975.0,-1.2037968890705364
3976.0,-1.0358689397553755
3977.0,-0.785300862106407
3978.0,-0.7987485281530615
3979.0,-0.976752179406983
3980.0,-1.3008839919907171
3981.0,-1.2161268543940151
3982.0,-0.6321289178018896
3983.0,-1.1815038772108992
3984.0,-1.4113430992664056
3985.0,-1.0327211460877321
3986.0,-1.2006407166092463
3987.0,-0.778937404303674
3988.0,-1.3655937965361449
3989.0,-1.3798979803579408
3990.0,-1.3590631782157032
3991.0,-1.103716494628963
3992.0,-0.9835728722936128
3993.0,-1.0741236945046218
3994.0,-0.8992990515781418
3995.0,-0.8821799946291654
3996.0,-1.0667445862584457
3997.0,-1.6193980278717766
3998.0,-0.3612099625352798
3999.0,-1.0953086345975478
4000.0,-0.7057652162532738
4001.0,-1.098335312256806
4002.0,-1.0407013478894307
4003.0,-1.089389005805944
4004.0,-1.2070695433323853
4005.0,-1.1664047973544218
4006.0,-0.548148066186003
4007.0,-0.5731374310523518
4008.0,-0.9086049264326981
4009.0,-1.0166440964933536
4010.0,-0.6112898247605972
4011.0,-1.0081451125543768
4012.0,-0.963076951403576
4013.0,-0.5333844626574563
4014.0,-1.140889536189912
4015.0,-1.123913348241476
4016.0,-0.8983216642202732
4017.0,-0.7094386391766285
4018.0,-0.8785718249583072
4019.0,-0.9082079114976425
4020.0,-1.2677135860876718
4021.0,-0.7456731698163255
4022.0,-0.9582664518887167
4023.0,-1.2032348339034897
4024.0,-0.6620391076601333
4025.0,-1.3987821908781406
4026.0,-1.1408146245696016
4027.0,-1.231838431064347
4028.0,-0.7040097758927988
4029.0,-0.9600027324464281
4030.0,-1.2598776966755585
4031.0,-0.691728093886482
4032.0,-0.8339210944169796
4033.0,-1.2093246128704096
4034.0,-1.143828173593852
4035.0,-1.0943224599272128
4036.0,-0.9383041646842905
4037.0,-0.6013568343121575
4038.0,-1.3381390133696733
4039.0,-0.48713372507149777
4040.0,-0.5039484204637483
4041.0,-1.2605721918316126
4042.0,-1.1224228193200925
4043.0,-1.1295999753421997
4044.0,-1.2727623890802766
4045.0,-1.1131473398950233
4046.0,-0.8901745990773162
4047.0,-1.097216485053414
4048.0,-0.5677140319460887
4049.0,-1.5079771210958406
4050.0,-1.183022554909927
4051.0,-1.1631663001010808
4052.0,-1.0251493749579843
4053.0,-0.8344310372327877
4054.0,-0.8743269407986534
4055.0,-0.7020767739643037
4056.0,-0.9851483501721551
4057.0,-1.0497442168212285
4058.0,-0.9302078995683473
4059.0,-0.796908313136273
4060.0,-0.8951423603914028
4061.0,-1.528401059080884
4062.0,-0.633545650067999
4063.0,-1.165373721891613
4064.0,-0.8424537535976228
4065.0,-1.1215970357284095
4066.0,-1.3727473224550648
4067.0,-0.933612178567676
4068.0,-1.5402364075874597
4069.0,-0.9005633451286319
4070.0,-0.9300481738468767
4071.0,-1.0309674137545384
4072.0,-0.7410418051583774
4073.0,-0.6731519474315761
4074.0,-1.2879851186225486
4075.0,-0.8409472928186809
4076.0,-0.8953101039062927
4077.0,-1.317285115591886
4078.0,-1.0018891782383301
4079.0,-0.9232974059108753
4080.0,-1.1556441057466287
4081.0,-1.035565726058054
4082.0,-1.045839263142219
4083.0,-1.217948836822267
4084.0,-0.8780609513349691
4085.0,-1.19013408981827
4086.0,-1.2899466812170353
4087.0,-0.9210638883938572
4088.0,-0.9671433504276888
4089.0,-0.817041530308009
4090.0,-0.9830759488060847
4091.0,-1.118310369155146
4092.0,-1.4180878076509902
4093.0,-1.39405872496448
4094.0,-0.748518822044749
4095.0,-1.101292771339811
4096.0,-0.99257559875235
4097.0,-0.5388305823449341
4098.0,-0.4336485414384703
4099.0,-0.8527028266082005
4100.0,-1.4313413034724143
4101.0,-1.3553671771039641
4102.0,-0.7449745223724922
4103.0,-1.0913632612333732
4104.0,-0.8154137509085649
4105.0,-1.452398975254866
4106.0,-1.2822919662577401
4107.0,-1.1636764235666315
4108.0,-0.8078804807602229
4109.0,-0.5796276272389275
4110.0,-1.6905325767744177
4111.0,-1.069854564146669
4112.0,-0.7401769840290667
4113.0,-0.8857167119433399
4114.0,-0.8819652682495966
4115.0,-1.177129733166844
4116.0,-1.0997254468774853
4117.0,-1.0793340651230905
4118.0,-1.3607310331976916
4119.0,-1.1833906580714089
4120.0,-0.6793136495495402
4121.0,-1.1800626976293884
4122.0,-1.2705678024295424
4123.0,-1.272150214187268
4124.0,-0.9537805588380044
4125.0,-0.9712516082565049
4126.0,-0.7789751547757029
4127.0,-0.7707701329470067
4128.0,-1.2763240827475046
4129.0,-0.8958667638020925
4130.0,-0.8936471094792319
4131.0,-0.9646584106784007
4132.0,-1.2742653466359621
4133.0,-0.9821396086790859
4134.0,-0.8130285359773943
4135.0,-0.9405369674376424
4136.0,-0.9093046176016772
4137.0,-0.861017157333286
4138.0,-0.8072831598045997
4139.0,-1.202057258622858
4140.0,-1.0962614997379494
4141.0,-0.749746409778868
4142.0,-1.0855964141804877
4143.0,-1.2610851985735032
4144.0,-1.0387048384710784
4145.0,-1.009074110123885
4146.0,-0.794741248202115
4147.0,-0.9413697455377532
4148.0,-0.7901194726906761
4149.0,-1.134308292844721
4150.0,-0.8283383688262499
4151.0,-1.2396593037621901
4152.0,-1.2587539531778484
4153.0,-0.6545879450889618
4154.0,-0.5553185803801601
4155.0,-0.8389377430536455
4156.0,-0.5625725574938675
4157.0,-1.0604553971937423
4158.0,-0.6492131705267064
4159.0,-0.9889102997094718
4160.0,-1.1525946099839324
4161.0,-0.9512219302379717
4162.0,-1.1307495738886693
4163.0,-1.363327489220921
4164.0,-0.98558701321869
4165.0,-1.0623459077461117
4166.0,-0.9271080812863182
4167.0,-0.7720062000151076
4168.0,-0.8174568685864768
4169.0,-1.424341128376695
4170.0,-0.6148033760736986
4171.0,-1.1288195748278445
4172.0,-1.0551103266719573
4173.0,-0.5358824745173953
4174.0,-1.2072263908208516
4175.0,-1.2291260157956403
4176.0,-1.1139862689743134
4177.0,-1.5992310132490908
4178.0,-0.8442174950180977
4179.0,-0.8308464411243885
4180.0,-1.1116605605185765
4181.0,-0.9362554220294865
4182.0,-1.0275172791224465
4183.0,-0.9642411781876228
4184.0,-1.3328679922401472
4185.0,-1.211171340065901
4186.0,-1.2055230148785756
4187.0,-0.7494000036742962
4188.0,-1.1194166116326896
4189.0,-0.8591194580966623
4190.0,-1.4376404231637547
4191.0,-1.0891667550165907
4192.0,-0.9710169685501018
4193.0,-1.1895899406334154
4194.0,-0.9052888706965926
4195.0,-0.6999960347570425
4196.0,-0.6735655568114605
4197.0,-0.7931137135609077
4198.0,-1.5263170138724695
4199.0,-0.8081396337083051
4200.0,-0.9158234791090345
4201.0,-1.4047080991671288
4202.0,-1.1437365882203179
4203.0,-1.001469105001861
4204.0,-0.8418263200531063
4205.0,-1.012999106983591
4206.0,-0.8073097525999847
4207.0,-1.008073815715546
4208.0,-0.9536012575323397
4209.0,-1.0696172172284875
4210.0,-0.8166798746581619
4211.0,-1.0853524640292993
4212.0,-0.6216800002194378
4213.0,-1.1038894584316228
4214.0,-1.2721054489501915
4215.0,-1.0992168502906923
4216.0,-1.0031952858386417
4217.0,-1.1398593141510163
4218.0,-0.8312990489790159
4219.0,-1.0069494133823418
4220.0,-1.3527877395622199
4221.0,-1.0714184938400706
4222.0,-0.9737351204037641
4223.0,-1.157897493151786
4224.0,-1.1995053632041803
4225.0,-1.237993614503748
4226.0,-1.1857040331674047
4227.0,-1.1810742381780022
4228.0,-1.0581282310347033
4229.0,-1.3300938807284592
4230.0,-0.9177105974054349
4231.0,-0.8171728613414324
4232.0,-1.2444007001718702
4233.0,-1.2236442970653838
4234.0,-1.0339035201208686
4235.0,-0.7528999602978874
4236.0,-0.6158736070384412
4237.0,-1.146546826222213
4238.0,-0.57946622697802
4239.0,-0.7730889219810227
4240.0,-1.1020577605843422
4241.0,-1.1074459332785063
4242.0,-1.3234625126709862
4243.0,-1.1095334166858015
4244.0,-0.6315275110251727
4245.0,-0.5736408609767404
4246.0,-0.7197951779419605
4247.0,-0.658414178790637
4248.0,-1.4559348395707956
4249.0,-0.9574211874144172
4250.0,-1.3934985738349916
4251.0,-0.6252581182127988
4252.0,-0.8772887975470953
4253.0,-0.904205419898102
4254.0,-0.6105185904850744
4255.0,-0.542097405071919
4256.0,-1.1463256395752717
4257.0,-0.3128743266980961
4258.0,-1.0841137550800288
4259.0,-1.0915102570509398
4260.0,-0.97873850975382
4261.0,-0.9702066191617027
4262.0,-0.983414268985885
4263.0,-0.957085178180799
4264.0,-0.9335175579444527
4265.0,-1.4357722707250218
4266.0,-0.9760433169282842
4267.0,-1.2893982799723926
4268.0,-1.071732573030258
4269.0,-1.0763263897638269
4270.0,-1.1499324299532572
4271.0,-1.304421518284759
4272.0,-0.9014557962729617
4273.0,-0.933705272795702
4274.0,-0.9164608984332091
4275.0,-0.7393791056538135
4276.0,-0.9753613876645026
4277.0,-0.7076468940479819
4278.0,-1.2787605084439169
4279.0,-1.5734972823703908
4280.0,-1.3937991454703473
4281.0,-1.457907625663785
4282.0,-1.186526213699459
4283.0,-1.3276851698941274
4284.0,-1.1416680987425865
4285.0,-0.8034636425896007
4286.0,-1.0374019846294367
4287.0,-1.0257432490123652
4288.0,-1.3061012181548333
4289.0,-0.5814640738127359
4290.0,-1.0627038159959596
4291.0,-1.3818669987627392
4292.0,-0.9753511162878474
4293.0,-1.062537881282748
4294.0,-0.985226559417756
4295.0,-1.1815004551117316
4296.0,-0.5799747950713174
4297.0,-1.048283297139084
4298.0,-1.1625250106033795
4299.0,-0.9515137986456469
4300.0,-1.0093041758603254
4301.0,-0.7086966502799985
4302.0,-1.3129689250239696
4303.0,-1.0166955258376555
4304.0,-1.0995056542190265
4305.0,-1.2787070268118081
4306.0,-0.7607171638255736
4307.0,-0.7635531122708629
4308.0,-1.215008940115863
4309.0,-1.1051978401701945
4310.0,-1.3317593913232582
4311.0,-0.6552791503682975
4312.0,-1.131436478813725
4313.0,-1.259791454451206
4314.0,-0.8013832184734929
4315.0,-1.290566647656211
4316.0,-0.7928569851978147
4317.0,-0.8701654014821434
4318.0,-1.0355629559296013
4319.0,-1.0426010610380714
4320.0,-1.4491400462127861
4321.0,-1.1484159068569149
4322.0,-0.761722542989808
4323.0,-0.6739584845340156
4324.0,-0.7604488805549232
4325.0,-0.7111011146278575
4326.0,-0.5629606624679961
4327.0,-0.8754981784739858
4328.0,-0.9643591698870141
4329.0,-1.0182907432558315
4330.0,-0.6656754779628302
4331.0,-1.1548856297307808
4332.0,-1.0275908162060383
4333.0,-1.019987465153773
4334.0,-1.0227348342175129
4335.0,-0.5350288888867893
4336.0,-1.0951425553570657
4337.0,-0.9344188705097264
4338.0,-1.0664863594396716
4339.0,-1.5058977031764174
4340.0,-0.5099102681782566
4341.0,-0.7377583896326029
4342.0,-0.5690053683935712
4343.0,-0.8273680870293977
4344.0,-0.7445153638752111
4345.0,-1.0215923291885014
4346.0,-0.8965827033922771
4347.0,-1.13997429187492
4348.0,-1.0423670439946415
4349.0,-0.8223283162923676
4350.0,-1.0679792732779667
4351.0,-1.2284013264526528
4352.0,-0.8623343665056324
4353.0,-0.9307074999214912
4354.0,-0.9757707377161406
4355.0,-1.1214785364122137
4356.0,-0.9338422772744867
4357.0,-1.1734532107026159
4358.0,-0.9428596367643909
4359.0,-1.1173659736778003
4360.0,-0.9691356444391671
4361.0,-1.1367775677793275
4362.0,-0.9240005482739129
4363.0,-0.6361265761529726
4364.0,-0.726435990619394
4365.0,-1.3526412143871922
4366.0,-1.0464137601498125
4367.0,-1.337817861121575
4368.0,-0.9395385955646457
4369.0,-0.7950671542354851
4370.0,-0.6219178745893161
4371.0,-1.0643684217927913
4372.0,-0.9264385007166633
4373.0,-1.3055806339788876
4374.0,-0.8509637181418891
4375.0,-1.1215411572559024
4376.0,-0.9155901771658668
4377.0,-0.8092018350456037
4378.0,-1.4744213327480702
4379.0,-1.0836071181555567
4380.0,-1.4208130734083828
4381.0,-1.1163454064349958
4382.0,-0.8989576377246656
4383.0,-0.9507276696306541
4384.0,-0.8383096830830266
4385.0,-1.1077035790277951
4386.0,-1.0355566226112534
4387.0,-0.9996494212693006
4388.0,-0.9315427461002186
4389.0,-0.6451676908940073
4390.0,-1.4454336745903154
4391.0,-0.830321965626658
4392.0,-0.9545462893365845
4393.0,-0.7684630355148815
4394.0,-1.4538327215503273
4395.0,-0.8788706130190816
4396.0,-1.351359679579084
4397.0,-0.9708078452303475
4398.0,-0.7607709387520081
4399.0,-0.9321379505658013
4400.0,-1.0270338123043055
4401.0,-0.9258268599813626
4402.0,-1.0447304919149145
4403.0,-0.5332031892099083
4404.0,-1.381072365881681
4405.0,-0.9074754549328107
4406.0,-1.0286041873510097
4407.0,-1.4305286885225028
4408.0,-0.7152666899214868
4409.0,-0.9242566304506181
4410.0,-1.3297262927469164
4411.0,-1.323891240101662
4412.0,-0.9493121745067399
4413.0,-0.7767838946402953
4414.0,-1.0736296376046521
4415.0,-0.662816302487947
4416.0,-1.0832104642910352
4417.0,-1.1427971992363548
4418.0,-1.0999000463199877
4419.0,-1.0978590820249021
4420.0,-0.9279029557975514
4421.0,-0.48138458605449796
4422.0,-0.9317947869319305
4423.0,-1.2026070009590608
4424.0,-1.2849214019402204
4425.0,-0.8036239872649064
4426.0,-0.995935962949809
4427.0,-0.8739698399734578
4428.0,-0.9253824093294305
4429.0,-0.8756823285637199
4430.0,-1.3134765098645353
4431.0,-0.713968813085144
4432.0,-1.071385600842709
4433.0,-1.4372556397304963
4434.0,-0.827572878834121
4435.0,-1.2639407205823185
4436.0,-1.227789812156574
4437.0,-1.210382247111525
4438.0,-0.48308196712039664
4439.0,-1.0857303687719904
4440.0,-0.8908907951210988
4441.0,-0.9416741529461785
4442.0,-1.1364596983172466
4443.0,-1.1843201799623955
4444.0,-0.8163206155515115
4445.0,-1.1214357662331322
4446.0,-1.214386516236627
4447.0,-1.1915217443468054
4448.0,-1.0277215201097694
4449.0,-1.0257449707779045
4450.0,-0.4907810463010711
4451.0,-1.301496888868292
4452.0,-1.2571813181478646
4453.0,-0.9897836340904826
4454.0,-1.3290376281387715
4455.0,-1.244903765348853
4456.0,-1.1639516728716472
4457.0,-1.0619192744736166
4458.0,-1.1718406864089106
4459.0,-1.1433306801857133
4460.0,-1.1864944708554466
4461.0,-1.0220726579808805
4462.0,-0.4884884014769141
4463.0,-0.9274950513304201
4464.0,-0.9934680985897192
4465.0,-0.7759651564760822
4466.0,-0.9755820422565682
4467.0,-0.45821007321765395
4468.0,-1.1561874696787526
4469.0,-0.6481097841027837
4470.0,-0.642704932690285
4471.0,-0.996426723152658
4472.0,-0.8952984872361957
4473.0,-1.0130121070537677
4474.0,-1.4021901117522337
4475.0,-1.470242410909943
4476.0,-1.1832884990352448
4477.0,-0.7712754761335157
4478.0,-0.6959284771146409
4479.0,-1.3630647419242656
4480.0,-1.0159141376940164
4481.0,-1.0725060412017884
4482.0,-0.9483839450763243
4483.0,-1.6647837830025853
4484.0,-1.3199527021697597
4485.0,-1.3835462117229609
4486.0,-1.2462217380082852
4487.0,-0.6329705731540689
4488.0,-0.8396367197128207
4489.0,-0.7957408594056563
4490.0,-1.1568217795775075
4491.0,-1.4744355909155433
4492.0,-0.9566823386286987
4493.0,-1.3660721885692813
4494.0,-0.6555793039982611
4495.0,-1.2369572146514112
4496.0,-1.1768789002845104
4497.0,-0.5860246201956099
4498.0,-1.0531301645924303
4499.0,-0.7012132380266958
4500.0,-1.1059580534099986
4501.0,-0.7351507265654321
4502.0,-0.950139501389486
4503.0,-0.8449687321810758
4504.0,-0.9778858568777359
4505.0,-1.0766281183507338
4506.0,-1.2599271882604843
4507.0,-0.9781343920274543
4508.0,-0.6829863231085007
4509.0,-0.7254681296918366
4510.0,-1.2225412799084627
4511.0,-1.153414036161158
4512.0,-0.769806708286878
4513.0,-0.8504765918740607
4514.0,-1.1521069776308905
4515.0,-1.2515346306808697
4516.0,-0.890955752851993
4517.0,-0.8612202415188277
4518.0,-1.0776330568757824
4519.0,-0.9430311025581801
4520.0,-1.0002803153867186
4521.0,-1.184955308036593
4522.0,-0.6620616717518822
4523.0,-1.192508110229846
4524.0,-0.9188988254877006
4525.0,-1.1693211886052755
4526.0,-0.8576386518096536
4527.0,-1.5107073159004991
4528.0,-1.5047914326903873
4529.0,-1.0966997993128056
4530.0,-1.0328293783380196
4531.0,-0.7732877773455582
4532.0,-0.9798158367337247
4533.0,-1.2176958604522006
4534.0,-1.308722873932413
4535.0,-1.030429665812896
4536.0,-0.9701202773888218
4537.0,-0.8889115689825112
4538.0,-0.4544953801072035
4539.0,-1.2328174613326717
4540.0,-0.5072111475304356
4541.0,-0.9684086377930445
4542.0,-0.8146015907219161
4543.0,-1.2335357252544628
4544.0,-1.171235354025036
4545.0,-0.950540708223909
4546.0,-0.9180983378172115
4547.0,-0.9168973925747079
4548.0,-0.8047502357907385
4549.0,-1.2505436270950692
4550.0,-1.078685226967051
4551.0,-1.0137460293562675
4552.0,-0.8674950091754228
4553.0,-1.2528556301770262
4554.0,-1.3685499906342729
4555.0,-1.2426391905502447
4556.0,-1.2500358271816523
4557.0,-0.8979523253482085
4558.0,-1.3861092234332604
4559.0,-1.351893609610907
4560.0,-1.4633412156181156
4561.0,-1.5042041593719506
4562.0,-0.9287127411454033
4563.0,-0.9353379773221309
4564.0,-0.8491084877314461
4565.0,-0.7987589355150176
4566.0,-1.6167555058924497
4567.0,-1.1010892235817686
4568.0,-1.014353918880506
4569.0,-0.9194823371014648
4570.0,-0.8368721574224289
4571.0,-1.0026094656951914
4572.0,-1.188293325139892
4573.0,-0.9768756283332246
4574.0,-1.0840911415278673
4575.0,-0.6866376535169031
4576.0,-0.5431663142615413
4577.0,-1.1058003647135302
4578.0,-1.1535287722252672
4579.0,-1.3092902667378044
4580.0,-0.8865063569976538
4581.0,-0.7744503077225064
4582.0,-0.8443441860233608
4583.0,-0.9160365200200083
4584.0,-0.7476209587770913
4585.0,-1.2096625442555815
4586.0,-1.0893753759988316
4587.0,-1.0261632176159075
4588.0,-1.0634313445027181
4589.0,-1.1682478670102754
4590.0,-1.2315942396322788
4591.0,-1.4560167953208518
4592.0,-1.3057969186514105
4593.0,-1.1110604939617983
4594.0,-1.216546842192018
4595.0,-0.7486964229157047
4596.0,-1.0816224336946865
4597.0,-0.5013992748255355
4598.0,-1.2017903281431919
4599.0,-1.4376169608092317
4600.0,-0.7017225699845171
4601.0,-1.0032094011275599
4602.0,-0.961159699748061
4603.0,-0.6619100978796135
4604.0,-1.4775804042534757
4605.0,-1.5606712771173603
4606.0,-0.8615851927029369
4607.0,-1.0298431657126277
4608.0,-0.5772835105670351
4609.0,-1.0052634117658101
4610.0,-0.9269943571894947
4611.0,-0.6346821420097548
4612.0,-0.8483440373346233
4613.0,-1.0344333595202377
4614.0,-1.017090082129562
4615.0,-1.3031223868670185
4616.0,-1.212530111777263
4617.0,-1.143635692581232
4618.0,-1.0009537299383806
4619.0,-0.9186736549429396
4620.0,-1.1874963078285785
4621.0,-0.5593246634326172
4622.0,-0.6724148646983443
4623.0,-0.721586971933387
4624.0,-0.968148226431452
4625.0,-0.49062676446823117
4626.0,-1.3264677566105496
4627.0,-0.4669940704117632
4628.0,-0.926714786249041
4629.0,-0.8118882932032038
4630.0,-0.6744014721360048
4631.0,-1.3865526831348207
4632.0,-0.8937490169407348
4633.0,-1.08595905224454
4634.0,-1.0971887167867391
4635.0,-1.3905847594125307
4636.0,-1.077308592236514
4637.0,-0.907532996697527
4638.0,-0.9624704735573245
4639.0,-0.9307656340336303
4640.0,-0.8215442465683644
4641.0,-1.2535007601660335
4642.0,-0.648483519723804
4643.0,-1.0955530943712264
4644.0,-0.9142292165614384
4645.0,-1.0821011607119557
4646.0,-1.2899285071043052
4647.0,-0.8554160651626422
4648.0,-0.6979754951715262
4649.0,-1.3082765161334682
4650.0,-0.669170812407005
4651.0,-0.7974842742504248
4652.0,-1.169963161436475
4653.0,-0.9467110850457379
4654.0,-0.9108562608543626
4655.0,-1.7637964913809525
4656.0,-1.0451720687295405
4657.0,-1.1448846124877607
4658.0,-0.8129635457877298
4659.0,-0.8807781403825926
4660.0,-0.8741600435704565
4661.0,-0.7371796833508817
4662.0,-0.5787098831684389
4663.0,-1.2619723920543304
4664.0,-0.6661888556714599
4665.0,-0.4703389840461303
4666.0,-0.739050153905334
4667.0,-1.1579769508355022
4668.0,-1.39012801112408
4669.0,-0.7868070756705757
4670.0,-1.0198501860644467
4671.0,-0.8525276138253365
4672.0,-0.9745496811498635
4673.0,-1.778840852436195
4674.0,-1.124679545221913
4675.0,-0.49401367965137133
4676.0,-1.2128720336140215
4677.0,-1.1789560085819106
4678.0,-0.7245162228728237
4679.0,-1.0138318226064842
4680.0,-1.2043528297026844
4681.0,-0.8643574233612162
4682.0,-0.5152429607112268
4683.0,-1.179862306437095
4684.0,-1.032609679325946
4685.0,-1.2914114717141592
4686.0,-1.0826914620466164
4687.0,-1.2581688759795355
4688.0,-0.4844265167107832
4689.0,-1.195154328719784
4690.0,-1.2852315240083279
4691.0,-1.1844700706119617
4692.0,-1.1313774828275374
4693.0,-1.2443330572809428
4694.0,-0.6331424958343363
4695.0,-0.9384570216290395
4696.0,-1.2897776740288545
4697.0,-0.8064286912042242
4698.0,-1.083135480092374
4699.0,-0.7940471915770646
4700.0,-0.8045103198883732
4701.0,-1.0573037203153017
4702.0,-0.5698558292071133
4703.0,-1.2165247298647766
4704.0,-1.3344675239299881
4705.0,-0.8013950808869065
4706.0,-1.0275047081141908
4707.0,-1.206767403360311
4708.0,-0.9784517940856148
4709.0,-0.8459264584180257
4710.0,-0.9483648796292131
4711.0,-0.9540663532558125
4712.0,-1.1242655628108214
4713.0,-0.8808727777311559
4714.0,-1.1292420395317602
4715.0,-0.8034740648795503
4716.0,-1.2811150907553825
4717.0,-1.2838795549323498
4718.0,-1.3424456682040466
4719.0,-0.9109726732728374
4720.0,-0.7728154999060693
4721.0,-0.9895783074061056
4722.0,-0.783622275188339
4723.0,-0.892448508216255
4724.0,-0.6899167678869422
4725.0,-0.6287383492335548
4726.0,-0.7683706062908403
4727.0,-1.241513345445323
4728.0,-1.2136970246768783
4729.0,-1.5224408675046013
4730.0,-0.9452885219964194
4731.0,-0.9516102418114512
4732.0,-1.1426996163610712
4733.0,-0.8797878438638238
4734.0,-1.115623626246405
4735.0,-1.2471666408133053
4736.0,-1.3995330404939321
4737.0,-1.3197379828086577
4738.0,-0.7236479691618635
4739.0,-1.1593592593536184
4740.0,-1.0092856918252116
4741.0,-1.1436198877773027
4742.0,-1.3824043657056841
4743.0,-1.326531126458015
4744.0,-0.9291149315432639
4745.0,-1.0466242070313612
4746.0,-1.0873739117980217
4747.0,-0.5840553735788353
4748.0,-0.6321932110725805
4749.0,-1.0629491658780554
4750.0,-0.4610284874733084
4751.0,-0.9878635634008104
4752.0,-1.006083881265442
4753.0,-0.977777376719755
4754.0,-0.9140171233777357
4755.0,-1.1596290535591336
4756.0,-1.0387801230079685
4757.0,-1.4752839411378291
4758.0,-1.1810056169603516
4759.0,-0.9200334173776832
4760.0,-1.0564753010002481
4761.0,-0.9687804751409155
4762.0,-0.7765875864995063
4763.0,-1.2610826871690541
4764.0,-0.8917600303815689
4765.0,-0.9982734308809826
4766.0,-1.2711940677734148
4767.0,-0.7432741563698688
4768.0,-0.9559799595366438
4769.0,-0.7955713096341721
4770.0,-0.9295323113835129
4771.0,-1.1945917419503165
4772.0,-0.511726979462929
4773.0,-1.2244521101306416
4774.0,-1.2180272767395792
4775.0,-0.9977900908885318
4776.0,-1.0080938946899507
4777.0,-1.047019694133406
4778.0,-0.6623911886099327
4779.0,-0.9604385639703005
4780.0,-1.0412768564775732
4781.0,-1.0583808837908473
4782.0,-1.4030941155822323
4783.0,-1.0573652689465738
4784.0,-0.843861772549346
4785.0,-0.9491147004058421
4786.0,-1.0561500227398326
4787.0,-1.2982347350756118
4788.0,-0.7247904028830923
4789.0,-0.4890044893926059
4790.0,-1.0101402907710433
4791.0,-0.7457389695530016
4792.0,-1.1737350658561725
4793.0,-1.3210215571134079
4794.0,-1.172499547331463
4795.0,-0.9827984232814142
4796.0,-1.244908231197821
4797.0,-0.9789983794881956
4798.0,-1.1444551528156208
4799.0,-1.345267990160302
4800.0,-0.6490782134321043
4801.0,-1.3781630216333218
4802.0,-0.8286547257793919
4803.0,-1.447982550951455
4804.0,-1.1056893397203762
4805.0,-0.8168351621729015
4806.0,-0.8404795158650806
4807.0,-1.0735259052456427
4808.0,-0.8129638098518088
4809.0,-1.417187272529446
4810.0,-1.3881176112627795
4811.0,-0.9268519090679366
4812.0,-0.6859348740343243
4813.0,-1.3296194872299845
4814.0,-0.9952965124155642
4815.0,-1.2024124021834723
4816.0,-1.0857072912596648
4817.0,-1.2155564561843692
4818.0,-1.3177670806008752
4819.0,-0.67084960381026
4820.0,-1.3824535884474682
4821.0,-0.7314806967160783
4822.0,-1.1838317629650297
4823.0,-1.080245144136565
4824.0,-0.8447886592815493
4825.0,-0.7799070872645878
4826.0,-0.9929825730703971
4827.0,-0.9653313520238572
4828.0,-1.024894170310878
4829.0,-1.1352658513674299
4830.0,-1.0482781192237454
4831.0,-1.1342619360365263
4832.0,-0.4701365513628124
4833.0,-0.9697315920735637
4834.0,-0.8823548975911473
4835.0,-0.6915224426977499
4836.0,-1.1885827526645094
4837.0,-0.8183244525021973
4838.0,-0.994182648774307
4839.0,-1.0426307451268924
4840.0,-1.2286276922149406
4841.0,-1.4074085297369967
4842.0,-1.4012773377173535
4843.0,-1.7823439434342476
4844.0,-0.8425690308756865
4845.0,-0.7761468918999723
4846.0,-1.0294504754069154
4847.0,-0.5821679975004039
4848.0,-1.3491379179645397
4849.0,-1.0441289877937938
4850.0,-1.1557766659080624
4851.0,-0.6922113916830676
4852.0,-0.6506501413396519
4853.0,-0.7815913915645848
4854.0,-0.8256567789688246
4855.0,-1.4647681909035624
4856.0,-0.9142890501724577
4857.0,-0.7827797236451017
4858.0,-0.7120145289656543
4859.0,-0.6911999555827517
4860.0,-1.064212149658902
4861.0,-1.1490205032367236
4862.0,-1.0093983371311623
4863.0,-0.659048263599349
4864.0,-0.971575934303926
4865.0,-1.0501915473418921
4866.0,-1.1615332858261271
4867.0,-0.989100237784727
4868.0,-1.275193357081394
4869.0,-1.2744215516329878
4870.0,-0.9687102688588001
4871.0,-0.7971801748826733
4872.0,-0.668164788517122
4873.0,-0.6308984744917132
4874.0,-0.8059693110676067
4875.0,-1.0288439480223763
4876.0,-0.750706843739342
4877.0,-0.9640612325979256
4878.0,-1.0978321335422292
4879.0,-1.023725591477626
4880.0,-1.059628207568593
4881.0,-0.9618005394932361
4882.0,-1.0392650242783126
4883.0,-1.0934162852715303
4884.0,-1.2921564271816437
4885.0,-0.6834167824009916
4886.0,-1.1927652721007465
4887.0,-0.7660704259640998
4888.0,-1.1469764965586924
4889.0,-0.9999083694084968
4890.0,-1.2112010701643172
4891.0,-1.4601912328084874
4892.0,-1.2290382452505093
4893.0,-1.5801973981573023
4894.0,-1.3312616965997288
4895.0,-0.9713522614622796
4896.0,-0.910356567545841
4897.0,-0.824310148156984
4898.0,-1.091976083743401
4899.0,-0.8069681298896543
4900.0,-0.7323811444313325
4901.0,-1.1433283246057444
4902.0,-1.0890815841806134
4903.0,-0.9200619947958882
4904.0,-1.1623213703284938
4905.0,-1.2490668743254307
4906.0,-1.271829490592963
4907.0,-0.789934998267772
4908.0,-1.4881635364191539
4909.0,-1.043716533258616
4910.0,-1.1562565536667477
4911.0,-0.7377622816888744
4912.0,-0.9746817683416518
4913.0,-0.854142818446134
4914.0,-1.0836321310838242
4915.0,-1.0556977419862994
4916.0,-0.9596412194176249
4917.0,-1.073271557408123
4918.0,-0.7916127026954293
4919.0,-1.3572510589444526
4920.0,-1.019158329238831
4921.0,-1.4183761510985538
4922.0,-0.9865243164278618
4923.0,-0.9399107960312303
4924.0,-1.2139736554087603
4925.0,-0.9255188504244516
4926.0,-1.0448237323995695
4927.0,-0.988600295325777
4928.0,-1.1037393718161779
4929.0,-0.9541455673579369
4930.0,-0.7129631713065343
4931.0,-0.8666367446060053
4932.0,-1.6009629066682414
4933.0,-1.0047250042611537
4934.0,-1.088888384801486
4935.0,-0.88225578603522
4936.0,-0.7117251549871141
4937.0,-0.8497100709473621
4938.0,-0.4085847933779778
4939.0,-0.9818347010466556
4940.0,-1.3781224789510538
4941.0,-1.6709501886668106
4942.0,-1.0373036854086175
4943.0,-1.0202564433106753
4944.0,-0.7401180540208623
4945.0,-1.2355179667189748
4946.0,-0.7673669693317401
4947.0,-0.7013623832217242
4948.0,-1.2067657749699918
4949.0,-0.6516322171525257
4950.0,-0.8156838484723011
4951.0,-1.2940977699355727
4952.0,-0.49800648920261925
4953.0,-0.862265204378297
4954.0,-0.8327003987598327
4955.0,-0.6487148661433365
4956.0,-0.7593138892440194
4957.0,-0.7568183633789826
4958.0,-0.7181366171843198
4959.0,-1.2947679856799987
4960.0,-0.8800559769108363
4961.0,-0.9872703396274164
4962.0,-0.9102720209293139
4963.0,-1.1461020947744676
4964.0,-1.462906050466763
4965.0,-0.851228158390769
4966.0,-1.3170381372174997
4967.0,-0.9038776045605226
4968.0,-1.2101751876947853
4969.0,-1.1297848535541295
4970.0,-0.833233770606895
4971.0,-0.7164252641899276
4972.0,-0.5933254782605344
4973.0,-1.0472808853483475
4974.0,-1.0149602900920718
4975.0,-1.0784895281087405
4976.0,-0.9365960373618668
4977.0,-1.1904105069360649
4978.0,-1.0898601810357118
4979.0,-0.950902802742288
4980.0,-0.9715716369214579
4981.0,-1.1032232831096942
4982.0,-0.9155376815300629
4983.0,-0.795853012541184
4984.0,-1.1792866352273608
4985.0,-1.0543693575512085
4986.0,-1.181373274272795
4987.0,-1.3866153535541696
4988.0,-0.9747253501854058
4989.0,-0.8692437041831677
4990.0,-0.8562611474636184
4991.0,-0.746996747846731
4992.0,-0.9848772874963331
4993.0,-1.1245852052999612
4994.0,-1.3658211127724968
4995.0,-0.8003890179887784
4996.0,-1.1193097542707748
4997.0,-0.8550948809702047
4998.0,-1.1313850440644855
4999.0,-0.879726555337426
5000.0,-0.7098563019872259
5001.0,-0.8083668671343763
5002.0,-0.8415849522201554
5003.0,-1.2369540662970961
5004.0,-0.35020507910589604
5005.0,-0.48790118088858736
5006.0,-0.7852199423660304
5007.0,-0.9962027740137255
5008.0,-0.7851573711117958
5009.0,-0.9613876975804881
5010.0,-0.8851389718482099
5011.0,-0.8406686348053553
5012.0,-1.7108069076922974
5013.0,-0.9513422119405343
5014.0,-0.6650995278671218
5015.0,-1.2178051937548666
5016.0,-0.9193371685442706
5017.0,-1.2899421796424528
5018.0,-1.0173231496228512
5019.0,-1.2631950008227473
5020.0,-1.0286450177818862
5021.0,-0.9021675548545809
5022.0,-0.9627656769880651
5023.0,-0.8346117801676057
5024.0,-1.116758739959734
5025.0,-0.5565369598572021
5026.0,-0.7004599904449886
5027.0,-1.1964052890700865
5028.0,-0.962043408977862
5029.0,-1.1996710991235722
5030.0,-0.9240144761831015
5031.0,-0.6484303861177588
5032.0,-0.5286423699807385
5033.0,-1.1602536137661479
5034.0,-1.1619832234789278
5035.0,-1.114080489381789
5036.0,-1.1391344829420909
5037.0,-0.9302119837946827
5038.0,-1.5110792074753499
5039.0,-1.053013846052019
5040.0,-0.9814345717473195
5041.0,-0.7733655464234219
5042.0,-1.1920288960528544
5043.0,-1.1137959128587074
5044.0,-0.5902869166051279
5045.0,-1.0947409860189576
5046.0,-0.7142900168759008
5047.0,-0.788134886486191
5048.0,-1.0247621491596361
5049.0,-1.0001845253412667
5050.0,-0.6308319733681715
5051.0,-0.6274350102265328
5052.0,-1.0852135967363437
5053.0,-1.2070623669095586
5054.0,-0.9246977389332954
5055.0,-1.083960809115469
5056.0,-1.0204487732627074
5057.0,-1.2528036170155739
5058.0,-1.3384554291159114
5059.0,-0.5593239592818425
5060.0,-1.0557056908567348
5061.0,-0.9607764111294381
5062.0,-0.7425537982176029
5063.0,-0.9717896695253133
5064.0,-0.8210533999249987
5065.0,-0.8799266718757996
5066.0,-0.8302653088780927
5067.0,-1.032886230029173
5068.0,-0.9922205074270242
5069.0,-0.8566320657784585
5070.0,-1.1232494763143874
5071.0,-1.1739724368621212
5072.0,-1.0851092058978804
5073.0,-1.020389516829663
5074.0,-1.1910681209974585
5075.0,-1.1866441724251944
5076.0,-1.1666368578291042
5077.0,-0.8282391324753433
5078.0,-0.8742402259040007
5079.0,-1.00696472531687
5080.0,-0.5027771123423477
5081.0,-1.3713525351378772
5082.0,-1.2394163250845345
5083.0,-1.174570072603818
5084.0,-1.34817711038773
5085.0,-1.0710820428963337
5086.0,-1.04639545535498
5087.0,-0.8925121560742028
5088.0,-1.5324463551678817
5089.0,-1.2364243491364366
5090.0,-0.4100441482953152
5091.0,-1.2736256182693437
5092.0,-0.6858037978646538
5093.0,-0.737935291634349
5094.0,-1.1124708760622528
5095.0,-0.656077040005768
5096.0,-1.1598045416540066
5097.0,-0.9961295372977073
5098.0,-1.2346860100504171
5099.0,-1.1190637982252563
5100.0,-0.43450097650302044
5101.0,-0.8659656025674576
5102.0,-0.9697911580534648
5103.0,-1.0976253900840787
5104.0,-0.3992278235165496
5105.0,-0.9953108632995465
5106.0,-1.0817315159547158
5107.0,-0.9168644741547605
5108.0,-0.9864149802356739
5109.0,-1.2867150693429874
5110.0,-0.814404895677596
5111.0,-0.6840462493128754
5112.0,-0.8161225854575616
5113.0,-0.7536479849716248
5114.0,-1.2412238351480203
5115.0,-1.5680487942292607
5116.0,-0.7961539408179757
5117.0,-0.7422342560733162
5118.0,-1.1522424214698632
5119.0,-0.9348707868004872
5120.0,-1.261777979328794
5121.0,-0.9120305938625637
5122.0,-0.7854107171361314
5123.0,-0.8054381426300252
5124.0,-1.3772297487780656
5125.0,-1.0310931525485678
5126.0,-0.9300956246027261
5127.0,-1.2008555570738895
5128.0,-0.839661052721116
5129.0,-0.8866956879165556
5130.0,-1.144618927164751
5131.0,-0.8264834173622202
5132.0,-0.5259857043284746
5133.0,-0.8293740156310994
5134.0,-0.6584554892622716
5135.0,-1.4239873640849823
5136.0,-1.1054896582930342
5137.0,-1.2672638464916988
5138.0,-0.6487426293949348
5139.0,-1.1638795167584268
5140.0,-0.7912585340774598
5141.0,-1.1925755192090297
5142.0,-0.6548786073358116
5143.0,-1.0278653162822389
5144.0,-0.5963573423543522
5145.0,-1.1754554661582257
5146.0,-1.3610686934508867
5147.0,-0.8840165592938708
5148.0,-1.1171139737228626
5149.0,-0.9151648145686172
5150.0,-0.8629530508727539
5151.0,-0.6308176919185245
5152.0,-0.9589742725481445
5153.0,-0.6456483799425142
5154.0,-0.641515296181316
5155.0,-0.9488040431613598
5156.0,-0.8058119060478304
5157.0,-1.4023900361433355
5158.0,-0.9475659188148742
5159.0,-1.2990080452976334
5160.0,-1.1120072184810372
5161.0,-0.6788369027625663
5162.0,-1.440461704923573
5163.0,-1.3125937527670597
5164.0,-1.1107375229333942
5165.0,-0.9675235318796948
5166.0,-1.158289027647107
5167.0,-1.3858726770551368
5168.0,-1.5309698268723353
5169.0,-0.8657260096911271
5170.0,-0.8585421813460545
5171.0,-0.9105473871987309
5172.0,-1.012319212405815
5173.0,-0.8739035813560706
5174.0,-1.1167815479689496
5175.0,-0.9380000896771183
5176.0,-1.0135516466079428
5177.0,-0.8999098009876225
5178.0,-0.8958971635306465
5179.0,-1.122746795802354
5180.0,-1.3184638236736395
5181.0,-1.0732907851823794
5182.0,-1.1547663408369457
5183.0,-0.9624173436894031
5184.0,-1.1835118082384222
5185.0,-0.863787226410609
5186.0,-1.4029491891746473
5187.0,-0.8031750362504296
5188.0,-0.5383342704783999
5189.0,-1.2877140421476359
5190.0,-0.7718046744693469
5191.0,-0.6978488673451129
5192.0,-1.3048762612807878
5193.0,-0.8590495057328532
5194.0,-1.1039936957047893
5195.0,-1.118530954543801
5196.0,-0.9917885856710652
5197.0,-0.8518801027984224
5198.0,-1.087408621453999
5199.0,-1.1469898857552827
5200.0,-0.7921670154646439
5201.0,-0.7284511972751626
5202.0,-1.1847661128427622
5203.0,-1.1117968176207993
5204.0,-0.9409632913887064
5205.0,-1.232236029818483
5206.0,-1.173386627012711
5207.0,-0.6502586070191363
5208.0,-0.6818710826791888
5209.0,-1.1478250893304234
5210.0,-1.2335664246950895
5211.0,-1.064201235786334
5212.0,-0.88089226675471
5213.0,-1.1303673368236216
5214.0,-1.50167532597716
5215.0,-1.0359592482498587
5216.0,-1.0842095844546227
5217.0,-1.0155993279777817
5218.0,-1.0666787361588552
5219.0,-1.2027283935695818
5220.0,-1.230801853916708
5221.0,-1.089144400006293
5222.0,-1.3291199288736402
5223.0,-0.7677996849579788
5224.0,-1.2716435317381083
5225.0,-0.6665621234480605
5226.0,-0.839328469624665
5227.0,-0.8341554674566367
5228.0,-1.0736790209506157
5229.0,-0.6634601887324163
5230.0,-0.7196106129154423
5231.0,-1.1537031970614717
5232.0,-0.8938263782673992
5233.0,-1.0105447042554887
5234.0,-0.7533190713496023
5235.0,-0.9971264960355397
5236.0,-1.3392696328946156
5237.0,-1.0444502391581931
5238.0,-0.9268850112377175
5239.0,-0.6698277062019508
5240.0,-1.0348266915848543
5241.0,-0.8895022059878811
5242.0,-1.272136823722764
5243.0,-1.3684417008707421
5244.0,-1.2610588634774553
5245.0,-0.7108061734288434
5246.0,-0.9363640491317545
5247.0,-0.7867518809607996
5248.0,-0.8690897111819573
5249.0,-1.023342390529209
5250.0,-0.9983572495996431
5251.0,-1.8196927643704404
5252.0,-1.1163429114297807
5253.0,-0.45846885896526235
5254.0,-1.077426271386093
5255.0,-0.7340045130232775
5256.0,-1.0403686324236874
5257.0,-0.8686627061539343
5258.0,-0.8383721492826599
5259.0,-1.0010853552494012
5260.0,-1.0139098112769005
5261.0,-0.9039891171505173
5262.0,-1.2396592496267211
5263.0,-0.8633110683641421
5264.0,-0.9497556577499211
5265.0,-0.9252812109471623
5266.0,-0.6639767674783945
5267.0,-1.1462980916527794
5268.0,-0.7319372041649801
5269.0,-0.7170772113445532
5270.0,-0.9034700670328644
5271.0,-1.0311797975777859
5272.0,-0.4562180174116015
5273.0,-0.9232405468394269
5274.0,-1.349409472736954
5275.0,-1.3569466345765457
5276.0,-0.6354876453785887
5277.0,-1.1918228529010824
5278.0,-0.753355814006739
5279.0,-0.6911715782272332
5280.0,-0.3753086328471573
5281.0,-0.6100943745235734
5282.0,-1.062692048457868
5283.0,-1.3336218680898277
5284.0,-0.8581612240298029
5285.0,-0.8424194533474044
5286.0,-0.7950421752803798
5287.0,-1.2329423039913108
5288.0,-0.9368815021650877
5289.0,-1.6446791467082018
5290.0,-0.864704996831935
5291.0,-1.1271189896318918
5292.0,-0.8138593139044459
5293.0,-0.6916993776170154
5294.0,-1.1237550343685605
5295.0,-0.8666217701615991
5296.0,-1.0634775942073658
5297.0,-1.4073468494914767
5298.0,-1.3396065487180868
5299.0,-1.0299364576363437
5300.0,-1.43723114159678
5301.0,-0.6024963691103574
5302.0,-0.9528662789969291
5303.0,-1.493140098318825
5304.0,-0.8379091920854832
5305.0,-1.3447307205195844
5306.0,-0.8585666401747672
5307.0,-0.7638754900520327
5308.0,-0.4148746477676547
5309.0,-0.458567345830614
5310.0,-0.6820500075817771
5311.0,-0.9933812402321411
5312.0,-0.7785592461766033
5313.0,-0.7204632066375223
5314.0,-1.1094296339678453
5315.0,-0.9601074007891206
5316.0,-1.417066302099238
5317.0,-1.3331204858558436
5318.0,-0.5909107359028073
5319.0,-0.8936014315058731
5320.0,-0.9576972812414529
5321.0,-1.2536395797712891
5322.0,-0.4013065231217995
5323.0,-0.9899257980284646
5324.0,-0.8173567547132642
5325.0,-1.2710233413310066
5326.0,-0.8103580074994476
5327.0,-0.663517649240384
5328.0,-1.1164731173422375
5329.0,-1.026431066250592
5330.0,-1.2683145657778714
5331.0,-0.7627231389108123
5332.0,-0.8950348314566637
5333.0,-1.2348695969386294
5334.0,-0.7641646306739399
5335.0,-1.1349954505378776
5336.0,-0.8738827985063128
5337.0,-0.5424816188592159
5338.0,-0.9293166146612963
5339.0,-1.0887310643249835
5340.0,-1.1001616024633492
5341.0,-1.2036227612913863
5342.0,-1.0072688167179238
5343.0,-1.3599386559444566
5344.0,-1.2076006315698247
5345.0,-1.1564841759301947
5346.0,-0.65952307397953
5347.0,-1.3349221770650335
5348.0,-1.4818780201336996
5349.0,-1.028118075911936
5350.0,-1.5105604571977889
5351.0,-1.1082372190567364
5352.0,-0.6083432552466924
5353.0,-0.9127048591492153
5354.0,-0.8371965363664616
5355.0,-0.8395836093864706
5356.0,-1.4288807068493927
5357.0,-0.8691330886287699
5358.0,-1.2714985061986432
5359.0,-1.085391417906503
5360.0,-0.8957094096725736
5361.0,-0.9199004288532492
5362.0,-0.9583179256017983
5363.0,-1.2100861766721323
5364.0,-0.9464741236914993
5365.0,-1.315794151305027
5366.0,-1.4979550883820965
5367.0,-0.6768760252227594
5368.0,-0.7766516553658419
5369.0,-0.8924828667698362
5370.0,-1.10770094749324
5371.0,-1.1475504918637585
5372.0,-0.8461099138738275
5373.0,-0.9209470694837661
5374.0,-0.694806942099388
5375.0,-1.1756661271033109
5376.0,-1.3209181155158096
5377.0,-1.0081268759567998
5378.0,-1.466756317066141
5379.0,-1.3014782841030557
5380.0,-1.058303560237197
5381.0,-1.151527642949603
5382.0,-0.8989365150477918
5383.0,-0.6686839740971866
5384.0,-1.0005680343542371
5385.0,-1.432853922453785
5386.0,-0.8880832632350042
5387.0,-0.8960202507530188
5388.0,-1.1709565553494885
5389.0,-1.1211589943976343
5390.0,-1.2509403961252277
5391.0,-1.390657366792843
5392.0,-0.8860691675538999
5393.0,-0.843904361840939
5394.0,-0.948776072666129
5395.0,-1.3239031062043214
5396.0,-1.10075998809449
5397.0,-1.5160569300812559
5398.0,-1.0155315589668923
5399.0,-1.2059406253130867
5400.0,-1.0780979748984683
5401.0,-0.7490605222479515
5402.0,-1.3756558471227822
5403.0,-0.9751086593727795
5404.0,-0.9957671802062589
5405.0,-1.1446563941298322
5406.0,-1.1424404165093736
5407.0,-1.178456861896958
5408.0,-0.953519891373872
5409.0,-0.6694071043457837
5410.0,-0.9615764939006183
5411.0,-1.4685105415348485
5412.0,-1.1560255503416617
5413.0,-0.9141787245396991
5414.0,-0.9097246264473239
5415.0,-1.2943346265299702
5416.0,-0.812766093756705
5417.0,-1.139715589883361
5418.0,-1.0823961937766025
5419.0,-1.0278172290885135
5420.0,-0.7391741084620747
5421.0,-0.8847436938493016
5422.0,-0.8910255283900348
5423.0,-0.37799053437191565
5424.0,-1.092018505990367
5425.0,-0.8104630267701743
5426.0,-1.1833559913874587
5427.0,-1.1803117293787881
5428.0,-1.5425385846691673
5429.0,-1.1238596793536544
5430.0,-1.2233471358875805
5431.0,-1.2412445611337006
5432.0,-1.2276198551930009
5433.0,-0.7187417041146542
5434.0,-1.067393954696159
5435.0,-0.9358061157653935
5436.0,-1.2239811298051149
5437.0,-1.1067297608792026
5438.0,-0.9941674330351521
5439.0,-0.7262374640092208
5440.0,-1.142240129347709
5441.0,-1.3633265760136402
5442.0,-0.8781190307944617
5443.0,-1.184952274403315
5444.0,-1.3598564517851393
5445.0,-1.3089494334300085
5446.0,-1.0548770326760497
5447.0,-1.2397079828742528
5448.0,-1.0071149351941575
5449.0,-0.5927271087710506
5450.0,-1.4820616716942088
5451.0,-1.2902501093308512
5452.0,-1.0788167784768945
5453.0,-0.8404494722210789
5454.0,-1.0868219122691032
5455.0,-1.1682692941697832
5456.0,-1.110607795146985
5457.0,-0.8003612867111325
5458.0,-1.2480166454381458
5459.0,-0.8531924770061714
5460.0,-1.0695393015486288
5461.0,-1.1600553853691162
5462.0,-0.7238338860887507
5463.0,-1.0461930174976701
5464.0,-0.13799095591443578
5465.0,-1.1895783091975016
5466.0,-1.0297025942306612
5467.0,-1.1516316888527613
5468.0,-0.8775449313785292
5469.0,-0.9837464218934249
5470.0,-0.8486674583805095
5471.0,-0.919393366757032
5472.0,-1.2067188569069711
5473.0,-1.0449112977570234
5474.0,-1.4134129484610973
5475.0,-1.041233972569321
5476.0,-0.8560247653274211
5477.0,-0.858245314468046
5478.0,-0.7175354839162186
5479.0,-1.1107197863021194
5480.0,-0.9197403528878672
5481.0,-1.161588168193373
5482.0,-0.9859013826198083
5483.0,-0.5005517256563519
5484.0,-0.6775410326131254
5485.0,-0.996333523119543
5486.0,-0.9636427478547659
5487.0,-0.802784430993422
5488.0,-0.9406253052041009
5489.0,-1.5784348130784096
5490.0,-0.615249744027116
5491.0,-0.6942285581301897
5492.0,-0.4359103256428083
5493.0,-0.9924995655539113
5494.0,-1.3232467120355442
5495.0,-0.8842819676930316
5496.0,-0.6580456217940642
5497.0,-0.9197844638225565
5498.0,-0.8793140540249714
5499.0,-1.307931465158968
5500.0,-0.6010465131954339
5501.0,-0.6537592002558312
5502.0,-1.341782993262259
5503.0,-0.8064685918947396
5504.0,-0.7009162177938812
5505.0,-0.9431136096590578
5506.0,-0.7615086368344235
5507.0,-0.6556973826166962
5508.0,-0.865860575736338
5509.0,-0.7858939786678538
5510.0,-1.0707415734319434
5511.0,-1.4106047414422296
5512.0,-0.7652846009434434
5513.0,-0.8081737732833192
5514.0,-0.8883043210943321
5515.0,-1.3527755716919332
5516.0,-1.0816062167810578
5517.0,-1.1250762095139915
5518.0,-1.3208229252676478
5519.0,-0.76373444234736
5520.0,-0.9382710302582571
5521.0,-0.824660848114648
5522.0,-0.9301649116446405
5523.0,-1.3177989684728002
5524.0,-1.2209727963487185
5525.0,-0.6750468853970277
5526.0,-1.3786052412385463
5527.0,-1.0409405139092154
5528.0,-0.923981805560396
5529.0,-1.2758056423590098
5530.0,-1.4267943443096016
5531.0,-1.1091469459885883
5532.0,-1.0778322509486413
5533.0,-0.7549004214548467
5534.0,-1.0321619735630425
5535.0,-0.9777812613716195
5536.0,-0.4274954641630617
5537.0,-1.5419507313170933
5538.0,-1.311487599221506
5539.0,-1.1581374054273115
5540.0,-0.8332332705192678
5541.0,-0.7176294983191529
5542.0,-0.9444686377986443
5543.0,-1.2687625544429584
5544.0,-0.9394844997680094
5545.0,-1.0994363111964092
5546.0,-0.7978230693181007
5547.0,-0.8750646788981806
5548.0,-0.9688310626163081
5549.0,-0.880460310309576
5550.0,-1.076551627681185
5551.0,-0.8173160875274554
5552.0,-0.9199038100998999
5553.0,-0.7966538207593706
5554.0,-1.0855379496450477
5555.0,-1.2957303411740928
5556.0,-1.0397853368301087
5557.0,-1.159789090932334
5558.0,-0.9752865901829553
5559.0,-0.856702116068279
5560.0,-0.4831149168583386
5561.0,-0.8472731141922206
5562.0,-1.3118113196837362
5563.0,-0.822491115340277
5564.0,-1.3466498769374025
5565.0,-1.6547472006946768
5566.0,-1.399355077996677
5567.0,-0.9728162871730891
5568.0,-0.8488854906504212
5569.0,-0.9265260525317316
5570.0,-0.6173945478114534
5571.0,-0.75908244973373
5572.0,-1.0545951077890425
5573.0,-0.8583516534808113
5574.0,-1.2604436150592844
5575.0,-0.8463838343255081
5576.0,-0.6321724684580657
5577.0,-0.7639967445835762
5578.0,-0.9215554641404982
5579.0,-0.7101777631804269
5580.0,-1.3297214425513664
5581.0,-0.9918187441868913
5582.0,-0.6545625072367023
5583.0,-1.0026811264839643
5584.0,-1.1684704665032248
5585.0,-1.1874250296293511
5586.0,-0.8965156534169667
5587.0,-1.0528422900135452
5588.0,-0.8964423062784761
5589.0,-1.0966238853371837
5590.0,-0.9796860203893838
5591.0,-1.3800217529710115
5592.0,-1.1443887150275855
5593.0,-1.104439858387823
5594.0,-1.1031205113692368
5595.0,-0.9124602355226901
5596.0,-0.9450307182133417
5597.0,-0.7808459539191388
5598.0,-0.9909306210197931
5599.0,-1.2846075510085575
5600.0,-1.0863181807768338
5601.0,-0.9309071170772655
5602.0,-1.175552957412056
5603.0,-0.8322044177046607
5604.0,-0.953755719947485
5605.0,-0.9896998673381776
5606.0,-0.5783544835835359
5607.0,-1.3459226840359486
5608.0,-0.9182520440891742
5609.0,-1.4776911294549304
5610.0,-0.6361808123914237
5611.0,-1.180548864347054
5612.0,-0.85479220085352
5613.0,-1.1613441096786583
5614.0,-1.0068730887284454
5615.0,-1.119798426370629
5616.0,-1.5670987160122163
5617.0,-1.3656894571252374
5618.0,-1.000883475670598
5619.0,-1.0381563864677232
5620.0,-0.4524375355495225
5621.0,-0.7144118438448901
5622.0,-0.8197520932767525
5623.0,-0.4327803010468675
5624.0,-1.0688555641666602
5625.0,-0.8034689032761726
5626.0,-0.5336730754056735
5627.0,-0.6958852146655701
5628.0,-0.5234871824494828
5629.0,-1.2592126556052952
5630.0,-1.5115097390239514
5631.0,-0.5946798087756529
5632.0,-1.0395472693669898
5633.0,-0.9278476615895265
5634.0,-0.9625681939361226
5635.0,-1.0355282228143599
5636.0,-1.3289945632472004
5637.0,-1.1134135636049864
5638.0,-0.7589059740156485
5639.0,-0.9797734758807517
5640.0,-1.3004815916011079
5641.0,-0.9133748335230286
5642.0,-1.2604201828009725
5643.0,-0.7519045132590163
5644.0,-1.228952554662754
5645.0,-0.9179522529383117
5646.0,-0.5698690313566998
5647.0,-0.7715901066820325
5648.0,-1.2509390738297872
5649.0,-1.0132184476502006
5650.0,-1.226435869360046
5651.0,-1.0770691496966323
5652.0,-1.1092909417052026
5653.0,-0.8222521752975965
5654.0,-0.9375166379328616
5655.0,-1.1140010941625174
5656.0,-0.640827188075589
5657.0,-0.6136639214346578
5658.0,-0.8674095485202007
5659.0,-1.0013008357004671
5660.0,-0.8585977332258077
5661.0,-1.0507553540243821
5662.0,-1.0800279654551745
5663.0,-0.7936901421322673
5664.0,-1.024803856097459
5665.0,-1.0045642574201015
5666.0,-0.6796896545927711
5667.0,-0.998387926202575
5668.0,-0.8546495052019544
5669.0,-1.0754030354874866
5670.0,-1.2949855296447776
5671.0,-0.8751598838940886
5672.0,-0.6968371723719374
5673.0,-0.7377431523915148
5674.0,-0.9611072310682749
5675.0,-1.2566507734611898
5676.0,-1.0596344534990696
5677.0,-0.7640068696263251
5678.0,-1.0456078592052784
5679.0,-1.2490219326183334
5680.0,-1.0528134410875538
5681.0,-0.7311710253102958
5682.0,-1.0876562383379182
5683.0,-1.5736013802484696
5684.0,-1.1426116616661688
5685.0,-0.3954223805612417
5686.0,-1.3662476733334648
5687.0,-0.9593719164762501
5688.0,-1.0602666387577468
5689.0,-0.9492063745870233
5690.0,-1.031316639859893
5691.0,-0.5997129373663667
5692.0,-1.0337878471362847
5693.0,-1.026297727022568
5694.0,-1.2369823599255414
5695.0,-0.8522599379070906
5696.0,-0.6526094434948042
5697.0,-1.3471897550175949
5698.0,-0.8802222811083779
5699.0,-0.613543863724998
5700.0,-0.9176598918102187
5701.0,-1.0966737728554863
5702.0,-0.9171940152179129
5703.0,-1.0290123230042474
5704.0,-0.970992217772554
5705.0,-0.48590404577330526
5706.0,-0.9765072834116069
5707.0,-0.9834797826279542
5708.0,-0.9656173297893477
5709.0,-0.9091223461821984
5710.0,-0.9186728914671989
5711.0,-1.5909245895393282
5712.0,-1.4422833493036509
5713.0,-0.9077443028405376
5714.0,-0.5553373631383727
5715.0,-1.1936143043529395
5716.0,-0.8494397136916233
5717.0,-0.8864399885135624
5718.0,-1.1252756984579997
5719.0,-1.106882997990437
5720.0,-1.4820664741085972
5721.0,-1.0290715290236139
5722.0,-1.1728003835533192
5723.0,-1.1499155530270793
5724.0,-1.1371808192020634
5725.0,-1.2847304961175146
5726.0,-0.7954056009690629
5727.0,-0.8661904307228349
5728.0,-1.3005474759969875
5729.0,-1.2384251983676604
5730.0,-1.0921535980068744
5731.0,-0.8225189200950629
5732.0,-1.1992964246854165
5733.0,-0.8928957047601362
5734.0,-0.9063548178030678
5735.0,-1.1751890208570386
5736.0,-1.0808346639167596
5737.0,-0.9138993625277471
5738.0,-0.9020553808288214
5739.0,-0.8727603980667574
5740.0,-1.1361857709721956
5741.0,-1.1254274702960527
5742.0,-1.1454876838567498
5743.0,-0.9296838701945929
5744.0,-0.7907109155636426
5745.0,-0.5298934701945046
5746.0,-0.9141576448525903
5747.0,-1.682225819442996
5748.0,-1.0945991484923459
5749.0,-0.9389727910557013
5750.0,-1.2014727884670768
5751.0,-0.6372255703619935
5752.0,-0.8152993418227703
5753.0,-1.1716009062544979
5754.0,-0.8491683838768816
5755.0,-1.1095366474154298
5756.0,-0.7628932569286002
5757.0,-1.0878475001045826
5758.0,-1.2252770983503354
5759.0,-1.0654096832305693
5760.0,-0.9976687397347358
5761.0,-1.2650585368946508
5762.0,-0.9936170214732972
5763.0,-0.998382202346902
5764.0,-1.2185942386813227
5765.0,-1.284103766156781
5766.0,-1.007062090200706
5767.0,-1.2351421498479367
5768.0,-1.259786631438984
5769.0,-0.8303352819601149
5770.0,-0.9626052784570844
5771.0,-0.5586020884920295
5772.0,-0.6500904416732065
5773.0,-1.590636427011555
5774.0,-0.6212442755121099
5775.0,-1.4361984672408497
5776.0,-0.9894210668396749
5777.0,-1.3242875202489774
5778.0,-1.0985464280796908
5779.0,-1.2631662701307589
5780.0,-0.8637376035561685
5781.0,-1.050950835308128
5782.0,-0.5128089378949705
5783.0,-0.9898066711941013
5784.0,-0.9767714547801202
5785.0,-0.6017923299064416
5786.0,-0.30307822580704435
5787.0,-1.1886121409409467
5788.0,-1.1408481136244961
5789.0,-0.7960927693641693
5790.0,-1.0883909086912988
5791.0,-0.9815203919104993
5792.0,-0.4907233694295099
5793.0,-1.125296321058195
5794.0,-0.7938853903993258
5795.0,-0.7254028822996417
5796.0,-1.234332178166032
5797.0,-0.8194472963861831
5798.0,-1.7502131274006207
5799.0,-1.0798143406878458
5800.0,-0.8715442394008829
5801.0,-1.7713377456376744
5802.0,-1.4005428280076309
5803.0,-0.8955840879689712
5804.0,-1.5021700836404468
5805.0,-1.2708234557061246
5806.0,-1.4659253809263768
5807.0,-0.9485618684803492
5808.0,-0.7394755699518716
5809.0,-1.27271980612418
5810.0,-1.3138141530716263
5811.0,-1.1150612130861828
5812.0,-0.3626550429817911
5813.0,-0.8758741686808358
5814.0,-0.9170161521776434
5815.0,-1.0625183837518253
5816.0,-0.938060837390945
5817.0,-1.0337683173085999
5818.0,-0.7305540083195372
5819.0,-0.8215623529571123
5820.0,-1.0172323619688295
5821.0,-0.7777736657560493
5822.0,-0.9339014532203973
5823.0,-0.6599035528586743
5824.0,-1.3341842928933678
5825.0,-0.8616251354961191
5826.0,-1.0351234962232914
5827.0,-0.6499549771590973
5828.0,-1.07964439348031
5829.0,-1.2220984671752433
5830.0,-1.0924805261706354
5831.0,-0.7205264069888742
5832.0,-1.1957144443680567
5833.0,-1.2681357213341595
5834.0,-1.02005276701774
5835.0,-0.9862895489647316
5836.0,-1.1251589855662048
5837.0,-0.6967380119810251
5838.0,-0.6500689988686886
5839.0,-0.9781079447517472
5840.0,-0.7949698816253915
5841.0,-1.2527169971999246
5842.0,-1.20371385703803
5843.0,-0.6360468806713091
5844.0,-1.474459256613411
5845.0,-0.7173862062868629
5846.0,-0.8972782190859898
5847.0,-1.1487096261987813
5848.0,-1.2234807102252003
5849.0,-0.7904565127687585
5850.0,-1.2373398704730765
5851.0,-1.0087286288243011
5852.0,-1.1518426107268973
5853.0,-1.3233197057929307
5854.0,-1.0665182906799735
5855.0,-0.9442663471631333
5856.0,-0.8482276609397661
5857.0,-0.9726050249122823
5858.0,-0.7101947996050777
5859.0,-0.4949190999227855
5860.0,-1.1188462547447127
5861.0,-1.4450156658467732
5862.0,-1.065059275682137
5863.0,-1.1896085311239457
5864.0,-1.50632636460714
5865.0,-1.199961634230472
5866.0,-1.179176212953587
5867.0,-0.8535195851620707
5868.0,-1.217422710199526
5869.0,-0.720778957148827
5870.0,-1.0949716411610582
5871.0,-1.170209692979673
5872.0,-1.0726055621761725
5873.0,-0.7045149580036669
5874.0,-0.8843964823175399
5875.0,-1.17580260380364
5876.0,-0.7880214631127288
5877.0,-1.3726833674595478
5878.0,-0.8736337925264903
5879.0,-0.7526452006222648
5880.0,-1.0249626262813876
5881.0,-0.3709753783121317
5882.0,-1.0795671045223996
5883.0,-1.023912795174722
5884.0,-1.1890603006488987
5885.0,-1.2012722418747297
5886.0,-0.994958842599424
5887.0,-1.2177125740024168
5888.0,-1.0819379249158545
5889.0,-0.890091759909325
5890.0,-1.1248760087941925
5891.0,-0.4409859738233729
5892.0,-1.2654044321129787
5893.0,-0.8766002750010111
5894.0,-1.4516077681181274
5895.0,-0.5126218605691957
5896.0,-1.6473538285336562
5897.0,-1.3104188022739036
5898.0,-1.391988755384962
5899.0,-0.9867007704552129
5900.0,-1.488848584956651
5901.0,-1.7663761693178985
5902.0,-1.1076213890043707
5903.0,-0.8270571715730582
5904.0,-0.9944357977529541
5905.0,-1.0445001443284625
5906.0,-1.049980178746857
5907.0,-0.7049177319169357
5908.0,-0.8165939868288805
5909.0,-1.1509779140884402
5910.0,-1.1276927437535296
5911.0,-1.2033060814185352
5912.0,-1.0048110041622855
5913.0,-1.154142558902849
5914.0,-1.0361466760243834
5915.0,-1.132128811076474
5916.0,-0.9281203565786222
5917.0,-0.9544930802079181
5918.0,-1.319083933043473
5919.0,-1.207751706448833
5920.0,-1.1746239390319404
5921.0,-0.8187352910300698
5922.0,-0.6862653838126296
5923.0,-0.812325352345428
5924.0,-0.30686145368571616
5925.0,-0.4195843458606533
5926.0,-1.1811848867114574
5927.0,-0.8221414009699284
5928.0,-1.3110595541454726
5929.0,-0.9318798244349151
5930.0,-1.1062079076292288
5931.0,-0.9476962333633918
5932.0,-1.0483771821171564
5933.0,-1.156065875574649
5934.0,-0.9958058825483472
5935.0,-1.364276629049355
5936.0,-1.3446606817458966
5937.0,-0.866502734620421
5938.0,-0.9142450101565116
5939.0,-0.70704018165623
5940.0,-0.9635112179211834
5941.0,-0.9783286244769185
5942.0,-1.0246011945927185
5943.0,-1.380585679280075
5944.0,-0.9624057669029635
5945.0,-0.9512200535633649
5946.0,-0.8613950105763629
5947.0,-1.398864799937184
5948.0,-1.276429714973903
5949.0,-0.974983159859801
5950.0,-1.1721045543387876
5951.0,-0.7949389610722546
5952.0,-0.9016644732244393
5953.0,-1.472516632274037
5954.0,-1.1032403585569759
5955.0,-1.0729641700559505
5956.0,-0.650786030999771
5957.0,-1.0940242570448178
5958.0,-1.291074868633545
5959.0,-0.6886574847875204
5960.0,-1.010075364458365
5961.0,-1.3402199114823836
5962.0,-0.11613996906049728
5963.0,-1.5001946250632727
5964.0,-1.124091861757962
5965.0,-1.0099228143670835
5966.0,-0.973494794401487
5967.0,-1.0145522379278162
5968.0,-1.2912209728794553
5969.0,-0.6626482765991653
5970.0,-0.9847580531491511
5971.0,-1.3015189291749585
5972.0,-1.0215305276771258
5973.0,-0.8502217139957207
5974.0,-1.0089392750436952
5975.0,-0.9229814603337424
5976.0,-0.4738558889032396
5977.0,-0.8759856743894198
5978.0,-0.7657110715916782
5979.0,-1.3427114775539788
5980.0,-1.3132418359084492
5981.0,-1.3074389292450437
5982.0,-0.6222096903541365
5983.0,-0.40249061060936964
5984.0,-1.1757746922577552
5985.0,-0.8708719701498869
5986.0,-0.6511695187402049
5987.0,-0.9986926471189345
5988.0,-1.3449116095736844
5989.0,-0.9739557899332811
5990.0,-0.9163894229384706
5991.0,-0.9505967072655718
5992.0,-1.0958466086913858
5993.0,-1.3471547976084286
5994.0,-1.0688063928898384
5995.0,-1.301586359362169
5996.0,-0.974612700451844
5997.0,-0.8703866258775387
5998.0,-0.6023854261798529
5999.0,-1.1531650753197555
6000.0,-0.9244603353465328
6001.0,-0.8008951056746582
6002.0,-0.5734700244968074
6003.0,-0.9752060231990405
6004.0,-0.5908949910067013
6005.0,-1.2128767349614864
6006.0,-0.6586426897894064
6007.0,-0.8240675996277603
6008.0,-0.7477385912642758
6009.0,-0.6919386703861605
6010.0,-0.8027230865512773
6011.0,-0.9334640537614041
6012.0,-1.2012181621848295
6013.0,-1.1500089164377423
6014.0,-1.2266198721465595
6015.0,-0.7926615210714602
6016.0,-0.8283178930061563
6017.0,-1.1996774361721787
6018.0,-1.465978195137039
6019.0,-0.7110382631635396
6020.0,-1.2066727135462423
6021.0,-1.0618261950101893
6022.0,-0.6355768749072883
6023.0,-1.2757729894121717
6024.0,-0.8934970244941768
6025.0,-0.4620745628155821
6026.0,-1.103034987070215
6027.0,-1.0069152097237415
6028.0,-0.7549762629812046
6029.0,-1.131557991236074
6030.0,-0.8340278100284252
6031.0,-0.712843486110913
6032.0,-0.919087376554493
6033.0,-1.6721928001644932
6034.0,-0.8505989133354381
6035.0,-0.9699840503703677
6036.0,-0.9191110659347813
6037.0,-0.8624224340593698
6038.0,-0.8910371150464323
6039.0,-0.5520774467488065
6040.0,-1.0397282186882355
6041.0,-0.9699132940986225
6042.0,-0.7392341438199757
6043.0,-1.2586028726029932
6044.0,-1.0179285258390594
6045.0,-1.1684850816046568
6046.0,-0.6261462136726004
6047.0,-0.9720969961456031
6048.0,-0.9013864929817319
6049.0,-1.1724003202968738
6050.0,-1.185247064006154
6051.0,-1.0583176903248195
6052.0,-0.927313202338824
6053.0,-1.4962307800214019
6054.0,-0.841527129010377
6055.0,-1.2029731046134513
6056.0,-0.9210674087329684
6057.0,-0.6440712338895939
6058.0,-1.0123140488175477
6059.0,-0.9272484406902404
6060.0,-1.2485882539552335
6061.0,-0.7058617640910574
6062.0,-0.8012704565199957
6063.0,-0.7737691922461816
6064.0,-1.0985753265066986
6065.0,-0.8899558589079197
6066.0,-1.1371075538569193
6067.0,-1.061403920561976
6068.0,-1.2905114983251906
6069.0,-1.1405815067684189
6070.0,-1.0669867817927734
6071.0,-0.5741722461220082
6072.0,-0.8451990461526181
6073.0,-1.5419222343286565
6074.0,-0.6407267315278549
6075.0,-0.9584150658209986
6076.0,-1.4858361951621553
6077.0,-0.6313172950891587
6078.0,-1.0554726952910314
6079.0,-0.904486063954764
6080.0,-1.3910430838477623
6081.0,-1.1928979207416066
6082.0,-0.9570037286945798
6083.0,-0.6403298168297706
6084.0,-1.013111494832401
6085.0,-1.2600375223476352
6086.0,-0.9963265319342266
6087.0,-0.809518177262039
6088.0,-0.849161651631709
6089.0,-0.8759052598444319
6090.0,-1.3327584356961513
6091.0,-1.0308416035990227
6092.0,-1.227487832025384
6093.0,-0.909601732282884
6094.0,-0.8818441417518846
6095.0,-1.062503713368789
6096.0,-1.199835541816967
6097.0,-1.244428404447814
6098.0,-0.8368494967773463
6099.0,-1.036302767804955
6100.0,-0.2790278686024463
6101.0,-1.2084629518724923
6102.0,-0.9543428565320681
6103.0,-0.9251036011482635
6104.0,-0.9001980242323404
6105.0,-1.6634663367701448
6106.0,-0.6228205681854532
6107.0,-1.0814563130738832
6108.0,-0.9436989770771685
6109.0,-1.2574871301880053
6110.0,-0.6199751654220349
6111.0,-0.7877681389766477
6112.0,-1.0503870153388997
6113.0,-0.7053759829522783
6114.0,-0.5437836799254318
6115.0,-1.2669817666877492
6116.0,-1.0558987580059285
6117.0,-1.2216849956315576
6118.0,-0.5878690246220946
6119.0,-0.8384402390246318
6120.0,-1.4188938941316924
6121.0,-0.637816000914063
6122.0,-1.0756585356036803
6123.0,-1.2643898204046558
6124.0,-0.7449639767377912
6125.0,-0.8365696497676713
6126.0,-0.8441685245933952
6127.0,-0.9455626637029046
6128.0,-1.071034076134517
6129.0,-0.8875880019171738
6130.0,-1.0619886370184684
6131.0,-0.6101942597884986
6132.0,-0.9784213518489684
6133.0,-0.8442152134151253
6134.0,-1.0085661560538177
6135.0,-1.047276411902034
6136.0,-1.2531163693625957
6137.0,-1.1915484933550125
6138.0,-0.941235549862971
6139.0,-1.091037500980692
6140.0,-1.6234113460856459
6141.0,-1.3276353950887967
6142.0,-0.9934265986661279
6143.0,-0.8434172890787346
6144.0,-1.3712691446118042
6145.0,-1.0317548564525332
6146.0,-1.1216554394424183
6147.0,-0.4879371732463833
6148.0,-0.923162932303859
6149.0,-0.5740121836677812
6150.0,-1.3286659497318571
6151.0,-0.9218815641638961
6152.0,-0.7103406463540239
6153.0,-0.8945105518914894
6154.0,-0.964328570575958
6155.0,-0.5996973125192078
6156.0,-1.1565927970786452
6157.0,-1.043956330866891
6158.0,-1.3429092746762836
6159.0,-1.0880863963072611
6160.0,-1.010982473874372
6161.0,-1.0823556351556365
6162.0,-1.4035731460118184
6163.0,-0.6530469895753228
6164.0,-1.2467439595358045
6165.0,-0.7255927066580095
6166.0,-0.899735799314831
6167.0,-0.8932771455577692
6168.0,-1.322871115021775
6169.0,-0.8112443785568504
6170.0,-1.5567965041167406
6171.0,-0.7096334437628947
6172.0,-0.7340394509796835
6173.0,-1.045300929752439
6174.0,-0.8243234024275443
6175.0,-0.6690969614431628
6176.0,-0.45185891153760893
6177.0,-1.447566474475326
6178.0,-1.5813592499305185
6179.0,-1.061466255197978
6180.0,-0.7256885481958482
6181.0,-0.9850765273762795
6182.0,-1.1507559195665862
6183.0,-0.8433309260555178
6184.0,-0.99859320977288
6185.0,-1.0019524054242808
6186.0,-1.0108752008413515
6187.0,-0.9307209683009201
6188.0,-0.8206602655124425
6189.0,-1.1869060193640761
6190.0,-0.9982761323503933
6191.0,-1.510599656821452
6192.0,-0.8885129358459523
6193.0,-0.7846764227627683
6194.0,-1.1212695939637467
6195.0,-0.6097297759973039
6196.0,-0.9609993715307519
6197.0,-0.7860328093852762
6198.0,-1.073474771820918
6199.0,-0.647215687421078
6200.0,-1.0893620045820895
6201.0,-1.1739832744589525
6202.0,-0.6849321765323619
6203.0,-0.5848192009337919
6204.0,-0.8766240611713576
6205.0,-0.9190389511657443
6206.0,-1.0366925931989928
6207.0,-1.2136492891340949
6208.0,-0.23849783977783656
6209.0,-1.0689048003013506
6210.0,-0.8800253430630536
6211.0,-0.9823450586359811
6212.0,-0.916296711513288
6213.0,-0.853497177271183
6214.0,-0.8591073396306077
6215.0,-1.3358223869160626
6216.0,-1.2864215530591667
6217.0,-1.1344544377692527
6218.0,-1.1337778018160887
6219.0,-1.1680719206930055
6220.0,-0.9848716416780648
6221.0,-1.02551913755222
6222.0,-0.5993772682659158
6223.0,-0.5539926794893331
6224.0,-1.0613707768358025
6225.0,-0.6216718882385412
6226.0,-0.6907146253293267
6227.0,-0.7821609113814787
6228.0,-0.8173131263097626
6229.0,-1.0079692406008873
6230.0,-1.1005619114265126
6231.0,-1.5441173451763675
6232.0,-0.6474813816787367
6233.0,-1.3056219626326473
6234.0,-0.6794944477682363
6235.0,-0.8330338123677818
6236.0,-1.1360313710103342
6237.0,-1.1100229544971216
6238.0,-1.1115826581246855
6239.0,-1.0241090088837452
6240.0,-1.0487598151507593
6241.0,-0.8745340748926763
6242.0,-0.8173312371758811
6243.0,-0.7222814408121185
6244.0,-1.2450236424976706
6245.0,-1.101726265251472
6246.0,-1.0606510704665781
6247.0,-1.0198797476324193
6248.0,-0.7394860413335467
6249.0,-0.656491660156792
6250.0,-0.8133218139742925
6251.0,-0.6230499464723813
6252.0,-0.86676341382862
6253.0,-0.8291216115456288
6254.0,-0.6961183958549988
6255.0,-1.0345789605686277
6256.0,-1.167382059826665
6257.0,-1.0672180277041536
6258.0,-1.2058775936803634
6259.0,-1.0087083069927416
6260.0,-0.7304462288531856
6261.0,-0.859652635345983
6262.0,-1.392176290019182
6263.0,-0.7716773421002702
6264.0,-0.8925323269725394
6265.0,-0.9655926966445169
6266.0,-1.1162649454975446
6267.0,-0.6900313634076858
6268.0,-1.2261404864888021
6269.0,-0.7409758814294237
6270.0,-1.149853883267108
6271.0,-1.0996813596499444
6272.0,-0.793324852052741
6273.0,-1.1678365194552143
6274.0,-0.8510462131523069
6275.0,-0.9260364810788826
6276.0,-1.0024169369928702
6277.0,-1.163203762231936
6278.0,-1.0325713123810951
6279.0,-1.0927369800480675
6280.0,-1.1616436530943277
6281.0,-0.5815653604289157
6282.0,-1.3942496860738438
6283.0,-1.4367998109319036
6284.0,-0.9940054078474874
6285.0,-0.8971431753397845
6286.0,-0.830104944005889
6287.0,-0.9770325552715142
6288.0,-1.0623610178922775
6289.0,-0.6785678587975537
6290.0,-0.997332837695734
6291.0,-0.7047550584750946
6292.0,-0.9953340481200864
6293.0,-1.0225800495971158
6294.0,-1.2379573505630779
6295.0,-1.1947034941278223
6296.0,-0.6974200868071665
6297.0,-1.3474859525070015
6298.0,-0.6365960346003868
6299.0,-0.913308096869446
6300.0,-0.8476247041030698
6301.0,-0.5545574529280389
6302.0,-1.0454654308545945
6303.0,-0.8577300937464877
6304.0,-0.9196344034251555
6305.0,-0.9920274476696652
6306.0,-0.934151970328762
6307.0,-1.060714920755098
6308.0,-1.116586234554089
6309.0,-1.1760459539235402
6310.0,-1.1036198232157808
6311.0,-0.9010952466572891
6312.0,-0.9900596702957052
6313.0,-0.8033490799282353
6314.0,-1.0652358170294818
6315.0,-0.9243990342732401
6316.0,-0.9528672536539137
6317.0,-0.8238871344089186
6318.0,-1.3434152294687842
6319.0,-0.6614568386230031
6320.0,-0.8915633454651932
6321.0,-0.8177796956949845
6322.0,-0.9207734880593637
6323.0,-1.3964015138941923
6324.0,-0.887915702121558
6325.0,-0.8053111142676928
6326.0,-1.2870230235073974
6327.0,-1.4304999567437946
6328.0,-0.8490277006541129
6329.0,-1.366769169454973
6330.0,-1.0586425555243424
6331.0,-0.8615235396058023
6332.0,-1.2326484878089543
6333.0,-1.1239446718127692
6334.0,-1.0928727936079043
6335.0,-0.7413329861234231
6336.0,-0.9026871270483289
6337.0,-0.5698219391346465
6338.0,-1.1340640877910317
6339.0,-0.8990304430089332
6340.0,-1.0696160146527343
6341.0,-0.7200245858004495
6342.0,-1.328384923306259
6343.0,-0.9197351354557112
6344.0,-0.7893009063585077
6345.0,-0.950169907516022
6346.0,-0.8454604145937652
6347.0,-1.0066332941359255
6348.0,-0.9093187670617541
6349.0,-1.1565486797358344
6350.0,-1.2052810852259246
6351.0,-0.5545898829566218
6352.0,-1.1057612066305373
6353.0,-1.2174773443768228
6354.0,-0.7158933952205416
6355.0,-0.8799702282713499
6356.0,-0.8933848617981527
6357.0,-1.0565103595436336
6358.0,-1.1767941020684984
6359.0,-0.7032149186821376
6360.0,-0.6269110543897168
6361.0,-0.9567371940442739
6362.0,-0.8728531288941346
6363.0,-1.226551774081691
6364.0,-1.0684382934808265
6365.0,-0.7771388250421587
6366.0,-1.452589558008461
6367.0,-0.8106565769778702
6368.0,-0.9027776445301823
6369.0,-1.2524226890165648
6370.0,-1.1442413197994217
6371.0,-1.2623895717895997
6372.0,-0.9742544449864751
6373.0,-0.9226312359250344
6374.0,-1.342035076021261
6375.0,-1.0095245942736961
6376.0,-0.8422944306019474
6377.0,-0.9822689638828
6378.0,-1.2582916496567573
6379.0,-0.7565374981254305
6380.0,-0.6711141313843861
6381.0,-1.0426387257243375
6382.0,-0.9082772955402413
6383.0,-1.2652466241227271
6384.0,-0.8230567721523693
6385.0,-1.1055187737739507
6386.0,-0.5347419120818994
6387.0,-1.489570538172614
6388.0,-1.2960272996338054
6389.0,-0.3594558925460055
6390.0,-1.2267108052912195
6391.0,-1.2223733314049128
6392.0,-0.8783670455854943
6393.0,-1.1202289889755652
6394.0,-1.1691766635326641
6395.0,-0.7335247587846212
6396.0,-0.9575716197719912
6397.0,-1.2314992419548836
6398.0,-0.8631622857949681
6399.0,-0.8939000827462081
6400.0,-1.400650947895353
6401.0,-1.2305853856857736
6402.0,-1.3069667068064448
6403.0,-0.36027033871963887
6404.0,-0.8988571332315968
6405.0,-1.0550447039906035
6406.0,-1.1321610182982838
6407.0,-1.1799858999787431
6408.0,-1.568021610345471
6409.0,-1.0896660763773451
6410.0,-0.9706595292081712
6411.0,-0.9689360042741189
6412.0,-1.1804818243491706
6413.0,-0.6758947901831386
6414.0,-1.2163535361359097
6415.0,-0.6434944593000869
6416.0,-0.8794716751147147
6417.0,-0.870580507073648
6418.0,-0.9280724402496138
6419.0,-0.772328704756041
6420.0,-1.053054664066109
6421.0,-1.2327156044019802
6422.0,-0.944740046714149
6423.0,-1.1662538253566572
6424.0,-1.0962024422202696
6425.0,-0.9096410076811674
6426.0,-0.8225079268535672
6427.0,-0.8155549644596252
6428.0,-0.9753157230326167
6429.0,-1.2729808546273993
6430.0,-1.0417654583020812
6431.0,-0.7145494043496579
6432.0,-1.1221819392312724
6433.0,-1.119324642237824
6434.0,-0.8116118092942091
6435.0,-1.092861768954579
6436.0,-1.2642296005302485
6437.0,-0.9006747683151968
6438.0,-1.1837475941900952
6439.0,-1.4493491127926674
6440.0,-1.2508278732214533
6441.0,-0.8692010926250178
6442.0,-0.7050489815992077
6443.0,-1.0775746272033753
6444.0,-1.4355621856204848
6445.0,-1.008158758401835
6446.0,-1.1092639258094799
6447.0,-1.206589178323038
6448.0,-1.311332972827205
6449.0,-1.1814352419905025
6450.0,-1.0658720508559094
6451.0,-0.8099591047953545
6452.0,-1.1682759450558986
6453.0,-1.0885857405712107
6454.0,-1.0579776716636504
6455.0,-0.9845078738159836
6456.0,-1.2265379173060613
6457.0,-0.8415975670937678
6458.0,-1.000175320534825
6459.0,-1.040248432990267
6460.0,-1.187091862369822
6461.0,-0.8676369347533811
6462.0,-0.8846944821264652
6463.0,-0.9598250696409326
6464.0,-1.1739932882737774
6465.0,-1.3191706653029178
6466.0,-0.6790505611187184
6467.0,-1.2790647738105552
6468.0,-0.9380065483984813
6469.0,-1.1961148855542039
6470.0,-1.0255809110054646
6471.0,-0.9428241747929841
6472.0,-0.7940698087009164
6473.0,-1.0590093610127063
6474.0,-1.0974488529064943
6475.0,-1.062168152705322
6476.0,-1.3776880693372784
6477.0,-0.9499055225795259
6478.0,-1.3235993175524925
6479.0,-1.0636207313784452
6480.0,-1.0600870264197533
6481.0,-0.7846385845439133
6482.0,-1.003317550937978
6483.0,-0.7093725957128126
6484.0,-1.3180511470392773
6485.0,-1.2986012311233917
6486.0,-1.4710372932764557
6487.0,-1.1254037774435681
6488.0,-1.0132775013765696
6489.0,-1.2897838856367958
6490.0,-1.036659560888839
6491.0,-1.2593788597714233
6492.0,-0.9557393824925282
6493.0,-0.9145503787940005
6494.0,-0.899568535628593
6495.0,-1.3121966717442306
6496.0,-0.9459529127711869
6497.0,-0.742768601270129
6498.0,-1.3167677019092356
6499.0,-0.8689466654101758
6500.0,-1.0194522606033865
6501.0,-0.4007528525985615
6502.0,-1.0626514805061997
6503.0,-0.9592894649852025
6504.0,-1.0043351989550766
6505.0,-0.5638772552675615
6506.0,-1.1009256497423765
6507.0,-1.2668477873872754
6508.0,-1.0421540120564556
6509.0,-0.8442427141730737
6510.0,-1.0237769401408574
6511.0,-1.241250973747553
6512.0,-0.995258483344706
6513.0,-1.3299138487093896
6514.0,-1.163218404541251
6515.0,-0.8145834482628117
6516.0,-0.6907362239116994
6517.0,-0.9711985501648712
6518.0,-1.217628728956566
6519.0,-1.1131129949937129
6520.0,-1.4005125362633557
6521.0,-1.2572371757245826
6522.0,-0.9041270800045529
6523.0,-0.7881230578356685
6524.0,-0.7023660451510738
6525.0,-1.4820247799921302
6526.0,-0.9207298642558327
6527.0,-0.6057474593630693
6528.0,-0.9326862307434346
6529.0,-1.1209649724400443
6530.0,-0.8140038218624921
6531.0,-1.0309645777389516
6532.0,-1.14608400687719
6533.0,-0.9504950351892987
6534.0,-1.2527071389304911
6535.0,-1.2526882564117536
6536.0,-0.28002863650432974
6537.0,-0.9019472509846972
6538.0,-1.194283609028092
6539.0,-1.1696796096577637
6540.0,-1.1942917484396194
6541.0,-0.645687813026848
6542.0,-0.5557352046095747
6543.0,-1.4398967996515237
6544.0,-1.0752972103173781
6545.0,-1.7303751470188806
6546.0,-1.1735084478881346
6547.0,-1.340899431526407
6548.0,-0.9264641955778117
6549.0,-0.8779773366478897
6550.0,-1.0626864215527658
6551.0,-0.9660725576839699
6552.0,-0.7720529895680812
6553.0,-1.2303306243230026
6554.0,-1.044271281092444
6555.0,-0.8366139665121648
6556.0,-0.7899623661919983
6557.0,-1.3861092207925834
6558.0,-1.0144996930705146
6559.0,-0.6807651815049042
6560.0,-0.7131786807509004
6561.0,-0.7876585506558798
6562.0,-1.2302169330707164
6563.0,-1.096229250598134
6564.0,-0.1792876756337346
6565.0,-0.977222563986777
6566.0,-1.231978013541227
6567.0,-1.1636758116098196
6568.0,-0.8170618255100598
6569.0,-1.3501357271840289
6570.0,-0.6978387580383065
6571.0,-1.2485002404286087
6572.0,-1.153506341157449
6573.0,-0.5105987699694996
6574.0,-0.6991431105532285
6575.0,-1.1095590502150767
6576.0,-0.8993081846385136
6577.0,-0.9026752968776326
6578.0,-0.8164795752218372
6579.0,-0.993574912509378
6580.0,-0.6832854146788845
6581.0,-0.782509605628085
6582.0,-0.6049568821953721
6583.0,-0.6195573998875646
6584.0,-1.024791233294805
6585.0,-0.8440100782024627
6586.0,-1.2215122497580198
6587.0,-1.0534766880334436
6588.0,-0.9612508138421265
6589.0,-0.7411810902310608
6590.0,-0.9305642562614767
6591.0,-0.7321245663745763
6592.0,-0.7175650453156843
6593.0,-0.895985777540927
6594.0,-1.1437462200865447
6595.0,-0.6690627872180328
6596.0,-0.7497138766097076
6597.0,-0.6283678859121333
6598.0,-1.2773696194006905
6599.0,-1.0975943465466138
6600.0,-1.0836867539991286
6601.0,-0.7385003443811027
6602.0,-1.1116585687417435
6603.0,-1.0078661992601532
6604.0,-0.9732458695773103
6605.0,-1.0491637981108317
6606.0,-0.9694213493622214
6607.0,-1.2389875506362835
6608.0,-1.0745060154215675
6609.0,-0.9649886169309526
6610.0,-0.9850444978803029
6611.0,-1.0926544598136152
6612.0,-1.123324678235106
6613.0,-1.204841494441855
6614.0,-0.8550409900768446
6615.0,-0.6209261459976283
6616.0,-0.7713762375772553
6617.0,-1.579070346059328
6618.0,-1.050238643280448
6619.0,-0.977520915319077
6620.0,-0.8770930437515934
6621.0,-1.0245601511117077
6622.0,-0.7685218346935724
6623.0,-0.9458167641878826
6624.0,-0.8226396729198513
6625.0,-0.5219012241872116
6626.0,-1.0395289880397958
6627.0,-0.7432773867829101
6628.0,-1.117733574930999
6629.0,-1.1013954242381252
6630.0,-1.0089437529557446
6631.0,-0.9299000287519192
6632.0,-0.640265497914061
6633.0,-0.8648959160505152
6634.0,-0.9039046714209198
6635.0,-0.6220019889583193
6636.0,-1.4677375520685207
6637.0,-0.9658699173135172
6638.0,-0.861786222374986
6639.0,-0.7906927766696769
6640.0,-0.6358227681549589
6641.0,-0.762023511864393
6642.0,-0.8235310800950553
6643.0,-1.124649004970538
6644.0,-1.2631364011878345
6645.0,-1.3441346177901659
6646.0,-0.9543303205268088
6647.0,-0.8101380271359381
6648.0,-1.0873030336423155
6649.0,-0.9332019028006522
6650.0,-1.1650358624087
6651.0,-1.0225236390724584
6652.0,-1.2100078956121405
6653.0,-1.012881914197247
6654.0,-1.508321999148589
6655.0,-0.7654101926868312
6656.0,-0.8751022825590676
6657.0,-1.4857667118612397
6658.0,-0.8372949482795398
6659.0,-1.5714292916169472
6660.0,-1.2008359149444998
6661.0,-1.2730896229216153
6662.0,-1.0458989030348773
6663.0,-1.2634984289871798
6664.0,-1.1745816271532659
6665.0,-0.7184759154589837
6666.0,-0.9324129449342493
6667.0,-0.5913854011323709
6668.0,-0.7061637869123435
6669.0,-1.0370568554309942
6670.0,-1.4375311567749667
6671.0,-1.4461589905232726
6672.0,-1.218747650248731
6673.0,-0.9261685673705292
6674.0,-1.1873737164085736
6675.0,-1.5103242800702428
6676.0,-1.1130072956524455
6677.0,-1.0930776155407655
6678.0,-0.9144218975248855
6679.0,-1.452044659829948
6680.0,-1.0365890059765976
6681.0,-0.8922664216911993
6682.0,-1.1045002252402893
6683.0,-0.9414069967839138
6684.0,-0.9963423330058688
6685.0,-0.9977595504652164
6686.0,-1.3040644233937624
6687.0,-0.9841457430566187
6688.0,-1.2103011919880768
6689.0,-1.1440178187530519
6690.0,-0.7947468376657967
6691.0,-0.8630546701584069
6692.0,-1.0822257454884445
6693.0,-1.324762511618479
6694.0,-1.0258492574093063
6695.0,-0.9305065562976906
6696.0,-1.6884097122678736
6697.0,-1.2026355037459362
6698.0,-1.090996678444529
6699.0,-0.8121021706277405
6700.0,-0.9972075984266197
6701.0,-0.8283526384471536
6702.0,-1.0847057728009482
6703.0,-1.018001090751471
6704.0,-1.0526684472027872
6705.0,-1.1831336209350929
6706.0,-0.9070910364703746
6707.0,-1.1429682700508883
6708.0,-0.9976561768335539
6709.0,-0.6939011085640954
6710.0,-0.9861983240478969
6711.0,-1.0180504752722392
6712.0,-0.9064480868200204
6713.0,-1.0211556547249847
6714.0,-1.1489222012825708
6715.0,-1.0339754658409464
6716.0,-0.8266250775432081
6717.0,-0.9086008770508488
6718.0,-0.8789442918219704
6719.0,-0.6601772828598504
6720.0,-0.6938062538695955
6721.0,-0.9138085942070122
6722.0,-0.5359378667859478
6723.0,-0.7086726518151634
6724.0,-0.7191728595880237
6725.0,-1.0549998250206947
6726.0,-1.536907144535652
6727.0,-0.8609491496284762
6728.0,-0.9658128658408562
6729.0,-1.3172495094693955
6730.0,-1.1254615631511509
6731.0,-1.4810911484936118
6732.0,-1.3126611178323075
6733.0,-0.910890561862348
6734.0,-0.6645283315678312
6735.0,-0.48948547887903326
6736.0,-0.8826010683268746
6737.0,-0.7648762857116125
6738.0,-1.0061020441720565
6739.0,-0.7366871619096844
6740.0,-0.8420299038504104
6741.0,-0.9477404815115286
6742.0,-0.6249610544166675
6743.0,-0.8730865187606509
6744.0,-0.8022601009958984
6745.0,-0.6676470309292896
6746.0,-0.8277463302553746
6747.0,-1.2837602745508545
6748.0,-0.9102319303102743
6749.0,-0.9350594508920896
6750.0,-0.7848585625731942
6751.0,-1.2633120479069753
6752.0,-0.8985292519092806
6753.0,-1.111176913463566
6754.0,-0.6679751367049995
6755.0,-1.1843824097898046
6756.0,-1.1442701900988266
6757.0,-0.5556537681509908
6758.0,-1.165084456372711
6759.0,-0.6381667309965335
6760.0,-0.7308417169461181
6761.0,-0.6026468032517669
6762.0,-1.4190968880002437
6763.0,-1.3641995070039965
6764.0,-0.8405147103659801
6765.0,-1.1498242813163029
6766.0,-0.8858487397503781
6767.0,-0.8320134085399085
6768.0,-0.8480114037434585
6769.0,-1.1337399098442476
6770.0,-1.1986474000627565
6771.0,-0.9270950534618123
6772.0,-0.9298994273368736
6773.0,-1.3496827524414534
6774.0,-1.2027734293390109
6775.0,-0.8438211084321225
6776.0,-0.4995150430594667
6777.0,-0.6941845799081665
6778.0,-1.2272427658585423
6779.0,-0.9790781831916402
6780.0,-0.8577697520963325
6781.0,-0.8990755846713184
6782.0,-1.1594551597301386
6783.0,-0.6001838012214151
6784.0,-1.1872004555410673
6785.0,-1.165546257469685
6786.0,-0.9381333554300595
6787.0,-0.4818822439250505
6788.0,-1.3892826549298594
6789.0,-1.322291724395074
6790.0,-1.0971507957473927
6791.0,-0.6270014208865089
6792.0,-0.7955962722025804
6793.0,-0.430889769246959
6794.0,-0.6349744172695029
6795.0,-1.2860779467517722
6796.0,-1.0754828582874958
6797.0,-0.8750477763454207
6798.0,-1.010878354275559
6799.0,-1.1222599489136749
6800.0,-1.2882612622083518
6801.0,-1.3239926425428457
6802.0,-1.27595283101133
6803.0,-1.2068128327743566
6804.0,-0.8628167593127348
6805.0,-0.8930094340974306
6806.0,-1.3302966187796155
6807.0,-1.3404600397175979
6808.0,-1.0036510710256956
6809.0,-1.0602595566540987
6810.0,-1.1024186267314944
6811.0,-0.7672443559623306
6812.0,-0.9266705038626042
6813.0,-1.1081435504917634
6814.0,-0.9883427150381381
6815.0,-0.8722599602840084
6816.0,-0.9432885705957965
6817.0,-1.1710475775741829
6818.0,-0.9968734041146181
6819.0,-0.8103100895437928
6820.0,-0.7629970648269074
6821.0,-1.1690430174048931
6822.0,-1.1513488937729757
6823.0,-0.9532362512572259
6824.0,-0.6599480580327743
6825.0,-1.483603731984624
6826.0,-1.4857168540205161
6827.0,-1.21890366947639
6828.0,-0.8889305153240153
6829.0,-0.5688992591039783
6830.0,-0.9488725365504515
6831.0,-1.3710221634693904
6832.0,-1.0369388981644134
6833.0,-1.2099182752312359
6834.0,-0.8678417763728178
6835.0,-0.9024328930551444
6836.0,-1.3766651553602256
6837.0,-0.7743757806597478
6838.0,-0.9316477606919832
6839.0,-0.9686514394432552
6840.0,-1.1665499957336884
6841.0,-0.27686615280360427
6842.0,-1.0347001209036828
6843.0,-1.2175857193320594
6844.0,-1.160492808441743
6845.0,-1.0904436373041
6846.0,-1.511004230266363
6847.0,-0.9295909892816244
6848.0,-0.8773377473112673
6849.0,-0.9956249135964945
6850.0,-0.7457951147509987
6851.0,-1.1034722584062233
6852.0,-0.955972715729221
6853.0,-1.2234619277294376
6854.0,-0.7161880875493143
6855.0,-1.1350439687534335
6856.0,-1.0966215848097225
6857.0,-0.7454747375708819
6858.0,-1.1016651669209097
6859.0,-0.8293301576966059
6860.0,-1.1186545066804747
6861.0,-1.000123368436153
6862.0,-0.9901855173807161
6863.0,-0.967560735336739
6864.0,-0.8079135217234752
6865.0,-0.791838348646972
6866.0,-1.1544058338041172
6867.0,-0.7318139272275664
6868.0,-0.9899180129651669
6869.0,-1.417165317450496
6870.0,-1.422378010982599
6871.0,-1.1620208076291918
6872.0,-1.1779444720487198
6873.0,-1.1713634598290643
6874.0,-0.5432864573762175
6875.0,-0.5245617474661943
6876.0,-0.7848149319171583
6877.0,-0.8447762172395872
6878.0,-1.0274325079512734
6879.0,-1.044882636281846
6880.0,-0.8728405632128495
6881.0,-1.482026645188979
6882.0,-1.0850791017615662
6883.0,-0.9949072897550575
6884.0,-0.9509882494353906
6885.0,-0.7502361913926088
6886.0,-0.7018598675066937
6887.0,-1.4611508499452195
6888.0,-0.8655291977957691
6889.0,-0.9915699871437536
6890.0,-1.0096012430633565
6891.0,-0.7207772004705908
6892.0,-1.051758147193993
6893.0,-1.5682814685126212
6894.0,-0.6490800159850814
6895.0,-0.6822450853298296
6896.0,-1.0416413125866533
6897.0,-1.6306324616804782
6898.0,-1.1112458177025089
6899.0,-1.2267685731869387
6900.0,-0.7890454416189284
6901.0,-1.0395098759409989
6902.0,-1.1960527707319264
6903.0,-1.076673206936611
6904.0,-1.2678496251138018
6905.0,-1.0082440289497674
6906.0,-1.1416079487612052
6907.0,-1.0995047580986075
6908.0,-1.5528989953486438
6909.0,-0.7042860933684089
6910.0,-0.957947242922219
6911.0,-0.9410930142742862
6912.0,-1.144066414993287
6913.0,-0.9366156486810436
6914.0,-0.7923427577500225
6915.0,-1.0586845876598545
6916.0,-0.7834480299611148
6917.0,-1.255714868289844
6918.0,-1.2765095550375025
6919.0,-1.0354036402890834
6920.0,-0.9343340021542268
6921.0,-0.9468241062540317
6922.0,-1.022769299719766
6923.0,-1.0163339828003306
6924.0,-0.9247086771120314
6925.0,-0.6785087662139442
6926.0,-0.7826754809827653
6927.0,-1.2077716059904708
6928.0,-0.8115462250582547
6929.0,-1.041112741903623
6930.0,-1.169292494414176
6931.0,-0.6772971765376143
6932.0,-0.8817925169216096
6933.0,-0.9461903099178128
6934.0,-1.255712697015558
6935.0,-0.8434971749317047
6936.0,-0.9459006341423052
6937.0,-1.3262502588047775
6938.0,-1.1754556416275204
6939.0,-0.6623113748139678
6940.0,-0.8242072116550608
6941.0,-1.3554304790553626
6942.0,-0.8541125413468227
6943.0,-1.1721247081881936
6944.0,-0.8864536822733704
6945.0,-0.9026594847384878
6946.0,-1.5197561122478163
6947.0,-1.0982674572513471
6948.0,-1.1177873493457984
6949.0,-0.4835826997877324
6950.0,-0.612121278007068
6951.0,-0.3497509377382637
6952.0,-0.7372841364910521
6953.0,-1.4140974094676202
6954.0,-0.8560012789804696
6955.0,-0.8511608056440518
6956.0,-1.0720251438571173
6957.0,-0.5349822442599387
6958.0,-0.8253184001543852
6959.0,-1.317627049905712
6960.0,-1.2210086745023632
6961.0,-1.2268236302027646
6962.0,-0.6422869473381018
6963.0,-0.9651485809614507
6964.0,-1.3368455310615512
6965.0,-0.731777003999885
6966.0,-0.9125346216576857
6967.0,-1.0234370546175102
6968.0,-1.3091080964729964
6969.0,-1.1485851478135363
6970.0,-0.8259056322704963
6971.0,-0.9116352242710253
6972.0,-1.136658273636953
6973.0,-1.2557496306575333
6974.0,-0.8156323130727474
6975.0,-0.8563436729911568
6976.0,-1.1565408189834112
6977.0,-1.045556234454906
6978.0,-0.9935468293265686
6979.0,-0.8756609487622482
6980.0,-0.7716205119651903
6981.0,-1.1315640745547115
6982.0,-1.1532713147886189
6983.0,-1.056866587985661
6984.0,-0.7537394577020252
6985.0,-0.9572062113366362
6986.0,-1.0846667842300473
6987.0,-0.7759096081172522
6988.0,-1.2143575459789047
6989.0,-0.8177109653290144
6990.0,-0.8425052351154548
6991.0,-1.1725547795799238
6992.0,-0.9711003198312688
6993.0,-1.6810321188408923
6994.0,-0.9472253618801604
6995.0,-1.0307984319199819
6996.0,-0.9105507002170492
6997.0,-1.2638937968438693
6998.0,-1.4352210041031381
6999.0,-1.2526200890827166
7000.0,-1.4036710347655523
7001.0,-0.6359961818719551
7002.0,-1.0595186021768923
7003.0,-0.9164991416142207
7004.0,-1.1990317456386228
7005.0,-1.1146080831281813
7006.0,-1.113021898232499
7007.0,-0.9628058888903706
7008.0,-1.0542400107827106
7009.0,-1.1874825866731762
7010.0,-0.782543355123058
7011.0,-0.8327721033266975
7012.0,-0.8890536674416616
7013.0,-0.8461399832363644
7014.0,-0.9610040003108562
7015.0,-0.9287814530117218
7016.0,-1.0986269676392433
7017.0,-0.770152613450694
7018.0,-0.7398173835943704
7019.0,-1.586591935435885
7020.0,-0.9062790017755308
7021.0,-0.973320447497941
7022.0,-1.3815075466489812
7023.0,-0.9047638905646594
7024.0,-0.7495652581196506
7025.0,-1.3467434371365627
7026.0,-1.182829841983625
7027.0,-0.9791127471411349
7028.0,-0.7351742628435551
7029.0,-0.8769147942240806
7030.0,-1.0976348419432065
7031.0,-0.7791377928876331
7032.0,-0.9976026462679491
7033.0,-1.3512755929334912
7034.0,-0.9605142529193825
7035.0,-0.842471408631041
7036.0,-1.068632580370165
7037.0,-1.145101148080893
7038.0,-1.1331864278588155
7039.0,-1.0875251943029594
7040.0,-0.6967616135502948
7041.0,-1.0424113514163997
7042.0,-0.7028252140783493
7043.0,-0.8786656964001887
7044.0,-1.139838113659601
7045.0,-0.9575981393522501
7046.0,-1.0304645214656332
7047.0,-0.8977476582672154
7048.0,-0.9795464516726818
7049.0,-1.3393549706653194
7050.0,-0.7635523389070341
7051.0,-1.0112442678304203
7052.0,-0.9920231598879365
7053.0,-0.8419855712358315
7054.0,-0.6872898051598153
7055.0,-1.019232306536324
7056.0,-1.312383233868078
7057.0,-0.9696944313792613
7058.0,-0.7164686421262871
7059.0,-1.3625461209124443
7060.0,-1.0478604409373249
7061.0,-0.9919951422318074
7062.0,-1.0220493751835722
7063.0,-0.8623735506242249
7064.0,-1.2793670899461707
7065.0,-0.9001896193368091
7066.0,-1.4014581671382251
7067.0,-0.897528832024748
7068.0,-0.7144358876142234
7069.0,-1.2341022590114763
7070.0,-1.1586969424041904
7071.0,-0.5835323939749475
7072.0,-0.8206708122081012
7073.0,-0.9321481209794801
7074.0,-0.6128921635888693
7075.0,-1.3813768508101347
7076.0,-1.0941404841697542
7077.0,-0.9131768864110783
7078.0,-0.8282532680426172
7079.0,-0.7490560011035675
7080.0,-1.1337356878443823
7081.0,-0.9312897612964043
7082.0,-0.6694532859692384
7083.0,-1.0626756802482837
7084.0,-1.19861755742146
7085.0,-0.9225142432978208
7086.0,-0.7521068646601077
7087.0,-1.3129784685776884
7088.0,-1.140271171694089
7089.0,-0.8944394634404624
7090.0,-1.3788235844854129
7091.0,-1.0274004373989432
7092.0,-1.278449642566984
7093.0,-0.6674890372495688
7094.0,-1.115309865078138
7095.0,-0.9891237357065722
7096.0,-1.1793087629003025
7097.0,-0.5152849174686209
7098.0,-1.1417541862601628
7099.0,-0.9266952459309801
7100.0,-0.645647157836531
7101.0,-0.9876629073372993
7102.0,-1.3227902720287446
7103.0,-0.6416019229001801
7104.0,-1.3151093293281542
7105.0,-1.4339538962426013
7106.0,-0.9480533442178948
7107.0,-1.1343131447050092
7108.0,-0.69448634943654
7109.0,-0.4045570922564319
7110.0,-1.0589426550490868
7111.0,-1.1697304189669948
7112.0,-0.8723787617870955
7113.0,-0.910228380496395
7114.0,-0.641045064444118
7115.0,-1.345816607415984
7116.0,-0.5801929194747713
7117.0,-0.9863660258496165
7118.0,-0.9106441709140977
7119.0,-0.9810152538997678
7120.0,-0.5736945547112878
7121.0,-0.9180315272394279
7122.0,-1.0145186040647958
7123.0,-0.914142295462932
7124.0,-1.329670961616615
7125.0,-1.2282296904500911
7126.0,-0.7572225821325266
7127.0,-0.5520592132774961
7128.0,-0.9073793072557194
7129.0,-1.161372926411719
7130.0,-1.3801102110923162
7131.0,-0.9709173789838091
7132.0,-0.8832150966919043
7133.0,-0.8421190146515943
7134.0,-0.7047151544560379
7135.0,-1.1354854586163958
7136.0,-1.2260187451506972
7137.0,-0.5451238664025727
7138.0,-1.2086398727042873
7139.0,-0.4018067096038257
7140.0,-1.260392359662444
7141.0,-1.0592167881664925
7142.0,-0.8626472795485821
7143.0,-1.3804431632718837
7144.0,-1.3404589946191667
7145.0,-1.244419911746789
7146.0,-0.9243852344429402
7147.0,-1.2069497798188573
7148.0,-1.0770880725603165
7149.0,-0.7346596491471089
7150.0,-0.9787209261843786
7151.0,-0.8096270919234797
7152.0,-1.0349902024690438
7153.0,-1.0452994983767843
7154.0,-0.5129312622447854
7155.0,-0.6007807208053997
7156.0,-0.9802955159139585
7157.0,-0.9070176371638878
7158.0,-1.0064080802774205
7159.0,-0.9661361337612813
7160.0,-1.0051386132949776
7161.0,-0.9278521000683205
7162.0,-0.6154624966126487
7163.0,-1.163060394136316
7164.0,-0.9648851309544365
7165.0,-0.7323220271509052
7166.0,-1.3521888206920007
7167.0,-0.4691473183717003
7168.0,-0.9252522242997191
7169.0,-0.9859734252609774
7170.0,-0.6248524118774442
7171.0,-1.4625974062570377
7172.0,-1.1519877333485573
7173.0,-0.7345741935756839
7174.0,-0.5923869383282441
7175.0,-1.107278790146558
7176.0,-0.9678387177178079
7177.0,-0.625717473882685
7178.0,-0.6213868885145561
7179.0,-1.187723567132415
7180.0,-1.1090438053201417
7181.0,-0.6263071954235094
7182.0,-0.5713324137673325
7183.0,-0.8997558304335619
7184.0,-0.955884844746681
7185.0,-0.9694597302155862
7186.0,-1.0566999049458838
7187.0,-0.8411931079893342
7188.0,-0.7048942984377063
7189.0,-1.38374697127655
7190.0,-1.1677479654506793
7191.0,-1.002404086682761
7192.0,-1.3129347892318304
7193.0,-1.2654077340988743
7194.0,-0.659113094965534
7195.0,-0.9492588635304793
7196.0,-0.631005595291543
7197.0,-1.3808719229505297
7198.0,-1.1092665776322805
7199.0,-0.700805909698851
7200.0,-0.5882477401045332
7201.0,-1.0786068532298136
7202.0,-0.6943482135878634
7203.0,-1.311881190533415
7204.0,-1.3236404371046306
7205.0,-0.43419630493592154
7206.0,-0.579169012727508
7207.0,-1.404494934335034
7208.0,-1.4079638421743157
7209.0,-0.8557738091186725
7210.0,-1.5794036014312183
7211.0,-1.339323099623728
7212.0,-0.7948687821303444
7213.0,-0.45203404301285577
7214.0,-1.2417523269184305
7215.0,-1.1703661742025466
7216.0,-0.8622137805448591
7217.0,-1.1296286283232844
7218.0,-1.526065991920778
7219.0,-1.0728873370640457
7220.0,-0.7650942442541201
7221.0,-0.7962094834992469
7222.0,-1.0424231707226763
7223.0,-1.2445049376292654
7224.0,-1.1702175439678717
7225.0,-1.4163334680494428
7226.0,-0.4880126902943558
7227.0,-1.0018043596092905
7228.0,-0.9199522347804934
7229.0,-0.8966393612400241
7230.0,-0.8353653487257215
7231.0,-0.6877584131195695
7232.0,-0.8689197374986412
7233.0,-1.073989988316044
7234.0,-1.1488932316582636
7235.0,-0.9408309343049179
7236.0,-1.0399128716598145
7237.0,-0.7049721013100712
7238.0,-1.0766732023688708
7239.0,-0.7212022461593037
7240.0,-0.32357287673724033
7241.0,-0.8466660734671774
7242.0,-1.1021431854347659
7243.0,-0.6454400789619936
7244.0,-0.9085112153379121
7245.0,-1.1630615992950406
7246.0,-1.1972347993802446
7247.0,-1.0800683250057548
7248.0,-0.9162210411934129
7249.0,-1.0781212803456601
7250.0,-0.6925578650544215
7251.0,-1.1494881291235333
7252.0,-0.6809712259759461
7253.0,-0.9139113032212409
7254.0,-1.064816579782638
7255.0,-0.8167713195911384
7256.0,-1.3750324750760823
7257.0,-1.5561569404260318
7258.0,-1.1401391800443406
7259.0,-1.2609773121122017
7260.0,-0.809163495386436
7261.0,-0.9253090479074499
7262.0,-0.5155422165158728
7263.0,-1.1371508667987098
7264.0,-1.202034506316003
7265.0,-1.6262891417787584
7266.0,-0.8878962996584844
7267.0,-0.8601620654618681
7268.0,-1.16270754601875
7269.0,-1.4558164817488877
7270.0,-0.8758429681990615
7271.0,-0.8057972108323815
7272.0,-0.7330875944304358
7273.0,-0.6520661296117078
7274.0,-1.2484522657370232
7275.0,-0.8360574428257221
7276.0,-0.8502874814030484
7277.0,-1.2179010235333196
7278.0,-0.7266814454210184
7279.0,-1.2278413689894963
7280.0,-0.7149443291725939
7281.0,-1.1380401394137685
7282.0,-1.3558385060629854
7283.0,-0.6803553893888553
7284.0,-0.5691539843035405
7285.0,-0.8758742481843484
7286.0,-0.9475883860460389
7287.0,-0.9237023947724614
7288.0,-1.0963201630071933
7289.0,-1.3073028627059082
7290.0,-0.4525005831198775
7291.0,-1.1982888089516157
7292.0,-1.0048241757763055
7293.0,-0.9980974887263593
7294.0,-0.9810820404947935
7295.0,-1.3778948443829844
7296.0,-0.7759669289562106
7297.0,-0.815320335064559
7298.0,-0.9556924762927362
7299.0,-1.148204067982629
7300.0,-1.2015090246852869
7301.0,-0.9803860938859209
7302.0,-0.8170230056304685
7303.0,-1.0907417139703113
7304.0,-1.121658947776151
7305.0,-0.8045617981547523
7306.0,-0.458934126188698
7307.0,-1.2293931592781875
7308.0,-0.7659087303876686
7309.0,-1.000200405999167
7310.0,-1.0050589148085256
7311.0,-1.420340407999607
7312.0,-1.2999614204135708
7313.0,-1.0675042277281852
7314.0,-1.1006353938794124
7315.0,-1.0163582164512766
7316.0,-0.8718431663999641
7317.0,-1.3013894139203233
7318.0,-0.7254110082474641
7319.0,-0.27553067984291524
7320.0,-1.0448731044618886
7321.0,-0.6475185373111609
7322.0,-0.7615704473831044
7323.0,-1.0537210511772315
7324.0,-1.0450962149521479
7325.0,-1.0144972782214774
7326.0,-0.9425210141316466
7327.0,-1.1068694901978844
7328.0,-0.7115107753652379
7329.0,-1.1808508286216637
7330.0,-0.6932983931144181
7331.0,-1.6833757028392007
7332.0,-0.8350450773751796
7333.0,-0.9307038820049377
7334.0,-1.1223671899442782
7335.0,-1.0988252754019872
7336.0,-0.887741874702331
7337.0,-1.1403711683932616
7338.0,-0.786777609177683
7339.0,-0.8309327186190549
7340.0,-0.5912081560096194
7341.0,-0.7266172761239875
7342.0,-0.7320109198576108
7343.0,-1.1399252872564074
7344.0,-1.1356762158141167
7345.0,-0.5421701917955697
7346.0,-1.268282862360323
7347.0,-1.0753975075787896
7348.0,-0.8868299268889424
7349.0,-0.7169290279918707
7350.0,-1.319785675920251
7351.0,-1.059894121294884
7352.0,-1.1290679564102317
7353.0,-0.631554768295449
7354.0,-0.6568928376561671
7355.0,-0.7325464611498639
7356.0,-0.9408651583752939
7357.0,-1.3374407859556445
7358.0,-0.9230738530885582
7359.0,-0.9577345533969357
7360.0,-0.9152535955485763
7361.0,-0.9063007015933051
7362.0,-0.8661988481015511
7363.0,-0.5460267539230419
7364.0,-0.6625996670234106
7365.0,-0.6201172985809749
7366.0,-1.2737540919713934
7367.0,-0.7804173305674296
7368.0,-0.836025028968683
7369.0,-0.933853218403088
7370.0,-1.183582580118271
7371.0,-1.150421618936244
7372.0,-1.1626843257739445
7373.0,-1.1517992799610544
7374.0,-1.1709334899615602
7375.0,-1.4028359267059378
7376.0,-0.5432021410556216
7377.0,-0.9946778054704667
7378.0,-1.192913473193806
7379.0,-1.0867241229192244
7380.0,-0.989054826381766
7381.0,-1.3944330143838615
7382.0,-0.8680095878114527
7383.0,-0.846674357009851
7384.0,-0.6026339169854352
7385.0,-1.1999732633786762
7386.0,-0.8304026146322269
7387.0,-0.956761506811719
7388.0,-1.0014178659047168
7389.0,-1.2369084269095796
7390.0,-0.8517386697837788
7391.0,-1.087409254709828
7392.0,-0.9033059984405967
7393.0,-1.1249772002428626
7394.0,-1.1166778373963917
7395.0,-0.8301186328825598
7396.0,-1.2219440963063593
7397.0,-1.0691209814885227
7398.0,-1.4487714978024249
7399.0,-1.240663008963379
7400.0,-0.5019779489572761
7401.0,-1.3929314078075712
7402.0,-0.39249648232977674
7403.0,-1.2620326224024028
7404.0,-0.9750349721856756
7405.0,-0.7914031292714401
7406.0,-0.7177030392584585
7407.0,-1.186191814586771
7408.0,-0.9315105332423997
7409.0,-0.9301999229704565
7410.0,-1.0103295872826232
7411.0,-0.9176418671196197
7412.0,-0.968361871426674
7413.0,-1.1252380726892088
7414.0,-1.3239819345587314
7415.0,-0.9781868656415422
7416.0,-1.0891217340530013
7417.0,-0.9973104964355545
7418.0,-0.8029206936517572
7419.0,-0.8837937249884451
7420.0,-0.8418045033614714
7421.0,-0.6765446326436466
7422.0,-1.0978648085878864
7423.0,-0.6229740134725834
7424.0,-1.1115960799429012
7425.0,-1.5690920475556172
7426.0,-0.614895298385364
7427.0,-1.1942086413385256
7428.0,-1.0744788726086072
7429.0,-0.740569492689958
7430.0,-0.8081210340041507
7431.0,-1.0596831862300242
7432.0,-0.8392645498150821
7433.0,-1.3039112207679369
7434.0,-0.9389094162348006
7435.0,-0.7323699219277625
7436.0,-0.5828108183572883
7437.0,-0.781560744505591
7438.0,-0.8192302625851009
7439.0,-1.0829936548167192
7440.0,-1.161133107298006
7441.0,-0.8337858883521203
7442.0,-0.6652426450524707
7443.0,-1.2937954637551616
7444.0,-0.9706655541969407
7445.0,-1.1667254177237427
7446.0,-1.173243109813796
7447.0,-0.7713071880154391
7448.0,-1.159590020747371
7449.0,-1.025086877155498
7450.0,-0.6997300997071416
7451.0,-0.7785829457308444
7452.0,-1.1858995984597567
7453.0,-1.2931636445464698
7454.0,-0.5044955465598253
7455.0,-0.9567071629334455
7456.0,-0.9381640060070097
7457.0,-1.0390009882191198
7458.0,-1.2154141313364388
7459.0,-0.9258691780873463
7460.0,-0.8078030454829012
7461.0,-1.4356392685759993
7462.0,-0.9586887837812574
7463.0,-0.9030461345920558
7464.0,-1.0385813893272116
7465.0,-1.141692122597293
7466.0,-0.7058565375083898
7467.0,-1.0851213872563428
7468.0,-1.0594406208039708
7469.0,-0.8952804755460704
7470.0,-1.0840111083930126
7471.0,-1.4648287166532823
7472.0,-1.3833123187420582
7473.0,-1.2206386668411315
7474.0,-1.1547800788247982
7475.0,-0.8329172555446673
7476.0,-1.0927926374063872
7477.0,-1.1254122444815096
7478.0,-0.9742255496884291
7479.0,-0.9479243787812165
7480.0,-1.019394000582504
7481.0,-1.523253385636802
7482.0,-1.2737694207008845
7483.0,-0.9640806201597318
7484.0,-0.8019644477395373
7485.0,-1.2273501264611102
7486.0,-0.940984351796415
7487.0,-0.667421978184995
7488.0,-0.8916795574959683
7489.0,-1.4788657902041944
7490.0,-0.8482138188700865
7491.0,-1.238573676345741
7492.0,-1.0338696580961546
7493.0,-0.933069369072816
7494.0,-1.0621913959826357
7495.0,-1.0670010714717597
7496.0,-1.1808696739892475
7497.0,-0.8678603179778787
7498.0,-0.42374810806662055
7499.0,-1.0326520567421553
7500.0,-0.6225956516784892
7501.0,-0.742877476747958
7502.0,-0.5858761658252202
7503.0,-1.4789786425403744
7504.0,-1.1905943958180243
7505.0,-0.9349491522643221
7506.0,-1.2980143282950691
7507.0,-0.9991858295675704
7508.0,-1.3052149922448064
7509.0,-1.2015768502780058
7510.0,-1.4416202460547718
7511.0,-0.7381627314330266
7512.0,-1.0668335080820612
7513.0,-1.147562016938187
7514.0,-0.6172202026002471
7515.0,-1.1630961797636783
7516.0,-0.6882657178331821
7517.0,-0.978700441642574
7518.0,-0.7108732944754712
7519.0,-1.117551660673271
7520.0,-0.8656073684760911
7521.0,-1.0029853269555316
7522.0,-0.9319651439234592
7523.0,-1.0103070199776276
7524.0,-0.9771439125947007
7525.0,-1.214143619349068
7526.0,-1.034245477550577
7527.0,-1.5220681131780198
7528.0,-1.1818585731415556
7529.0,-1.198836285016834
7530.0,-1.2425588582091933
7531.0,-1.223922234434224
7532.0,-1.262193620021635
7533.0,-0.7893284687665906
7534.0,-1.0448745366152734
7535.0,-0.9667959622123229
7536.0,-0.9266025415809892
7537.0,-1.2298987781599597
7538.0,-1.0094944817994396
7539.0,-0.9546579288613489
7540.0,-0.5916857130104411
7541.0,-1.1182407197130084
7542.0,-0.5330907512494577
7543.0,-0.7103323927929229
7544.0,-0.976212366871459
7545.0,-0.9254726716553234
7546.0,-1.0358152731573111
7547.0,-0.9458490308102031
7548.0,-1.5751154100515852
7549.0,-0.8844762874504379
7550.0,-1.0692838283793056
7551.0,-1.2997121818186912
7552.0,-0.9967309200174811
7553.0,-1.1241647814681244
7554.0,-1.4239607785407826
7555.0,-0.917461090597252
7556.0,-0.8651200196344835
7557.0,-0.7800480678830833
7558.0,-1.335020969222942
7559.0,-1.2474165077875978
7560.0,-1.1129457698184904
7561.0,-0.4139750695867612
7562.0,-0.8006326750097379
7563.0,-0.8674406424857373
7564.0,-0.9642126021563515
7565.0,-0.9647452104973357
7566.0,-0.9062104796135657
7567.0,-0.9158597943484986
7568.0,-1.3506569750185027
7569.0,-0.9834610031736691
7570.0,-1.1462676860679715
7571.0,-0.8195874707479737
7572.0,-1.2349476213723687
7573.0,-0.958618984369804
7574.0,-0.7437950777883983
7575.0,-1.1084761191637538
7576.0,-0.7597255849652524
7577.0,-1.0522742126342253
7578.0,-0.8839371672784575
7579.0,-0.7417096077787957
7580.0,-0.7189059955762025
7581.0,-0.7435561242483926
7582.0,-0.9387923943966365
7583.0,-0.9290409662417308
7584.0,-1.1429896813259472
7585.0,-1.59081846275445
7586.0,-1.0037219309315715
7587.0,-1.1601390664562112
7588.0,-0.8780983676994167
7589.0,-0.6956421749225602
7590.0,-0.7881586987042356
7591.0,-0.5303657482103574
7592.0,-1.0652542093455177
7593.0,-0.9114385067830949
7594.0,-0.9474441698394236
7595.0,-0.5901467460472678
7596.0,-1.237684860777876
7597.0,-0.5068644556263259
7598.0,-1.088510954420394
7599.0,-1.372270260005554
7600.0,-1.570769059129714
7601.0,-1.0514095193984279
7602.0,-0.8810624276649742
7603.0,-1.1001799678570707
7604.0,-1.672008518943624
7605.0,-0.976166186536885
7606.0,-1.1287525344891025
7607.0,-1.0315752212119116
7608.0,-0.7876185203911114
7609.0,-0.6777482353234477
7610.0,-1.027735145176568
7611.0,-0.8257040659068408
7612.0,-1.142736385508915
7613.0,-1.117511187143266
7614.0,-1.24723433409008
7615.0,-1.079371111795768
7616.0,-0.9755854697152809
7617.0,-0.9418268337051449
7618.0,-1.5451928340885934
7619.0,-1.1979554800973589
7620.0,-0.5927443817442444
7621.0,-0.8224738846698921
7622.0,-0.4918910562156885
7623.0,-0.9710605250727266
7624.0,-0.6657356100048024
7625.0,-1.2231604444302149
7626.0,-0.6673011805845366
7627.0,-1.1710063658946626
7628.0,-0.802615985529312
7629.0,-1.0481354300402264
7630.0,-0.8455550835631552
7631.0,-0.9201011980753839
7632.0,-0.8627724875399716
7633.0,-1.160878682512232
7634.0,-1.1110149543204526
7635.0,-1.1158083430482906
7636.0,-1.2113844439117523
7637.0,-0.8632059202864539
7638.0,-1.147046639334555
7639.0,-1.008515015387364
7640.0,-1.2797051127852663
7641.0,-0.7531097014190127
7642.0,-1.2744989081170794
7643.0,-1.1173011118443679
7644.0,-1.0809661850608252
7645.0,-0.9460919735378587
7646.0,-0.8175777753273864
7647.0,-0.8758373387407078
7648.0,-1.206289876663008
7649.0,-1.4551507370974546
7650.0,-1.130065719948967
7651.0,-1.470247573917119
7652.0,-0.8785740868946093
7653.0,-0.7675156825595673
7654.0,-0.8381372121115169
7655.0,-1.4136803462975533
7656.0,-1.0848044504708882
7657.0,-0.9181706157086139
7658.0,-0.9732174127475969
7659.0,-1.1417942627270083
7660.0,-1.5721330120799646
7661.0,-0.8699109355939829
7662.0,-0.9765361557961423
7663.0,-1.3829953128749188
7664.0,-1.072234322934059
7665.0,-1.3203818143882093
7666.0,-0.5329738431390398
7667.0,-1.161005133494481
7668.0,-1.0494575278725464
7669.0,-1.3531045572012719
7670.0,-0.9202749074199957
7671.0,-1.3190437643138637
7672.0,-1.2701538042824236
7673.0,-1.1672247728811407
7674.0,-0.8483344144063495
7675.0,-1.12276181103246
7676.0,-1.1208826846268538
7677.0,-0.9093635123438406
7678.0,-0.8479653970729684
7679.0,-0.8718028173956865
7680.0,-1.0265230954393882
7681.0,-0.663365284466867
7682.0,-0.8557303385950048
7683.0,-1.0793327821974543
7684.0,-1.1709725609989925
7685.0,-1.3082745515116978
7686.0,-0.6326044027902817
7687.0,-1.0509048536377008
7688.0,-1.1262941301446694
7689.0,-0.6714930660258718
7690.0,-0.7481848814455614
7691.0,-1.2433497326407357
7692.0,-1.0934536046465972
7693.0,-0.9164369538811504
7694.0,-1.2993105794723094
7695.0,-1.2876493669438096
7696.0,-1.178338700595851
7697.0,-1.0576513394344327
7698.0,-1.511192448091959
7699.0,-0.9984046056486122
7700.0,-0.9037412249409467
7701.0,-0.9504383587362956
7702.0,-0.7850688526397529
7703.0,-0.6705947381879858
7704.0,-1.0046318832146182
7705.0,-0.9501206583523167
7706.0,-0.8312485384533732
7707.0,-0.6850564127012768
7708.0,-1.3486065118043655
7709.0,-1.2558540609606665
7710.0,-0.8752121064332334
7711.0,-1.1310417146670178
7712.0,-1.078492897458773
7713.0,-1.0369648699941452
7714.0,-0.8641566663748128
7715.0,-1.2083785072623068
7716.0,-0.9476290253479067
7717.0,-0.9911737261612474
7718.0,-0.9193639768718301
7719.0,-1.081614116795835
7720.0,-1.1122363763029832
7721.0,-1.0830764475557348
7722.0,-1.1554582253929042
7723.0,-0.582065064771713
7724.0,-1.2766472022579713
7725.0,-1.1854506853995714
7726.0,-1.107641344546005
7727.0,-1.0661844812740344
7728.0,-0.8237677962868117
7729.0,-1.2672882622622115
7730.0,-1.3141214118555684
7731.0,-1.2025173718251732
7732.0,-1.0304128253919314
7733.0,-1.3611832081573918
7734.0,-0.5629674138376055
7735.0,-0.8943893444711594
7736.0,-0.9623446989462782
7737.0,-0.9852357376140879
7738.0,-1.3721968964653108
7739.0,-1.2775896930718047
7740.0,-0.4870107970622837
7741.0,-0.7872389869460668
7742.0,-0.9967423095282604
7743.0,-0.6295979061363638
7744.0,-0.9581717207662206
7745.0,-1.031078392379619
7746.0,-0.7984779786327848
7747.0,-1.0472212980069564
7748.0,-1.1551087441961778
7749.0,-1.2551421191860157
7750.0,-1.1315488576725903
7751.0,-0.6427350867096095
7752.0,-0.9762054739501517
7753.0,-1.0017909821052866
7754.0,-1.008983677188994
7755.0,-1.066564561160939
7756.0,-0.568618667771865
7757.0,-1.126551312121441
7758.0,-1.0056344580188274
7759.0,-1.1956859502985755
7760.0,-1.1653347680792292
7761.0,-1.2945594548235793
7762.0,-0.5468930471996856
7763.0,-1.4953511886768203
7764.0,-1.246114056428937
7765.0,-0.7590869337157975
7766.0,-0.7295421033913794
7767.0,-1.1599187693003612
7768.0,-1.2222044048445388
7769.0,-1.0027516532643672
7770.0,-0.805264280792823
7771.0,-0.8371741605816743
7772.0,-0.6784144122630922
7773.0,-0.6974063480733244
7774.0,-0.5524593434241496
7775.0,-0.8260090487218731
7776.0,-0.7683216191963522
7777.0,-1.1767345806785812
7778.0,-0.6708425240256606
7779.0,-0.7365603323382184
7780.0,-1.2920832075536115
7781.0,-0.8285758728242842
7782.0,-0.9411878140907083
7783.0,-1.09813208216449
7784.0,-0.7713978799949537
7785.0,-1.027266574273191
7786.0,-0.8713091651104676
7787.0,-1.466584753916652
7788.0,-0.8821178533648926
7789.0,-0.9670192441276687
7790.0,-0.8355184994225693
7791.0,-1.0225706727937836
7792.0,-0.7098584371201648
7793.0,-1.0320770229324872
7794.0,-0.8593572516633341
7795.0,-1.2034450032050519
7796.0,-0.8175506108525193
7797.0,-0.5622764647248479
7798.0,-1.22496189912444
7799.0,-0.6321408935869475
7800.0,-1.1663809296973933
7801.0,-1.019624489989857
7802.0,-0.620598803651778
7803.0,-1.0311502361588913
7804.0,-1.1656644021480527
7805.0,-1.1199745524414915
7806.0,-0.7806770970623373
7807.0,-1.1922431873095265
7808.0,-1.3628734125626758
7809.0,-0.6613570791575409
7810.0,-1.4468103819392901
7811.0,-1.2711697466144933
7812.0,-0.6705581888737508
7813.0,-0.3980028980826543
7814.0,-0.802866290425039
7815.0,-1.1380052958509386
7816.0,-1.1325164098808649
7817.0,-0.979595832869706
7818.0,-0.6848224190517287
7819.0,-0.7705699200020153
7820.0,-1.3932494358080594
7821.0,-1.0303655341612987
7822.0,-1.352746208035188
7823.0,-1.2836579841142413
7824.0,-1.428205019790281
7825.0,-1.1284246906695852
7826.0,-0.8480541944110767
7827.0,-0.7605723936980779
7828.0,-1.0714821667636154
7829.0,-0.9319821520178028
7830.0,-0.8741674432308091
7831.0,-0.966789547740339
7832.0,-0.7979776264770945
7833.0,-0.8163413423086927
7834.0,-1.5211050324524034
7835.0,-1.0599919793092922
7836.0,-0.9977481486130909
7837.0,-0.5982956592907624
7838.0,-1.140918722039512
7839.0,-1.1375135524624094
7840.0,-0.6487912590939856
7841.0,-0.8737768583035102
7842.0,-1.0643735974311193
7843.0,-1.2158052835508104
7844.0,-1.0944416741256846
7845.0,-1.1585956293694304
7846.0,-0.986956428755057
7847.0,-0.9908436171925189
7848.0,-0.9187203283973251
7849.0,-0.8674848656921784
7850.0,-1.1931767920182095
7851.0,-0.6833588904601684
7852.0,-1.0435828786667267
7853.0,-1.0529925250484866
7854.0,-0.9226025427280964
7855.0,-1.1235426219151312
7856.0,-0.8681345072612158
7857.0,-1.329830713506389
7858.0,-1.5496996786574424
7859.0,-1.3453836991352441
7860.0,-1.3628234392027057
7861.0,-0.793082790234761
7862.0,-1.1088074323592152
7863.0,-1.023016531374887
7864.0,-0.9039331690740229
7865.0,-1.1591233762757562
7866.0,-1.000906887880373
7867.0,-1.2566708594691551
7868.0,-1.1524456203726268
7869.0,-1.1021194747125096
7870.0,-0.8753575611870523
7871.0,-1.025038004954081
7872.0,-1.1350267037733555
7873.0,-0.9169747397001051
7874.0,-0.8055277663339342
7875.0,-1.3154692351666346
7876.0,-0.9716036319857694
7877.0,-0.9106081095188576
7878.0,-0.9486957925323564
7879.0,-1.0838966067784275
7880.0,-0.7598545367416476
7881.0,-1.0105705159123082
7882.0,-0.9787426262268838
7883.0,-0.7071350081646476
7884.0,-0.44591117053523066
7885.0,-1.0237300657143595
7886.0,-1.3955663849886883
7887.0,-0.8123807016655562
7888.0,-1.0704835877706431
7889.0,-1.0634016684800256
7890.0,-0.9891200537391112
7891.0,-0.9137726755320756
7892.0,-1.0356847515354626
7893.0,-1.027407492066883
7894.0,-0.8702257737333383
7895.0,-0.9327025459640842
7896.0,-1.0492150830149631
7897.0,-1.2721729113209677
7898.0,-1.0738991464250778
7899.0,-1.0461672605048804
7900.0,-1.08021583179289
7901.0,-0.5011657803958811
7902.0,-0.9408708933628069
7903.0,-1.1591682508440755
7904.0,-0.6353734014120873
7905.0,-0.967000968988778
7906.0,-1.2014571596560233
7907.0,-0.8551393053669013
7908.0,-1.112240419826344
7909.0,-1.4742907494527535
7910.0,-1.013178181494237
7911.0,-0.9548697529725053
7912.0,-1.2422489418979816
7913.0,-1.396221933624001
7914.0,-0.9115665791966654
7915.0,-0.828837891486484
7916.0,-1.531123489336224
7917.0,-1.0387975041062862
7918.0,-1.4532901264416913
7919.0,-0.7068189556501622
7920.0,-1.009987619980565
7921.0,-0.9075796095998613
7922.0,-0.9902364032344815
7923.0,-1.2905891968014642
7924.0,-0.7993551823160241
7925.0,-1.1940597954100793
7926.0,-0.7814691210539984
7927.0,-1.3820679378467977
7928.0,-1.4168083422616127
7929.0,-1.2750505228385332
7930.0,-0.809765577392616
7931.0,-0.589920745773349
7932.0,-1.2297611546566394
7933.0,-0.6103952608863024
7934.0,-0.8833896438948563
7935.0,-1.3073992752879222
7936.0,-0.9700303010342789
7937.0,-0.8782238844210315
7938.0,-0.9796153518841336
7939.0,-1.469629829627264
7940.0,-0.9256186647206942
7941.0,-1.1242536639117193
7942.0,-0.8516762372001296
7943.0,-1.1891107846809803
7944.0,-1.2312924692698533
7945.0,-0.7453273634442035
7946.0,-0.9930108471974396
7947.0,-0.8519337768657409
7948.0,-1.1359545154534505
7949.0,-1.207594825429864
7950.0,-1.0644498410212997
7951.0,-1.2309638100883844
7952.0,-1.4000678078980966
7953.0,-0.9443510893843594
7954.0,-0.9141926429446416
7955.0,-0.7630643550486853
7956.0,-0.8513059232669922
7957.0,-0.8281148869383325
7958.0,-0.7220035081178335
7959.0,-1.3185132701165738
7960.0,-1.3427711233988802
7961.0,-0.5284014163562314
7962.0,-0.7901510132993746
7963.0,-0.7695518359222892
7964.0,-0.8552440673849073
7965.0,-1.5552842476476627
7966.0,-0.9385222599428196
7967.0,-0.8157581924915778
7968.0,-0.9350577023808756
7969.0,-0.6769244510300938
7970.0,-0.94414968218466
7971.0,-0.8378693679204212
7972.0,-1.2293542719786177
7973.0,-0.773766899598425
7974.0,-0.9168082966163401
7975.0,-0.986322312801451
7976.0,-0.9414119524337271
7977.0,-0.8661716663455774
7978.0,-1.6348641833139648
7979.0,-1.0722609994420913
7980.0,-0.9537803094023288
7981.0,-1.1746851087791326
7982.0,-0.9245335379530772
7983.0,-1.0693628438326785
7984.0,-0.6468691979202811
7985.0,-1.0870473316088392
7986.0,-1.1390706632856156
7987.0,-1.1845858724148075
7988.0,-1.2692945746710471
7989.0,-0.7622498396215265
7990.0,-1.4386659467254848
7991.0,-0.44883828680567717
7992.0,-0.9818881473494405
7993.0,-0.9688440928482198
7994.0,-1.2618860383534565
7995.0,-1.076695609375878
7996.0,-1.5458682783805873
7997.0,-1.0252036962151538
7998.0,-1.0273108831703535
7999.0,-1.3739454467114156
8000.0,-1.1023982197371502
8001.0,-1.135707591971809
8002.0,-1.2612433968187133
8003.0,-0.9842443238315166
8004.0,-1.1913837387393382
8005.0,-0.49165121447848714
8006.0,-0.7564433043109446
8007.0,-0.8132538403748393
8008.0,-1.4719877154022791
8009.0,-0.9633013313665693
8010.0,-1.2088556686214602
8011.0,-0.9569959734288622
8012.0,-0.28246946822057684
8013.0,-1.1057670970475544
8014.0,-1.0828045216453963
8015.0,-1.1137558371061742
8016.0,-0.8694383750165653
8017.0,-1.1897164866763514
8018.0,-0.7209669594430698
8019.0,-0.4716646778359582
8020.0,-1.0019631679847383
8021.0,-0.6830126228725102
8022.0,-1.0770245304846557
8023.0,-1.1368439152282572
8024.0,-0.8876040620184007
8025.0,-1.308463248752382
8026.0,-1.068856815659749
8027.0,-1.4633700136649077
8028.0,-1.4306248199592346
8029.0,-1.0055341112961877
8030.0,-1.5131777356187324
8031.0,-1.0852528489336146
8032.0,-0.5575320796601709
8033.0,-1.0926194903772675
8034.0,-0.9900784346521164
8035.0,-1.0247812812869324
8036.0,-1.0166450790009445
8037.0,-0.9524019119659458
8038.0,-0.7752516896994467
8039.0,-1.2319932149943777
8040.0,-1.1346717371585153
8041.0,-1.1252163563197846
8042.0,-1.5341758373993537
8043.0,-0.9578063820243993
8044.0,-0.9593765398979203
8045.0,-1.229720494926434
8046.0,-1.5101595775936427
8047.0,-1.0051852962216288
8048.0,-0.8597321481913555
8049.0,-1.133156632000674
8050.0,-0.39684174885660073
8051.0,-1.725714159773165
8052.0,-0.911858201950562
8053.0,-1.1804397416209746
8054.0,-1.345393242566955
8055.0,-0.8677064929920406
8056.0,-0.9152500210875143
8057.0,-0.7647812762637708
8058.0,-0.4519078576304335
8059.0,-1.062059974377555
8060.0,-0.9359134697773341
8061.0,-0.6816656640129133
8062.0,-1.237185026038928
8063.0,-1.4645308341530276
8064.0,-1.2245335944715932
8065.0,-1.274271100753405
8066.0,-0.8710642468304
8067.0,-1.1667284450975834
8068.0,-0.8017507474175124
8069.0,-1.2509717721119247
8070.0,-1.1110373815674888
8071.0,-0.7152444552630941
8072.0,-1.2139727992090132
8073.0,-1.0678703947621075
8074.0,-0.8800030744782356
8075.0,-1.1255780925873644
8076.0,-0.8494689468908075
8077.0,-0.9780463639715601
8078.0,-1.3283312736030344
8079.0,-0.580666923461397
8080.0,-1.0092849435884168
8081.0,-1.1465665486723509
8082.0,-1.072568639469812
8083.0,-0.7747812632547374
8084.0,-0.848063163719533
8085.0,-1.437170578925776
8086.0,-0.7779088211724711
8087.0,-1.5428544132847468
8088.0,-1.1182903671141395
8089.0,-1.403063356934593
8090.0,-1.1829274361218305
8091.0,-0.9946010910086202
8092.0,-0.8007320845573433
8093.0,-1.0292126388877296
8094.0,-0.9146525417167871
8095.0,-0.8270513561098185
8096.0,-0.8846407942610994
8097.0,-1.1348417623408957
8098.0,-1.164502567586399
8099.0,-1.2174569434566969
8100.0,-0.8564800663317813
8101.0,-0.8032264482969225
8102.0,-0.8798539954596849
8103.0,-0.7558591117987554
8104.0,-0.6245266984184907
8105.0,-0.9306782962151363
8106.0,-0.8793930436484634
8107.0,-0.4047526681967788
8108.0,-1.1037442270155882
8109.0,-1.1478432689447324
8110.0,-1.1616032304964654
8111.0,-1.14618249998068
8112.0,-1.0944209028643361
8113.0,-1.0034287435600566
8114.0,-1.2288690205517458
8115.0,-1.145383944092371
8116.0,-1.2173546471379353
8117.0,-1.0198077192939685
8118.0,-0.7053126798819682
8119.0,-0.5360200416561867
8120.0,-0.6461373625316406
8121.0,-0.9039655853753312
8122.0,-1.5248933366749455
8123.0,-1.265179340333833
8124.0,-1.0431621948966838
8125.0,-0.6737539412281275
8126.0,-0.8781437314204978
8127.0,-0.7458437354136389
8128.0,-0.7130897205363262
8129.0,-1.1672862030802076
8130.0,-0.938514301481406
8131.0,-0.6687985137595529
8132.0,-1.032626229783217
8133.0,-1.2326788604468417
8134.0,-0.7968573921841566
8135.0,-0.763198439928527
8136.0,-1.214957347084127
8137.0,-0.7386182808237616
8138.0,-1.4997525808164465
8139.0,-0.9185273544448429
8140.0,-0.9816013477998635
8141.0,-1.3965606762538514
8142.0,-1.2726272762707855
8143.0,-1.0519910613810086
8144.0,-0.7032953667323223
8145.0,-1.173357807218904
8146.0,-0.6019849330737381
8147.0,-0.8044760936367362
8148.0,-1.0680668891077114
8149.0,-0.7496679224173173
8150.0,-1.0012517949761621
8151.0,-1.6191566167869378
8152.0,-0.6953911421695752
8153.0,-0.7792105695179804
8154.0,-1.3661650886525147
8155.0,-0.9134789448257593
8156.0,-0.832384278762685
8157.0,-1.3690876336383555
8158.0,-1.1141978491841742
8159.0,-0.5893223405291707
8160.0,-1.185569030543438
8161.0,-1.2716819727324031
8162.0,-1.206690112687711
8163.0,-1.0350980748256708
8164.0,-0.9762604936101525
8165.0,-0.9088492492562623
8166.0,-0.8679755998986474
8167.0,-1.157994357965943
8168.0,-0.8322890792658696
8169.0,-0.9033072044393182
8170.0,-1.21011714337546
8171.0,-1.344402501760118
8172.0,-0.9281147401597518
8173.0,-0.9744683420252122
8174.0,-1.0528968623359107
8175.0,-0.9338367391775387
8176.0,-0.9963453475225853
8177.0,-1.2695962021724772
8178.0,-1.0182703067658059
8179.0,-1.1652985606416462
8180.0,-0.7057829796637478
8181.0,-0.7990972413739844
8182.0,-1.1236838523482902
8183.0,-1.157854590421691
8184.0,-1.077832726047048
8185.0,-1.5372032426518443
8186.0,-1.2822694674544142
8187.0,-1.3123530917516226
8188.0,-0.9468924382335824
8189.0,-1.068878362739498
8190.0,-0.9483252244679644
8191.0,-1.2076184314727183
8192.0,-1.0340379740980379
8193.0,-0.32471483232497156
8194.0,-0.8819617874995834
8195.0,-0.5744702244645814
8196.0,-0.6878945830402903
8197.0,-1.3434158514422252
8198.0,-0.9547394976520146
8199.0,-1.0451733960007934
8200.0,-1.3667878595232927
8201.0,-1.165643243017661
8202.0,-0.9243918811614605
8203.0,-1.448973011480747
8204.0,-0.8288810294282344
8205.0,-0.7052162711423402
8206.0,-0.5429361875053429
8207.0,-0.875523476757204
8208.0,-0.6156665522330497
8209.0,-1.0862002800492596
8210.0,-1.1302815981637566
8211.0,-1.2315008073856535
8212.0,-1.127151098369664
8213.0,-1.0187106732276134
8214.0,-0.9107840684419763
8215.0,-0.7958109592664981
8216.0,-1.080325160128488
8217.0,-1.0225438776979567
8218.0,-0.5561698435916095
8219.0,-1.0395358099579792
8220.0,-1.0074417683551231
8221.0,-0.8017284166725691
8222.0,-1.0890477968535455
8223.0,-0.6399205925615326
8224.0,-0.9002158647013313
8225.0,-0.9614269144443599
8226.0,-0.896398844951821
8227.0,-0.6584210010636488
8228.0,-1.2834825513987624
8229.0,-0.4813577879948001
8230.0,-0.7989196382044301
8231.0,-1.147701881951435
8232.0,-1.4437928742009032
8233.0,-0.9261018027349839
8234.0,-1.2642270863784533
8235.0,-1.0847432581560945
8236.0,-1.1188985345703557
8237.0,-0.9622965213767893
8238.0,-1.189720556043304
8239.0,-0.7286404192482323
8240.0,-1.6407379881418231
8241.0,-1.0072345983118751
8242.0,-1.1834531976671683
8243.0,-1.114672218414706
8244.0,-1.0512138329949794
8245.0,-0.6733145082517058
8246.0,-0.8639953871864731
8247.0,-0.996720926141793
8248.0,-0.9909356035978973
8249.0,-0.5637879390580965
8250.0,-1.307843120517618
8251.0,-1.1407054902271603
8252.0,-1.497478127724672
8253.0,-0.743489301467017
8254.0,-0.9240460106923352
8255.0,-1.0821249415710703
8256.0,-1.1493284187595691
8257.0,-1.2530360575572763
8258.0,-1.1441569597505385
8259.0,-0.7797134765107313
8260.0,-1.2049420280893228
8261.0,-0.7962928808821632
8262.0,-0.38071046836296785
8263.0,-0.8728375310996606
8264.0,-1.1570427719204512
8265.0,-0.8502786403587035
8266.0,-1.2475916968655247
8267.0,-1.1524755907170683
8268.0,-0.7193450200912189
8269.0,-1.0298657155721846
8270.0,-0.8227664420695767
8271.0,-0.9361869429611508
8272.0,-1.105291630528048
8273.0,-1.0072811885582953
8274.0,-0.7273651781727386
8275.0,-0.8239383205018874
8276.0,-0.9200350119020315
8277.0,-0.9353586006220957
8278.0,-0.7874631514361556
8279.0,-1.2309398883434435
8280.0,-0.6522181281181841
8281.0,-0.7519729335171119
8282.0,-0.809066055772625
8283.0,-1.0351877172940622
8284.0,-1.278325137652787
8285.0,-1.0394222953792924
8286.0,-1.0483510131184706
8287.0,-0.9104601330480329
8288.0,-0.48361595961583514
8289.0,-1.2929996420619612
8290.0,-1.098168306200947
8291.0,-0.9467876556890691
8292.0,-1.0739647741637897
8293.0,-1.3117308904430647
8294.0,-1.0993210550331454
8295.0,-1.0998186912562766
8296.0,-1.303186603614953
8297.0,-0.7760814718638953
8298.0,-1.0691215966095482
8299.0,-0.8414440708588504
8300.0,-1.138451332231448
8301.0,-0.5606971619199417
8302.0,-1.0245162168192017
8303.0,-1.1660327019338506
8304.0,-0.9144351115723324
8305.0,-0.9816303952472873
8306.0,-0.987242076785876
8307.0,-0.8052502739750792
8308.0,-1.2888492234358109
8309.0,-1.210857884351594
8310.0,-0.8109124062660144
8311.0,-1.0139015659029462
8312.0,-0.7526482477720677
8313.0,-0.9966214120992615
8314.0,-0.6535133299059177
8315.0,-0.8615554055210939
8316.0,-1.323781194616068
8317.0,-1.019340773725601
8318.0,-1.484178577099597
8319.0,-1.1033193887216155
8320.0,-1.0098676202262098
8321.0,-1.0986181905025214
8322.0,-0.8409858634308292
8323.0,-0.9691445645712308
8324.0,-0.8823512482804798
8325.0,-0.7813969757434374
8326.0,-1.007075178501258
8327.0,-0.9537316601932196
8328.0,-1.2030903537802353
8329.0,-1.0215323258193456
8330.0,-0.46434015939718554
8331.0,-0.9839567696029786
8332.0,-0.8455528293587137
8333.0,-0.7425336126081018
8334.0,-0.8548023769472481
8335.0,-1.0568392220440759
8336.0,-1.1552098305523082
8337.0,-1.0370643546932021
8338.0,-1.1852091096136563
8339.0,-1.2535221300913586
8340.0,-0.8729209461794377
8341.0,-1.0223176355817436
8342.0,-1.0318366050978565
8343.0,-1.3374059575507213
8344.0,-1.3950961848932648
8345.0,-1.416522190710224
8346.0,-1.336639554365679
8347.0,-1.1775406647954516
8348.0,-1.1120731130785235
8349.0,-1.0325569435474617
8350.0,-1.2633037048079685
8351.0,-1.3185187323471448
8352.0,-0.6066040062499307
8353.0,-1.4998274381150176
8354.0,-0.676881836207704
8355.0,-1.0734943369186705
8356.0,-1.0880085214026658
8357.0,-1.2179315172392309
8358.0,-1.055205767637138
8359.0,-1.1435290597188354
8360.0,-1.4526377800484394
8361.0,-0.5929056748982897
8362.0,-1.3531858970652084
8363.0,-1.0997902738416168
8364.0,-0.5887603395798482
8365.0,-0.9405376764099029
8366.0,-0.9403030488233377
8367.0,-1.5049623857259573
8368.0,-1.0469141162020434
8369.0,-1.149757585526358
8370.0,-1.105837637780237
8371.0,-0.6496814100025228
8372.0,-1.1005772477595377
8373.0,-1.2302711163596274
8374.0,-0.9545105769780431
8375.0,-0.9153649250120952
8376.0,-1.1549928791724655
8377.0,-1.2852268798721902
8378.0,-1.288137139144786
8379.0,-0.9356264679918891
8380.0,-0.7640196678051447
8381.0,-1.0589826066866395
8382.0,-1.4016445683694982
8383.0,-1.0214553090951408
8384.0,-1.2677237471530187
8385.0,-0.8169972083377628
8386.0,-1.13428794855094
8387.0,-0.9715815005958566
8388.0,-0.8791904899556372
8389.0,-1.1891005588969445
8390.0,-1.1116707490690363
8391.0,-0.7940316760780095
8392.0,-0.601708204143883
8393.0,-1.2918046125947602
8394.0,-0.5371547213450523
8395.0,-0.8172391050041758
8396.0,-0.7377710378153526
8397.0,-0.6375275533384424
8398.0,-1.0274810159926642
8399.0,-0.8676460833735425
8400.0,-0.5513264847380586
8401.0,-1.053942224633274
8402.0,-1.1252166787686944
8403.0,-1.0177797795041417
8404.0,-1.0654242218876864
8405.0,-0.7873606735460806
8406.0,-1.2977105231564199
8407.0,-0.5734493722735041
8408.0,-0.9396364170671121
8409.0,-0.8234126023360039
8410.0,-0.7993062056027587
8411.0,-1.3146411622525005
8412.0,-1.0800252751287946
8413.0,-1.168062213214008
8414.0,-1.3489497540228155
8415.0,-0.8652098467953474
8416.0,-0.8668536580053681
8417.0,-0.7830274831005286
8418.0,-1.2302744037768232
8419.0,-1.1267893869963723
8420.0,-0.7563228010420571
8421.0,-1.5580147477543198
8422.0,-0.9857087131689974
8423.0,-1.1179699244954426
8424.0,-1.0101673799988393
8425.0,-0.7582478047556269
8426.0,-0.902406200276933
8427.0,-1.1954849059893546
8428.0,-0.6360430948025871
8429.0,-1.0970448955949115
8430.0,-1.3206071130976713
8431.0,-1.005728526858614
8432.0,-0.7311311597796937
8433.0,-1.4777082669792925
8434.0,-0.8900823451791814
8435.0,-1.0999783936571255
8436.0,-0.3792183590438959
8437.0,-0.6031877362062862
8438.0,-1.0582090874242258
8439.0,-0.8285367406385769
8440.0,-0.8027919473730721
8441.0,-0.9343074840192955
8442.0,-0.9784470493152672
8443.0,-1.1592762724324392
8444.0,-0.8522153655679884
8445.0,-1.3761260818440713
8446.0,-0.8133632444079576
8447.0,-0.3372087564465881
8448.0,-1.081138196312489
8449.0,-1.215524467985456
8450.0,-0.970377154591768
8451.0,-1.2828036341298557
8452.0,-1.065800750492258
8453.0,-0.8592709773186953
8454.0,-1.2283187974996457
8455.0,-0.5867562776794824
8456.0,-1.8202808735856957
8457.0,-1.1603954720951946
8458.0,-1.0932265886623034
8459.0,-0.9981390318851651
8460.0,-0.8880950048780172
8461.0,-1.1011024147211377
8462.0,-1.527323920272417
8463.0,-0.8029503436402868
8464.0,-1.1858339958380912
8465.0,-1.2090029845426113
8466.0,-0.6050909139297038
8467.0,-1.0404358647204568
8468.0,-1.062799701425519
8469.0,-0.9621064666804013
8470.0,-0.8835327105730446
8471.0,-0.4229898985219801
8472.0,-1.2258914469243973
8473.0,-1.05381202203473
8474.0,-1.2274016898184423
8475.0,-0.9367846302522256
8476.0,-0.6090833651363974
8477.0,-0.7849339063868913
8478.0,-1.293304326127076
8479.0,-1.1532245010105555
8480.0,-0.9723611684099889
8481.0,-1.5310464479819719
8482.0,-0.9740839943259467
8483.0,-1.0805825187826064
8484.0,-1.1857137123764712
8485.0,-1.0833671334064983
8486.0,-0.9261811876785913
8487.0,-0.9749256534665914
8488.0,-0.9725830349923661
8489.0,-1.2799637551784357
8490.0,-0.8398932600985101
8491.0,-1.1378641626212684
8492.0,-0.7733751129048971
8493.0,-0.923212020416713
8494.0,-0.5783735684034637
8495.0,-0.6606946228095868
8496.0,-0.5890541059877961
8497.0,-0.7894726753012231
8498.0,-1.1681533440487584
8499.0,-0.8949064922284263
8500.0,-0.7828768778524537
8501.0,-0.8180614930617296
8502.0,-0.6752812220915729
8503.0,-1.1352117078233428
8504.0,-0.7404893060731502
8505.0,-1.0076881943676628
8506.0,-0.4089954429642908
8507.0,-1.0603099768651847
8508.0,-1.0348949041768354
8509.0,-1.2792521653753397
8510.0,-0.6312780397481328
8511.0,-0.9917689832094223
8512.0,-1.0610378489101315
8513.0,-1.0532746856069377
8514.0,-1.3238553688124388
8515.0,-1.088748191709191
8516.0,-0.9017619159909754
8517.0,-1.2094690379270805
8518.0,-0.6825119154066664
8519.0,-1.2617171217985859
8520.0,-1.2141806673656708
8521.0,-0.8253034865434516
8522.0,-1.2156036899641323
8523.0,-1.29192476974151
8524.0,-0.909534447740437
8525.0,-0.7657994219536328
8526.0,-1.1072414583697723
8527.0,-1.2120407118260443
8528.0,-0.8784655521723106
8529.0,-1.0712662069915126
8530.0,-1.1922474918851182
8531.0,-1.2900972365042445
8532.0,-0.9503610409940385
8533.0,-1.0689902865868983
8534.0,-0.8597937986951727
8535.0,-0.8765484379462594
8536.0,-0.7742674557380808
8537.0,-1.1184969252642638
8538.0,-1.3145973858877582
8539.0,-1.1845269516003387
8540.0,-0.9480082779664608
8541.0,-0.8394901936042152
8542.0,-1.1298634557143596
8543.0,-0.9971061499398983
8544.0,-0.7620757704069722
8545.0,-0.6601415148368069
8546.0,-0.8524166449701442
8547.0,-0.753321179545343
8548.0,-0.5895346652939769
8549.0,-0.7297916728554361
8550.0,-0.9636433554102248
8551.0,-1.2515159880912063
8552.0,-0.5793238734281556
8553.0,-0.40936862393174167
8554.0,-0.8235999240133983
8555.0,-0.7833482378511738
8556.0,-0.9184948947804515
8557.0,-0.8861897664531175
8558.0,-1.0292609553284044
8559.0,-1.5064878206495158
8560.0,-0.5323549094530176
8561.0,-1.0869840501739112
8562.0,-1.131682972408072
8563.0,-0.8459255429539019
8564.0,-1.2197962464158947
8565.0,-0.6877179576612354
8566.0,-1.355274350193667
8567.0,-0.5753140614056218
8568.0,-1.1424352014345123
8569.0,-1.057678325940127
8570.0,-1.256868894000895
8571.0,-0.739470606042669
8572.0,-0.16006661494485674
8573.0,-1.3949883940805639
8574.0,-1.4941094589525337
8575.0,-1.1315166730085107
8576.0,-1.0148307489950532
8577.0,-0.9763193217348415
8578.0,-0.9595262981778458
8579.0,-0.6584989505197887
8580.0,-1.2975850351625378
8581.0,-1.1484634861206577
8582.0,-0.2674294454847619
8583.0,-0.9231325171216127
8584.0,-1.1090569682572047
8585.0,-1.058215673602157
8586.0,-0.6179230790572013
8587.0,-1.011514127891179
8588.0,-1.4152085968613446
8589.0,-0.9068646080996657
8590.0,-0.8132119094363004
8591.0,-0.9130559196162833
8592.0,-0.9162073899085323
8593.0,-0.867119327460795
8594.0,-1.0509655372506455
8595.0,-1.2653582955885427
8596.0,-1.4199002373135357
8597.0,-0.9391694947995579
8598.0,-1.029204428640232
8599.0,-0.9262722728878559
8600.0,-1.1072212114973097
8601.0,-0.6170684037651888
8602.0,-0.9547782504824824
8603.0,-0.9107935931087764
8604.0,-0.9850182876807676
8605.0,-0.8347330073451164
8606.0,-0.8270746616177462
8607.0,-1.0116688362591417
8608.0,-1.2007528707042943
8609.0,-0.7570227806452998
8610.0,-0.8973914860978358
8611.0,-1.2153175577739863
8612.0,-0.697073116111192
8613.0,-1.0865321117303572
8614.0,-1.0528507269723302
8615.0,-1.0278055960820627
8616.0,-0.8379980423777774
8617.0,-0.7808827154483154
8618.0,-0.6586457926139505
8619.0,-1.6725780313611012
8620.0,-0.8052441522766658
8621.0,-1.0932803132319737
8622.0,-0.9929419507852585
8623.0,-1.1196264007382992
8624.0,-0.6606162612906741
8625.0,-1.1675806551464978
8626.0,-1.4997714753700933
8627.0,-1.1201245314234045
8628.0,-1.1417570748229064
8629.0,-0.855063558193124
8630.0,-1.330210291692183
8631.0,-1.1648481369506516
8632.0,-0.8051995352488062
8633.0,-1.1270126542689032
8634.0,-0.5435088979953177
8635.0,-1.1344245912164341
8636.0,-1.4261427934536017
8637.0,-0.9894458917440452
8638.0,-1.0712522075886357
8639.0,-0.8939935387165813
8640.0,-1.0288056484022876
8641.0,-0.8780913257253937
8642.0,-1.0512804141139414
8643.0,-1.0258624928939282
8644.0,-0.5673032374457212
8645.0,-0.6478370386792096
8646.0,-1.1451008689029718
8647.0,-0.7115262147351822
8648.0,-0.4539058260713037
8649.0,-1.2357864896884656
8650.0,-0.5539100567115829
8651.0,-1.233605935091521
8652.0,-0.8002355513876609
8653.0,-1.2914568515318396
8654.0,-0.957316197971035
8655.0,-0.9743207586553922
8656.0,-1.081123064914203
8657.0,-1.1722130175186105
8658.0,-1.3126665342095518
8659.0,-1.310943541384788
8660.0,-0.835932233497216
8661.0,-0.7207907662335514
8662.0,-0.4513022764318164
8663.0,-1.0569506401835012
8664.0,-0.7540456195691085
8665.0,-1.114306833421217
8666.0,-1.093207819237489
8667.0,-1.0879642928583702
8668.0,-1.2993806515958513
8669.0,-1.1348624561839307
8670.0,-0.9918572095376758
8671.0,-0.9443066341174488
8672.0,-0.8756283349442291
8673.0,-1.2097573148408085
8674.0,-0.8974325439344931
8675.0,-0.5610864040451193
8676.0,-0.8137343001984048
8677.0,-0.9260826799526503
8678.0,-0.8988878979883148
8679.0,-0.9875190606457748
8680.0,-1.0216332028614294
8681.0,-1.1849696255084723
8682.0,-0.9717515259566845
8683.0,-1.099446469336568
8684.0,-1.0642516987523518
8685.0,-1.0574532096464884
8686.0,-0.9890387689821555
8687.0,-1.1745245083455886
8688.0,-1.0016849185747345
8689.0,-0.8464577891420569
8690.0,-1.5855846276455678
8691.0,-1.0006776679320573
8692.0,-0.8770798281635355
8693.0,-0.5993075287605466
8694.0,-1.0556584716893807
8695.0,-0.4608060462256771
8696.0,-0.9298800725835016
8697.0,-0.9724725347795165
8698.0,-0.515920012402756
8699.0,-0.9945808189227578
8700.0,-0.9681821999598923
8701.0,-1.1140978181341392
8702.0,-1.0995552590906412
8703.0,-0.8214217631715723
8704.0,-0.8016231111140195
8705.0,-1.002595248879635
8706.0,-1.3867074739595002
8707.0,-0.8842967394828889
8708.0,-0.8041870540981885
8709.0,-1.2748139282569477
8710.0,-1.3084000203215052
8711.0,-0.6843036530093141
8712.0,-1.0446103958478088
8713.0,-0.8280874254301982
8714.0,-0.8250621923966344
8715.0,-0.8911165243875019
8716.0,-0.882882658926882
8717.0,-1.2406100450701651
8718.0,-0.8591598398956073
8719.0,-0.6332706853585879
8720.0,-0.6604095884132354
8721.0,-1.4790079365050288
8722.0,-0.8279666438971953
8723.0,-0.9055155521068449
8724.0,-0.6786886911740337
8725.0,-1.0942141020457639
8726.0,-0.9858519615025787
8727.0,-1.1337874612459955
8728.0,-0.6652043820686868
8729.0,-0.9812012705191345
8730.0,-0.3803080470336929
8731.0,-0.7089309346765313
8732.0,-1.1802662829638744
8733.0,-0.866512338173972
8734.0,-1.1452801199584195
8735.0,-0.8426824549722929
8736.0,-1.035939183043105
8737.0,-1.42461162978053
8738.0,-1.03690098853144
8739.0,-2.1361351444363925
8740.0,-1.1797734742383676
8741.0,-0.8966016599266081
8742.0,-0.8730524146204747
8743.0,-1.0460243231270447
8744.0,-1.2306259659559098
8745.0,-0.7501313464844126
8746.0,-1.2739962927292074
8747.0,-1.1302915125569342
8748.0,-0.9058757798887437
8749.0,-0.36999212362586753
8750.0,-1.4287435612623869
8751.0,-1.3089566039406664
8752.0,-1.0692557777492508
8753.0,-1.16970315492368
8754.0,-1.4901610477306582
8755.0,-1.2362278425335311
8756.0,-1.5646923896134202
8757.0,-0.7605195074362077
8758.0,-1.0679758308750964
8759.0,-0.9459871190850074
8760.0,-0.7619492739120635
8761.0,-1.1281062325028544
8762.0,-0.8898703296919283
8763.0,-1.0211737531344647
8764.0,-1.1429754577275784
8765.0,-1.1664289710296056
8766.0,-1.0072068187967256
8767.0,-0.9687256018326524
8768.0,-1.546150778593192
8769.0,-1.1912740358142537
8770.0,-1.0465736275327946
8771.0,-1.025991946627969
8772.0,-1.3056829555300873
8773.0,-0.6962305562282846
8774.0,-0.8995779140348665
8775.0,-0.8691456976041604
8776.0,-0.9992503331676701
8777.0,-1.042947054897227
8778.0,-1.3989139436042317
8779.0,-1.0392955102597057
8780.0,-0.9199549247075014
8781.0,-1.0076585025888096
8782.0,-1.0321873808501512
8783.0,-1.5126778908121992
8784.0,-0.9392424711496243
8785.0,-1.27059367578717
8786.0,-1.1226240733532578
8787.0,-1.0465271077362126
8788.0,-0.8904782453773965
8789.0,-0.9778565989912631
8790.0,-1.0355611588552198
8791.0,-1.0506857829540743
8792.0,-0.6675501117985061
8793.0,-0.8136696445159686
8794.0,-0.4188979669085032
8795.0,-1.1321443002902076
8796.0,-0.7511560144184526
8797.0,-0.9916330636223141
8798.0,-0.8212651254257383
8799.0,-1.2413373973161588
8800.0,-1.1152562901864913
8801.0,-0.8040296263130111
8802.0,-0.9777632831160068
8803.0,-0.864336637533309
8804.0,-1.1213665154320405
8805.0,-0.598419336842838
8806.0,-1.3855024164360767
8807.0,-1.2166865995529248
8808.0,-0.975662231942774
8809.0,-1.1619063555164217
8810.0,-1.2098643752812142
8811.0,-1.0645317811135346
8812.0,-1.0061756617696496
8813.0,-0.9710148951081568
8814.0,-0.6523440917963688
8815.0,-0.9948253049331703
8816.0,-1.2534581295974951
8817.0,-0.7417012518966712
8818.0,-0.9205993189349848
8819.0,-1.3325044286705052
8820.0,-0.9950029598337767
8821.0,-0.9648726641985355
8822.0,-0.8607190715273026
8823.0,-1.2351625182906525
8824.0,-1.0766686119728544
8825.0,-0.9851371297677729
8826.0,-1.0613590471163665
8827.0,-1.1025362016098836
8828.0,-0.5471683952753497
8829.0,-1.5401651211643865
8830.0,-0.6072280859893776
8831.0,-0.7867974473376683
8832.0,-0.9109716347470861
8833.0,-1.0863689849686982
8834.0,-0.7790384145024161
8835.0,-1.0058835124415102
8836.0,-0.6534529894757235
8837.0,-0.8647131006890807
8838.0,-0.7923605704580657
8839.0,-1.2625588208116731
8840.0,-0.9893522001724627
8841.0,-0.6168462155150005
8842.0,-0.5977977791136679
8843.0,-1.0487296436096247
8844.0,-1.6141350257140408
8845.0,-1.015477675740005
8846.0,-1.0694552275970624
8847.0,-0.8278003023081602
8848.0,-0.7638576526794167
8849.0,-1.1810615448413895
8850.0,-1.3296771057092318
8851.0,-1.3289473453901643
8852.0,-1.36379833945619
8853.0,-1.2489578441425744
8854.0,-0.9267778691052937
8855.0,-0.9080846485953024
8856.0,-0.8022806782041303
8857.0,-0.9804437726769064
8858.0,-0.621860101496667
8859.0,-0.3810967119659384
8860.0,-0.9112358279158534
8861.0,-1.1754054723571687
8862.0,-0.7927020792196697
8863.0,-1.1305578736539934
8864.0,-1.216527898605099
8865.0,-1.0720776055369643
8866.0,-0.9216726149264955
8867.0,-0.686772691322929
8868.0,-0.810102491894102
8869.0,-0.9490778834249658
8870.0,-1.0952374093359791
8871.0,-0.34192983397250043
8872.0,-1.0128811189713618
8873.0,-0.895208139412682
8874.0,-0.8316671776236194
8875.0,-0.8416382948571527
8876.0,-1.1717037911389745
8877.0,-1.412164554363525
8878.0,-1.0288677612436756
8879.0,-1.116191842475137
8880.0,-0.8719842457273757
8881.0,-1.3279566021498208
8882.0,-1.1312396357300472
8883.0,-0.9177535382343311
8884.0,-0.7815274109435479
8885.0,-0.8920869217428998
8886.0,-0.46784976199649575
8887.0,-1.0439349521831323
8888.0,-0.6774274979686405
8889.0,-0.5839066113503744
8890.0,-1.3872139173666658
8891.0,-1.1280679096710067
8892.0,-1.125402365605713
8893.0,-1.0135714102565394
8894.0,-0.8712763262964679
8895.0,-0.8509438773255272
8896.0,-0.9092736516608206
8897.0,-0.829258238572978
8898.0,-0.9684538166869536
8899.0,-1.3696665933453072
8900.0,-0.7655588626018481
8901.0,-1.1996275642449585
8902.0,-1.2583398802425956
8903.0,-0.6193193186978185
8904.0,-0.7759102980405355
8905.0,-0.8508288466706775
8906.0,-0.9483067166713803
8907.0,-1.4735825063322214
8908.0,-1.361257554235727
8909.0,-1.454381004916053
8910.0,-1.1499309590125244
8911.0,-1.3329070919717176
8912.0,-0.6534021059989252
8913.0,-0.9645067710457833
8914.0,-1.6371187678250996
8915.0,-0.5298344536499306
8916.0,-0.8332063557782672
8917.0,-1.088153473650792
8918.0,-1.2712176003837987
8919.0,-1.1600399026469368
8920.0,-0.9781873249958244
8921.0,-0.34373158132940107
8922.0,-0.8811822589378905
8923.0,-1.092646834020966
8924.0,-1.0662228944225114
8925.0,-0.8405298744713314
8926.0,-1.0103330599154463
8927.0,-1.1967201305745896
8928.0,-1.192760082222021
8929.0,-0.9511764472286245
8930.0,-0.9451548245064113
8931.0,-0.6303249132654078
8932.0,-1.3329356364913632
8933.0,-1.0641175648188133
8934.0,-0.8814827357799735
8935.0,-1.1334323777463848
8936.0,-1.366488975758584
8937.0,-0.9993791994088471
8938.0,-1.257517421584994
8939.0,-1.0430499472789196
8940.0,-0.9771565282658681
8941.0,-1.085615587570973
8942.0,-0.9836123505877621
8943.0,-0.9564635271821447
8944.0,-1.2634958383895696
8945.0,-1.3719254630986686
8946.0,-1.4649584604571848
8947.0,-0.9261848989784788
8948.0,-1.1000013781501776
8949.0,-1.3444776868467816
8950.0,-1.241713223999358
8951.0,-0.8149420348067213
8952.0,-1.7091095179196272
8953.0,-0.9171097647742968
8954.0,-1.2987463268646953
8955.0,-1.0502792086862238
8956.0,-0.9875617424572682
8957.0,-0.88420988899535
8958.0,-1.2684883420484951
8959.0,-0.9986163711164717
8960.0,-1.155297248723541
8961.0,-1.0833765751946756
8962.0,-0.9663594273828864
8963.0,-0.9305782561576232
8964.0,-1.1856502911971756
8965.0,-1.129741057334388
8966.0,-0.6891932730664407
8967.0,-1.1430742371235805
8968.0,-0.906962057228652
8969.0,-1.3111406266551437
8970.0,-1.4822056443003906
8971.0,-0.7009855320173843
8972.0,-0.8752272526619911
8973.0,-1.0053800987134742
8974.0,-1.011800542304573
8975.0,-1.5208129569444302
8976.0,-1.010994932880669
8977.0,-0.9091580589324613
8978.0,-0.9729618332508507
8979.0,-0.6945777676345345
8980.0,-0.9493449164744321
8981.0,-1.1390540780547367
8982.0,-1.080991486718074
8983.0,-1.3524429897667518
8984.0,-0.9489438920289943
8985.0,-0.7121581585722896
8986.0,-0.6065715744246087
8987.0,-0.7407435031372899
8988.0,-0.8613532872034914
8989.0,-0.795636867408487
8990.0,-1.1083204503205406
8991.0,-0.526933357022755
8992.0,-1.343243813987421
8993.0,-1.256932902555012
8994.0,-1.160980091713295
8995.0,-0.7936889236631285
8996.0,-1.1021688955363675
8997.0,-0.8680944908927852
8998.0,-0.9072985617472318
8999.0,-1.0183706868919633
9000.0,-1.4664921244624025
9001.0,-0.9499645698307404
9002.0,-1.045799808302493
9003.0,-0.7436942242840919
9004.0,-0.8556389298583917
9005.0,-0.7637289833826707
9006.0,-0.8020558131334576
9007.0,-0.9896706554198025
9008.0,-1.5202492508994716
9009.0,-1.145645568473058
9010.0,-0.8770092604744567
9011.0,-0.5874887052917919
9012.0,-1.3149367116989066
9013.0,-1.138590904002484
9014.0,-0.8587144248885717
9015.0,-1.2267620679933062
9016.0,-0.6833578696516771
9017.0,-1.0395569049964608
9018.0,-0.856665690515702
9019.0,-1.1333177904156295
9020.0,-0.7752051019798045
9021.0,-1.5271655006530593
9022.0,-1.1183229603324807
9023.0,-0.8026967119656109
9024.0,-0.5878166676867311
9025.0,-1.1285769737178792
9026.0,-1.032725811574697
9027.0,-0.5707025764353741
9028.0,-0.633688555693931
9029.0,-0.7118570880273776
9030.0,-0.6903554204152396
9031.0,-1.2948309471335084
9032.0,-0.3279255259336086
9033.0,-1.1458159947570117
9034.0,-1.2658487493462074
9035.0,-0.9408679883418848
9036.0,-0.7243970378075368
9037.0,-0.9867071329304816
9038.0,-0.8279101771209939
9039.0,-0.9944732873214472
9040.0,-0.927512455170786
9041.0,-0.523656524757713
9042.0,-0.6544143517934975
9043.0,-1.0787356650700826
9044.0,-0.6864463453416532
9045.0,-0.9205231568039669
9046.0,-1.1749444923044967
9047.0,-1.323326988491356
9048.0,-1.303060223052749
9049.0,-0.9815769096663214
9050.0,-1.3239926581952297
9051.0,-0.9728528736348493
9052.0,-0.9239928308205039
9053.0,-1.1875798160499087
9054.0,-0.7708276391595544
9055.0,-0.7930310302917506
9056.0,-1.2451688468568622
9057.0,-0.7677541420342282
9058.0,-0.9400660518958682
9059.0,-1.1054477437569696
9060.0,-1.5802757174050288
9061.0,-1.2896276195932828
9062.0,-1.5333758786942235
9063.0,-1.2886966983164452
9064.0,-0.7513978538115621
9065.0,-0.8085902423170075
9066.0,-1.0720154109111926
9067.0,-0.9879250436967788
9068.0,-0.8575481598343093
9069.0,-0.9488654352492677
9070.0,-0.7949318147301825
9071.0,-0.8134169248859653
9072.0,-0.9326211364484247
9073.0,-1.4432695608460047
9074.0,-1.0647774628215612
9075.0,-1.530520663259182
9076.0,-1.1775232948364098
9077.0,-1.2186468004406295
9078.0,-1.2550118613482215
9079.0,-0.7906047220656529
9080.0,-1.1687784181313967
9081.0,-1.326616300562404
9082.0,-0.6401532187208319
9083.0,-0.8171146417060271
9084.0,-0.7928985035201086
9085.0,-0.8469405497787751
9086.0,-0.8276708054519097
9087.0,-0.45702193965463755
9088.0,-1.1971083420341748
9089.0,-1.3468459097587866
9090.0,-0.919262891322486
9091.0,-0.7221026780039321
9092.0,-1.0490144845567801
9093.0,-0.9686644283352152
9094.0,-1.0846210902904272
9095.0,-0.7375119289668672
9096.0,-1.2058388501408033
9097.0,-1.1817663743987143
9098.0,-1.1132647758582799
9099.0,-1.195792271423485
9100.0,-0.8046404748844681
9101.0,-0.7561449956867117
9102.0,-0.8579351861229298
9103.0,-1.3394054525884038
9104.0,-1.4171076787541643
9105.0,-0.3810043978678447
9106.0,-0.7770860615183608
9107.0,-1.1416140347566062
9108.0,-1.233697739024439
9109.0,-1.1265475800337057
9110.0,-1.2453164610855734
9111.0,-0.9810936074648227
9112.0,-1.4271106232614454
9113.0,-0.9424322638873325
9114.0,-1.4291623270100045
9115.0,-0.6785320050108538
9116.0,-0.9025673812777396
9117.0,-0.440425479211518
9118.0,-0.3180136007105877
9119.0,-1.635199075038641
9120.0,-0.8398086495215041
9121.0,-0.9463874931979894
9122.0,-0.803766088596548
9123.0,-0.8183978131875342
9124.0,-1.1981224322232966
9125.0,-1.2067519686850696
9126.0,-1.0394735541803166
9127.0,-0.8807599187559362
9128.0,-0.5631393954570036
9129.0,-0.690527495666851
9130.0,-0.6222627230457396
9131.0,-1.0839229214619586
9132.0,-0.90469437253728
9133.0,-1.0873900793668259
9134.0,-0.9997598994247509
9135.0,-1.0640401255607126
9136.0,-1.277198369407949
9137.0,-1.0318586253499737
9138.0,-1.311112890779546
9139.0,-1.1876033109698647
9140.0,-1.2293075749107563
9141.0,-1.2917000449959288
9142.0,-1.1285396416011122
9143.0,-0.6902188804239274
9144.0,-1.0079215149366014
9145.0,-1.3233022775078107
9146.0,-0.8436107170446265
9147.0,-0.9335936690477092
9148.0,-1.079958032128712
9149.0,-0.6054920855826813
9150.0,-0.8883423649870219
9151.0,-1.4443081696881057
9152.0,-0.9609305286358951
9153.0,-1.174089644043506
9154.0,-0.836999925704816
9155.0,-1.5576401052077005
9156.0,-1.111340880962783
9157.0,-0.8884476595164887
9158.0,-0.9260564867172553
9159.0,-1.0239114483856742
9160.0,-0.9027506913740182
9161.0,-0.07332407671170094
9162.0,-1.1629185936820192
9163.0,-1.0084658919636014
9164.0,-1.072266895668941
9165.0,-0.9504437821947298
9166.0,-0.5497810808385443
9167.0,-1.5429158498740914
9168.0,-1.0745792278739605
9169.0,-0.9661587930713568
9170.0,-0.7950613977508161
9171.0,-1.1688213538377898
9172.0,-1.0460891718256549
9173.0,-0.9998470328970938
9174.0,-0.9332980197490068
9175.0,-0.7170279448875192
9176.0,-0.848955028432774
9177.0,-1.2005007442757296
9178.0,-1.1491365170900005
9179.0,-1.216353401297442
9180.0,-0.9655862414916963
9181.0,-1.43512362813145
9182.0,-0.805333777658228
9183.0,-0.8644185078620259
9184.0,-1.1241781551589582
9185.0,-0.7884813714538649
9186.0,-0.9154283996685811
9187.0,-0.994721204530793
9188.0,-0.948396734425418
9189.0,-1.1399713877385786
9190.0,-1.4237648906508078
9191.0,-1.583001097981528
9192.0,-1.3757687840176516
9193.0,-0.7756073091432686
9194.0,-1.33142172016947
9195.0,-1.2665430625010596
9196.0,-0.9763269857134775
9197.0,-1.1325537300964468
9198.0,-0.9609862921425845
9199.0,-1.025995548841536
9200.0,-1.5567951608213058
9201.0,-0.9633029778543377
9202.0,-0.7345170582707861
9203.0,-1.3959414484438737
9204.0,-1.255401634224225
9205.0,-0.7495195525477533
9206.0,-0.9960898747789936
9207.0,-1.099051655555161
9208.0,-1.2478842168018525
9209.0,-0.9929691108638807
9210.0,-1.2633621420042944
9211.0,-0.5745254124034248
9212.0,-0.9213529760629304
9213.0,-1.1335002613597593
9214.0,-1.2200398422601286
9215.0,-1.1598598099664907
9216.0,-1.002292090130591
9217.0,-1.0357328111262238
9218.0,-1.4335908207464731
9219.0,-1.1130061583863746
9220.0,-0.9463239333730991
9221.0,-1.239140105272856
9222.0,-0.9684144125580026
9223.0,-1.1748233878390377
9224.0,-1.324481689997874
9225.0,-1.0779934237439455
9226.0,-1.2318471555148856
9227.0,-1.6766455300533905
9228.0,-1.472645720579908
9229.0,-1.0961303739833992
9230.0,-0.9075325950645726
9231.0,-1.0147729251873627
9232.0,-1.3094755431416525
9233.0,-0.6501451727306629
9234.0,-0.8468394231727918
9235.0,-1.0953719391315369
9236.0,-0.8644226122949425
9237.0,-1.1165773547244497
9238.0,-1.044789468461155
9239.0,-1.232828263293865
9240.0,-1.485151323294121
9241.0,-0.7479312333699789
9242.0,-1.0097988826155357
9243.0,-0.8639840930887615
9244.0,-0.8922307049409786
9245.0,-0.9535645945975022
9246.0,-0.9503026780563791
9247.0,-1.3998056689436533
9248.0,-0.9734749424783363
9249.0,-0.8356092422458918
9250.0,-0.8311335102687216
9251.0,-1.0897913459720272
9252.0,-1.3902373254850722
9253.0,-0.966741707624014
9254.0,-1.0529811723189086
9255.0,-1.2726351700515917
9256.0,-1.3767920078493938
9257.0,-0.6657566718950735
9258.0,-0.9459780557798064
9259.0,-1.089553048867371
9260.0,-0.7588826224725497
9261.0,-1.3307728250431636
9262.0,-1.2060295045739748
9263.0,-0.8615048682633693
9264.0,-0.9711056812201615
9265.0,-1.2114189229838752
9266.0,-0.9839604197072096
9267.0,-1.0467298465173729
9268.0,-1.1818094978858276
9269.0,-0.8730314029166194
9270.0,-0.8687936663800817
9271.0,-1.3083945911463504
9272.0,-0.8800633751848188
9273.0,-1.2344545319325746
9274.0,-1.0541077813331483
9275.0,-1.395117428832008
9276.0,-0.8774322320477799
9277.0,-0.7075479820873024
9278.0,-1.0736027641415846
9279.0,-0.9524431908485738
9280.0,-1.3300353463039427
9281.0,-1.4531194526441373
9282.0,-0.7686948360722481
9283.0,-1.031247285602512
9284.0,-0.8186520015685786
9285.0,-1.1126220421413249
9286.0,-1.167905425819293
9287.0,-0.528394002690757
9288.0,-1.0696607547292885
9289.0,-1.0320664807003779
9290.0,-1.137439782220291
9291.0,-1.0816234858797271
9292.0,-1.3609879559865463
9293.0,-1.1888467426248333
9294.0,-1.067364074493654
9295.0,-0.9564013184038581
9296.0,-1.0921888570996614
9297.0,-0.9744582231028854
9298.0,-1.2042747056428609
9299.0,-1.0866237702825736
9300.0,-0.7611192983526291
9301.0,-0.795438230984123
9302.0,-1.3776327393141385
9303.0,-1.8145768234493072
9304.0,-1.119187175324517
9305.0,-1.3659869179154345
9306.0,-1.319147078578156
9307.0,-1.2981466969375304
9308.0,-1.1335412944700924
9309.0,-1.1554778964893098
9310.0,-0.6840602785872012
9311.0,-0.9041973759106954
9312.0,-1.052241605890103
9313.0,-0.8390080323876972
9314.0,-0.9258553762536936
9315.0,-0.8388190560341676
9316.0,-1.0607584349159311
9317.0,-0.7480573145311906
9318.0,-1.0404953182424097
9319.0,-0.8764107611552143
9320.0,-1.0778782723765328
9321.0,-1.2989273612696546
9322.0,-1.2529619216851242
9323.0,-0.8806347170921908
9324.0,-1.0458339379893205
9325.0,-1.1046588106065693
9326.0,-0.7149610993169773
9327.0,-0.8669039827169477
9328.0,-0.872923550296105
9329.0,-1.0733423642507685
9330.0,-1.1390562163692715
9331.0,-1.2533583341381134
9332.0,-1.1929519944945866
9333.0,-1.1250975831581955
9334.0,-1.2521401909422158
9335.0,-1.025523129701521
9336.0,-0.9371874338946801
9337.0,-1.029831388011771
9338.0,-1.2220071792099152
9339.0,-1.2448471585998804
9340.0,-1.0697345643892153
9341.0,-0.8086812850767989
9342.0,-1.0992473045204407
9343.0,-0.5429663829716822
9344.0,-0.8136150363202621
9345.0,-0.3830219924861086
9346.0,-1.3666303497568726
9347.0,-1.229285394963566
9348.0,-1.2882407970625533
9349.0,-0.8537279303638668
9350.0,-0.9295757247393022
9351.0,-0.6312255141597134
9352.0,-0.727906270617938
9353.0,-0.5797689627638787
9354.0,-0.9759908984370688
9355.0,-0.9212608226393966
9356.0,-1.326273151244541
9357.0,-0.9773328575348605
9358.0,-0.9420244236455336
9359.0,-0.6998840829959099
9360.0,-1.0020262858178994
9361.0,-0.46397640746326585
9362.0,-0.7063647855270176
9363.0,-1.3493533422107524
9364.0,-1.1159388180079994
9365.0,-0.9867653899770253
9366.0,-1.2237503262687548
9367.0,-1.2783892338619154
9368.0,-0.9487151840073621
9369.0,-0.39229098111776173
9370.0,-1.2365303371973848
9371.0,-1.0347645819448412
9372.0,-0.7334230227267549
9373.0,-0.7290521949065933
9374.0,-1.0746780471287942
9375.0,-0.6981184226298018
9376.0,-0.8226409425745629
9377.0,-0.9362729231706616
9378.0,-0.8395104105305955
9379.0,-0.6432277989845828
9380.0,-0.8712735209025556
9381.0,-0.9190321244027084
9382.0,-0.6309200959869405
9383.0,-1.1462283202753656
9384.0,-0.7402705432646774
9385.0,-1.2824060158950115
9386.0,-1.5042558545930715
9387.0,-1.2183579947546075
9388.0,-0.9771574082369078
9389.0,-0.4783686361687004
9390.0,-1.1233867784627685
9391.0,-0.7704125756954026
9392.0,-1.0101880240382002
9393.0,-1.1570127019325591
9394.0,-1.0206939422653063
9395.0,-1.301795031471274
9396.0,-1.1477371339208067
9397.0,-0.8705628330283998
9398.0,-1.0355472296782469
9399.0,-0.5487398564279383
9400.0,-1.1443032274358131
9401.0,-1.019148499625476
9402.0,-1.0930005049785951
9403.0,-1.3614065075883643
9404.0,-0.8641330703878427
9405.0,-1.0746414969587545
9406.0,-0.5755441461625836
9407.0,-0.8269986274509185
9408.0,-1.1088129095834922
9409.0,-0.9802735269457499
9410.0,-0.7553060059310327
9411.0,-0.6840133500297872
9412.0,-0.6986936013468257
9413.0,-1.2612463428374876
9414.0,-0.9484954640271048
9415.0,-0.7270822796574716
9416.0,-1.0116724712865193
9417.0,-0.6394680443948367
9418.0,-1.1174875855837805
9419.0,-0.7608202519277162
9420.0,-1.0147727480170765
9421.0,-0.851678616743184
9422.0,-0.5967263687904949
9423.0,-1.1436035958070945
9424.0,-1.1394235456125026
9425.0,-0.8297348620802556
9426.0,-1.2720362791732163
9427.0,-0.9348824629443118
9428.0,-1.250538415228859
9429.0,-0.9612758887687702
9430.0,-0.9164406207118647
9431.0,-0.7851139686310611
9432.0,-0.757811799148654
9433.0,-0.8284274932828148
9434.0,-0.8940840381776225
9435.0,-0.9224091630606766
9436.0,-1.2097729536546138
9437.0,-1.4251826000118195
9438.0,-1.198295448465715
9439.0,-0.6875526648818002
9440.0,-1.0860661299926961
9441.0,-0.7213160590787177
9442.0,-0.77405872770836
9443.0,-1.2079852472405295
9444.0,-1.0128358873372143
9445.0,-0.7490004979161693
9446.0,-0.8140966268285532
9447.0,-0.8147943838509295
9448.0,-1.2786079072097438
9449.0,-1.3419859653451327
9450.0,-0.7714150204107301
9451.0,-0.4244055450200095
9452.0,-1.1844897309911433
9453.0,-0.6662338501070377
9454.0,-0.9349475686231371
9455.0,-0.7990488847875598
9456.0,-0.6979375939082059
9457.0,-1.341266633499266
9458.0,-0.6918123451264182
9459.0,-0.6250121671161246
9460.0,-1.2250537512857935
9461.0,-0.9208861758767424
9462.0,-1.3030511961907898
9463.0,-0.9918875665834319
9464.0,-1.0474120497860981
9465.0,-1.0651577549766356
9466.0,-0.8396385368954762
9467.0,-1.11752737392736
9468.0,-1.2744571096236155
9469.0,-1.1292124922526867
9470.0,-1.1280664923278985
9471.0,-0.9564261325312337
9472.0,-1.2293514367560145
9473.0,-0.7989463835628904
9474.0,-1.135510572560591
9475.0,-1.5793264125727227
9476.0,-1.2074754511687205
9477.0,-1.3323318668461863
9478.0,-1.334720972461838
9479.0,-1.448743704315
9480.0,-0.895330717428686
9481.0,-0.7866199926698116
9482.0,-0.7859906543586506
9483.0,-1.023141836595677
9484.0,-1.4633762808911526
9485.0,-0.972234538896643
9486.0,-0.9915734443336884
9487.0,-1.1725883876826004
9488.0,-0.773396809497725
9489.0,-0.8676865655238098
9490.0,-0.42074881901648964
9491.0,-1.0255968499974475
9492.0,-1.3626808643384591
9493.0,-1.488565741048072
9494.0,-1.1323067213480131
9495.0,-1.0952925384870342
9496.0,-0.9418502469840859
9497.0,-0.8599086780240028
9498.0,-1.2689456382785052
9499.0,-1.1524879518411435
9500.0,-0.9120813596334355
9501.0,-0.6663731858694195
9502.0,-0.9655088033326212
9503.0,-1.3668101091105318
9504.0,-1.0352971077312336
9505.0,-0.6826360142062389
9506.0,-0.7399185433533442
9507.0,-0.7926146212039027
9508.0,-0.9028132461736755
9509.0,-0.4744827368502649
9510.0,-0.641023715123114
9511.0,-1.1942980783559793
9512.0,-0.9615552565996935
9513.0,-0.4526791471580991
9514.0,-1.2239229726211305
9515.0,-1.2280800523708066
9516.0,-1.2841322929788463
9517.0,-0.9487732209041859
9518.0,-0.5825178445407644
9519.0,-1.1405503501464407
9520.0,-0.908498336980389
9521.0,-1.4381451149148974
9522.0,-0.8344238333516966
9523.0,-0.8611404024546306
9524.0,-0.7697113055377777
9525.0,-1.2241310511618275
9526.0,-0.841547972425569
9527.0,-0.9654946741323802
9528.0,-0.7485492371966256
9529.0,-0.8091458026502721
9530.0,-1.274827378601423
9531.0,-0.4887661869200258
9532.0,-0.6626567930073617
9533.0,-1.3350127024388891
9534.0,-0.7605858136941768
9535.0,-1.5199536071425181
9536.0,-0.5918893020407223
9537.0,-1.2776387314309052
9538.0,-0.5202550689547865
9539.0,-0.7728069292648507
9540.0,-1.4629310077764535
9541.0,-0.7331240991597241
9542.0,-0.8244381090173475
9543.0,-0.7370567862243049
9544.0,-1.2115313035706328
9545.0,-1.2474334687911046
9546.0,-0.4628505787315351
9547.0,-0.9394036124468947
9548.0,-1.2428951664509895
9549.0,-1.4031699151130934
9550.0,-1.0376816482890383
9551.0,-1.2312622544509415
9552.0,-0.6861877573120536
9553.0,-1.3940307928988622
9554.0,-0.9834004031920609
9555.0,-1.022501521777182
9556.0,-1.1668031562125378
9557.0,-1.0092828628327806
9558.0,-0.9404432336412591
9559.0,-0.8229341802528557
9560.0,-0.5075829822699016
9561.0,-0.9643072260397559
9562.0,-0.9757537892046197
9563.0,-1.119212207957729
9564.0,-0.6661617596938239
9565.0,-1.0648232798563513
9566.0,-1.2050819241712425
9567.0,-1.2655383327366438
9568.0,-0.8172237920036687
9569.0,-0.7415446645403518
9570.0,-0.8641549518064027
9571.0,-0.7382059145029198
9572.0,-1.365152773056355
9573.0,-0.7438070372832302
9574.0,-0.30211018323137995
9575.0,-0.7994465235300351
9576.0,-1.0983462997919846
9577.0,-1.2864772042629675
9578.0,-0.9243329099055051
9579.0,-1.1748237519591442
9580.0,-0.8292806921404723
9581.0,-1.123478199886258
9582.0,-1.4488213170233066
9583.0,-0.9839697337240427
9584.0,-0.9874164899172446
9585.0,-1.0427433406026245
9586.0,-1.035803836030859
9587.0,-0.6142447924609542
9588.0,-1.3931868635581728
9589.0,-0.9584065970868109
9590.0,-1.1813240873231523
9591.0,-0.6605144454685468
9592.0,-1.1304371366937802
9593.0,-1.050945532582624
9594.0,-1.009970256994207
9595.0,-0.889924272955695
9596.0,-0.6938163949627102
9597.0,-1.3953985612952615
9598.0,-1.1703162358677248
9599.0,-1.0919456471694002
9600.0,-1.449802942692922
9601.0,-1.1280652101708306
9602.0,-0.8568391377878526
9603.0,-0.685952774250036
9604.0,-1.025739597037902
9605.0,-1.032242064664727
9606.0,-1.3670452227062757
9607.0,-1.0431944062937
9608.0,-1.2904839884722212
9609.0,-1.3107695570983546
9610.0,-0.5941788343589941
9611.0,-0.8800099888917648
9612.0,-0.9081789911542649
9613.0,-0.7131235982151416
9614.0,-0.6278127133595894
9615.0,-0.5429026995451325
9616.0,-0.9768819350851882
9617.0,-0.8413705442213226
9618.0,-1.2127297707788338
9619.0,-1.3502284869407393
9620.0,-0.9107889079543668
9621.0,-1.3620660701326388
9622.0,-0.7982618248784757
9623.0,-0.9861019287294478
9624.0,-0.711947477049184
9625.0,-1.3903924352231214
9626.0,-1.2068770529858128
9627.0,-0.7820270569236331
9628.0,-1.1193133493821419
9629.0,-0.6708520192310965
9630.0,-0.7415874568934135
9631.0,-1.1443123297928193
9632.0,-0.8194338028650066
9633.0,-0.7396640046785454
9634.0,-1.1071419588953761
9635.0,-0.9192672156048783
9636.0,-0.794251837433321
9637.0,-0.6560623122242106
9638.0,-1.1503546657777513
9639.0,-1.0183483128819941
9640.0,-0.6412317016888447
9641.0,-1.4377956699202077
9642.0,-1.1878998076675336
9643.0,-0.7422063984476465
9644.0,-1.2386595949276207
9645.0,-0.8080644266873911
9646.0,-1.228325418651861
9647.0,-0.8580695334023912
9648.0,-1.0331386951693247
9649.0,-0.8735516095103415
9650.0,-0.9461906490151485
9651.0,-1.0788790441181275
9652.0,-1.0179176359594377
9653.0,-0.8451862388754565
9654.0,-1.154774497611319
9655.0,-1.0752314312271083
9656.0,-0.7622960044157204
9657.0,-1.2798690680496783
9658.0,-1.016915382634122
9659.0,-1.004455905215579
9660.0,-0.8174960063115616
9661.0,-1.2191817624209176
9662.0,-1.346060880407927
9663.0,-0.9031175305565922
9664.0,-0.9378801638375036
9665.0,-0.8937958086100053
9666.0,-0.8685331893310586
9667.0,-0.9109839928381503
9668.0,-1.4004598609938934
9669.0,-0.822780584442625
9670.0,-1.3513053554891012
9671.0,-0.9904044991220826
9672.0,-1.0539144927270883
9673.0,-0.6654986588187961
9674.0,-0.6451641007780627
9675.0,-0.9407296540073791
9676.0,-0.7293875677636519
9677.0,-1.0268060351060073
9678.0,-1.0476387679439874
9679.0,-0.6063180938705283
9680.0,-1.104449948165242
9681.0,-1.4252729445858068
9682.0,-1.246760669749506
9683.0,-0.772547178821621
9684.0,-1.1828832517047778
9685.0,-0.9895190437325047
9686.0,-0.5007921173749512
9687.0,-0.8757146461622735
9688.0,-1.3429422022875908
9689.0,-0.8731641889352393
9690.0,-0.7035205473812138
9691.0,-0.9000308932121155
9692.0,-0.8783813300522646
9693.0,-1.4868776788816938
9694.0,-0.6722118874933458
9695.0,-0.6961632175716634
9696.0,-0.8716992481960432
9697.0,-0.8953116828258681
9698.0,-0.9715033053778341
9699.0,-1.0624930666778682
9700.0,-0.9268057838740066
9701.0,-1.146182120290088
9702.0,-1.0336102600292278
9703.0,-1.0379309411694368
9704.0,-1.3730457314725184
9705.0,-1.204820937239993
9706.0,-1.254409758945345
9707.0,-1.1891104285421898
9708.0,-1.1696584419507798
9709.0,-0.8309535093277277
9710.0,-1.2914007032441266
9711.0,-0.8183589531070186
9712.0,-0.7824136690609915
9713.0,-0.8696053976856911
9714.0,-1.1404190105506735
9715.0,-1.2024831002377454
9716.0,-1.0613178915089765
9717.0,-1.1519393498704174
9718.0,-1.5155415202769185
9719.0,-1.5359504621461855
9720.0,-0.995520110861227
9721.0,-1.3108732631504671
9722.0,-0.6482532584591472
9723.0,-1.2429090102758877
9724.0,-0.6323835565643989
9725.0,-1.2286490044051273
9726.0,-0.9283717235688504
9727.0,-1.4063171338262914
9728.0,-0.9726124504588922
9729.0,-0.5733674836116236
9730.0,-0.8556669641396439
9731.0,-0.8352660709123277
9732.0,-0.7496209011592301
9733.0,-0.7695731616008183
9734.0,-0.6337245287552308
9735.0,-1.183293466971255
9736.0,-0.9931166201410778
9737.0,-1.2199819575431123
9738.0,-0.7795073282058488
9739.0,-0.71719310904492
9740.0,-0.9976453143503219
9741.0,-1.0702679083174875
9742.0,-1.2374382747900685
9743.0,-1.7827123203874047
9744.0,-0.9172936158582654
9745.0,-0.5677512770700262
9746.0,-0.590404837510045
9747.0,-1.0652683562081595
9748.0,-0.7320014310786902
9749.0,-0.7851899867881149
9750.0,-0.5764669837282489
9751.0,-0.6226944615348885
9752.0,-0.48784428509207567
9753.0,-1.4990969944279593
9754.0,-1.0401273666864732
9755.0,-0.8763806402459674
9756.0,-1.081294941551829
9757.0,-1.297606183807435
9758.0,-0.6159539893224746
9759.0,-0.8581090780237303
9760.0,-1.3502221698450732
9761.0,-0.9775826918732549
9762.0,-0.9120212999130684
9763.0,-0.965925754294757
9764.0,-1.327045865540244
9765.0,-0.6076217860897914
9766.0,-0.8388873076693275
9767.0,-0.9057683570370765
9768.0,-0.9549892763261083
9769.0,-0.5950608980209928
9770.0,-0.7563881996394297
9771.0,-0.6893207236135266
9772.0,-1.0565553946604898
9773.0,-0.8283305825269826
9774.0,-0.9005165118673432
9775.0,-0.7902176571322208
9776.0,-1.146964424601589
9777.0,-1.2759607631512955
9778.0,-0.6118856555676295
9779.0,-1.0625728235262413
9780.0,-1.1757160355007228
9781.0,-0.9985257250161212
9782.0,-1.2122871848247376
9783.0,-1.120563418879187
9784.0,-0.6542554974834032
9785.0,-1.6019151172330774
9786.0,-1.1726718740756146
9787.0,-0.539822156569572
9788.0,-0.9117414472723634
9789.0,-1.208251279338055
9790.0,-1.095010957390487
9791.0,-0.8495862870428794
9792.0,-0.9372520168958748
9793.0,-1.1195745888989934
9794.0,-0.867961427339675
9795.0,-0.9259842932474465
9796.0,-0.9576888002822797
9797.0,-0.7201112183511247
9798.0,-1.063108671314987
9799.0,-0.8032603542252035
9800.0,-0.6683167568104621
9801.0,-0.890431533067396
9802.0,-0.8817561720704257
9803.0,-1.2403450148199353
9804.0,-1.033367414923484
9805.0,-1.070593062085069
9806.0,-0.42071333527786225
9807.0,-1.2202228174955234
9808.0,-1.073395660258161
9809.0,-1.0277346774296587
9810.0,-0.990161375027458
9811.0,-1.1304486711201294
9812.0,-0.8576854772558404
9813.0,-0.9091010133843571
9814.0,-0.9784234643256161
9815.0,-0.6969762832112594
9816.0,-1.2274727739626563
9817.0,-0.4026892079444515
9818.0,-1.1368014858229634
9819.0,-1.2195944777173473
9820.0,-0.9372074831902839
9821.0,-0.94884291404755
9822.0,-1.237779666109315
9823.0,-0.9552203706202265
9824.0,-0.7626694957144199
9825.0,-1.1746816212685922
9826.0,-1.1820026433976258
9827.0,-1.1915459751609414
9828.0,-1.0952262352886186
9829.0,-0.7341699184497487
9830.0,-0.9150644177629008
9831.0,-1.102852077214586
9832.0,-0.9342807877787165
9833.0,-0.920857887372478
9834.0,-0.7974727995553229
9835.0,-0.6000081597629184
9836.0,-1.289863063185154
9837.0,-0.8903008080104323
9838.0,-1.3212386489472954
9839.0,-0.8302439626678719
9840.0,-1.0436892027474562
9841.0,-1.2550820346426708
9842.0,-0.8217903644581896
9843.0,-0.7706030118535058
9844.0,-0.6044905079859602
9845.0,-0.871834934121453
9846.0,-1.3706431198009943
9847.0,-1.1679519420719457
9848.0,-0.5315435224064939
9849.0,-1.0655743242796012
9850.0,-0.9139559231083118
9851.0,-1.2519826987442613
9852.0,-1.2551903632310188
9853.0,-1.257671949292908
9854.0,-1.287049790875785
9855.0,-1.2642261977885867
9856.0,-0.9341486507116207
9857.0,-0.7420813201273905
9858.0,-1.2957071965229339
9859.0,-1.050112049863951
9860.0,-0.9865721768545339
9861.0,-0.4687637487325096
9862.0,-0.9926666974510324
9863.0,-0.9130748228675419
9864.0,-1.1296481641680636
9865.0,-1.4427093397432207
9866.0,-0.6220148029978214
9867.0,-1.2877122413873474
9868.0,-0.6682025332577446
9869.0,-0.5474132667661127
9870.0,-1.1534269000306934
9871.0,-1.3917818549160688
9872.0,-0.6208780910911569
9873.0,-1.0992951057384608
9874.0,-1.445649036764537
9875.0,-0.882492410436103
9876.0,-0.6265094833710653
9877.0,-0.9802910439532825
9878.0,-1.07965145695064
9879.0,-1.3107392839612495
9880.0,-0.967030688938141
9881.0,-1.0918278677610243
9882.0,-1.258967855366112
9883.0,-1.1342188863026672
9884.0,-1.0575250303449453
9885.0,-0.9643198476799898
9886.0,-1.2318844754288139
9887.0,-1.2183670023823505
9888.0,-1.161199358337067
9889.0,-1.1592094579272003
9890.0,-0.7358980825332635
9891.0,-1.111505408163497
9892.0,-1.1485509804553107
9893.0,-1.0598554224676864
9894.0,-0.9924686536010084
9895.0,-0.8948020442695774
9896.0,-0.975129691838739
9897.0,-1.1478854226207091
9898.0,-1.0172867547825892
9899.0,-1.00952870699513
9900.0,-1.1128055535592842
9901.0,-0.9717356992177529
9902.0,-1.1883905132212267
9903.0,-1.0258720481602888
9904.0,-1.3980828976493784
9905.0,-1.050484778077471
9906.0,-0.928481778446795
9907.0,-1.2223262649345101
9908.0,-0.6324907368055321
9909.0,-1.2236564722651884
9910.0,-0.898396196391203
9911.0,-1.0960748217680123
9912.0,-0.9509990007875537
9913.0,-1.316990887290562
9914.0,-1.057143026833125
9915.0,-1.0201874672818259
9916.0,-0.7841334998813239
9917.0,-1.092553949306016
9918.0,-1.153581861818
9919.0,-1.090842192655129
9920.0,-1.549431401138349
9921.0,-0.9426085247895736
9922.0,-1.10645288666939
9923.0,-1.200101791200089
9924.0,-0.8701456788746591
9925.0,-0.9178326302014779
9926.0,-1.2448784337734151
9927.0,-1.0989466842837043
9928.0,-1.1843098351259413
9929.0,-1.2950518700111622
9930.0,-0.8426278996600665
9931.0,-0.7176095460039895
9932.0,-0.9580116019845815
9933.0,-0.9410389879063116
9934.0,-1.0461508968818753
9935.0,-1.0088403238107257
9936.0,-1.216653011737284
9937.0,-0.7653988556315483
9938.0,-1.134930028074576
9939.0,-0.6646833413900883
9940.0,-0.7870309831750657
9941.0,-0.93907129040433
9942.0,-1.599953734406232
9943.0,-1.5303587678159336
9944.0,-0.8471635451706608
9945.0,-0.5875573169357577
9946.0,-0.8078329732141325
9947.0,-0.9038120446800821
9948.0,-0.9312667213295546
9949.0,-1.088374949294645
9950.0,-1.2400935996451508
9951.0,-1.2995764812689108
9952.0,-0.9636127454740274
9953.0,-0.7890746160017211
9954.0,-1.17187835229478
9955.0,-1.006013982156849
9956.0,-0.6382746496386611
9957.0,-0.8396756178394437
9958.0,-0.8589886159043707
9959.0,-0.9198580183314413
9960.0,-0.79705179684694
9961.0,-1.1615379153689598
9962.0,-0.7370974610300198
9963.0,-0.6946019220900462
9964.0,-1.0528631601686878
9965.0,-0.7789514564562058
9966.0,-1.0307632798699868
9967.0,-0.7576406953646833
9968.0,-1.019673554699397
9969.0,-0.8593014166170128
9970.0,-1.05186257853378
9971.0,-1.18904842100433
9972.0,-0.49224474206792623
9973.0,-0.9598893239093529
9974.0,-0.7388952107887647
9975.0,-0.7509765665182828
9976.0,-1.3517938492585955
9977.0,-0.9989928292505886
9978.0,-1.3565678403679036
9979.0,-0.8869489548209107
9980.0,-0.8526224563351005
9981.0,-0.8876866260333218
9982.0,-1.1045351530883956
9983.0,-0.9107442745874662
9984.0,-1.4801215386496827
9985.0,-0.7183381541639742
9986.0,-0.8068087495740237
9987.0,-0.6966168644442509
9988.0,-0.9154394409149906
9989.0,-1.1383165540507436
9990.0,-0.5931353262837332
9991.0,-0.8494359636175708
9992.0,-0.901523495562369
9993.0,-0.7897024768307037
9994.0,-1.2996189681195247
9995.0,-1.1075179790247978
9996.0,-1.0138340459013149
9997.0,-1.1999541735266774
9998.0,-0.9108840987508333
9999.0,-0.991110533004583
10000.0,-0.675021790106546
10001.0,-0.8236122678740146
10002.0,-0.34005135088711924
10003.0,-1.1037565025799263
10004.0,-0.6838791415348988
10005.0,-1.0778592533759273
10006.0,-0.9825068806555306
10007.0,-1.1240985129487187
10008.0,-0.9233297239581207
10009.0,-0.5917919229495505
10010.0,-1.4389524045921243
10011.0,-1.2422849751963767
10012.0,-1.0420830104659955
10013.0,-0.9584399445623017
10014.0,-0.9714894326949255
10015.0,-0.9544355952973433
10016.0,-0.9730079817936071
10017.0,-1.4568025488013345
10018.0,-1.340362521829863
10019.0,-1.1079390735321337
10020.0,-1.193620445285802
10021.0,-1.1736682005835137
10022.0,-0.8342761499047082
10023.0,-1.2002398239702234
10024.0,-0.8165602737164052
10025.0,-1.0834222607652393
10026.0,-1.120900861461173
10027.0,-0.7460380623166799
10028.0,-0.958961120977327
10029.0,-1.5389234314794316
10030.0,-1.0560374033755395
10031.0,-0.9461074003575747
10032.0,-0.812872325839677
10033.0,-0.9892943599358658
10034.0,-1.1129160428091802
10035.0,-0.8008631896603706
10036.0,-0.9877593013108951
10037.0,-0.6702037162694553
10038.0,-1.2171398888892335
10039.0,-0.6507006426429809
10040.0,-1.140384923671287
10041.0,-1.1821320113014306
10042.0,-1.3492350581310584
10043.0,-0.9994591772841958
10044.0,-1.2343566083710598
10045.0,-0.9048414682849542
10046.0,-0.8218099523339081
10047.0,-0.9226734864093511
10048.0,-1.1254577895022444
10049.0,-1.5098411540763852
10050.0,-1.2799347555421061
10051.0,-0.8039194654935877
10052.0,-1.1797896912861063
10053.0,-0.726944648955963
10054.0,-0.6446250943664356
10055.0,-1.0772485358383799
10056.0,-1.06043741280965
10057.0,-1.0480500217708408
10058.0,-1.5544951695826739
10059.0,-0.3432181022199282
10060.0,-1.2044632545554355
10061.0,-0.6702768598963971
10062.0,-0.6985904483873548
10063.0,-0.9073735332635864
10064.0,-0.8356259815030467
10065.0,-1.1680409527783215
10066.0,-1.3587618051558839
10067.0,-1.3407842719391447
10068.0,-1.321933602655653
10069.0,-1.0803159879291637
10070.0,-1.2182614518628005
10071.0,-1.0045372971778295
10072.0,-1.3114516107586147
10073.0,-0.9267332554976719
10074.0,-1.237152740300489
10075.0,-1.2348574484557038
10076.0,-0.7825886834794632
10077.0,-0.9827979756096215
10078.0,-0.9821154640108423
10079.0,-0.6607114716333177
10080.0,-0.7346524216968426
10081.0,-0.9344956734202562
10082.0,-0.8747946557055488
10083.0,-1.3697371522770758
10084.0,-0.9337234833286717
10085.0,-1.4125135924715018
10086.0,-0.9343618125800315
10087.0,-0.780389639808889
10088.0,-1.0797001476117065
10089.0,-0.9686510234240799
10090.0,-0.9136345389447099
10091.0,-1.3124787787785572
10092.0,-0.9886817246307633
10093.0,-1.3259895249065021
10094.0,-1.1448299390757506
10095.0,-0.569071528778569
10096.0,-1.3305904992194737
10097.0,-0.5219474666792584
10098.0,-1.2950983152708377
10099.0,-0.8461783333501014
10100.0,-0.5319217271144308
10101.0,-1.7739200881472
10102.0,-0.9158330587439516
10103.0,-0.7376773351544165
10104.0,-1.0755663572943448
10105.0,-1.0603856212842173
10106.0,-0.8139012485980893
10107.0,-1.1904755403006522
10108.0,-0.9118201507742925
10109.0,-0.8149795566060173
10110.0,-0.7586273023664551
10111.0,-1.0155741461494088
10112.0,-1.3050600537042993
10113.0,-0.781534254348332
10114.0,-0.8646171734768663
10115.0,-0.9649344510827771
10116.0,-0.8708036058636356
10117.0,-1.2341044765373483
10118.0,-0.710335380685003
10119.0,-0.7412643879221157
10120.0,-1.0104718410646978
10121.0,-1.5476730694269207
10122.0,-1.1484027034173823
10123.0,-0.7250699422656988
10124.0,-1.164643425113775
10125.0,-0.8323552772313866
10126.0,-1.2386004040484477
10127.0,-0.9669175775617168
10128.0,-1.3485083166934704
10129.0,-1.2226218182857973
10130.0,-0.548631949932932
10131.0,-1.2501070259854437
10132.0,-0.9525221043949627
10133.0,-0.6246174662892741
10134.0,-0.7884187510020306
10135.0,-1.058302304347139
10136.0,-1.5498592185520677
10137.0,-1.248319390261141
10138.0,-1.1693973725139628
10139.0,-0.7536920081721888
10140.0,-1.135133919687066
10141.0,-0.9993090547540019
10142.0,-1.0300795659327264
10143.0,-0.9675891276827635
10144.0,-1.177722528239324
10145.0,-0.6849168274825522
10146.0,-1.0240066571339443
10147.0,-1.528617084934755
10148.0,-0.8235480050131319
10149.0,-0.8688425391449384
10150.0,-1.2327383238494276
10151.0,-0.9252407025503132
10152.0,-0.9921556330235676
10153.0,-1.4669307462814474
10154.0,-0.9839230807533603
10155.0,-0.9063162355504196
10156.0,-1.2185202461547446
10157.0,-1.0087704978040801
10158.0,-0.9682526966276687
10159.0,-1.0236904499549375
10160.0,-1.2689363153057316
10161.0,-1.0208485279408275
10162.0,-1.1562324912354922
10163.0,-1.1012128100850351
10164.0,-0.9603729484638213
10165.0,-0.736052265321986
10166.0,-0.7558137340573285
10167.0,-1.3660748628139645
10168.0,-0.7884043173618753
10169.0,-0.8590681529319267
10170.0,-1.1331264446252662
10171.0,-0.795729140529959
10172.0,-1.733550796098874
10173.0,-0.6963175764199545
10174.0,-1.3226491084317364
10175.0,-0.9432577125882167
10176.0,-0.9288506138363072
10177.0,-0.6670012713690432
10178.0,-1.0751163792037226
10179.0,-1.1586168750060786
10180.0,-1.149245863231791
10181.0,-0.9108572129330238
10182.0,-0.896088427743567
10183.0,-0.864768727843169
10184.0,-0.8172167673386193
10185.0,-1.1335639495590313
10186.0,-1.097045682701678
10187.0,-1.0339779701026923
10188.0,-1.0323795771400883
10189.0,-0.8356706295589507
10190.0,-1.1003402686776274
10191.0,-1.0370536063115294
10192.0,-1.0589274924329004
10193.0,-0.4899228695445337
10194.0,-1.2179776095757704
10195.0,-1.0864765223024808
10196.0,-1.1493508790279905
10197.0,-0.7880147437781109
10198.0,-0.6608335116035766
10199.0,-0.5613821039262946
10200.0,-1.3212308962777675
10201.0,-0.9998616697360281
10202.0,-1.3376465111056928
10203.0,-1.2895646188805285
10204.0,-1.2656256039333695
10205.0,-0.9433355310314652
10206.0,-0.6523445084178408
10207.0,-1.0501276627605374
10208.0,-1.0177466015718049
10209.0,-1.013913856861168
10210.0,-0.9740702654280291
10211.0,-1.0251213756003106
10212.0,-0.9256967534193756
10213.0,-1.3531534208848242
10214.0,-0.5368440113165469
10215.0,-1.1271394812535636
10216.0,-0.9940533299010319
10217.0,-1.2982905123471007
10218.0,-0.5848200321305255
10219.0,-0.8776457174417953
10220.0,-0.6663694605214878
10221.0,-0.8386437905211812
10222.0,-1.3706052579863843
10223.0,-0.9280855783733225
10224.0,-0.5861539285553387
10225.0,-0.4080621624995573
10226.0,-1.0144061234965065
10227.0,-0.8663198751611769
10228.0,-1.0104921180419892
10229.0,-0.8181554202363142
10230.0,-0.554363477512182
10231.0,-1.3638867756635356
10232.0,-1.1445240574248168
10233.0,-1.184741128021917
10234.0,-1.5927430640178593
10235.0,-0.8774942100451079
10236.0,-0.8794341481671253
10237.0,-1.3442004010474604
10238.0,-0.8109125212072127
10239.0,-0.7994557590391419
10240.0,-0.8652030382812147
10241.0,-1.330906603949169
10242.0,-0.9191157407453194
10243.0,-0.9166404763790784
10244.0,-0.7490973461079831
10245.0,-0.6477505096478597
10246.0,-1.3807384868726338
10247.0,-0.43222267548603
10248.0,-1.416305512157968
10249.0,-0.7889098038223685
10250.0,-1.3570836530011754
10251.0,-0.9227240775156499
10252.0,-0.9630872230424712
10253.0,-0.7794388051706422
10254.0,-0.7182143873694338
10255.0,-1.2052377482826457
10256.0,-0.8893094020706228
10257.0,-1.2226766737342987
10258.0,-1.365622550505216
10259.0,-1.0629743619792273
10260.0,-1.038294604222447
10261.0,-0.7799184711390137
10262.0,-1.0493898875161796
10263.0,-1.0787112047600373
10264.0,-1.1557140151019754
10265.0,-1.3100286182892775
10266.0,-1.0933876381813343
10267.0,-1.1570310047111398
10268.0,-1.0379648321491568
10269.0,-0.9954487292900491
10270.0,-1.3695226870448995
10271.0,-0.9017691691606267
10272.0,-1.270930320304521
10273.0,-0.7039102215339387
10274.0,-0.8646567842488159
10275.0,-1.0560040059932139
10276.0,-0.7803500438634188
10277.0,-1.159779471549124
10278.0,-1.129316685292513
10279.0,-1.0564955374257334
10280.0,-0.9613022428088692
10281.0,-1.1049704529373532
10282.0,-0.6396356096614231
10283.0,-1.2421608169268492
10284.0,-1.43302800204923
10285.0,-0.3656924445997466
10286.0,-0.5709712974681416
10287.0,-1.6139660492600436
10288.0,-0.9330702573709124
10289.0,-0.5354010664841771
10290.0,-0.70264139613835
10291.0,-1.243563568733492
10292.0,-1.6209345547040566
10293.0,-1.0686792254974307
10294.0,-1.2723023588964961
10295.0,-1.1212006496990492
10296.0,-0.7943997041685141
10297.0,-1.2191738838341089
10298.0,-1.1253165480862255
10299.0,-1.259497202481063
10300.0,-0.8708807517404334
10301.0,-1.1583662209236867
10302.0,-0.7359724027954941
10303.0,-1.3818253486066943
10304.0,-0.9177105672534914
10305.0,-1.1556219077515497
10306.0,-1.288339232647776
10307.0,-1.312682269293731
10308.0,-1.1793314551026697
10309.0,-1.0181092117630055
10310.0,-1.4512277032499403
10311.0,-1.2010524674611052
10312.0,-0.9819968479648566
10313.0,-1.083987582154147
10314.0,-1.3017069136887256
10315.0,-0.9433856040878207
10316.0,-0.9863777778847568
10317.0,-0.5710052284145019
10318.0,-1.3835748699790686
10319.0,-0.8686856539761694
10320.0,-0.8990275845954596
10321.0,-1.066370075193792
10322.0,-1.2494671983909522
10323.0,-1.1239704675319555
10324.0,-0.8631797129052268
10325.0,-1.576622209106304
10326.0,-0.9270588482067154
10327.0,-1.0099759666275208
10328.0,-0.8491265025398431
10329.0,-0.20097000878301585
10330.0,-1.3263925248170993
10331.0,-0.7020318640044945
10332.0,-0.7557473330035447
10333.0,-1.487010064002041
10334.0,-1.2418587000279935
10335.0,-1.1578781858092508
10336.0,-1.2102325236487816
10337.0,-1.4517385775894223
10338.0,-1.0181388937592002
10339.0,-1.3256267325315876
10340.0,-1.212538623978777
10341.0,-0.9005724959427364
10342.0,-1.0368996832325799
10343.0,-0.6118895681476133
10344.0,-0.8884166074506293
10345.0,-1.1534922218013761
10346.0,-1.4327161268578044
10347.0,-1.3637385165424505
10348.0,-0.7768043535669473
10349.0,-0.801239109219898
10350.0,-1.30151932919977
10351.0,-0.9857574702241602
10352.0,-1.0487310558502942
10353.0,-1.114219762792034
10354.0,-0.7837176619288978
10355.0,-0.342094928506666
10356.0,-0.7077367616478527
10357.0,-0.8904230228893746
10358.0,-1.2536838847052232
10359.0,-0.7387587034569161
10360.0,-1.0782022644761216
10361.0,-0.8713865646360875
10362.0,-1.0572887985809845
10363.0,-0.7634401785996785
10364.0,-1.1589021239076334
10365.0,-0.9221498163727814
10366.0,-0.9943940792519538
10367.0,-1.049417388169999
10368.0,-0.8624054732376822
10369.0,-1.056218139454756
10370.0,-0.7599269820238516
10371.0,-0.7127395321860684
10372.0,-1.1147514769416096
10373.0,-1.207497488867125
10374.0,-0.7588465059288328
10375.0,-1.050271402855
10376.0,-0.8905888567038521
10377.0,-0.7758808271369004
10378.0,-0.9318971476175772
10379.0,-0.8650400523260589
10380.0,-0.8780289705861483
10381.0,-0.8388001392529716
10382.0,-1.119230176976209
10383.0,-0.9824672053094325
10384.0,-0.8929905210068634
10385.0,-1.3282750673310249
10386.0,-0.9479961828507274
10387.0,-0.710926826500049
10388.0,-0.8347820858461303
10389.0,-1.305937018362063
10390.0,-0.8606140821195138
10391.0,-0.8488628116170003
10392.0,-1.3086263901888797
10393.0,-1.1525964234901247
10394.0,-0.680584618175923
10395.0,-1.2155974710766508
10396.0,-1.1897445837336913
10397.0,-0.6330174807360596
10398.0,-0.7124665960509338
10399.0,-1.0389368692303405
10400.0,1.0893297697719297
10401.0,1.2065948111801519
10402.0,0.8443785728596406
10403.0,1.1140924432132302
10404.0,0.7691174772847933
10405.0,1.1985189298147942
10406.0,1.1777767121425562
10407.0,1.3279893910209766
10408.0,0.7834497857944959
10409.0,0.848396496995696
10410.0,0.7762507090862559
10411.0,0.9483632718092871
10412.0,0.9447992171324568
10413.0,0.8325772492200346
10414.0,1.5401186525681432
10415.0,1.0945746425182783
10416.0,1.2712540824403562
10417.0,0.44526627957230047
10418.0,0.9341835019491458
10419.0,1.3634711274903677
10420.0,1.4069045975542582
10421.0,1.1802910643228737
10422.0,1.3055880255773396
10423.0,1.480736904837319
10424.0,1.3336624478126158
10425.0,1.2000005468580732
10426.0,0.8455653929090012
10427.0,1.1091496303543957
10428.0,0.9214985872838716
10429.0,0.9782518529419237
10430.0,0.8693719299471018
10431.0,0.8016111375079245
10432.0,0.8675568365065871
10433.0,0.781769121819805
10434.0,1.3544395994254803
10435.0,1.3024760950930812
10436.0,0.9463963523548227
10437.0,0.6944544987567873
10438.0,0.873972937337669
10439.0,1.2119075975441393
10440.0,1.0154256018876677
10441.0,0.907195839278697
10442.0,1.0471292458595445
10443.0,1.2419349510914688
10444.0,1.0034106640711247
10445.0,1.0921209858537713
10446.0,1.1416989595169613
10447.0,0.9532462841055234
10448.0,1.2729579668645385
10449.0,1.3265680573227068
10450.0,1.0849515096562625
10451.0,1.0193372053485996
10452.0,1.2818310996181768
10453.0,0.9648224735864607
10454.0,1.1601122568171747
10455.0,0.4989744530472394
10456.0,1.2050538570749665
10457.0,0.9598304533669849
10458.0,0.8628265373647035
10459.0,0.8280440542820541
10460.0,1.0724156995260836
10461.0,1.1015899529685602
10462.0,1.290708330373688
10463.0,0.7843752322622056
10464.0,1.0577172265913888
10465.0,1.268076263351779
10466.0,1.0862161998249629
10467.0,1.006752400000063
10468.0,1.0405102686127783
10469.0,0.6395774634770997
10470.0,0.9707287267983575
10471.0,1.0885266486991314
10472.0,0.7379451958397287
10473.0,1.1074386271399161
10474.0,0.9242693033659712
10475.0,1.204991672652438
10476.0,1.0732084558591568
10477.0,1.2174000806156677
10478.0,1.141962264838295
10479.0,1.3526960701898685
10480.0,0.7407917149401915
10481.0,1.2161758808296317
10482.0,0.8292153713185433
10483.0,1.130325549533872
10484.0,1.3184848898985597
10485.0,1.1037245355220728
10486.0,1.2362500318418108
10487.0,0.45073172882535406
10488.0,0.8739124999325253
10489.0,1.0953740064733863
10490.0,0.8721945733594754
10491.0,1.4298903872270843
10492.0,0.8797505802966077
10493.0,0.8238254517866939
10494.0,0.8434200827461436
10495.0,1.0994622448415767
10496.0,1.1151509588107738
10497.0,1.022561505860513
10498.0,0.8453164859530486
10499.0,1.4227919608751518
10500.0,0.4837089341035232
10501.0,0.706350157699636
10502.0,1.4723408585836901
10503.0,1.0720063725083115
10504.0,0.9274032905501083
10505.0,1.0888910523935904
10506.0,1.2554693963741748
10507.0,0.852447924231537
10508.0,1.4238652663793778
10509.0,1.4022117438680517
10510.0,0.8329073676790173
10511.0,0.6595446404842084
10512.0,1.1268890557028997
10513.0,0.8450783267986575
10514.0,1.1206205392786743
10515.0,1.1623186977487414
10516.0,1.1961722619510269
10517.0,1.2507274863934088
10518.0,0.8054976482047613
10519.0,0.8567011724269658
10520.0,0.8633011837400335
10521.0,0.8346665528688529
10522.0,1.2446972375351657
10523.0,0.8496985070813201
10524.0,0.6680869306321779
10525.0,0.8140352812277545
10526.0,0.9604404021104805
10527.0,0.8507540453741291
10528.0,1.0227715718783845
10529.0,1.2969941338563375
10530.0,1.260778173511791
10531.0,1.2310544626649793
10532.0,1.1726224895431239
10533.0,1.4648833655822655
10534.0,1.2503510733409142
10535.0,0.8204802002924737
10536.0,0.8546398288736137
10537.0,0.7957745592255818
10538.0,1.1573698003396997
10539.0,0.8621496022002555
10540.0,1.310947548352531
10541.0,1.004795945423313
10542.0,1.151923430263979
10543.0,1.1569322530258714
10544.0,0.9204676347692112
10545.0,0.6246639311954303
10546.0,1.2437102088606078
10547.0,1.095163563646024
10548.0,1.3736222604680028
10549.0,1.0744418240397104
10550.0,0.9283835219815975
10551.0,0.9490989803826497
10552.0,0.9859891821731265
10553.0,1.0746020923699846
10554.0,0.9790442790860491
10555.0,1.401265071031386
10556.0,0.9726929657956622
10557.0,1.0956955695908972
10558.0,1.167954270848831
10559.0,1.0121702686005623
10560.0,0.9963917091909785
10561.0,0.8258773951084198
10562.0,1.296822697450055
10563.0,0.4667467539632181
10564.0,0.967704248816167
10565.0,1.2025086854563511
10566.0,1.0662373870676172
10567.0,0.978409259789377
10568.0,0.9843623162520424
10569.0,1.0611930887719225
10570.0,0.7519275960122083
10571.0,0.8880259525923273
10572.0,0.5276244567936526
10573.0,1.3178486307740207
10574.0,1.1435221570837764
10575.0,0.7970412754898215
10576.0,1.1177631981839837
10577.0,0.703147483223914
10578.0,0.7658772561904885
10579.0,1.6494089771545422
10580.0,0.6955555494586255
10581.0,0.6391241349356238
10582.0,0.815128398950469
10583.0,0.9444177017871194
10584.0,1.055269251868718
10585.0,1.3916032204874798
10586.0,0.9984805999153281
10587.0,0.5415078452178168
10588.0,1.1919268374291203
10589.0,1.0397115795832028
10590.0,1.2883397384029536
10591.0,0.8556936741591783
10592.0,0.5606267335903986
10593.0,0.7859623873514741
10594.0,1.2575763078517803
10595.0,1.101587501836819
10596.0,1.204974773681097
10597.0,1.2456215304549965
10598.0,1.0213666237916301
10599.0,1.2293702041762333
10600.0,1.306372343904654
10601.0,1.0615976090673755
10602.0,0.8784599289105061
10603.0,0.7543901235907019
10604.0,0.29940135055176
10605.0,0.9232417617160601
10606.0,1.1981652115055594
10607.0,0.6950375943932654
10608.0,1.2191790602265844
10609.0,0.977674444657274
10610.0,1.0555663327623688
10611.0,1.1376188775402054
10612.0,1.0177618000419442
10613.0,0.9068774253455429
10614.0,1.2885599600664848
10615.0,0.9448379229949857
10616.0,1.471386362872663
10617.0,1.1959377087368666
10618.0,0.7645540600017896
10619.0,1.435657788614151
10620.0,0.7912767586169189
10621.0,1.139542205330991
10622.0,0.939210285354749
10623.0,0.9411867626444804
10624.0,0.8676377084997726
10625.0,0.9173332648093893
10626.0,1.0735041077145775
10627.0,1.1183471637270228
10628.0,0.889095011680587
10629.0,1.2317903451637173
10630.0,1.248290670393084
10631.0,0.8658938938057905
10632.0,0.8837486572944433
10633.0,0.5826829429818368
10634.0,0.7104473325366946
10635.0,1.1444635551320403
10636.0,1.0017929340785798
10637.0,0.7169330382954882
10638.0,0.905136025573337
10639.0,1.3954639373101916
10640.0,1.400605493694648
10641.0,1.350962292562301
10642.0,0.3146410577034884
10643.0,0.9398923848834174
10644.0,1.144761816934309
10645.0,1.042455868144274
10646.0,1.0009616368152208
10647.0,1.0306890669922537
10648.0,0.6446643307522948
10649.0,0.9690736408174114
10650.0,1.0728493885950803
10651.0,1.7193545323598354
10652.0,0.7808185384288635
10653.0,0.9181317330766523
10654.0,1.459791173768056
10655.0,0.8454096809817316
10656.0,0.777794270621536
10657.0,0.9210699918683521
10658.0,0.7831126304002918
10659.0,0.9713891929776347
10660.0,1.3148948856973022
10661.0,1.3412176448147457
10662.0,1.062774326443706
10663.0,1.146512357100963
10664.0,0.7893613396561392
10665.0,0.872356973132114
10666.0,1.0097426724215672
10667.0,0.8415008959641619
10668.0,1.1365013103003074
10669.0,0.6717906939631739
10670.0,1.227332670430242
10671.0,0.7921565283153387
10672.0,1.4270005212472445
10673.0,0.9415670215820341
10674.0,0.8533977850200919
10675.0,0.9189109478307607
10676.0,1.2195954323042697
10677.0,0.7656819532868608
10678.0,1.0075713389175474
10679.0,1.122610842691894
10680.0,0.7463194574274624
10681.0,0.920579232095589
10682.0,0.6215926561819427
10683.0,1.5626572133578485
10684.0,0.934492570671569
10685.0,0.8090162913149013
10686.0,1.0553407587873405
10687.0,1.3241401298656872
10688.0,0.6153787537346451
10689.0,0.9522977893523406
10690.0,0.5023060944111595
10691.0,0.9986282135357167
10692.0,1.4005075679334402
10693.0,0.8091056460769106
10694.0,1.150071167533851
10695.0,0.730291561046604
10696.0,1.2451363581741677
10697.0,0.7389819675923229
10698.0,0.8741270619973605
10699.0,0.9187557754442708
10700.0,1.0032351761696932
10701.0,1.118736084128915
10702.0,0.8429614567685155
10703.0,1.285282490603029
10704.0,1.038577077883534
10705.0,0.49059089203366835
10706.0,1.1511340695667402
10707.0,1.7282554670190615
10708.0,1.070763633585735
10709.0,1.3608874824880952
10710.0,1.0660571140946051
10711.0,1.4032138530376321
10712.0,1.2740586384228623
10713.0,1.3681777576073402
10714.0,0.8619308474163052
10715.0,1.1845682086094458
10716.0,1.1283134872973675
10717.0,0.9201175649902765
10718.0,0.7170014179243208
10719.0,1.129248925938647
10720.0,1.3541949097477985
10721.0,1.6672843969729156
10722.0,0.9906257015080612
10723.0,0.6798863908698038
10724.0,1.1359352194037093
10725.0,1.2568064670090067
10726.0,0.5431378943767486
10727.0,1.1602460495204667
10728.0,1.357122901175321
10729.0,0.4549620111773429
10730.0,0.6308737143688499
10731.0,1.3837613489153193
10732.0,1.1095824759909592
10733.0,1.0621393957923724
10734.0,0.8154293489061561
10735.0,0.9155595224241857
10736.0,1.064068590564854
10737.0,0.6345716015460204
10738.0,1.0590159699287243
10739.0,0.4271347320305845
10740.0,1.069826838588033
10741.0,1.0003543210525876
10742.0,1.2503175299733524
10743.0,0.8749646621216802
10744.0,1.3705311211815148
10745.0,1.161011910764925
10746.0,0.74332698375787
10747.0,1.1543503586099275
10748.0,0.8682279468876668
10749.0,1.1208451697265307
10750.0,1.3113652640423084
10751.0,0.8747285978543756
10752.0,1.1909977033028367
10753.0,1.2409932866257873
10754.0,1.0681622574478118
10755.0,0.907404366055173
10756.0,1.0182520420339707
10757.0,1.4297890143835834
10758.0,0.6061484363608427
10759.0,0.9423934317746474
10760.0,0.9861984528535626
10761.0,1.0026042405420943
10762.0,1.4325669838809594
10763.0,0.9768377392892966
10764.0,0.6945006059973877
10765.0,0.8953005883642395
10766.0,1.329233183901794
10767.0,0.5373378131870188
10768.0,1.0536293022235792
10769.0,0.753898441463859
10770.0,0.5947786432800641
10771.0,0.7541005592226133
10772.0,0.7053532898215616
10773.0,0.8415215785938372
10774.0,1.1978769476526023
10775.0,1.7672764847952922
10776.0,1.275719343750655
10777.0,0.38755135123010387
10778.0,0.9641486247043785
10779.0,1.18406659646922
10780.0,0.4741265108553131
10781.0,1.2814648280760024
10782.0,1.4284724085816034
10783.0,1.0602027106239362
10784.0,1.114419999648778
10785.0,1.0166562547502063
10786.0,0.564002447152795
10787.0,0.7779621064866006
10788.0,0.9218435246685003
10789.0,1.117829333239391
10790.0,0.36160605484779973
10791.0,1.3124408493794117
10792.0,1.0649568218071934
10793.0,1.1604735172968814
10794.0,1.3399978424073153
10795.0,0.9292487696613188
10796.0,1.207390115201252
10797.0,1.0579728629648597
10798.0,1.0699202246919983
10799.0,1.0560174921817918
10800.0,1.1423392797707916
10801.0,1.4295062350510577
10802.0,0.8938227978189921
10803.0,0.8545903829356003
10804.0,0.8736941653984216
10805.0,1.013453426765056
10806.0,1.3296231590912593
10807.0,1.044234580724922
10808.0,1.180329812858018
10809.0,1.1544513069597848
10810.0,0.9311250574489898
10811.0,1.069660019210945
10812.0,1.165122891185577
10813.0,0.8786117078944206
10814.0,0.7592344999312669
10815.0,0.9684447752483175
10816.0,1.0603156071128335
10817.0,1.0376581592309662
10818.0,1.2126580126606914
10819.0,1.2817489169915188
10820.0,1.2376128227034446
10821.0,1.2891713126472504
10822.0,0.8891410739491705
10823.0,1.305743231411666
10824.0,0.8739363880068236
10825.0,1.2473738347495937
10826.0,1.1979510955106085
10827.0,0.988940001576022
10828.0,1.0328586047908015
10829.0,0.8877062278871071
10830.0,0.8331840676276292
10831.0,0.5583144534068732
10832.0,0.8881098654190448
10833.0,1.064648073176445
10834.0,1.12277124369401
10835.0,0.8377232527051715
10836.0,0.7250794489879862
10837.0,1.1289413019664465
10838.0,0.8359118256732256
10839.0,0.9640425501200127
10840.0,0.9778836968177214
10841.0,0.7510746636677404
10842.0,0.6674977673557141
10843.0,1.0908733881414916
10844.0,1.2602183115414052
10845.0,0.5709556141182981
10846.0,1.1726824567492593
10847.0,0.7541603944907846
10848.0,1.0774252717380333
10849.0,0.8792224908101118
10850.0,1.2345792529165527
10851.0,1.085885928554227
10852.0,0.9765789673363728
10853.0,0.9369378080740708
10854.0,1.359075105355149
10855.0,0.6801309958431836
10856.0,1.1531562623794593
10857.0,1.119744439585136
10858.0,1.0419288246619547
10859.0,1.1265613190020412
10860.0,0.9591013660964118
10861.0,1.1526413615563633
10862.0,0.604440724390866
10863.0,0.9426055850148434
10864.0,0.8387290068995634
10865.0,1.357187646702692
10866.0,1.0766480360923563
10867.0,0.5500717296977545
10868.0,0.9865639184308594
10869.0,0.6906106765786202
10870.0,0.819571743192386
10871.0,1.1345116400282313
10872.0,1.1115251381612772
10873.0,1.1083747741136796
10874.0,1.0763326663888462
10875.0,1.067506788951938
10876.0,0.5686039197933295
10877.0,1.2848334185024237
10878.0,0.9356874753246365
10879.0,1.2231257275987049
10880.0,1.2369255697515928
10881.0,1.101633986677584
10882.0,1.64608070927596
10883.0,1.4554560819977174
10884.0,1.1748266608906706
10885.0,1.1896042100176356
10886.0,0.9367829211062485
10887.0,0.40266286679908847
10888.0,0.724971408627185
10889.0,0.8173705195296139
10890.0,1.5703554460345763
10891.0,1.0992048662396103
10892.0,0.8823133315714861
10893.0,1.2304554484660644
10894.0,1.1928650122835525
10895.0,1.1273253696116003
10896.0,0.9648966994747135
10897.0,1.2098270551824575
10898.0,1.3308023475811752
10899.0,0.6577030946780771
10900.0,1.0447207540583907
10901.0,0.5322958429569684
10902.0,1.1224702741664476
10903.0,1.0014050348429413
10904.0,1.2218777995290633
10905.0,1.118414941180793
10906.0,1.090492373747419
10907.0,0.6094105572161896
10908.0,1.0320632629100637
10909.0,1.1330478988714061
10910.0,1.307734047574901
10911.0,0.9656513072906233
10912.0,1.0279869570317246
10913.0,0.8766576723157017
10914.0,0.8672511023691802
10915.0,1.2833137093424722
10916.0,0.7375209884908307
10917.0,0.8164023744761547
10918.0,1.2473007067631925
10919.0,1.141540407447938
10920.0,0.9562115928536674
10921.0,1.427719561236078
10922.0,0.8038605531223598
10923.0,0.8507098073288651
10924.0,0.7798686873752101
10925.0,1.248313576205946
10926.0,1.157613291182238
10927.0,0.5841894861620947
10928.0,1.136377240639829
10929.0,1.117277045397962
10930.0,0.7833252262901287
10931.0,0.7349468807007717
10932.0,1.1192284898057208
10933.0,1.1274445646000433
10934.0,1.5930302467800872
10935.0,0.469933437578971
10936.0,1.0135286311603338
10937.0,0.8000383155296596
10938.0,1.4433499889785402
10939.0,0.6902293424162553
10940.0,1.3234356115405819
10941.0,1.034272055143348
10942.0,1.201238543621674
10943.0,1.4106893290648508
10944.0,0.8150563781250635
10945.0,0.6980824117245493
10946.0,0.9839857954263816
10947.0,1.2730464296917676
10948.0,0.9671940448278636
10949.0,0.9495513075081458
10950.0,0.4432340920627609
10951.0,1.0416845969893544
10952.0,1.0378220936543192
10953.0,1.3597743922919472
10954.0,0.7557419601443249
10955.0,1.0719878794023991
10956.0,1.0564101720407781
10957.0,1.0716349349775889
10958.0,0.9702685099481849
10959.0,0.7784842539307657
10960.0,1.0069299903320819
10961.0,1.262153827223145
10962.0,0.8322587372225659
10963.0,1.1422534739312555
10964.0,1.2030463484221268
10965.0,1.284504417363825
10966.0,0.803793698211646
10967.0,1.0352636450794084
10968.0,0.5766373591691845
10969.0,1.1486563560543828
10970.0,0.8097614912590261
10971.0,0.8319955068665505
10972.0,0.7965063702218854
10973.0,1.0304572638506815
10974.0,1.1540375926221698
10975.0,0.7459270467095234
10976.0,0.805156245820333
10977.0,1.0641903959672125
10978.0,1.0242629103879508
10979.0,0.9799940604840909
10980.0,1.2931678056259792
10981.0,0.697478899984032
10982.0,0.9818290401996798
10983.0,1.1750196458661715
10984.0,1.137191763087257
10985.0,1.1560832290670717
10986.0,1.0363866753163813
10987.0,0.5864974726226003
10988.0,0.9349055924924476
10989.0,1.0236475305952502
10990.0,1.1349161077926404
10991.0,1.3595803536001108
10992.0,1.112847200222436
10993.0,1.1721512135484957
10994.0,0.7601005066831266
10995.0,1.1622466995581313
10996.0,1.2147897021605756
10997.0,1.3559357824460672
10998.0,0.7419085166289501
10999.0,1.0581837701114916
11000.0,1.0868375060067257
11001.0,0.9869679382108666
11002.0,0.6141623669418228
11003.0,0.9293547583283974
11004.0,0.79355568503548
11005.0,1.022477237203968
11006.0,1.1332655345757117
11007.0,1.1711350068288457
11008.0,0.6359391730952302
11009.0,1.0203517212181086
11010.0,0.9731276418690429
11011.0,1.125042360898158
11012.0,1.4617290759093855
11013.0,0.8427457776907957
11014.0,0.9994339229742268
11015.0,0.7169906740610676
11016.0,1.0320892617277175
11017.0,0.94792758925161
11018.0,1.3207569647549209
11019.0,0.4446987572049762
11020.0,0.8330172016281188
11021.0,1.003884270928912
11022.0,0.6839861721827525
11023.0,1.1355431839698533
11024.0,0.8803655785946611
11025.0,1.31039701879221
11026.0,1.4366774560710536
11027.0,0.8438978303296119
11028.0,0.859399813803748
11029.0,0.9043127394383917
11030.0,0.8853943892516787
11031.0,1.1220811566895161
11032.0,1.1036204323336352
11033.0,1.040598087021724
11034.0,0.5620895385089739
11035.0,1.0971608191186883
11036.0,1.070215772052399
11037.0,0.9300828831993018
11038.0,0.9552945654807985
11039.0,0.9601954877580426
11040.0,1.0354299985944588
11041.0,0.8007017160829997
11042.0,1.1465536418645965
11043.0,1.2500703434407097
11044.0,1.0500200141242735
11045.0,1.1181652118558443
11046.0,1.041670365979305
11047.0,1.202810247606728
11048.0,0.7555206436050262
11049.0,1.2378708628998891
11050.0,0.8415434316340255
11051.0,0.9047822760625545
11052.0,0.5704751443973783
11053.0,1.2040671123098072
11054.0,0.7262656491385482
11055.0,1.417500066477266
11056.0,0.7803827907142964
11057.0,0.4533699546669637
11058.0,0.8947801780330169
11059.0,0.9708430640788095
11060.0,0.8073685642576995
11061.0,1.0279309445495055
11062.0,1.418136324091549
11063.0,1.0430973773247476
11064.0,1.1408372331131633
11065.0,0.9289551992127126
11066.0,1.2144051232350135
11067.0,1.248542869142033
11068.0,0.5582080790124828
11069.0,0.8468009071033024
11070.0,1.0613430685673748
11071.0,1.2799482392438082
11072.0,0.7476168385856918
11073.0,1.4956580680113722
11074.0,1.0815977531245577
11075.0,1.207889827824868
11076.0,1.0473104470639831
11077.0,0.6959378157877377
11078.0,0.9961786129901675
11079.0,0.8353138642547551
11080.0,1.3715334994697395
11081.0,0.8135845598717927
11082.0,1.1244086099677577
11083.0,0.9766581951687606
11084.0,0.6586861867081908
11085.0,0.9322482924487752
11086.0,0.968656663911872
11087.0,0.7602599185631655
11088.0,1.3094724714399775
11089.0,1.2146055655392236
11090.0,1.5736416155535482
11091.0,1.164039069416708
11092.0,1.0887125730975298
11093.0,0.7148780578443144
11094.0,1.0852710909769245
11095.0,0.8289892210516011
11096.0,1.1649065654620467
11097.0,1.018294282511716
11098.0,0.8674562916688697
11099.0,1.2044063044948865
11100.0,0.9874772126993956
11101.0,0.8988343387719487
11102.0,1.0829020704635426
11103.0,0.9871181670843634
11104.0,1.0992405575561635
11105.0,1.0836609246425648
11106.0,0.7877304978342092
11107.0,0.5861475182699434
11108.0,1.1928212128260622
11109.0,1.0894664840061439
11110.0,0.818545337490876
11111.0,1.105381776727763
11112.0,0.995898630229933
11113.0,1.0598550376308153
11114.0,1.2637745833495972
11115.0,1.1198895889787581
11116.0,1.1210171592818852
11117.0,0.684051882089779
11118.0,1.2611665252506823
11119.0,0.9762817982514117
11120.0,0.888240817625571
11121.0,0.9054122354679608
11122.0,0.6247557002018338
11123.0,1.018251145759371
11124.0,0.9881176437404993
11125.0,0.9008901056902142
11126.0,1.1785426291396164
11127.0,0.9416781878270686
11128.0,1.3434559034659594
11129.0,0.9112916765173837
11130.0,1.086208966049955
11131.0,1.4116990987703173
11132.0,0.9675866159393977
11133.0,0.7376967610801699
11134.0,1.029284647320368
11135.0,1.4984430518855434
11136.0,1.3264635106270486
11137.0,0.645928990600885
11138.0,0.7382033246560512
11139.0,0.9016649190140481
11140.0,0.7351755317584403
11141.0,1.1277626606192395
11142.0,1.2996131477938273
11143.0,1.1714409801874426
11144.0,0.9925271231664494
11145.0,1.3437826767028458
11146.0,1.1481250823107154
11147.0,0.9403379966871006
11148.0,0.9329490563527553
11149.0,1.3522270302519632
11150.0,1.3708519755302093
11151.0,0.8786680430295305
11152.0,1.0299914814319475
11153.0,0.7605595832716954
11154.0,1.4900231809169906
11155.0,0.7209117375684104
11156.0,1.127461923173684
11157.0,0.7252626124506306
11158.0,0.8729348813207591
11159.0,1.4684327113692108
11160.0,1.1197733908254526
11161.0,0.7621615088306952
11162.0,0.95040107249074
11163.0,0.6553836443792966
11164.0,1.0229453341700643
11165.0,0.87274172981301
11166.0,0.8415775766514902
11167.0,1.0375523140603966
11168.0,0.45042826260073776
11169.0,0.8754512946713593
11170.0,1.1925095042893106
11171.0,1.315303200732995
11172.0,1.1140547753271666
11173.0,1.2558155720383375
11174.0,1.2302043198671577
11175.0,0.9688337137674663
11176.0,1.0705288554049204
11177.0,0.859262658416057
11178.0,1.1409232808441474
11179.0,0.703120473819264
11180.0,1.145157934902984
11181.0,0.9138760063692913
11182.0,1.0415596005754597
11183.0,0.9322930631506736
11184.0,1.0858888762216854
11185.0,0.7485202225510575
11186.0,1.1908359089735574
11187.0,0.571130654800912
11188.0,0.5002728786233354
11189.0,0.9969168541108305
11190.0,0.8518920206833408
11191.0,1.061348319160592
11192.0,1.04522890757002
11193.0,0.6872677255913041
11194.0,1.1656810405871227
11195.0,1.2408303227265889
11196.0,0.9353397973151396
11197.0,1.4259448915987127
11198.0,1.3110793781822059
11199.0,1.032190057285983
11200.0,0.8547920504522131
11201.0,1.30973583327381
11202.0,1.19300478571168
11203.0,0.9383936435795748
11204.0,1.227873173199171
11205.0,1.156751527284429
11206.0,1.1807066869107687
11207.0,1.2294436818137409
11208.0,0.7147574407724504
11209.0,0.8047930578484247
11210.0,1.0247537598402523
11211.0,0.8672996496424801
11212.0,0.7851942524674934
11213.0,0.9359596429191654
11214.0,0.8716308909357746
11215.0,0.4205204926834344
11216.0,0.9341903647973965
11217.0,0.9201464496941336
11218.0,1.0302945422993612
11219.0,1.4442323600165552
11220.0,1.2782775161641553
11221.0,1.0202494891650025
11222.0,1.0543523746100198
11223.0,0.8033143118460999
11224.0,1.1526032330443714
11225.0,0.7014095495657465
11226.0,1.0099070227591351
11227.0,1.496638665881638
11228.0,0.5482845714679172
11229.0,0.59758599909208
11230.0,1.0311259580635161
11231.0,0.9622009675461074
11232.0,1.2529037180422646
11233.0,0.8963573610428639
11234.0,0.7777965809004622
11235.0,1.4690446601947673
11236.0,0.9062163585037811
11237.0,0.8178800395810715
11238.0,0.576312527975458
11239.0,0.6070875122402974
11240.0,0.8112277411926271
11241.0,0.9121633063189363
11242.0,1.0237093869680303
11243.0,1.4223644434372502
11244.0,1.2276936859608036
11245.0,0.8401949738757055
11246.0,1.0922253205173815
11247.0,0.8358847025074025
11248.0,0.9351601757907205
11249.0,1.178917630462189
11250.0,1.439155654443494
11251.0,1.1668901412320494
11252.0,1.4516537669290392
11253.0,1.147400322301064
11254.0,1.0479039348569696
11255.0,0.811162410881983
11256.0,1.0272533410820293
11257.0,1.1558796226406405
11258.0,1.0371736439624517
11259.0,1.026145869564486
11260.0,1.3450814929746624
11261.0,1.088865403524581
11262.0,1.152163079345952
11263.0,1.0953504740172162
11264.0,0.8974529963237257
11265.0,1.329494577747358
11266.0,0.7319304421821249
11267.0,1.0470348367489788
11268.0,0.5799706385316947
11269.0,0.885336420477648
11270.0,1.3436207608541388
11271.0,0.8271271989185324
11272.0,0.9754511714882468
11273.0,0.7502266476239696
11274.0,1.1656689642893412
11275.0,0.769425511739106
11276.0,1.2275713287880248
11277.0,1.1721663272769414
11278.0,0.8758703732243345
11279.0,1.1966497940496315
11280.0,0.6113353465405551
11281.0,0.88136058305661
11282.0,0.8057138653723597
11283.0,1.2620572524496871
11284.0,1.2309954398295713
11285.0,0.6159785408843876
11286.0,1.0668937248512964
11287.0,0.7759610379406003
11288.0,0.8232094682151481
11289.0,0.8581387519068738
11290.0,0.971353112533777
11291.0,1.1136403377972979
11292.0,1.0372919284859923
11293.0,1.6794965162797633
11294.0,0.8017156237930805
11295.0,0.8803041745294421
11296.0,0.821259016472895
11297.0,1.412568355650706
11298.0,1.255883368798105
11299.0,1.0562413997988667
11300.0,1.427265073239916
11301.0,0.8260801578808776
11302.0,1.3336115384867826
11303.0,1.2680645801379038
11304.0,1.2764083083676923
11305.0,0.8856839610242002
11306.0,0.8107643803229541
11307.0,0.7519533281158806
11308.0,0.9537625909044434
11309.0,0.8978924712717974
11310.0,1.1860852889744098
11311.0,0.8308832430793635
11312.0,0.7976386228609675
11313.0,0.8963706912691319
11314.0,0.8626527712632843
11315.0,0.8176613210548966
11316.0,0.559928949502388
11317.0,0.9075030921055053
11318.0,0.8758266236304862
11319.0,0.9365474443218793
11320.0,1.2075729453001303
11321.0,0.7114001457997814
11322.0,0.9622239876205952
11323.0,1.012476056057248
11324.0,1.0198823204061018
11325.0,0.9737349228490632
11326.0,1.1800603173379058
11327.0,1.363768660592119
11328.0,0.8334560220395077
11329.0,0.8553588242525914
11330.0,0.6863867378222039
11331.0,0.745153627429268
11332.0,1.2490035791226306
11333.0,1.2163518518060028
11334.0,1.45785826315723
11335.0,0.6387995860333221
11336.0,0.8959362848697072
11337.0,0.7004174752106295
11338.0,0.9409156720761414
11339.0,0.7982984649346351
11340.0,0.44725247611803254
11341.0,1.2509902699790063
11342.0,0.8963798586965193
11343.0,1.2156703863095415
11344.0,1.1496864877675856
11345.0,1.5911064578307115
11346.0,0.952512758605112
11347.0,0.6713495702656722
11348.0,1.0162050991658496
11349.0,1.0878663111153264
11350.0,1.2123124838219208
11351.0,0.6689362591021766
11352.0,1.1894348757340019
11353.0,1.0124106297086977
11354.0,0.892957095293922
11355.0,1.4197103381453915
11356.0,0.8691686945671133
11357.0,0.6519138857202946
11358.0,1.114344123984238
11359.0,1.1457183347601863
11360.0,0.7267717266678848
11361.0,1.0224308826883086
11362.0,1.4612020543500435
11363.0,0.7425008028443562
11364.0,0.84571254410655
11365.0,0.6077347668766703
11366.0,1.1191201456440272
11367.0,1.017200850389936
11368.0,0.927773244804892
11369.0,1.3443050051301138
11370.0,0.9870087687602822
11371.0,1.2641477205670288
11372.0,1.2180112987376615
11373.0,1.4098979188186749
11374.0,0.7270221904994407
11375.0,1.0909756400756025
11376.0,1.086614507753876
11377.0,0.9813353690408206
11378.0,1.278329935733182
11379.0,0.8652843788089195
11380.0,1.2047570269363483
11381.0,1.1044121470242196
11382.0,0.49526053463920805
11383.0,0.6408677109204066
11384.0,0.9620194007562015
11385.0,1.2310768823434235
11386.0,0.9894949600215239
11387.0,0.7659209024224888
11388.0,0.6885799492447418
11389.0,1.1467088962176957
11390.0,1.0624547286637878
11391.0,1.5433749989982317
11392.0,0.8307052110912558
11393.0,0.7058266406013323
11394.0,1.160328516441252
11395.0,1.180083395068161
11396.0,1.486550399176817
11397.0,0.8128676506933494
11398.0,0.8502142903639042
11399.0,1.0190159510466354
11400.0,0.511739654239818
11401.0,1.174836645930697
11402.0,1.0038759404359288
11403.0,1.2296348596287068
11404.0,0.9292959505891062
11405.0,1.1495754956979418
11406.0,1.1482566727778916
11407.0,1.1006289792762092
11408.0,1.1872313098619174
11409.0,1.1218369251017637
11410.0,1.0845291709251974
11411.0,0.9250890675118585
11412.0,1.29350735218731
11413.0,1.1188447027423432
11414.0,1.4449671395836874
11415.0,1.1060434679337572
11416.0,1.2288517202070166
11417.0,1.1689638469994832
11418.0,1.443645372595605
11419.0,0.38349294251481325
11420.0,1.2188658053221386
11421.0,0.6834347746263039
11422.0,0.9776963059339341
11423.0,0.878616731848314
11424.0,1.2500756216741102
11425.0,1.2805182476992512
11426.0,0.9277624565640734
11427.0,0.7772430637169255
11428.0,0.9207424103687443
11429.0,1.2486803243465632
11430.0,1.257946728103101
11431.0,0.9739814054861775
11432.0,0.7744434878871717
11433.0,1.065865144074662
11434.0,1.1361058385350389
11435.0,1.5324169014297495
11436.0,0.7848797708397308
11437.0,0.598422811938538
11438.0,1.082327628001078
11439.0,0.6718686221839736
11440.0,1.053392251546994
11441.0,1.1062975650043816
11442.0,0.9002789328013572
11443.0,0.7215240736958135
11444.0,1.184149265702685
11445.0,1.2723357522001288
11446.0,1.1880797325953991
11447.0,1.071251895352122
11448.0,0.5903334740085744
11449.0,0.9727657457830071
11450.0,1.1425187296568413
11451.0,0.7732248879486109
11452.0,1.0265863073293569
11453.0,0.6943382825125116
11454.0,1.0034020870427438
11455.0,0.9731406742060388
11456.0,1.10972426069247
11457.0,1.3265498297930725
11458.0,1.048085997412482
11459.0,1.0614371105766907
11460.0,1.1434290865613492
11461.0,1.0269713351731162
11462.0,1.0313265047235385
11463.0,1.219113599488272
11464.0,1.243291659652765
11465.0,1.1378290390366885
11466.0,0.6873292256235657
11467.0,0.9697684908634946
11468.0,1.5170288583156606
11469.0,1.0853132393518616
11470.0,1.152490877554338
11471.0,1.186166263379943
11472.0,0.9996624815442999
11473.0,1.3229418015214662
11474.0,0.5587354641011159
11475.0,1.2715115037435933
11476.0,0.4243793925903905
11477.0,1.1344780981842388
11478.0,1.039974103361983
11479.0,0.6984799864225689
11480.0,1.4892485147346426
11481.0,1.0498598789610238
11482.0,0.9360891488183332
11483.0,0.7665435453857696
11484.0,0.8467233299573744
11485.0,0.8694509535358196
11486.0,0.6401403239554884
11487.0,0.9012943242079855
11488.0,1.1230087085070941
11489.0,0.6488898694856301
11490.0,0.7155339888360195
11491.0,1.145355003549659
11492.0,1.1078050981766294
11493.0,0.8940572041298563
11494.0,0.765867202500202
11495.0,1.2580357972722516
11496.0,0.8731107697711257
11497.0,1.1349418666484705
11498.0,1.0328709136160148
11499.0,0.6929241678791802
11500.0,1.0592384233950027
11501.0,1.1400997541939284
11502.0,1.5045059595006758
11503.0,1.1194021251040387
11504.0,0.9608203455651096
11505.0,0.6882429212970105
11506.0,0.886293165592039
11507.0,0.9655798756392964
11508.0,0.8631875873109861
11509.0,0.8121822892669555
11510.0,0.819678536576142
11511.0,0.9885534070647273
11512.0,0.8806329380312427
11513.0,0.6817061246615991
11514.0,0.8631003945188742
11515.0,1.2378563449556632
11516.0,1.1240397453687507
11517.0,0.8078843543519036
11518.0,0.9221343108943266
11519.0,1.1640665047304624
11520.0,1.152970581428911
11521.0,0.7888428920784117
11522.0,1.0802444105728894
11523.0,0.6578789232196665
11524.0,1.2301258386243645
11525.0,0.9963429146534468
11526.0,1.1798429496877083
11527.0,1.285601797455175
11528.0,0.9832701812526227
11529.0,0.967781011513446
11530.0,0.38713885517381164
11531.0,0.7805379595837173
11532.0,0.8541771088798606
11533.0,0.8890952718467008
11534.0,0.9145332205835977
11535.0,1.082718737703836
11536.0,1.2454166958885449
11537.0,1.0808268331834086
11538.0,1.247391493069094
11539.0,1.4509774709180614
11540.0,1.041366399427595
11541.0,1.4678479039708574
11542.0,1.0632992667419383
11543.0,0.9623487665805831
11544.0,1.4688000638104142
11545.0,0.7911149669059889
11546.0,1.4143590700031585
11547.0,0.7060732313006963
11548.0,0.7776390727890389
11549.0,0.7739447325182468
11550.0,0.7670877916153988
11551.0,0.9889881977712314
11552.0,1.3079640031335067
11553.0,1.55627955645401
11554.0,1.119589564462467
11555.0,1.2015454929245775
11556.0,0.9736308024775346
11557.0,1.5075080048021408
11558.0,1.327194787638323
11559.0,0.8034012902359713
11560.0,1.1075774883621323
11561.0,0.7520346524559935
11562.0,1.4085923063107193
11563.0,0.9581357417924121
11564.0,1.1029716636669158
11565.0,1.082745144546811
11566.0,0.7318913614322411
11567.0,1.6442737786040393
11568.0,1.0017844969074594
11569.0,1.3123186005980172
11570.0,1.2211153102492414
11571.0,0.9022623290998684
11572.0,1.1103901375768592
11573.0,0.6649518982843554
11574.0,1.1996579359492532
11575.0,0.8265868994757131
11576.0,1.1072938836839286
11577.0,1.0578772048026086
11578.0,0.8119721899885339
11579.0,0.6343984920293133
11580.0,1.072898411020869
11581.0,1.2592027809478281
11582.0,0.6194617777858764
11583.0,0.8643598708256747
11584.0,1.275155376024183
11585.0,0.8895385087041401
11586.0,1.0750716504042397
11587.0,1.0394453479592842
11588.0,0.8227781960738619
11589.0,1.0253685937899033
11590.0,0.9834293280401547
11591.0,1.1215690810455343
11592.0,0.7924741222128268
11593.0,0.7357327008546848
11594.0,0.9395098025160304
11595.0,1.1236550653779054
11596.0,0.859260131540739
11597.0,0.8846607479609572
11598.0,0.59020888652154
11599.0,0.4400269493563489
11600.0,0.992980065708586
11601.0,1.002800685585539
11602.0,0.782536630412765
11603.0,0.8252259003062731
11604.0,1.1184542657329948
11605.0,0.8326848183961043
11606.0,1.2510656965978273
11607.0,1.1779952922706198
11608.0,1.189465726330438
11609.0,0.9409487115797854
11610.0,0.8986131211539186
11611.0,0.8571878500977538
11612.0,0.9031294478195493
11613.0,1.0633205606457024
11614.0,0.5412853447307203
11615.0,1.0596970896688056
11616.0,0.7338352994586803
11617.0,1.3885676361740327
11618.0,0.9369202667012342
11619.0,0.9769571321258116
11620.0,0.8778105533498329
11621.0,1.0547065261195376
11622.0,1.3770984167407283
11623.0,1.150820116510966
11624.0,1.2267163284255498
11625.0,1.5366227946309128
11626.0,0.9478876081249525
11627.0,0.8352244460540447
11628.0,1.0443755986186056
11629.0,0.9922925636970436
11630.0,0.42870329439648935
11631.0,0.9716904331486776
11632.0,0.8221197607707643
11633.0,0.61917583343748
11634.0,0.969093370314151
11635.0,0.9416577220892014
11636.0,0.9651089320603939
11637.0,1.1837046672608187
11638.0,1.1084845516701491
11639.0,0.9999168522510642
11640.0,1.2236439067316665
11641.0,0.8376673916978205
11642.0,0.5232208716569374
11643.0,1.8977872617856022
11644.0,0.9470870822336886
11645.0,0.8768179471426044
11646.0,0.6929971466503668
11647.0,0.8636834582002425
11648.0,0.6465296676911175
11649.0,0.7568735894930961
11650.0,1.2825073289922595
11651.0,0.7165926024904585
11652.0,0.7974577326935042
11653.0,1.267713510944339
11654.0,1.6744686949763041
11655.0,1.2234695658964647
11656.0,0.9329753157905027
11657.0,1.051578931946478
11658.0,1.1926015516782056
11659.0,0.9752056099868673
11660.0,1.1295195995255067
11661.0,0.6688179984047192
11662.0,1.4277690064437394
11663.0,1.3973498131167095
11664.0,1.108530242617419
11665.0,0.6596877094934718
11666.0,0.5673051115740272
11667.0,0.516454847249121
11668.0,1.493494035842839
11669.0,1.0547876589688658
11670.0,0.8650321129161573
11671.0,0.763503167643146
11672.0,1.388366328841739
11673.0,1.2673161985731562
11674.0,0.8266610218231385
11675.0,1.0847101664082721
11676.0,1.430652079188182
11677.0,0.5987529521989846
11678.0,1.0701150892416798
11679.0,1.2003954643360637
11680.0,1.4276636738489774
11681.0,0.8873037742467895
11682.0,0.9200496999544011
11683.0,1.2266777774711546
11684.0,0.959221981767543
11685.0,0.8567023573559177
11686.0,0.7312121084766374
11687.0,1.2277161869663675
11688.0,1.3379906911284454
11689.0,0.9501270940928463
11690.0,1.2820625028221668
11691.0,1.392496528935604
11692.0,1.176450038820269
11693.0,1.2963026962528037
11694.0,0.7459621765696507
11695.0,0.9817702960990681
11696.0,1.3672867551504164
11697.0,0.6387789396002632
11698.0,1.116712002289756
11699.0,0.6721697955275088
11700.0,1.2905725489826083
11701.0,1.0842207562168025
11702.0,0.8526086073977356
11703.0,0.9971484134126001
11704.0,1.0031518870941414
11705.0,1.256311831405903
11706.0,0.7537602030470132
11707.0,0.527224173619369
11708.0,1.0727786643608872
11709.0,0.8680178259818225
11710.0,1.284229162935658
11711.0,1.0033833433184876
11712.0,0.7214482146893604
11713.0,0.6304681301639411
11714.0,1.4744936510853366
11715.0,1.4224712648965343
11716.0,0.9243626864121317
11717.0,1.1613073288910882
11718.0,1.217851221750778
11719.0,1.0583045320308637
11720.0,1.3321545271114712
11721.0,1.0523466636379495
11722.0,0.7973872693760429
11723.0,0.7029959050409612
11724.0,1.01767869331237
11725.0,1.0702625999326076
11726.0,0.8258115700520244
11727.0,0.7812445892370236
11728.0,1.1082270455743142
11729.0,0.6475950625785611
11730.0,0.8660157449208018
11731.0,1.1920086027654528
11732.0,0.7340740375547185
11733.0,0.4271885686020951
11734.0,0.9630382426130104
11735.0,0.9327099375785948
11736.0,1.19185288026795
11737.0,1.0819077279530211
11738.0,1.069869237171228
11739.0,1.0491893180332064
11740.0,0.8151715662224971
11741.0,1.1568141407800738
11742.0,1.794921349273631
11743.0,1.0585512669979227
11744.0,1.3717483077341033
11745.0,0.9360485748089623
11746.0,1.0514819927969268
11747.0,1.7521878084238862
11748.0,1.1964899011946997
11749.0,0.7176339572034214
11750.0,1.0455607837589016
11751.0,1.0510319665474535
11752.0,0.8769864888403942
11753.0,1.3028580812402948
11754.0,1.3463269497351793
11755.0,0.7078654713263025
11756.0,0.9896283273872722
11757.0,1.3253834936823765
11758.0,0.9529046124032063
11759.0,1.4132820905040253
11760.0,1.1324018615386333
11761.0,1.2170703793694113
11762.0,0.9610229978600026
11763.0,0.7129983966298544
11764.0,1.015907266472476
11765.0,0.8772134828954852
11766.0,1.4755678986020164
11767.0,1.196441116818858
11768.0,1.4697253427547705
11769.0,0.9387180999555391
11770.0,0.8634317558291845
11771.0,1.2353112310831278
11772.0,0.8419468126333793
11773.0,0.9164620682015606
11774.0,0.480419255160181
11775.0,1.3622475377397505
11776.0,0.23258740420125135
11777.0,0.9418243335220174
11778.0,1.1848270018355973
11779.0,0.9697191258689054
11780.0,1.0092022012466142
11781.0,0.562798079574509
11782.0,1.1194620411565643
11783.0,1.0023159930540808
11784.0,0.9187039600310551
11785.0,1.0863024265696568
11786.0,1.4017245181488822
11787.0,1.1062716531890355
11788.0,0.8168152023755086
11789.0,0.7069029292798631
11790.0,0.7615204506090407
11791.0,1.4668029470625568
11792.0,0.5773665661693892
11793.0,0.6225885089438121
11794.0,0.9921908053147205
11795.0,1.006342034704777
11796.0,1.1640532479825605
11797.0,1.0314652480377584
11798.0,1.174204251426097
11799.0,1.0843440416774328
11800.0,0.532622039784065
11801.0,1.1829064620636742
11802.0,0.9256116084902821
11803.0,1.3155209860477035
11804.0,1.1225792786903817
11805.0,0.9016978375647171
11806.0,0.9454924302794538
11807.0,1.017176201261117
11808.0,0.9179799338555855
11809.0,1.2542980944046156
11810.0,1.2709277332362712
11811.0,0.769580967512987
11812.0,1.6461489695234672
11813.0,1.162706728524077
11814.0,1.2186033707498047
11815.0,1.1857348814919102
11816.0,1.1607247696697816
11817.0,1.0070577972153156
11818.0,1.069674360868062
11819.0,0.6087709667891552
11820.0,0.8863760102021772
11821.0,1.1532904621625772
11822.0,1.187689697975291
11823.0,1.0915998263132265
11824.0,0.6873497267297342
11825.0,1.3163487414852444
11826.0,0.9508301785390844
11827.0,1.257213647981292
11828.0,1.1626324274250837
11829.0,0.7757066389180246
11830.0,0.8613311427417794
11831.0,1.0999558305770079
11832.0,1.0054165548664042
11833.0,1.356943749918985
11834.0,0.9288586660082241
11835.0,1.189153821742302
11836.0,0.8053543813031622
11837.0,1.184639702149715
11838.0,0.9206049082348451
11839.0,1.1261255251051885
11840.0,0.6044223072517336
11841.0,1.2537624747003424
11842.0,1.4855067058715976
11843.0,0.98104089731377
11844.0,0.7688434257453003
11845.0,0.9710075934820607
11846.0,1.145883733695463
11847.0,0.8427251822575592
11848.0,0.802871331565346
11849.0,1.1846625777574469
11850.0,1.2145105603682977
11851.0,0.5828002845492954
11852.0,1.010247818961029
11853.0,1.3017448696833174
11854.0,0.8959272125759019
11855.0,1.069712669398091
11856.0,1.4051534138833464
11857.0,0.9666574845167806
11858.0,0.8725592463606179
11859.0,0.8431757988675751
11860.0,0.7559725165597837
11861.0,1.0922280781802627
11862.0,1.3454295494135955
11863.0,1.3237189388453094
11864.0,1.1035888798916793
11865.0,1.182081071300965
11866.0,0.8407794886887261
11867.0,0.9221472208497964
11868.0,0.5192161187202826
11869.0,0.7737892929069711
11870.0,1.1501648786261867
11871.0,1.1665526657411958
11872.0,1.5489668992149257
11873.0,0.9431271629684821
11874.0,0.8160114431270459
11875.0,1.1347931699123743
11876.0,1.5588884161954726
11877.0,1.148219929134421
11878.0,1.3053554892163897
11879.0,0.8348858830743268
11880.0,0.9636624597145567
11881.0,0.967015925256751
11882.0,1.1859008973762546
11883.0,0.6333084200965531
11884.0,1.0316874851536848
11885.0,0.9055198310740735
11886.0,0.5745353174801184
11887.0,0.7190081975217302
11888.0,0.8710711139265745
11889.0,0.9386028057682064
11890.0,1.5169794723330545
11891.0,0.738758916278453
11892.0,1.148191938096951
11893.0,0.8779483912372942
11894.0,0.9483186975398372
11895.0,0.7578816004140315
11896.0,0.7316053633478965
11897.0,1.07583952184562
11898.0,1.246042894871066
11899.0,1.0565028460298036
11900.0,0.3314691185886498
11901.0,1.1456265975113074
11902.0,0.9385746789156991
11903.0,0.4301084362195421
11904.0,0.588644605342503
11905.0,0.9954741782841657
11906.0,1.3470000665980972
11907.0,0.8607396406766368
11908.0,1.065234050393755
11909.0,0.6187388384500934
11910.0,0.8709878486012
11911.0,1.0226074456693943
11912.0,1.4185309940935258
11913.0,0.7580668536180406
11914.0,1.0518401409360407
11915.0,1.2021739020467006
11916.0,1.2984184559728575
11917.0,0.99599798132788
11918.0,0.6978757718132949
11919.0,1.0727426598107717
11920.0,0.49653133591166654
11921.0,1.0315046563615138
11922.0,0.886917141208716
11923.0,0.9511308327383204
11924.0,1.4154743528174798
11925.0,1.0167414710965077
11926.0,0.9336554947240181
11927.0,1.1010745443510568
11928.0,1.1694489653579079
11929.0,1.1831345636191046
11930.0,1.1196696359085156
11931.0,1.1327182300375038
11932.0,1.9963975792957265
11933.0,1.0037291988131136
11934.0,0.6910984413298982
11935.0,1.1423583991589203
11936.0,1.0454340092101329
11937.0,1.0087864370670254
11938.0,0.7882465953906909
11939.0,0.848975897688139
11940.0,1.0429887092105494
11941.0,0.9919592040253727
11942.0,1.4506912203229783
11943.0,0.6231709668946286
11944.0,1.15134318596304
11945.0,1.0153478855414595
11946.0,0.987358390834143
11947.0,0.9702606033275563
11948.0,0.8810132639597033
11949.0,1.6472204998995492
11950.0,0.8928731689743682
11951.0,0.6028529438895633
11952.0,0.7845268975115643
11953.0,0.700801377356246
11954.0,0.9004054633388331
11955.0,1.179034730102865
11956.0,0.42231416490395757
11957.0,1.0878331988162107
11958.0,0.8468865915586352
11959.0,1.4215207794456437
11960.0,0.9810079768450962
11961.0,0.8712720311213216
11962.0,1.306289138746308
11963.0,1.5487331409521072
11964.0,1.2392592190452365
11965.0,0.957031998108335
11966.0,0.8188441466531016
11967.0,0.9377047673466679
11968.0,1.1189785776359686
11969.0,0.675697373028278
11970.0,1.2285769078036746
11971.0,0.673754795367991
11972.0,0.8497514314657888
11973.0,0.9021299782855179
11974.0,0.7430543166348145
11975.0,1.0347516850211278
11976.0,0.6718503255185975
11977.0,0.9069289006126295
11978.0,0.5773702178891225
11979.0,1.7283438702514127
11980.0,0.530500624577386
11981.0,1.2617341110233766
11982.0,1.3082365726533194
11983.0,0.8225504208876488
11984.0,0.9498596663365423
11985.0,0.8051632291576594
11986.0,1.0985509395875317
11987.0,1.1283771012000616
11988.0,0.9564960092797872
11989.0,0.90619030412624
11990.0,1.0926005932667588
11991.0,1.4528071803640732
11992.0,0.6062734141528632
11993.0,0.5526019720605526
11994.0,1.1512723221467236
11995.0,1.1864023752378192
11996.0,1.1344559148295033
11997.0,1.1963560549841041
11998.0,0.37256845727204635
11999.0,0.9960576127732438
12000.0,0.9309352745244543
12001.0,1.1103332466859532
12002.0,1.1407341463317875
12003.0,1.2189805850042785
12004.0,1.0982446841872069
12005.0,0.6580940443344943
12006.0,1.0054950685094575
12007.0,0.8879411629391946
12008.0,0.9938363148998935
12009.0,1.1926538575659982
12010.0,1.0194620636903855
12011.0,1.06842746932228
12012.0,1.3573942907288603
12013.0,1.0244363078236516
12014.0,1.3403274785796668
12015.0,0.7848519807533165
12016.0,1.3444980882973476
12017.0,0.9671302286238133
12018.0,0.7059196338522116
12019.0,0.9877412801253059
12020.0,0.6655335831403626
12021.0,0.7768787299186808
12022.0,1.2946048098267542
12023.0,0.5909399975617352
12024.0,1.6170445075181408
12025.0,1.2038115373003764
12026.0,0.7597912006148104
12027.0,0.8149207239033208
12028.0,0.9855249005288998
12029.0,1.1462090087450818
12030.0,0.8524552850440132
12031.0,1.3237087341297886
12032.0,0.7116328144210389
12033.0,0.618269646612698
12034.0,1.2938100746578105
12035.0,1.108111101472026
12036.0,1.1583945260115536
12037.0,0.8337112345749521
12038.0,1.0912713408401373
12039.0,1.1152746798324118
12040.0,0.7272271526866216
12041.0,1.2386604454503913
12042.0,0.9097089251563537
12043.0,0.7591816272531442
12044.0,1.3594752628564817
12045.0,0.9929731856809917
12046.0,1.2375885651018337
12047.0,1.0549447267740186
12048.0,1.4633985808538585
12049.0,1.22109406727899
12050.0,1.052661081350548
12051.0,0.9907169671418401
12052.0,1.3296751404620029
12053.0,0.7465755244315072
12054.0,0.9869339027329529
12055.0,0.9610070387269345
12056.0,1.0363329047777525
12057.0,0.9674122933168605
12058.0,1.2891119366930703
12059.0,0.8812381584136479
12060.0,1.4432893805080962
12061.0,0.9326572166698855
12062.0,0.8759866956734842
12063.0,0.905542802718524
12064.0,1.197946950822799
12065.0,0.5344379905741989
12066.0,0.5477324342338362
12067.0,0.7546978928720476
12068.0,1.0448254045111904
12069.0,0.9653421367534353
12070.0,0.5583799115897592
12071.0,1.0467674414638815
12072.0,0.7686326518575943
12073.0,1.0696187912989348
12074.0,1.3049302215332936
12075.0,0.8440368396689558
12076.0,0.6550747799987919
12077.0,1.2791072577772893
12078.0,0.9448252561915902
12079.0,1.0658537299213742
12080.0,1.1622883347731061
12081.0,1.3697103212578452
12082.0,1.4905030149260132
12083.0,1.4055267153065962
12084.0,1.2194557679652083
12085.0,0.6513281421697217
12086.0,0.8982830963796608
12087.0,0.7389952060809291
12088.0,1.0148964414922106
12089.0,0.8057520688087454
12090.0,1.0258922965770925
12091.0,0.9662927042963905
12092.0,0.8923282301396315
12093.0,0.8346593437856976
12094.0,0.7335807798883645
12095.0,1.264157022290415
12096.0,1.262208508150501
12097.0,1.0125665773676038
12098.0,1.0247961823976142
12099.0,0.6005273544522163
12100.0,0.7675411558492038
12101.0,1.0959398404672434
12102.0,0.9743063028732184
12103.0,0.869178885655856
12104.0,0.8292491321773031
12105.0,0.8066771193105723
12106.0,0.8277399592102354
12107.0,1.1430258291748534
12108.0,0.8897349070380012
12109.0,0.9523505222881398
12110.0,1.3569242886026243
12111.0,0.5763533551879398
12112.0,1.5089011966871606
12113.0,0.8188209582882877
12114.0,1.0237904199409285
12115.0,0.6831400722676737
12116.0,0.7497171170344944
12117.0,1.0260281475311277
12118.0,0.9316467106902797
12119.0,1.1535556851964142
12120.0,0.9545154795147345
12121.0,1.175610370648763
12122.0,0.6884714346188072
12123.0,0.9010014261296357
12124.0,0.6243562939644614
12125.0,0.8085724053472998
12126.0,0.4084921002316464
12127.0,1.2003272904382374
12128.0,1.112369960727341
12129.0,0.7832329857781797
12130.0,1.3915757425956554
12131.0,1.3658075828289604
12132.0,0.9852584669440698
12133.0,0.9035536986127694
12134.0,0.6577930887529919
12135.0,0.9486879904597403
12136.0,0.9877696074223578
12137.0,0.8031044173859917
12138.0,1.0615728706441976
12139.0,0.5702589590385607
12140.0,1.0847090073198737
12141.0,0.9359492322115618
12142.0,1.0637847098602362
12143.0,0.895975949587393
12144.0,1.2042858679215547
12145.0,1.2107447587574405
12146.0,0.6606904354690631
12147.0,1.2488263288592407
12148.0,0.9500571377540777
12149.0,1.024798565546927
12150.0,0.7488507987183137
12151.0,0.6463855568951338
12152.0,1.250813902848451
12153.0,0.703586761256491
12154.0,0.6714914025458418
12155.0,0.7909379634045604
12156.0,1.3066893510320399
12157.0,1.3016886577373241
12158.0,0.8024110467812552
12159.0,0.9265934403945874
12160.0,1.1855511239362806
12161.0,1.140441216269997
12162.0,1.3108729533394503
12163.0,1.203195791052636
12164.0,1.2909031369850799
12165.0,0.9101057733617669
12166.0,0.9723836790903038
12167.0,0.6070964620785055
12168.0,1.652581257978333
12169.0,1.468817392753291
12170.0,0.981678223713826
12171.0,1.4041489330783548
12172.0,0.8250113534896151
12173.0,0.893595590488644
12174.0,1.4527177055728
12175.0,1.2308677813368178
12176.0,1.0795777036756569
12177.0,1.1730250910589788
12178.0,1.0598769632481526
12179.0,1.0789596498652296
12180.0,1.2768012368423018
12181.0,1.0165894915157512
12182.0,0.8524632582602878
12183.0,1.266648755535722
12184.0,1.0773488491790417
12185.0,1.1442913306027358
12186.0,1.1075910815504915
12187.0,0.760134981542942
12188.0,0.8525370352738115
12189.0,1.3866147031897924
12190.0,1.2497628797855467
12191.0,1.2192335962146155
12192.0,0.9816649708168185
12193.0,1.3317733944689816
12194.0,1.1815443268799817
12195.0,0.8521677226084166
12196.0,0.9482573453389088
12197.0,1.2363888374476908
12198.0,0.5078017509918958
12199.0,1.1582188385560894
12200.0,1.139334437377359
12201.0,0.7877107302342717
12202.0,1.321089295349703
12203.0,1.0007641543618582
12204.0,0.9515777250610493
12205.0,0.8183838016859657
12206.0,1.2656561543298892
12207.0,0.3744127976178463
12208.0,1.3656323220961764
12209.0,0.9340583350668384
12210.0,1.024686926854256
12211.0,0.8892149864892429
12212.0,0.7948737111807975
12213.0,1.2976219469116481
12214.0,0.9422279729022975
12215.0,0.8635814193800897
12216.0,1.3859704312224939
12217.0,0.6811508079612443
12218.0,0.5620203489092866
12219.0,1.314307095121072
12220.0,0.7364255779161416
12221.0,1.1937283153173592
12222.0,1.3940268780496767
12223.0,0.8652432419236251
12224.0,0.8443715671689644
12225.0,0.4369219452301878
12226.0,1.0938458710917247
12227.0,0.7382643689120747
12228.0,0.9917150985920142
12229.0,0.7916666078356112
12230.0,1.0284314054644474
12231.0,0.9197482422511035
12232.0,0.7128338305656845
12233.0,0.7742252181418091
12234.0,0.9840905512362055
12235.0,1.135176161760271
12236.0,0.8377650060212302
12237.0,0.7870306817821652
12238.0,0.8466263485533659
12239.0,0.9164394775450013
12240.0,1.1414561005190431
12241.0,0.49949603710544543
12242.0,1.3707652516395559
12243.0,0.6867554063782757
12244.0,0.5616378948020453
12245.0,1.0264099944770153
12246.0,1.09720729308089
12247.0,1.1188249711672489
12248.0,0.7604824712913687
12249.0,0.8362935410083985
12250.0,1.0100104304584785
12251.0,1.0174449510662988
12252.0,1.1717522878123943
12253.0,1.5810540513966136
12254.0,1.1133048437226298
12255.0,0.7937975537482234
12256.0,0.9216135319594281
12257.0,1.3237571382283946
12258.0,0.9439449137227357
12259.0,0.7271316667000172
12260.0,0.44725177370001346
12261.0,1.5525074099740266
12262.0,0.6593366991955157
12263.0,0.889377048374723
12264.0,0.5239189575880577
12265.0,1.051122246780894
12266.0,1.1373667734889077
12267.0,1.1775232619938176
12268.0,1.166439734877112
12269.0,1.220324621313186
12270.0,1.473428902811998
12271.0,1.2252234271508728
12272.0,0.9039195210435527
12273.0,1.039735099772901
12274.0,1.3809822949211576
12275.0,1.5248376525737406
12276.0,1.1636777647216583
12277.0,1.0392061688156407
12278.0,0.4292796722801643
12279.0,0.9046876774953387
12280.0,0.932520788612963
12281.0,1.2549912103393024
12282.0,1.287340526301303
12283.0,1.1210697860392695
12284.0,0.9063505925316797
12285.0,1.3539689415475467
12286.0,0.31701249035349743
12287.0,1.531782003966689
12288.0,0.6766651139713705
12289.0,1.2486491985582768
12290.0,1.1893780002121341
12291.0,1.0690404602301335
12292.0,1.4779805775548638
12293.0,0.8280335027443665
12294.0,0.9771311982466969
12295.0,1.1367108401011041
12296.0,0.9609376167924595
12297.0,1.1270233637912728
12298.0,1.1355715193332394
12299.0,0.26681368288579
12300.0,1.124998472931582
12301.0,0.9947799890173817
12302.0,0.7078464647861706
12303.0,1.2992195356678728
12304.0,0.9830145444103584
12305.0,0.9717369156738123
12306.0,1.0815418693406544
12307.0,1.0987426634809678
12308.0,1.075239059457255
12309.0,0.9345911894995166
12310.0,0.6776576350225103
12311.0,0.8413276892503686
12312.0,0.4256920186669627
12313.0,0.563404316567995
12314.0,0.6724656473840885
12315.0,0.9713952337005662
12316.0,1.6307145550924402
12317.0,1.4895640071683758
12318.0,0.547800072620309
12319.0,1.0161951413648593
12320.0,0.6180163915395922
12321.0,0.960317534843913
12322.0,0.665810956725676
12323.0,1.1448387144112278
12324.0,1.1513483304000582
12325.0,0.9498789157547893
12326.0,0.9910062864984024
12327.0,1.3336337068989916
12328.0,1.3719419417849104
12329.0,1.4402798901793248
12330.0,0.9957981987481401
12331.0,1.0778309141059756
12332.0,1.07150956684259
12333.0,0.87912769288496
12334.0,1.2685290019362436
12335.0,1.0097198444579414
12336.0,1.2363028125223048
12337.0,0.8008154857558518
12338.0,1.2504010180181826
12339.0,0.9561317653820974
12340.0,0.8241508504218215
12341.0,1.7576700956126707
12342.0,1.1919861863779184
12343.0,1.0406632700039096
12344.0,0.8289961654994376
12345.0,0.946295854838918
12346.0,0.8967764861696341
12347.0,0.8884621136219074
12348.0,0.7839905417614084
12349.0,1.1328729647588351
12350.0,0.7851323271083626
12351.0,1.3634592121654125
12352.0,1.0262201167075393
12353.0,1.0605511490558892
12354.0,1.2814394624937624
12355.0,1.0332404903623948
12356.0,1.1954696788462895
12357.0,0.9221899781146128
12358.0,1.2385516490697577
12359.0,1.0681603031758915
12360.0,1.2559553129141259
12361.0,1.1564972793280455
12362.0,0.846240203414252
12363.0,1.0658196144140724
12364.0,1.1358910820536245
12365.0,1.0073934683383448
12366.0,1.1909829778928287
12367.0,1.4658292688213295
12368.0,1.2966069737391508
12369.0,1.1695766508340006
12370.0,1.149692980437186
12371.0,0.5870204714230036
12372.0,0.908046536846157
12373.0,1.2780457997792842
12374.0,0.6686934823117561
12375.0,1.0881873762152892
12376.0,0.8761902105093274
12377.0,0.9858830537463852
12378.0,1.3400258585574893
12379.0,0.9076002581702322
12380.0,1.0033174670235876
12381.0,0.812027254664475
12382.0,0.6037211346605764
12383.0,0.556007245042505
12384.0,1.9976007574102883
12385.0,0.8951207595922068
12386.0,1.236089299219036
12387.0,0.9863159030605048
12388.0,0.750357868293843
12389.0,0.9265427427121427
12390.0,0.8264841575540187
12391.0,0.6658462167978971
12392.0,1.124962270166111
12393.0,0.8189833381034239
12394.0,0.73753892273666
12395.0,0.6906526525877904
12396.0,0.904150319274474
12397.0,0.8504116798551853
12398.0,0.8492786206321553
12399.0,0.7229395001817385
12400.0,1.3080134437302255
12401.0,1.3448964258825744
12402.0,1.2215530215717765
12403.0,0.8529000768542181
12404.0,1.002672379336111
12405.0,1.2976645260304316
12406.0,0.7862746413033361
12407.0,1.0888544214834133
12408.0,1.0796206405080147
12409.0,0.8918904717258018
12410.0,0.5616947351297087
12411.0,1.3349504569102437
12412.0,0.750575887454165
12413.0,1.059019659047485
12414.0,1.46941868412843
12415.0,1.2204563826329435
12416.0,1.2228266337711076
12417.0,1.315325539053872
12418.0,0.5095064165537617
12419.0,1.2965680868355047
12420.0,0.6777891813797957
12421.0,1.0106027983721397
12422.0,0.9127921292445765
12423.0,0.90089239064517
12424.0,1.6645564103703965
12425.0,0.7113066469623404
12426.0,0.9213434642930713
12427.0,0.7624124758574252
12428.0,0.8752225748878679
12429.0,0.8435892679411886
12430.0,1.225785418605962
12431.0,0.8337575970931767
12432.0,1.0487303796331284
12433.0,1.1801536480153454
12434.0,1.256193677927426
12435.0,0.8707850006579799
12436.0,0.5464977507513762
12437.0,1.15774801593427
12438.0,1.277121689639672
12439.0,0.7455377349609361
12440.0,1.2072745101706646
12441.0,0.8834447443729986
12442.0,1.4929745015688902
12443.0,0.6907361998329936
12444.0,0.4580058818107202
12445.0,1.5736389922287257
12446.0,0.6492692091267622
12447.0,1.4776087028000955
12448.0,0.6814437133952002
12449.0,1.2460222467854671
12450.0,0.8017339227551773
12451.0,1.202809680958479
12452.0,1.115781234723673
12453.0,0.6112168119493354
12454.0,0.9368190170695369
12455.0,0.8910198862329906
12456.0,0.9568772159238983
12457.0,0.7881347275101193
12458.0,0.8042672008745819
12459.0,0.831779047351995
12460.0,0.7888547156094601
12461.0,0.9039006893327659
12462.0,0.8149034453136248
12463.0,1.1154361188577195
12464.0,0.9260304268758527
12465.0,0.7967375327869527
12466.0,1.4854115945158384
12467.0,1.3067921217521759
12468.0,0.8535852412210244
12469.0,0.7947675383731234
12470.0,1.2739426058608676
12471.0,1.2995103079673076
12472.0,0.9160107155225858
12473.0,0.9988251493686974
12474.0,1.0947436233293717
12475.0,0.5706455006040936
12476.0,0.8477576555983999
12477.0,1.1926419588214239
12478.0,1.272624456841288
12479.0,1.12456602986073
12480.0,1.1520337120912874
12481.0,0.8729867945128005
12482.0,0.6023528780645233
12483.0,1.291088250109275
12484.0,1.1542231325121144
12485.0,0.5758685954331837
12486.0,0.8090725217844746
12487.0,1.0481383088580527
12488.0,1.1709104408622202
12489.0,1.3673891452862144
12490.0,1.0308817326901523
12491.0,0.9815665364630244
12492.0,1.0096291739924603
12493.0,0.7591221620850349
12494.0,1.0636276667453715
12495.0,0.84180600633233
12496.0,1.568094281557337
12497.0,0.9098703646220758
12498.0,1.1283347755588362
12499.0,0.9420474323899812
12500.0,1.1587004880629252
12501.0,1.1902460457426898
12502.0,1.623003571470167
12503.0,0.7153807058476603
12504.0,0.8427784854186622
12505.0,1.213109873035479
12506.0,0.7820737408916073
12507.0,0.9233804866311166
12508.0,0.6133806859009132
12509.0,0.9895718699411883
12510.0,0.8676872217940703
12511.0,1.3579383559986908
12512.0,0.9986752885244791
12513.0,1.290010851101543
12514.0,1.0589327265668274
12515.0,0.8120127471148508
12516.0,0.7268839221086432
12517.0,1.1293404857275173
12518.0,1.0646903152058615
12519.0,0.7469980299889324
12520.0,1.2928124588089924
12521.0,1.2683969996181481
12522.0,0.9612042414705796
12523.0,0.9595565722399834
12524.0,1.008278133247619
12525.0,0.9980149192203243
12526.0,0.6907359701050539
12527.0,1.2016912669389481
12528.0,0.8747614152485079
12529.0,0.9304755520506334
12530.0,0.8538901535408225
12531.0,1.0859703409058727
12532.0,1.218051264010357
12533.0,0.726739570493246
12534.0,1.163181814459776
12535.0,1.063016565496131
12536.0,0.5447678560980274
12537.0,0.9313994964854377
12538.0,1.2887403959918724
12539.0,0.8379867209633964
12540.0,1.175149778560008
12541.0,1.0076134343273846
12542.0,0.6031014988802446
12543.0,0.8834814744760577
12544.0,0.3099723760276667
12545.0,0.973886197674882
12546.0,1.0307538510739334
12547.0,1.1024134031845156
12548.0,1.3055969816437405
12549.0,0.702899706229454
12550.0,0.798971997641108
12551.0,0.6466285014572247
12552.0,1.3487598824724492
12553.0,0.8763497753678582
12554.0,1.0110770906882365
12555.0,0.5204132318607773
12556.0,0.9653450980121998
12557.0,0.9470773617628089
12558.0,1.1706191295621182
12559.0,0.5843621438478704
12560.0,0.8674278724296325
12561.0,1.2509524532286622
12562.0,1.1612481362289016
12563.0,0.8956891542523329
12564.0,1.0504002791403528
12565.0,0.7995999588483308
12566.0,0.9564683270825194
12567.0,0.9841613392426292
12568.0,0.9237734860015936
12569.0,1.2891907056854564
12570.0,0.8903579659723838
12571.0,0.8087824943265653
12572.0,1.230025768118138
12573.0,1.594265529231198
12574.0,0.9699706815575906
12575.0,0.6750402163466773
12576.0,1.1389691700921483
12577.0,0.9004534363124074
12578.0,0.8360205628178505
12579.0,1.1702863771999383
12580.0,0.759136420288389
12581.0,0.9272581266810026
12582.0,1.5702916822842394
12583.0,0.36562825154593726
12584.0,0.9454182606270963
12585.0,1.2000781712951012
12586.0,0.9270034070765781
12587.0,1.3085119350848742
12588.0,0.7026749546805064
12589.0,1.047673496955824
12590.0,1.3996049663102756
12591.0,0.8250195642051132
12592.0,1.360208533875849
12593.0,0.6151944871601308
12594.0,1.041100939497113
12595.0,0.7231907258488035
12596.0,0.9999408358524159
12597.0,0.5946401768035976
12598.0,0.923608688819085
12599.0,0.8461368466682586
12600.0,1.1737452803086081
12601.0,1.0800803875331861
12602.0,1.4593640761598938
12603.0,0.9035305644218258
12604.0,1.0106732856895222
12605.0,1.1677716140194134
12606.0,0.8415278363037462
12607.0,1.5269983722886713
12608.0,0.8887992824342226
12609.0,0.8945083128968321
12610.0,1.3219645757209517
12611.0,0.932583544238419
12612.0,1.3320470023552278
12613.0,0.7608593856558066
12614.0,1.0065228993065445
12615.0,1.0259244196851725
12616.0,0.7600355508119796
12617.0,1.6201082209965292
12618.0,1.3484241045701868
12619.0,0.9922371618889964
12620.0,0.8504535653462001
12621.0,1.1959893370842811
12622.0,1.1501047897233114
12623.0,0.946006255343295
12624.0,0.942655444776549
12625.0,1.0281304033870484
12626.0,0.5739781382086864
12627.0,0.6293169427468361
12628.0,0.7999278839274355
12629.0,0.7148103634908063
12630.0,0.8760298637941596
12631.0,1.241209050582973
12632.0,1.0362383472876924
12633.0,1.0374162162963294
12634.0,1.210323007101735
12635.0,0.9077597681172827
12636.0,0.36771978504789526
12637.0,1.0392114247843673
12638.0,0.5304902131323757
12639.0,1.0510190670536577
12640.0,1.0432582866998068
12641.0,1.2606359516785064
12642.0,0.6350839319967614
12643.0,0.9074998095591155
12644.0,1.2024620676950222
12645.0,0.8290563952755372
12646.0,1.1017097785141188
12647.0,0.9699856590389354
12648.0,0.781715164703934
12649.0,1.1256130949250591
12650.0,1.0352675960441293
12651.0,0.8179857125686026
12652.0,0.9216081034019608
12653.0,1.1635389226198405
12654.0,0.8821602954209635
12655.0,1.3003318462327353
12656.0,0.9684053972199183
12657.0,1.0998093659796788
12658.0,0.8168300721226786
12659.0,1.2141089901403468
12660.0,0.9664957095102735
12661.0,1.100041750838523
12662.0,1.3990061522015869
12663.0,1.2182161557936624
12664.0,0.6859448027775112
12665.0,1.0180783347379978
12666.0,1.438593571314425
12667.0,0.8411426636793018
12668.0,0.7856336834900299
12669.0,0.6742544828372687
12670.0,0.9884081569065148
12671.0,1.4538913729768375
12672.0,1.2741595297069979
12673.0,1.4649185894208236
12674.0,0.6679952132165743
12675.0,0.39887345739253155
12676.0,1.3290554025353019
12677.0,0.40440426427710896
12678.0,0.6940530207238786
12679.0,1.3547556464241164
12680.0,1.0751811721062525
12681.0,0.8538965141195441
12682.0,1.0294596513337628
12683.0,1.1175069508485724
12684.0,1.245211615152667
12685.0,1.156651213114902
12686.0,0.7860662656593982
12687.0,1.4050574175598498
12688.0,1.2212749831805496
12689.0,1.3444564458509998
12690.0,1.0640346523541113
12691.0,1.4347662151432439
12692.0,0.9763261417439718
12693.0,1.3375984759995871
12694.0,0.748527030113582
12695.0,1.128536256618081
12696.0,0.7126284631462958
12697.0,0.8631818158803407
12698.0,0.7783029655722056
12699.0,0.7916739253256269
12700.0,1.2984416838275676
12701.0,0.5394079595002161
12702.0,1.1364287451671076
12703.0,1.786922006606701
12704.0,1.0659838869528195
12705.0,0.7797530462949565
12706.0,1.5489614297692569
12707.0,0.8442013654923217
12708.0,0.7921858982580694
12709.0,1.0226853267159506
12710.0,0.8548712153171374
12711.0,0.6083359013270517
12712.0,1.1112250728658086
12713.0,1.1872405032196098
12714.0,1.0595288169873298
12715.0,0.7603951198876174
12716.0,1.09428783412804
12717.0,0.9314368434699961
12718.0,1.300903721360117
12719.0,1.0841363180969836
12720.0,1.0949783866978007
12721.0,1.2072858977280574
12722.0,1.0309531976625264
12723.0,1.359491397837508
12724.0,0.6680264345649392
12725.0,1.0467052658105669
12726.0,0.8002589930892584
12727.0,0.9952833435367716
12728.0,0.9332929500173763
12729.0,0.7227562221572035
12730.0,0.9481518560212526
12731.0,1.2335687223596985
12732.0,1.154630648500118
12733.0,1.5196000076055785
12734.0,1.0305202130028046
12735.0,0.5749920156324599
12736.0,0.7935299174449422
12737.0,1.1321928062395739
12738.0,1.0598631032766686
12739.0,1.2097556476304883
12740.0,1.1686997475800054
12741.0,0.8896843943552378
12742.0,1.0324861585603615
12743.0,1.2099058386158519
12744.0,0.7517864289192431
12745.0,0.9235965366579136
12746.0,0.4556947490779698
12747.0,1.1516249560866894
12748.0,0.9163966384982617
12749.0,1.1898419856048512
12750.0,0.6766985924018891
12751.0,0.7462958108920337
12752.0,0.8896180166493899
12753.0,1.2711687644061866
12754.0,1.0875397208031665
12755.0,0.983949195415979
12756.0,0.8859166254029107
12757.0,1.2735669569016415
12758.0,1.3541822010986897
12759.0,1.3610224326498401
12760.0,0.9578183338175348
12761.0,0.4646851281716875
12762.0,1.657340026360918
12763.0,0.9949780258848584
12764.0,1.0252918982946788
12765.0,1.5138460088923003
12766.0,0.8506595949683786
12767.0,0.8452926769744405
12768.0,0.9116094654507325
12769.0,0.8790956665491386
12770.0,1.1927957671195273
12771.0,0.720640344736398
12772.0,0.7977974890981557
12773.0,0.8460299725229573
12774.0,0.8700274210118698
12775.0,1.023652678713503
12776.0,1.0946489361964218
12777.0,0.7744192990975244
12778.0,0.6989105864127582
12779.0,0.6840775648297057
12780.0,1.0262152604183021
12781.0,1.0837683408465544
12782.0,1.0026023440887288
12783.0,0.1864927754032033
12784.0,1.198182554156516
12785.0,1.2285350340236723
12786.0,0.5694058945106981
12787.0,1.2671307766686732
12788.0,0.7381006540313871
12789.0,1.3149687899090823
12790.0,1.076737927904674
12791.0,0.9203405675287974
12792.0,0.9045423065935799
12793.0,0.7632108619554825
12794.0,1.1320903440992132
12795.0,1.4066561502293475
12796.0,1.1532607521098255
12797.0,1.157369318353896
12798.0,0.956359811629083
12799.0,0.6653841348541645
12800.0,0.7394387092121582
12801.0,0.9108278035125514
12802.0,1.5421068767900346
12803.0,1.2583846914530739
12804.0,1.0087932310222856
12805.0,1.0965722108016809
12806.0,1.1142090819697257
12807.0,1.1407140275717835
12808.0,1.5601714895830237
12809.0,0.6935921703956343
12810.0,1.063057700978521
12811.0,1.196400434722426
12812.0,0.8261632202184228
12813.0,0.6758633587487105
12814.0,1.2049413564659197
12815.0,0.8948094164774162
12816.0,1.4876571995171395
12817.0,0.9400991471803649
12818.0,0.7435769529917184
12819.0,0.8999541674492005
12820.0,1.08013475997185
12821.0,1.074352155466646
12822.0,1.1036742480122128
12823.0,0.8365422486337938
12824.0,1.2670005281913161
12825.0,1.0247226825484388
12826.0,1.0563584677592222
12827.0,1.0534058735962573
12828.0,0.8386474043029557
12829.0,0.9714873018078672
12830.0,1.0812363476164162
12831.0,1.1597112171149804
12832.0,1.1464770940393705
12833.0,0.8503346452662142
12834.0,0.8317541095891795
12835.0,1.0097054795043179
12836.0,1.1803443987805111
12837.0,1.27745346731407
12838.0,0.7135198533749835
12839.0,1.251683452283525
12840.0,0.88966035514085
12841.0,1.2735028732573206
12842.0,1.008023674809695
12843.0,1.513563855730779
12844.0,0.7975039323846187
12845.0,0.6480738082678823
12846.0,1.0342164399222669
12847.0,1.1466666004757564
12848.0,1.2345257374430694
12849.0,0.9751401583001846
12850.0,0.5029257852861664
12851.0,0.816940769783523
12852.0,0.6066657629203634
12853.0,1.1178748319736083
12854.0,0.7123434045380557
12855.0,1.1152061925476984
12856.0,1.0696291410363543
12857.0,1.172644685993415
12858.0,1.0174527390466708
12859.0,0.7333005833308852
12860.0,0.7089468208592685
12861.0,0.9631296287728629
12862.0,1.1177038451530463
12863.0,1.1479541021617017
12864.0,0.8976630930904664
12865.0,0.8409405324889286
12866.0,1.2298680651320364
12867.0,0.8725571787052003
12868.0,0.9802254198880278
12869.0,1.3945755465480754
12870.0,0.4621015593232918
12871.0,0.7950951372903906
12872.0,1.7795366784672733
12873.0,1.0972780186892443
12874.0,0.9112083354123154
12875.0,1.475595336227508
12876.0,0.7274701809294373
12877.0,1.231148844706149
12878.0,0.6156081055015613
12879.0,1.093920985169635
12880.0,0.893073700415539
12881.0,0.7018781305087556
12882.0,0.8859348931158283
12883.0,0.808007995619992
12884.0,1.3908572347065529
12885.0,1.0002533203460542
12886.0,1.165245430251764
12887.0,1.0091041873609727
12888.0,0.9116280065447926
12889.0,0.8809183112446151
12890.0,0.8355269158510894
12891.0,1.4133585885366808
12892.0,1.2009558313456363
12893.0,1.3383795704236154
12894.0,0.6322230641145068
12895.0,1.1614697825034832
12896.0,1.1097122257193892
12897.0,0.8378090742191802
12898.0,0.9489920114909564
12899.0,0.9857475335141157
12900.0,0.6721858580371176
12901.0,1.0794731950401677
12902.0,0.6569424259145571
12903.0,1.2307367986573534
12904.0,0.9800497350797368
12905.0,1.3981442076592077
12906.0,1.3574504080695975
12907.0,1.1403599740523085
12908.0,0.7709632167832355
12909.0,1.0028060869273128
12910.0,1.2199847335079537
12911.0,1.1093560870725838
12912.0,1.1217609705969798
12913.0,1.4048892550887868
12914.0,0.8453087523448288
12915.0,0.6096728657890971
12916.0,0.7255719803830266
12917.0,1.4147972045732984
12918.0,1.188497382750209
12919.0,0.502710735730421
12920.0,1.104870680156971
12921.0,0.8288194795862057
12922.0,1.5293953637241757
12923.0,1.140382816670669
12924.0,1.3483910643819648
12925.0,1.4770785320757942
12926.0,0.9719843997350929
12927.0,1.0204293381806808
12928.0,1.1940263945992942
12929.0,0.8972798868531489
12930.0,0.7003134773895136
12931.0,0.7814809678420935
12932.0,1.209019537916119
12933.0,0.7919254158497562
12934.0,0.6834645251605165
12935.0,0.6844372237465544
12936.0,0.9831120579439147
12937.0,1.208104420303858
12938.0,0.9108392587594288
12939.0,1.309435635781928
12940.0,1.3084001847587894
12941.0,1.2025256801705937
12942.0,0.8039274459331678
12943.0,1.1596453804790157
12944.0,1.328775109412083
12945.0,0.6578674517536129
12946.0,1.0137304357780406
12947.0,0.8007605786700587
12948.0,0.8813949495058632
12949.0,1.1673262115622425
12950.0,1.3382012346683212
12951.0,1.0278730709493609
12952.0,1.4286046600536768
12953.0,1.1670716999294912
12954.0,0.838852704209585
12955.0,1.2269432306224344
12956.0,1.0595992784326407
12957.0,0.9733720290999688
12958.0,0.8709356620323825
12959.0,1.1757938994769699
12960.0,0.7447758525791536
12961.0,1.1102093931217227
12962.0,0.9039063878530288
12963.0,1.2207128126630313
12964.0,0.5801552663013472
12965.0,1.142413864272171
12966.0,1.193292637584057
12967.0,0.9035905684169601
12968.0,0.6198088718756748
12969.0,1.2707389056469574
12970.0,1.494203071014775
12971.0,0.9937959051832019
12972.0,0.9616294690736947
12973.0,1.4211380454677944
12974.0,1.0470845061653018
12975.0,0.9858659222316916
12976.0,1.3172379942318753
12977.0,0.880433499303741
12978.0,0.7748342977659005
12979.0,1.0790322909147103
12980.0,0.7290602123125713
12981.0,1.35412275339766
12982.0,0.9269170446121262
12983.0,1.1335060001382509
12984.0,0.5917065197758828
12985.0,1.2087743564093816
12986.0,0.6104230655264812
12987.0,1.1428972569532136
12988.0,0.993711785143724
12989.0,0.7976101910153877
12990.0,0.7620534724704124
12991.0,0.9007679304984709
12992.0,1.4039509437633653
12993.0,1.0892124793134619
12994.0,1.385156204597907
12995.0,0.8661782839019039
12996.0,1.0919510662128125
12997.0,1.2747258957681225
12998.0,1.1611926526763972
12999.0,1.0193440659333517
13000.0,0.7216153605280944
13001.0,1.3596961615535694
13002.0,0.5948368749328219
13003.0,0.8662127273906276
13004.0,0.6556375318528251
13005.0,1.0794687518509425
13006.0,0.9101165466519086
13007.0,0.882582169157978
13008.0,0.8603678630573447
13009.0,1.2157424949259106
13010.0,1.1202408843051859
13011.0,1.0608544109680094
13012.0,0.9818186323209833
13013.0,0.6492618254081219
13014.0,0.6861351260903488
13015.0,1.191386768570223
13016.0,0.9296496788348333
13017.0,0.7747912680767299
13018.0,1.2569950391312898
13019.0,0.9568011324790244
13020.0,1.1877775422405263
13021.0,0.6136557027315102
13022.0,0.9739413011278099
13023.0,1.0907928465755208
13024.0,1.0894361758062587
13025.0,1.191525511447958
13026.0,1.056869099445431
13027.0,0.9641327986960428
13028.0,0.8522297951860394
13029.0,0.863592288875881
13030.0,0.739421683269025
13031.0,0.8929427232817421
13032.0,1.676890128369045
13033.0,1.2050806363074438
13034.0,1.3963270208448932
13035.0,0.5917622986656407
13036.0,0.7356667577543968
13037.0,1.0874511962594136
13038.0,0.4728760509201525
13039.0,0.9056296601434216
13040.0,0.8568011059839012
13041.0,1.5319042949128383
13042.0,1.1714846279208515
13043.0,0.7966397069481589
13044.0,1.0830445391936119
13045.0,1.0603886989693165
13046.0,1.245216640937784
13047.0,0.7051409431800808
13048.0,1.2595190426592007
13049.0,0.6411604487987876
13050.0,0.7937855878410092
13051.0,1.0324495335668744
13052.0,0.8401138399819794
13053.0,1.0456518585351429
13054.0,1.2701412787739885
13055.0,0.9192153441807388
13056.0,0.9328998020958175
13057.0,0.6025722862014657
13058.0,0.8356955663868937
13059.0,0.4401034711810392
13060.0,0.9210907525421075
13061.0,1.3438470903420727
13062.0,0.966795933296248
13063.0,1.0056526976871951
13064.0,0.617927920921463
13065.0,0.8386028882978477
13066.0,1.084696508468182
13067.0,1.338192312709804
13068.0,0.9107944658141022
13069.0,1.1111601817784713
13070.0,1.228283731483812
13071.0,1.8535915300637256
13072.0,1.1323672228194899
13073.0,1.162180221783853
13074.0,1.5375794660985447
13075.0,1.218538846965499
13076.0,1.2295124139695663
13077.0,0.9737039336624627
13078.0,1.6333890946524274
13079.0,0.8260200971246575
13080.0,0.4715724668256627
13081.0,1.0033075669533054
13082.0,0.6080225769361454
13083.0,1.0490790083683683
13084.0,0.5140692524912495
13085.0,0.6321720003504996
13086.0,1.080658137952376
13087.0,0.8510208695632511
13088.0,0.8536928810202988
13089.0,0.5688248199869945
13090.0,0.8895478685862279
13091.0,0.6936587756598045
13092.0,1.3784299265419713
13093.0,0.9359802554069319
13094.0,0.8476717929459537
13095.0,2.108941772606073
13096.0,0.9999181340548914
13097.0,1.0222018209648738
13098.0,1.124036241128167
13099.0,0.6174888254966613
13100.0,1.1037600772771436
13101.0,0.6683139647486596
13102.0,1.1906833614625738
13103.0,1.0793308329355398
13104.0,1.2733651340593029
13105.0,1.158081023305281
13106.0,1.240795444705612
13107.0,0.9780370385959717
13108.0,0.7399568862586824
13109.0,1.0109933000316624
13110.0,0.911142852174736
13111.0,1.2698511218934854
13112.0,0.8210840684819278
13113.0,0.8168101822297256
13114.0,1.1955573864429172
13115.0,0.99282796717911
13116.0,0.9584241880436828
13117.0,1.2884081237026406
13118.0,0.8543519292171236
13119.0,1.2278162028713164
13120.0,0.8713531235203225
13121.0,0.4875234971239176
13122.0,0.7637154651762637
13123.0,1.2510783236837963
13124.0,1.3437764407798891
13125.0,0.632788059295768
13126.0,0.6005866725687692
13127.0,0.578626756795545
13128.0,0.8395189661205964
13129.0,0.8858104728900178
13130.0,0.9358284771568872
13131.0,1.0265191814885595
13132.0,0.9960959371446474
13133.0,1.2820065681526822
13134.0,0.6835048762617095
13135.0,1.181458289167736
13136.0,0.982019291974614
13137.0,1.3084447498581233
13138.0,0.9025814968111605
13139.0,0.6870673767539749
13140.0,1.3070703028029524
13141.0,1.269943071656013
13142.0,0.7493148371548992
13143.0,0.8136961888723473
13144.0,1.067389929521762
13145.0,1.1303662053119128
13146.0,0.9975215420820424
13147.0,1.442221323132578
13148.0,1.0584695993182227
13149.0,0.9720562755978202
13150.0,1.4664285014525564
13151.0,1.1135804291242581
13152.0,1.1097515711907628
13153.0,1.3346805978844216
13154.0,1.1399543358895536
13155.0,1.491062658224521
13156.0,0.43664372517268357
13157.0,0.9141113504184482
13158.0,1.0448563214759412
13159.0,0.9326259902541754
13160.0,0.8646112528086323
13161.0,0.7774552478403458
13162.0,1.1235433978993903
13163.0,1.3407378069522344
13164.0,0.9438749347484635
13165.0,0.552975188957141
13166.0,0.5309064463032624
13167.0,0.6661941727219466
13168.0,1.231144380252419
13169.0,1.2970998959889828
13170.0,0.776292513025511
13171.0,0.7586093035349135
13172.0,1.3144309802286402
13173.0,0.9786224208480327
13174.0,1.0143237302487598
13175.0,1.2306469102367814
13176.0,0.7364437569992521
13177.0,1.3282815110778774
13178.0,0.7855404395976437
13179.0,1.2098310562928871
13180.0,1.4227538732996163
13181.0,1.1348499741660991
13182.0,1.1391139516617117
13183.0,1.0936926951024775
13184.0,0.6802458372996447
13185.0,1.2534209557438158
13186.0,1.1081317350778508
13187.0,1.2719093228843215
13188.0,0.8396769018510644
13189.0,1.0787127207468978
13190.0,1.2124422072912582
13191.0,0.6786578755497237
13192.0,1.144396376848297
13193.0,1.1900859868203293
13194.0,1.0458135981104906
13195.0,1.3618809503683058
13196.0,0.9663045877658959
13197.0,0.8261872970283254
13198.0,1.408049319272092
13199.0,0.8596177172106833
13200.0,0.6082512305555846
13201.0,0.9206015957640006
13202.0,1.0756793553533028
13203.0,0.8582549111406275
13204.0,1.4719692582864852
13205.0,1.4192708890975467
13206.0,1.1847165564606827
13207.0,0.887688243109905
13208.0,0.8064930002712747
13209.0,0.783714447041076
13210.0,0.6886148119269255
13211.0,1.0914776024445814
13212.0,1.0915611550151993
13213.0,1.0864681659132027
13214.0,1.2362241281327027
13215.0,1.1962303722734913
13216.0,0.9517631643312824
13217.0,1.2482352860121608
13218.0,1.2964022347380124
13219.0,0.7981620013209365
13220.0,0.9753018491902932
13221.0,1.2444010812010442
13222.0,1.093591878468458
13223.0,0.6879139067456255
13224.0,0.9575229513426577
13225.0,0.9391741336206636
13226.0,0.7231367092116767
13227.0,1.5643484641471233
13228.0,1.117271146283946
13229.0,1.3291443984617226
13230.0,1.1997604973378335
13231.0,1.123881473738765
13232.0,1.2703869087268922
13233.0,0.8499555375223475
13234.0,1.0520905377571828
13235.0,1.1437819594489116
13236.0,1.1195795723732471
13237.0,0.8267911028180344
13238.0,1.1309098982940653
13239.0,0.8995651954335804
13240.0,1.0642208926710308
13241.0,0.8895961442153455
13242.0,0.8912074695100123
13243.0,0.86623974542495
13244.0,1.0491095718790207
13245.0,0.9588492931166623
13246.0,1.184803670543718
13247.0,1.3012756084176733
13248.0,0.7641222981831024
13249.0,0.8947249449664965
13250.0,0.6802611818513056
13251.0,0.918243389924107
13252.0,1.0207361716417844
13253.0,0.9080579705291616
13254.0,1.4320698165477208
13255.0,1.0059457184055636
13256.0,1.061698574301604
13257.0,1.1784855420272102
13258.0,0.5615107188202415
13259.0,0.6758873344437937
13260.0,1.074087467902387
13261.0,1.4538260644252854
13262.0,0.871590570448265
13263.0,0.7645848998402907
13264.0,0.9310050349569234
13265.0,1.2001536201447771
13266.0,0.7880304403814993
13267.0,1.0102388004452132
13268.0,1.1222824653607806
13269.0,0.7382775229342056
13270.0,1.0650437972138815
13271.0,1.61561387549773
13272.0,0.8891617197187787
13273.0,1.004401692327405
13274.0,0.6521601583358929
13275.0,1.3767677330561363
13276.0,0.880766132150776
13277.0,0.5886329955825056
13278.0,1.2836916938955796
13279.0,1.2534938555595045
13280.0,1.0912708437297978
13281.0,1.2085635308599894
13282.0,0.9898450977714776
13283.0,1.2931834427937277
13284.0,1.133391320261912
13285.0,1.143000267827739
13286.0,0.9816725143612252
13287.0,1.0022331007097018
13288.0,0.9510822067677324
13289.0,0.8972815247065071
13290.0,1.0543201040253705
13291.0,1.1639703216431616
13292.0,0.9431643291170873
13293.0,1.0340475562827183
13294.0,1.1066787953770227
13295.0,1.163169115827573
13296.0,0.9610546119253635
13297.0,0.9502988462252446
13298.0,0.9479043196256707
13299.0,1.1163710294177034
13300.0,0.9890637966883307
13301.0,0.8075011147002397
13302.0,0.9638128844178178
13303.0,1.3963765637740904
13304.0,0.9955672584585842
13305.0,0.9119219208012757
13306.0,0.9695186412516488
13307.0,0.6761034219096056
13308.0,1.1749259460886257
13309.0,1.0955516143285564
13310.0,0.7564064443969665
13311.0,0.8938815675279567
13312.0,0.9532278485067939
13313.0,0.8579026421421243
13314.0,1.1359224177174028
13315.0,0.4397021012973973
13316.0,0.573201341380699
13317.0,1.3603337341315362
13318.0,0.7509888504343081
13319.0,1.1632817345127475
13320.0,1.2745561452052223
13321.0,1.2832068990512533
13322.0,1.0234838225614584
13323.0,1.0067626512139831
13324.0,0.5863637828069457
13325.0,1.0783558717782016
13326.0,0.9711806457716565
13327.0,1.2902361100307935
13328.0,0.5061528469198973
13329.0,1.3878786634550928
13330.0,0.9020596205360726
13331.0,1.4634927103303368
13332.0,1.0752488646265588
13333.0,1.271076732752196
13334.0,0.8040691765450245
13335.0,0.5689129645213091
13336.0,1.279164667925782
13337.0,0.7807371585646542
13338.0,0.9172908384625568
13339.0,1.3383768143651573
13340.0,1.3265722427343536
13341.0,1.05808079817522
13342.0,0.8746581255088639
13343.0,1.0681923459284224
13344.0,0.7247195216073319
13345.0,1.3182953605323573
13346.0,0.7527319889611545
13347.0,0.9459231484853607
13348.0,1.0789679436197863
13349.0,1.2895666650757196
13350.0,0.9673158745058872
13351.0,1.0012871473716254
13352.0,1.4289891388288944
13353.0,0.6298445956591299
13354.0,0.9438994964406544
13355.0,0.8517565166402177
13356.0,0.8116742838806482
13357.0,0.5071484461691593
13358.0,1.0714580826587212
13359.0,1.3003829227165395
13360.0,1.3741392254824252
13361.0,0.8861798841308132
13362.0,0.8679677871570168
13363.0,0.9155969362343405
13364.0,1.002550514430831
13365.0,1.6038009418648937
13366.0,0.8162021925619688
13367.0,0.9068637543351171
13368.0,0.9411930524048913
13369.0,1.4943815094529378
13370.0,0.7182288272924655
13371.0,1.2109231878581004
13372.0,1.13683771926523
13373.0,0.9001003471000775
13374.0,0.8566148052795122
13375.0,0.9691760947504253
13376.0,0.4490955774971157
13377.0,0.7683037702514246
13378.0,0.577399586086836
13379.0,1.1445134970892137
13380.0,1.0048628190892237
13381.0,0.7840869034362691
13382.0,0.7652465798092518
13383.0,1.2795149911176478
13384.0,0.7545682769723985
13385.0,1.298225846485572
13386.0,1.2501130009174115
13387.0,0.6908087965980706
13388.0,0.7914527188318295
13389.0,0.7355644331517927
13390.0,0.9370033785833232
13391.0,0.8979159321003599
13392.0,1.388900141210283
13393.0,1.1373429642149644
13394.0,0.8139602571192732
13395.0,1.4093973056809708
13396.0,0.7863568018965214
13397.0,0.9758297022257849
13398.0,0.5732795542180497
13399.0,0.5126331424528415
13400.0,0.9012655130165008
13401.0,0.948487727751264
13402.0,0.9499397778992066
13403.0,1.1353302056160985
13404.0,0.8175721819813939
13405.0,0.7533992049575866
13406.0,1.250720335037304
13407.0,1.087236049582626
13408.0,0.5959074570690811
13409.0,1.0312322745772524
13410.0,0.7279289460085683
13411.0,1.4539884013276747
13412.0,0.7828308468028612
13413.0,0.9310439009171936
13414.0,0.7042112219184151
13415.0,0.8901845234862498
13416.0,0.9273798547830264
13417.0,1.171506499374066
13418.0,1.1802715688292609
13419.0,1.1323746667009094
13420.0,1.2136012767243411
13421.0,1.33735610406046
13422.0,0.5436095064397168
13423.0,1.0774081621869684
13424.0,1.2321086840182685
13425.0,1.0379246308555976
13426.0,0.8079355382558072
13427.0,0.48764173216279383
13428.0,0.7607633756104073
13429.0,0.9443791797613428
13430.0,0.9553208724172639
13431.0,0.9576329550635648
13432.0,1.104378920649073
13433.0,0.9711329666019147
13434.0,1.001368267634761
13435.0,0.559553076755734
13436.0,1.286763415752934
13437.0,0.868759236620268
13438.0,0.8487503962534236
13439.0,0.8340111702106603
13440.0,1.0304633458552312
13441.0,1.2043217011451743
13442.0,1.1797523006451336
13443.0,1.2261767629712255
13444.0,1.1656462459218242
13445.0,1.3285348441013962
13446.0,0.4692049250083661
13447.0,1.280073293102497
13448.0,1.0044220366361347
13449.0,1.2767749341455104
13450.0,0.4534454783929921
13451.0,0.8241247270847838
13452.0,1.1843318470986821
13453.0,1.0746049390732677
13454.0,1.1953748811767364
13455.0,1.2319814268904468
13456.0,0.7670353520823603
13457.0,1.178863569622363
13458.0,1.3394144511140122
13459.0,1.007756149411638
13460.0,0.8341922944290451
13461.0,0.9239553845248625
13462.0,0.9738643635550042
13463.0,1.405199256481356
13464.0,0.9997301201053952
13465.0,0.7848433994259948
13466.0,1.016747898462624
13467.0,0.9276799905921702
13468.0,0.934497671963566
13469.0,1.0978457189478175
13470.0,0.6996816886535868
13471.0,1.1080155601095099
13472.0,1.1667327122848388
13473.0,1.028969330313818
13474.0,0.6214765600906893
13475.0,0.6620788998436515
13476.0,1.2808936906975386
13477.0,1.0364484869457262
13478.0,0.9190808311668818
13479.0,0.8671680319651778
13480.0,0.9061204192463245
13481.0,0.946905545682088
13482.0,1.5365737964021648
13483.0,1.0794017070368533
13484.0,1.0066914100138953
13485.0,0.8458446380180228
13486.0,0.8877082656274525
13487.0,0.985995917093359
13488.0,1.1914248696021648
13489.0,1.2907696628625471
13490.0,0.855620688149499
13491.0,0.4761563658296877
13492.0,0.9536272550935834
13493.0,0.7647474874086401
13494.0,1.1087569908486985
13495.0,1.1699356545655266
13496.0,0.5341437088232395
13497.0,1.1509501612189392
13498.0,1.1062423227917961
13499.0,1.5212990346463244
13500.0,1.4183394494047403
13501.0,1.0756606126834496
13502.0,0.9649261317955173
13503.0,1.4325736477514535
13504.0,1.003930856242122
13505.0,1.0149931250338613
13506.0,0.824993781924374
13507.0,1.0383606537116457
13508.0,0.7992200401448049
13509.0,1.0276256549024168
13510.0,1.0840517871770525
13511.0,0.8701063103545725
13512.0,0.870731964622865
13513.0,1.1444844039436124
13514.0,1.1390718131937856
13515.0,1.2516839609087178
13516.0,0.916618091458552
13517.0,0.7070196358185692
13518.0,1.1327423623188544
13519.0,0.9148602807780243
13520.0,0.8987754344021599
13521.0,1.0079894209358649
13522.0,1.0664598250251194
13523.0,0.7416943124398844
13524.0,0.949869280824017
13525.0,0.9037449631032759
13526.0,1.1989631602434598
13527.0,1.2374903913640332
13528.0,1.2354975899563814
13529.0,1.1965055883899176
13530.0,0.913566253997229
13531.0,1.2173236241181644
13532.0,1.0565187948281272
13533.0,0.7932400162373081
13534.0,1.3230483645445448
13535.0,1.3527124097463514
13536.0,1.187780786685218
13537.0,0.7729998563923939
13538.0,0.9472918721184572
13539.0,1.2124813781405042
13540.0,0.7944601126153203
13541.0,1.5106822791849646
13542.0,0.7276845721970032
13543.0,0.9759845645895954
13544.0,0.6265498704169341
13545.0,0.9606018214442559
13546.0,0.5197567630994606
13547.0,1.268309155868153
13548.0,1.6647055678110714
13549.0,1.1640396651686735
13550.0,1.2811712206129384
13551.0,0.8342856929614659
13552.0,0.6749755188646007
13553.0,1.1225057236248817
13554.0,1.0739663951927974
13555.0,0.8451543440734789
13556.0,1.0708630330093978
13557.0,0.9187853104220739
13558.0,1.4114884184980472
13559.0,1.1138205604524472
13560.0,0.697927119393444
13561.0,1.1995627846710164
13562.0,1.0628368212696944
13563.0,0.791419751638383
13564.0,1.3639723206422665
13565.0,0.7501819616688109
13566.0,0.6282809632317657
13567.0,1.0532415090587306
13568.0,0.8767493139081352
13569.0,1.2720857282912232
13570.0,1.018747383706398
13571.0,1.0629231947864328
13572.0,1.2860758270616346
13573.0,1.061154932674794
13574.0,1.0026745781604718
13575.0,1.4706909119938147
13576.0,0.6902430038554307
13577.0,1.1863328853180464
13578.0,0.7561541654016289
13579.0,0.6735918166003261
13580.0,1.1158488808069298
13581.0,1.2637697786305067
13582.0,0.5758635383364261
13583.0,0.8664007690278818
13584.0,0.9245284512942058
13585.0,1.360423156197922
13586.0,1.2790397042003525
13587.0,0.7761417740156488
13588.0,0.528916436692094
13589.0,0.9248300348932758
13590.0,1.113205112696152
13591.0,1.5457914092741474
13592.0,1.3170253843675712
13593.0,0.9055478783427933
13594.0,1.17497392072073
13595.0,0.5690247206200428
13596.0,0.9676187320963766
13597.0,1.3559046906860504
13598.0,0.9401881275401209
13599.0,1.503973622142038
13600.0,1.0030910631273466
13601.0,0.6182548226062554
13602.0,1.3381499696055736
13603.0,1.1576929038742545
13604.0,1.127455276366251
13605.0,1.0156881802955555
13606.0,0.9799130042668428
13607.0,1.0613246149767273
13608.0,0.7748173335268808
13609.0,0.5726105322093762
13610.0,1.0336547126303455
13611.0,0.8810039530000427
13612.0,0.6172529788515868
13613.0,0.6384484605971696
13614.0,1.1464829302943347
13615.0,1.0065444349773998
13616.0,1.0783731325868346
13617.0,1.2020405010850685
13618.0,1.1047130258850564
13619.0,0.770978571211538
13620.0,1.1654947700223548
13621.0,0.9177978393458002
13622.0,1.4285941603552896
13623.0,0.9573933405130702
13624.0,0.684021115973345
13625.0,0.9701513193173801
13626.0,1.0841869314952355
13627.0,1.0756343271316362
13628.0,1.0314210817076352
13629.0,1.4046403440661481
13630.0,1.1119795732530975
13631.0,1.0618181412466947
13632.0,0.6854465430286598
13633.0,1.2194261047037738
13634.0,0.5247191306211572
13635.0,0.883414461886249
13636.0,1.1379499732259604
13637.0,0.4687441329480526
13638.0,0.8970828276737282
13639.0,0.8354263410689956
13640.0,1.0371481933578661
13641.0,1.1015045642028445
13642.0,0.8810493676069295
13643.0,1.1128167309897996
13644.0,1.0627272716034795
13645.0,0.8508626679492437
13646.0,1.1901608085222384
13647.0,1.6309201859422915
13648.0,1.0407047699103975
13649.0,0.9043077576841643
13650.0,1.101935569436572
13651.0,1.2809016138835672
13652.0,0.8087439250915468
13653.0,1.1519513366043361
13654.0,0.9780972088104045
13655.0,0.4505072259426728
13656.0,0.8647344903432137
13657.0,0.8117830609931046
13658.0,0.8830286658100931
13659.0,1.1148254555680974
13660.0,1.5144648128736091
13661.0,1.396208198257927
13662.0,1.216405348217803
13663.0,0.5987629225715264
13664.0,0.8135482154418044
13665.0,0.7525037366671974
13666.0,1.1383912157226674
13667.0,1.3680220847385847
13668.0,1.398958045794214
13669.0,0.9665818342497865
13670.0,1.1183492667271728
13671.0,1.0087118587341706
13672.0,0.8189321910220674
13673.0,1.0080902396087164
13674.0,1.0236520744625346
13675.0,1.2212770611011161
13676.0,1.1192444719497676
13677.0,0.8375311696106077
13678.0,1.0047523708605763
13679.0,0.8209376681517788
13680.0,1.2937297802059144
13681.0,1.1533748016640146
13682.0,0.9437117005149905
13683.0,1.253485513168582
13684.0,1.3977137109432474
13685.0,0.9803031750572189
13686.0,1.009900156918049
13687.0,0.9933972616933439
13688.0,0.6453205221929089
13689.0,0.7349234303331429
13690.0,0.7513950203253219
13691.0,0.7229481364941399
13692.0,1.1465435062836136
13693.0,1.0331057400019967
13694.0,0.856849048329818
13695.0,1.0538693220812014
13696.0,1.3603616068425446
13697.0,0.7694981434540489
13698.0,1.1552436366369196
13699.0,1.067318584609292
13700.0,0.8798382593258748
13701.0,1.0230567600609846
13702.0,0.44941101818906337
13703.0,0.966885033387225
13704.0,1.3616179709986311
13705.0,1.3012010398068798
13706.0,0.8901726628872901
13707.0,1.0073524621869931
13708.0,1.4859089006004567
13709.0,1.1511129684164003
13710.0,0.9428238652968685
13711.0,0.7900062891770655
13712.0,0.9885000251763462
13713.0,0.714051320203821
13714.0,1.4934356247449423
13715.0,1.2498998855653483
13716.0,0.7103972080469795
13717.0,1.2634268224627985
13718.0,1.067552134691281
13719.0,1.0759730177722437
13720.0,0.4914070694673711
13721.0,0.9479603360731853
13722.0,1.173362072548472
13723.0,1.289466552405572
13724.0,1.2546755114015173
13725.0,0.43176837131992885
13726.0,0.9068022249683116
13727.0,1.313233872256003
13728.0,0.8326137972202521
13729.0,1.095313418937211
13730.0,0.7456627249276682
13731.0,0.6746824932282594
13732.0,1.3056955622362727
13733.0,1.1496070779155907
13734.0,0.6481374723444971
13735.0,0.8139341860976584
13736.0,1.1258656985985076
13737.0,1.4152621610030187
13738.0,0.5591261411957398
13739.0,0.9899564822639412
13740.0,0.7429356427960119
13741.0,0.95749708415538
13742.0,1.1313337450877872
13743.0,1.0780019936766425
13744.0,1.222572340715225
13745.0,1.4346441339185352
13746.0,0.8326372771323611
13747.0,1.158090367642203
13748.0,0.9566159446261592
13749.0,0.7998495028643906
13750.0,1.1715811451448697
13751.0,0.6637817380424966
13752.0,0.7087153314446659
13753.0,0.9680686194327096
13754.0,0.5002143895284976
13755.0,1.6469907808310045
13756.0,1.4212565339237582
13757.0,0.8558011831585001
13758.0,1.2702689333564423
13759.0,0.7772558877047779
13760.0,1.3536749930304133
13761.0,0.7969439264494687
13762.0,1.4126154246245575
13763.0,0.9068335425537319
13764.0,1.1651008541886778
13765.0,1.1041915869837067
13766.0,0.9939617938042286
13767.0,1.2392721678123833
13768.0,1.1412122680234282
13769.0,1.1179968215504255
13770.0,0.8995636499567652
13771.0,0.819191484793565
13772.0,1.0152208792232866
13773.0,0.7493275480467578
13774.0,0.8990264202858701
13775.0,0.5488917098948942
13776.0,0.8102667494386199
13777.0,0.9150265459494351
13778.0,1.0848447992216326
13779.0,1.0904624693374059
13780.0,0.9207397701843342
13781.0,1.0929044385375353
13782.0,1.2328934477382778
13783.0,0.7217624383451046
13784.0,0.7176914308800324
13785.0,1.1068018574421064
13786.0,1.2774925940826367
13787.0,1.061319226719162
13788.0,1.0372212396599678
13789.0,1.0327990985828048
13790.0,1.066446983484256
13791.0,1.3655455047732579
13792.0,1.0561131605141088
13793.0,0.9993812005204786
13794.0,1.4740629905042197
13795.0,0.5679267529556864
13796.0,0.6872342352222423
13797.0,1.3010134021387734
13798.0,1.1522954573718471
13799.0,0.9085435254907214
13800.0,1.2573231586098488
13801.0,1.0342416594219215
13802.0,0.8742901038518054
13803.0,0.9411974941715344
13804.0,1.1000871756581272
13805.0,1.3292361959877304
13806.0,0.8929622902665458
13807.0,1.02990815190008
13808.0,0.9869693068146974
13809.0,0.9462244531969066
13810.0,0.8061847650239884
13811.0,1.4268976266544542
13812.0,0.8454891253691356
13813.0,0.8375628034373226
13814.0,0.5234964652221503
13815.0,1.2211362383522537
13816.0,1.278098534504859
13817.0,0.8826994334379417
13818.0,1.0438359045377694
13819.0,1.2299791165134317
13820.0,0.7960106779872234
13821.0,1.0982142266218111
13822.0,1.1356602747603142
13823.0,0.7356816132667192
13824.0,0.9170585358380111
13825.0,0.7244237197054495
13826.0,1.6683822647943662
13827.0,1.0061176565126233
13828.0,1.288223932673324
13829.0,0.6631779810031746
13830.0,1.385596542973068
13831.0,0.7933806916266375
13832.0,0.8076175748252286
13833.0,0.547662904508916
13834.0,1.3632525893965601
13835.0,0.4393248815107552
13836.0,0.7556080637154123
13837.0,1.066039591904601
13838.0,1.3436027668325603
13839.0,1.0025624317074846
13840.0,0.9409248338090586
13841.0,1.11750745266659
13842.0,0.8162446400921015
13843.0,0.8991739477501124
13844.0,0.9991396767400327
13845.0,1.211270068747646
13846.0,1.0015846451618384
13847.0,1.1040950127177975
13848.0,1.1263022209726523
13849.0,0.674441607051604
13850.0,0.973471036210008
13851.0,0.9830546964169216
13852.0,1.1530267760178237
13853.0,0.7909135835620291
13854.0,1.5017947773727762
13855.0,1.0516524062372246
13856.0,0.9454356880661379
13857.0,0.7468678483402607
13858.0,0.837379033418045
13859.0,0.79279576919084
13860.0,1.0447015207490855
13861.0,0.8206210654720221
13862.0,0.8386218218602239
13863.0,1.3280597224598854
13864.0,1.275260582495295
13865.0,1.014327263774052
13866.0,0.5721379317180502
13867.0,0.9230922556124206
13868.0,0.8946874005490617
13869.0,0.8651458632149511
13870.0,1.0224393980640407
13871.0,1.0463550086795352
13872.0,1.1422214520035083
13873.0,1.262402960704022
13874.0,1.0508663998159113
13875.0,1.1512682770291558
13876.0,0.8109998781384016
13877.0,1.051389709604343
13878.0,1.2391929200776772
13879.0,1.0302138956547886
13880.0,0.7610746299259313
13881.0,1.1221551584120426
13882.0,1.2426992298071666
13883.0,0.6949558278531537
13884.0,1.1516354795072263
13885.0,1.0183439417301532
13886.0,1.2224445945811393
13887.0,1.484484298688486
13888.0,1.126732224265282
13889.0,1.3566176690703045
13890.0,0.6855358049591871
13891.0,1.0871011084055346
13892.0,0.6707518775883454
13893.0,1.158061867439892
13894.0,1.0746355028329893
13895.0,1.0691264453929559
13896.0,0.5346854651846258
13897.0,1.2333664502111734
13898.0,1.228889510208949
13899.0,1.2638098048299615
13900.0,1.1873729465054668
13901.0,0.8737790990344638
13902.0,0.45043264692207374
13903.0,1.039739832869406
13904.0,0.957542025194536
13905.0,1.4052849462865808
13906.0,1.3588135136665942
13907.0,1.2335582806302043
13908.0,1.2862508716053278
13909.0,1.0062895998005055
13910.0,0.9907165936552171
13911.0,0.8068113093508802
13912.0,0.9753713959036816
13913.0,1.141770622492983
13914.0,1.25012480614549
13915.0,1.088079971063745
13916.0,1.2862725327281666
13917.0,1.3661151450227902
13918.0,0.7824001497906938
13919.0,1.203375476267067
13920.0,0.6959634454496532
13921.0,1.31622111870057
13922.0,1.126637160713154
13923.0,0.9623232245569557
13924.0,0.796950452330951
13925.0,1.4014442431354115
13926.0,0.9677599239442966
13927.0,0.5710361592121083
13928.0,0.8047203931577599
13929.0,1.5598579604792486
13930.0,0.8527913248245245
13931.0,1.3167528075170263
13932.0,0.5933863716297709
13933.0,0.5740104365168179
13934.0,1.087175727225626
13935.0,0.6426228036264081
13936.0,1.2398581896906913
13937.0,0.9352665214421008
13938.0,0.9967110127487467
13939.0,1.2162095304694092
13940.0,1.0641240096598579
13941.0,1.0625253883839634
13942.0,0.7698497176939785
13943.0,1.1874946066736272
13944.0,0.9891059254694625
13945.0,1.1806605321933095
13946.0,1.0635430110103994
13947.0,1.3490721716014478
13948.0,1.3611448793294514
13949.0,0.7554244425473071
13950.0,0.8728810984220068
13951.0,0.4695498714998948
13952.0,1.027955464828098
13953.0,0.8750987649292665
13954.0,1.1161965152036342
13955.0,0.8862302009027364
13956.0,0.9073433618740623
13957.0,0.591321249624917
13958.0,1.1196500808398797
13959.0,1.2020459550482827
13960.0,1.0817420358195282
13961.0,0.7168259157997667
13962.0,0.8544220584891626
13963.0,0.5787667183977327
13964.0,0.8649887130337651
13965.0,0.671465296890253
13966.0,0.7742944356644857
13967.0,0.8240531174432201
13968.0,1.0438491988006855
13969.0,1.117740984117778
13970.0,1.2670197770494926
13971.0,0.9332147888894224
13972.0,0.9310439451490088
13973.0,1.2544592515776531
13974.0,1.2835133954560831
13975.0,0.8653702884030425
13976.0,1.379325924494678
13977.0,0.5632631454906969
13978.0,1.1325380125566347
13979.0,1.0306941368960576
13980.0,0.5798963976752424
13981.0,1.0166849176164654
13982.0,0.8952081378655615
13983.0,0.9172569701053679
13984.0,0.9058338332250916
13985.0,1.3091474291457899
13986.0,0.7067848208781861
13987.0,1.0282234340320526
13988.0,0.9375337730137085
13989.0,0.804709761381706
13990.0,1.019951861298587
13991.0,0.9722091549000512
13992.0,1.1711844910699432
13993.0,1.0367555993291828
13994.0,1.1515418842816447
13995.0,1.1003231640097675
13996.0,0.892540149879758
13997.0,1.27952940975576
13998.0,1.0978005995357771
13999.0,1.0082619446693784
14000.0,1.152416008521792
14001.0,0.6778820076478285
14002.0,1.5263325100286278
14003.0,0.8306490554169129
14004.0,0.80702973332986
14005.0,1.1310460302088974
14006.0,0.8521750060921135
14007.0,0.5465884335093699
14008.0,0.9304205505109918
14009.0,1.1913203462479638
14010.0,1.1098545120520145
14011.0,1.2686205277103553
14012.0,1.3319758544468008
14013.0,0.6163957225169352
14014.0,1.0743364392361625
14015.0,1.1740776063388887
14016.0,1.2399404691234817
14017.0,1.2949558174568616
14018.0,1.1601069368269168
14019.0,0.7192475100843279
14020.0,0.7503230723146586
14021.0,1.177182349743971
14022.0,0.8380658182137086
14023.0,1.253306358151847
14024.0,0.9232306806434273
14025.0,1.033448343863656
14026.0,0.6230713920469519
14027.0,0.9397460100788252
14028.0,0.4421849754692496
14029.0,0.8710628474935134
14030.0,0.9803120368654432
14031.0,1.3851059498676268
14032.0,1.4403165905812898
14033.0,0.7740117512360445
14034.0,1.220499715747838
14035.0,0.6916690341719656
14036.0,0.6419553585968744
14037.0,0.7424126978418394
14038.0,1.5295948858666049
14039.0,1.1834046078253642
14040.0,1.2897547470285027
14041.0,0.9849283888916974
14042.0,0.535781282526042
14043.0,1.071200946836181
14044.0,1.388886829042798
14045.0,1.0969330919694906
14046.0,0.6700059935669562
14047.0,0.6686945794307222
14048.0,0.8364642889573315
14049.0,0.11758378261713498
14050.0,1.0958291998172673
14051.0,0.724835072491418
14052.0,0.931530516888674
14053.0,1.0270411240128485
14054.0,0.8735183454588791
14055.0,0.9977360752987197
14056.0,0.9669483647917785
14057.0,1.3284666178144313
14058.0,0.6067836529178253
14059.0,1.028483146013836
14060.0,0.8718778850363367
14061.0,0.793340446777485
14062.0,1.1449796417587543
14063.0,1.7272351237027812
14064.0,0.8366786879368764
14065.0,1.1154431710971828
14066.0,1.0004790604896583
14067.0,0.7018278720971172
14068.0,0.942240631246186
14069.0,1.1790590509438417
14070.0,1.2606036668320253
14071.0,1.3819037890111787
14072.0,1.278528240120211
14073.0,1.3873879706290628
14074.0,1.3721142439888019
14075.0,1.050084948158631
14076.0,0.9486067243910704
14077.0,0.5253082653164223
14078.0,0.7565541781683436
14079.0,1.1047522157654606
14080.0,0.5221770000316095
14081.0,0.7721590740087356
14082.0,0.517208276992887
14083.0,0.9006870686091246
14084.0,0.5849484312614219
14085.0,1.0147533923831793
14086.0,0.991765065790507
14087.0,1.0906528902325245
14088.0,0.857187219781379
14089.0,1.5412101141592058
14090.0,0.7603181177251996
14091.0,0.9975954393375321
14092.0,1.251959935369742
14093.0,0.8561483934057209
14094.0,1.3868614547579377
14095.0,0.8502849209622969
14096.0,1.1040084963359638
14097.0,1.1316775285401215
14098.0,1.3124822439507648
14099.0,0.9001141904704234
14100.0,0.6126839182037793
14101.0,0.8718795413504931
14102.0,1.2680432756677262
14103.0,0.783812950412546
14104.0,0.8640557495944059
14105.0,0.6458808790089781
14106.0,0.9259128871470349
14107.0,1.0370401591061107
14108.0,1.1887514605299043
14109.0,0.9846095975256206
14110.0,0.5297868633375267
14111.0,1.2709269910968601
14112.0,0.8684559817423371
14113.0,0.7264426743167472
14114.0,1.063010087449659
14115.0,1.3703597229264455
14116.0,0.6530260487548927
14117.0,0.9357382820809184
14118.0,0.6726617768948417
14119.0,1.2682397155133542
14120.0,1.0828221456334568
14121.0,0.9499256007680285
14122.0,0.875871883264322
14123.0,0.7600643883825675
14124.0,1.0988902053754153
14125.0,1.2015684171072532
14126.0,1.007486280712234
14127.0,0.7614192396371732
14128.0,0.6101391545157102
14129.0,0.9735313505174857
14130.0,1.028879861647602
14131.0,0.6811269334677569
14132.0,0.9599838454817361
14133.0,0.9155968012090565
14134.0,0.8337349687077158
14135.0,1.2931565335078943
14136.0,0.7228002841225292
14137.0,1.1959800732278787
14138.0,0.9639034974723517
14139.0,0.8952302966529151
14140.0,0.6726157639427528
14141.0,1.2528238397595586
14142.0,1.0143810067501562
14143.0,1.0026972154943492
14144.0,1.392234258808991
14145.0,1.1733913794947228
14146.0,0.7410857677451363
14147.0,1.2169798878527494
14148.0,0.784178162812392
14149.0,1.18558228126805
14150.0,0.6919781832039709
14151.0,0.9173149928993829
14152.0,1.2865807235602953
14153.0,0.9488343477620892
14154.0,0.9403456299964348
14155.0,0.779888112016864
14156.0,0.9273657701770823
14157.0,0.6010734561161217
14158.0,1.1649737095416208
14159.0,0.9676494378241769
14160.0,1.1594159517742912
14161.0,0.9683572017668107
14162.0,0.9302197082520878
14163.0,1.326123241658144
14164.0,1.2568558057902564
14165.0,0.8969957445679242
14166.0,1.2112877580880488
14167.0,1.3926762804564843
14168.0,1.4232744017484673
14169.0,0.6793939353517717
14170.0,0.7446111589970107
14171.0,1.1445720617768615
14172.0,1.218960415712512
14173.0,1.2581420770873968
14174.0,1.4019411857215234
14175.0,0.5910324696746867
14176.0,0.769044230833679
14177.0,0.8822269331054509
14178.0,0.5821009514085428
14179.0,1.1428401368176944
14180.0,1.0932266455006223
14181.0,0.8006135505314982
14182.0,1.347580548450446
14183.0,1.319524582558968
14184.0,0.97657023191159
14185.0,0.7879883956879283
14186.0,0.8880112120280171
14187.0,0.9992691435526724
14188.0,1.347446911072414
14189.0,1.029464264938875
14190.0,1.0242782095155025
14191.0,1.3338682260355608
14192.0,0.9786555931692948
14193.0,0.8004559567836227
14194.0,0.8401476100566894
14195.0,0.855220048688718
14196.0,1.1803160123952572
14197.0,0.9278399307187777
14198.0,1.2277157166986006
14199.0,0.721284728863224
14200.0,1.0469745630741218
14201.0,0.9882134768204252
14202.0,1.1728815230616674
14203.0,1.216288582486718
14204.0,1.0863586065742101
14205.0,1.6805405512412426
14206.0,0.84459114667277
14207.0,0.8373227820875223
14208.0,0.9179881497343814
14209.0,0.6219648444459576
14210.0,0.8409880698128537
14211.0,1.2046826535943662
14212.0,0.8535422800135105
14213.0,0.5783382075450684
14214.0,0.44999985719588587
14215.0,1.127985743229802
14216.0,1.2046088603728222
14217.0,1.3471051231739586
14218.0,0.8890090986749895
14219.0,1.1733922573410878
14220.0,1.0187589420744474
14221.0,0.9395889994330333
14222.0,1.0882914967049704
14223.0,1.169669054685616
14224.0,0.5325461657520362
14225.0,1.1612309545546045
14226.0,1.5729598693419322
14227.0,1.0243136701217481
14228.0,0.7364782429670294
14229.0,1.355988474948833
14230.0,0.8313084106909334
14231.0,0.6517201205131613
14232.0,1.3734597847513783
14233.0,1.341018843513666
14234.0,0.7052282195455968
14235.0,0.8263407805536751
14236.0,0.4838265526612283
14237.0,1.1422637546061607
14238.0,0.9152766071056184
14239.0,1.255279545507756
14240.0,1.348855759353944
14241.0,0.9527579797701543
14242.0,1.2045879379143734
14243.0,0.688173995701663
14244.0,1.0480105424893196
14245.0,1.2389964071341926
14246.0,1.0926371729418995
14247.0,1.012471101643786
14248.0,0.901383893188395
14249.0,1.378634132738668
14250.0,1.2448165083985283
14251.0,1.222799207693041
14252.0,1.0401885818245613
14253.0,1.2121287755458705
14254.0,0.8004832915063562
14255.0,1.1951089707865805
14256.0,1.3653489830723993
14257.0,1.02358613647516
14258.0,1.0132895852956343
14259.0,0.9827978318593006
14260.0,1.096880500785562
14261.0,1.2347774310452229
14262.0,0.7650288458055851
14263.0,1.1974378006814685
14264.0,1.1398348033074217
14265.0,0.9532914759765458
14266.0,0.9535716961671784
14267.0,1.2029369659259197
14268.0,0.9086053047655935
14269.0,0.8581779498021866
14270.0,1.008363818588301
14271.0,0.4660478674272416
14272.0,1.1034397613716682
14273.0,0.9792882832084584
14274.0,1.158228822417917
14275.0,1.0672353548795943
14276.0,1.137760131382471
14277.0,0.8636931312271157
14278.0,0.8284327608743337
14279.0,0.8586535015969754
14280.0,0.6775591038706535
14281.0,0.5951814204635886
14282.0,1.0637596533186353
14283.0,1.026560095993339
14284.0,1.0395386794078874
14285.0,1.064886537450725
14286.0,1.1894640010232163
14287.0,1.0781682308714782
14288.0,1.0938630419872022
14289.0,0.98992660676009
14290.0,1.3468051403265875
14291.0,0.9369847663580161
14292.0,0.9739512184440423
14293.0,0.5935281448878312
14294.0,1.066128193835971
14295.0,1.2476777620860418
14296.0,1.36612915130522
14297.0,0.9353486661487258
14298.0,1.112370161003046
14299.0,1.09790593377554
14300.0,0.8415572675263189
14301.0,1.1482834416820087
14302.0,1.0228276524861466
14303.0,0.6057593520063282
14304.0,1.3248680652940654
14305.0,1.2417269509827888
14306.0,0.8590011164240744
14307.0,0.7792768699820801
14308.0,0.6941363944645447
14309.0,1.1327967353704385
14310.0,0.8232638673513467
14311.0,0.7559560245437503
14312.0,1.087017007518917
14313.0,1.1344728678813754
14314.0,1.1841573620798553
14315.0,0.9817858388580752
14316.0,0.9042961923639321
14317.0,0.83584696099212
14318.0,1.140139774964894
14319.0,0.8839689515920784
14320.0,0.8711227021002336
14321.0,1.0371072013771838
14322.0,0.7270666189832671
14323.0,1.4004948921136644
14324.0,0.9356241714264796
14325.0,1.6560615302391473
14326.0,1.0869616538561255
14327.0,1.2202697240067975
14328.0,1.0009945500080955
14329.0,0.9656843440176289
14330.0,1.063677210490267
14331.0,0.601058981729623
14332.0,1.5763564720840364
14333.0,1.2373977930842828
14334.0,0.6223225195659666
14335.0,0.8414377369177355
14336.0,1.0944796028800323
14337.0,0.947869681960458
14338.0,1.1510033296396398
14339.0,0.8702931097229847
14340.0,1.0719427660453502
14341.0,0.6849724972721005
14342.0,1.172229692654565
14343.0,0.8944022508170386
14344.0,0.6911584398059678
14345.0,1.1192153051865046
14346.0,1.1120108741203782
14347.0,1.08539218452998
14348.0,1.000666986713273
14349.0,1.0398434126294462
14350.0,0.8807008749082128
14351.0,1.394734998667778
14352.0,0.8598591340404744
14353.0,1.1656365939660562
14354.0,1.2584434247590568
14355.0,0.9389918172111829
14356.0,0.8783705990544046
14357.0,1.284560551641693
14358.0,0.8858786289878067
14359.0,1.0375131375709572
14360.0,0.6522077142444531
14361.0,0.6577479977955606
14362.0,1.343054205794406
14363.0,0.8907436711131899
14364.0,1.1927853980877483
14365.0,1.434374329112641
14366.0,0.8749402652557744
14367.0,0.7409660817660317
14368.0,1.0420124736223377
14369.0,1.001631503865055
14370.0,1.0582860070564275
14371.0,0.9665106453741438
14372.0,1.287639136369872
14373.0,1.4494608724387996
14374.0,1.045723053827795
14375.0,0.9535890153296147
14376.0,0.8910109511722248
14377.0,1.099761481756099
14378.0,1.1624503535449107
14379.0,0.9249256068240116
14380.0,1.273746619783402
14381.0,1.334555299189029
14382.0,1.1951761426620326
14383.0,0.9805061217075838
14384.0,0.835807564245521
14385.0,0.7775613836821385
14386.0,0.7409865905226981
14387.0,0.9493224303973413
14388.0,0.45378472287251514
14389.0,1.027844922431605
14390.0,0.952616977995936
14391.0,0.730016106216185
14392.0,0.9280264560739064
14393.0,1.1463810740823794
14394.0,1.0897351024177289
14395.0,1.1813955736926378
14396.0,1.1907908038575516
14397.0,0.7882617362663182
14398.0,0.8273748407041994
14399.0,1.1930977976903028
14400.0,0.7815599350086331
14401.0,1.1855097740967275
14402.0,0.9133536971840754
14403.0,1.3267223393556793
14404.0,0.8118071132369988
14405.0,0.7785708164156804
14406.0,1.068175473608623
14407.0,1.1589189149148917
14408.0,1.0699264708440908
14409.0,1.168130610130514
14410.0,1.1361353535239824
14411.0,1.3313970615717512
14412.0,0.9532472468204136
14413.0,1.0353936857247996
14414.0,0.7965702365998313
14415.0,1.102877482939149
14416.0,0.638954263886381
14417.0,0.8502199183464305
14418.0,1.030811404431774
14419.0,0.7637145075288536
14420.0,1.1378415727203737
14421.0,0.8463876989364378
14422.0,1.1628611509556575
14423.0,1.4042322629109558
14424.0,0.9409561898634903
14425.0,0.8234559146221161
14426.0,0.8054994988468532
14427.0,0.6688727738773474
14428.0,1.0321862226322271
14429.0,1.143917111905694
14430.0,0.8426918854820693
14431.0,1.0343933798997191
14432.0,0.7850210027749924
14433.0,0.6345966387833215
14434.0,1.4190002659355487
14435.0,0.8944643455429718
14436.0,0.8751037661699956
14437.0,0.6892086807688774
14438.0,0.7623427498673884
14439.0,1.015898479629048
14440.0,1.2264118516497522
14441.0,0.46181639196217117
14442.0,0.7836344724433341
14443.0,1.2175721727506128
14444.0,1.011121611931347
14445.0,0.9652752788307388
14446.0,0.9822659229996765
14447.0,1.327568603827304
14448.0,1.0135006717699808
14449.0,0.9114248314517359
14450.0,1.1359734879984393
14451.0,0.8723765571099298
14452.0,0.7691841675691772
14453.0,0.8238648999983376
14454.0,0.4000293752155134
14455.0,1.2394407839157784
14456.0,0.9426369652756545
14457.0,0.980050349058051
14458.0,1.083397599782713
14459.0,0.7709814895414393
14460.0,0.7850554063256105
14461.0,0.9342542004317649
14462.0,1.0548936858541889
14463.0,1.317365410852283
14464.0,0.7639318576670824
14465.0,1.3278337316282902
14466.0,0.8393761626733853
14467.0,1.154851762693992
14468.0,0.6838215069551687
14469.0,1.6071896969843933
14470.0,0.8316675935752438
14471.0,0.7043361313487497
14472.0,0.9088105481100235
14473.0,0.6744835640523912
14474.0,1.01103069634753
14475.0,1.0300101544330031
14476.0,0.7585167022342747
14477.0,0.7301652172826625
14478.0,0.9211486944510111
14479.0,1.2575670390669038
14480.0,0.967802951795266
14481.0,1.1137259815200002
14482.0,0.32070738182231795
14483.0,1.0403351447401326
14484.0,0.6027186711188148
14485.0,1.077456540838863
14486.0,0.7920996209880524
14487.0,0.8164352100732589
14488.0,0.5966690408170148
14489.0,0.9130245941856577
14490.0,1.097957568204245
14491.0,0.9076859513655395
14492.0,0.5502503213497163
14493.0,0.869933872775749
14494.0,0.7283419337956536
14495.0,1.0235980482143043
14496.0,1.0227466177453834
14497.0,0.9515614424843363
14498.0,1.231842255643739
14499.0,0.997044244598694
14500.0,1.0855344301576197
14501.0,1.2171407463075155
14502.0,0.9042930992775153
14503.0,1.2623103344431958
14504.0,0.884066474695469
14505.0,1.2079526954070303
14506.0,0.9914733403929615
14507.0,1.1625897196615391
14508.0,1.0159091913789424
14509.0,0.9303634411855295
14510.0,1.1518143724414054
14511.0,1.024181988994877
14512.0,0.7341702459578767
14513.0,0.9820658769526341
14514.0,0.68224719951014
14515.0,0.6309850088855307
14516.0,0.7969557536971039
14517.0,1.3757536319437313
14518.0,0.7050392509048663
14519.0,0.9268899182070593
14520.0,1.0077666942616497
14521.0,1.4522203186384774
14522.0,0.8136558583991785
14523.0,1.0921681128249738
14524.0,0.8405308995688929
14525.0,1.0969449769322022
14526.0,1.119735870620922
14527.0,0.632832400009024
14528.0,0.5173786954104105
14529.0,0.8938299572510146
14530.0,1.31688184254392
14531.0,0.6324325393162488
14532.0,1.0400550259759933
14533.0,0.853839547543515
14534.0,0.5437689035691973
14535.0,1.3511350361995649
14536.0,0.9243022298282706
14537.0,1.179323257633039
14538.0,1.4717460476296245
14539.0,1.248311548109962
14540.0,1.2284229383015601
14541.0,0.9369436844934853
14542.0,0.6391806449273293
14543.0,1.162026469804205
14544.0,1.2649323376118335
14545.0,0.9773404631382673
14546.0,0.8037273133079723
14547.0,0.9259545331817539
14548.0,0.8868221098176877
14549.0,1.131908094208852
14550.0,1.2809913957468089
14551.0,1.4909390346328724
14552.0,1.3020463073084814
14553.0,0.861018066765984
14554.0,1.2279287824074836
14555.0,1.1424262049631462
14556.0,1.0039524973828489
14557.0,0.7296922203295927
14558.0,0.4954341605651358
14559.0,0.7382639080521771
14560.0,1.4531992786792172
14561.0,0.8118740761879913
14562.0,0.6927261698331805
14563.0,1.156865241522434
14564.0,1.035748019319852
14565.0,0.9252323404360162
14566.0,0.856753229438801
14567.0,1.1903495685743166
14568.0,0.5609928752292179
14569.0,0.6280336772896922
14570.0,0.8307023092389203
14571.0,1.1342023285283502
14572.0,1.2998797664281818
14573.0,1.3213672394008742
14574.0,0.6571665439811359
14575.0,1.180366192324839
14576.0,1.0241499921857484
14577.0,1.023328880489273
14578.0,1.1176538927426012
14579.0,1.1481417334836288
14580.0,1.280879349203008
14581.0,1.0715503033910652
14582.0,1.0485272762216338
14583.0,0.99652411975099
14584.0,0.8378411586954599
14585.0,0.8594907818319341
14586.0,0.7939690348989998
14587.0,0.885177325910538
14588.0,0.9184914635900778
14589.0,1.0022694576595153
14590.0,1.0458780283345663
14591.0,0.823394387131514
14592.0,0.9724487644408991
14593.0,1.0253482349478598
14594.0,0.8445581898488084
14595.0,0.8673354034537144
14596.0,1.2723867087478684
14597.0,0.8339492703310031
14598.0,1.093475416849431
14599.0,0.8206446520483964
14600.0,0.585343679245625
14601.0,0.5806003231798782
14602.0,1.1581201660317701
14603.0,0.46322740039369714
14604.0,0.9357417518595377
14605.0,0.7384071980058142
14606.0,1.0827413692746801
14607.0,1.1093286285708555
14608.0,0.8840534616846718
14609.0,0.8508079671087356
14610.0,0.6013821271189601
14611.0,0.6985660378241151
14612.0,0.9979386942175923
14613.0,1.3935008251849652
14614.0,0.7469421106849584
14615.0,1.10956456116828
14616.0,0.5232668939916971
14617.0,0.5150164768509695
14618.0,0.9241095258204446
14619.0,0.8458209923342328
14620.0,0.8916173719624207
14621.0,0.6964198784100937
14622.0,0.7200124829933819
14623.0,1.2342034335349985
14624.0,0.9829619578789469
14625.0,0.5124119955178261
14626.0,0.7000694243485082
14627.0,0.7294509842500126
14628.0,1.1822905518553275
14629.0,0.8561412291521808
14630.0,0.5248269867415452
14631.0,0.7031672483115121
14632.0,1.2647641872966693
14633.0,1.138070489975013
14634.0,1.1429622977574851
14635.0,1.287122172234043
14636.0,1.1376159417849205
14637.0,1.1639205707702196
14638.0,0.7608819873525956
14639.0,0.9894967197813089
14640.0,1.3739183587597616
14641.0,0.8671241686675865
14642.0,0.8783400154313805
14643.0,1.2522012500582584
14644.0,1.0246730640660504
14645.0,0.7565288669944437
14646.0,1.0584246216570747
14647.0,0.8009632566100242
14648.0,0.7566296112209044
14649.0,1.242113355357539
14650.0,1.1614695225620055
14651.0,0.9311228523506048
14652.0,1.5254270076587249
14653.0,1.2726279329151609
14654.0,1.0065603938588787
14655.0,0.8342083336201069
14656.0,0.842222790202501
14657.0,0.7834658554890839
14658.0,1.2808592645994672
14659.0,1.180091142543832
14660.0,0.8614492253521637
14661.0,0.8123466691945427
14662.0,0.6065024804264467
14663.0,1.014071094504661
14664.0,0.7629546620764567
14665.0,1.0453322998584722
14666.0,0.8454962358643738
14667.0,0.8417779470438305
14668.0,0.7741355294433104
14669.0,1.2290261572269492
14670.0,1.1887370842362135
14671.0,0.4151279233900429
14672.0,1.0391371169434476
14673.0,1.2166673315530558
14674.0,0.8691974823758176
14675.0,0.97285587999452
14676.0,1.4936586936930514
14677.0,1.1817538537747732
14678.0,0.7367626685662206
14679.0,0.9831187380422949
14680.0,1.3651198814704189
14681.0,0.9387064370021482
14682.0,0.9562894376100604
14683.0,0.7503315288911537
14684.0,0.5752483478456625
14685.0,0.7267863588227261
14686.0,0.9070221941734401
14687.0,1.191387211195025
14688.0,0.6527057549156351
14689.0,0.6990146099007379
14690.0,0.7714570995624184
14691.0,0.48669124833643806
14692.0,1.1950889937796452
14693.0,1.1264539896897465
14694.0,0.6890582436478003
14695.0,1.5904346969279448
14696.0,0.8110154316391667
14697.0,0.42075034023092117
14698.0,1.2906377055753324
14699.0,1.4532830142793873
14700.0,0.6848946817655193
14701.0,1.0240177167209497
14702.0,1.0871704170549257
14703.0,1.09220693038552
14704.0,1.0492344441430832
14705.0,0.910833498531879
14706.0,0.8578057624449698
14707.0,0.729610462752136
14708.0,0.7727990844720383
14709.0,0.7850755382317747
14710.0,0.9503908294679311
14711.0,1.2317162510193076
14712.0,0.6872380880793396
14713.0,1.1909950364185524
14714.0,1.103240870994021
14715.0,0.7893102992400326
14716.0,1.2830394186342886
14717.0,1.2572470864296799
14718.0,0.9241412137599593
14719.0,1.2251262207124018
14720.0,1.3767389428331893
14721.0,1.451961343367229
14722.0,1.0539042306742012
14723.0,1.108536720833043
14724.0,0.8044207491164272
14725.0,0.6461255234952623
14726.0,1.1576960576241522
14727.0,0.6777449171196284
14728.0,0.8524504423390954
14729.0,0.9831402372746675
14730.0,0.7707301480066259
14731.0,0.5518580720056252
14732.0,0.8301078855292364
14733.0,1.311452594684941
14734.0,1.2881439658091525
14735.0,0.42746850438680195
14736.0,0.7887102625842528
14737.0,0.8204193307320722
14738.0,0.7938417619992325
14739.0,1.2935311268275784
14740.0,1.3010049031153883
14741.0,1.43039676280172
14742.0,1.0132470159505849
14743.0,1.3601234556329211
14744.0,0.805035946413926
14745.0,1.5527701884188139
14746.0,0.9721429901474979
14747.0,0.9032568648591821
14748.0,1.4568796742551753
14749.0,1.1405499433633701
14750.0,1.3883534491529992
14751.0,1.124645152226598
14752.0,0.9622436413995208
14753.0,0.997385422684668
14754.0,0.8640328723509385
14755.0,1.0547076536272875
14756.0,1.4339579871489672
14757.0,1.0988587537839345
14758.0,0.6826972761273411
14759.0,1.2749273048453258
14760.0,0.6237874957709901
14761.0,0.8391257007818153
14762.0,1.181465653983787
14763.0,0.8882159124131899
14764.0,0.6285972313641561
14765.0,1.4398409075785776
14766.0,0.8511065708040384
14767.0,1.2561311105805943
14768.0,1.121772193073229
14769.0,1.1357804792919923
14770.0,0.974450280447787
14771.0,0.9672155355551366
14772.0,0.8223265777251494
14773.0,0.8674655339286549
14774.0,0.9152480493996211
14775.0,1.2442928355406428
14776.0,1.2061123056465324
14777.0,0.7567902845256013
14778.0,1.0674110227747386
14779.0,1.0866858831814605
14780.0,1.0279666388211992
14781.0,0.86173400853037
14782.0,0.803023015634569
14783.0,0.9583452650813008
14784.0,1.1262891174280822
14785.0,0.9239554628543049
14786.0,1.0252695882410972
14787.0,0.5922771767627188
14788.0,1.1134813036576003
14789.0,0.7417364469345564
14790.0,1.1113943149860352
14791.0,0.86476393400879
14792.0,0.7833337965893676
14793.0,0.22954160543193503
14794.0,1.245454413506854
14795.0,1.2408155028927743
14796.0,1.061154176620507
14797.0,1.2735335902027742
14798.0,0.5274544292517065
14799.0,0.9630324043982105
14800.0,1.3505876054583
14801.0,1.1683937498661645
14802.0,1.3013744602675623
14803.0,0.9515613258749582
14804.0,0.7534190916298552
14805.0,0.9070942992480684
14806.0,1.0236401742505727
14807.0,1.3442575344266519
14808.0,0.7218264880243745
14809.0,1.080491822151001
14810.0,0.7331665178690888
14811.0,1.1077957892427042
14812.0,0.8297848311233966
14813.0,1.0275493360176395
14814.0,1.5317294424702796
14815.0,0.7985774916978484
14816.0,0.8732479644632043
14817.0,1.1807480009687947
14818.0,1.0861662037428927
14819.0,1.1004057514172787
14820.0,1.1479538890614123
14821.0,0.9272554142953243
14822.0,1.0151660659607182
14823.0,1.1453738949044223
14824.0,1.0434666110806774
14825.0,1.0576919307944799
14826.0,1.5665553507171293
14827.0,1.0531547603381213
14828.0,1.0975283873595674
14829.0,0.8265980174621446
14830.0,1.2140938079265737
14831.0,1.4957999152442336
14832.0,1.2187787159345156
14833.0,0.9785997664347241
14834.0,1.014295560228113
14835.0,1.1749279511493784
14836.0,0.8277594434586741
14837.0,1.1752410667061979
14838.0,1.020827173272701
14839.0,1.1879994384286126
14840.0,0.7427527444558966
14841.0,1.3303930981754353
14842.0,1.0946110852756956
14843.0,0.9850643355138882
14844.0,0.6697922715404095
14845.0,0.5565698528483262
14846.0,1.1829760790228114
14847.0,0.9458667359397263
14848.0,1.0160818332245667
14849.0,0.824383765034347
14850.0,1.0599831026360247
14851.0,0.8268176126167117
14852.0,1.0275522824436116
14853.0,1.178326843987579
14854.0,0.9114108700168866
14855.0,1.3714526155952163
14856.0,1.1859779207076262
14857.0,1.1207594608899862
14858.0,0.6209489998844306
14859.0,0.3660956370382489
14860.0,1.0368975532908091
14861.0,0.6856763723096448
14862.0,1.309590942560509
14863.0,0.9783879837255433
14864.0,1.3469291236040486
14865.0,1.2966774326922406
14866.0,1.1275072691550658
14867.0,0.9799091625305698
14868.0,1.1656942891648174
14869.0,1.2623873710701012
14870.0,1.0663945394962193
14871.0,0.7241685317132698
14872.0,1.2927068130171548
14873.0,1.348490036054356
14874.0,0.7972090063037048
14875.0,1.4079150125761026
14876.0,1.023500104481778
14877.0,0.816350655481692
14878.0,0.8180155504616724
14879.0,0.7618488096481564
14880.0,1.3183907023709105
14881.0,0.49321561337198516
14882.0,0.8504476159377604
14883.0,1.237410303558438
14884.0,1.466080883117951
14885.0,0.7295555532624237
14886.0,1.037123344704244
14887.0,0.8560277925351072
14888.0,0.8775365992236179
14889.0,1.0823651173924929
14890.0,0.6790468271398519
14891.0,0.7978668867303058
14892.0,0.8017056198830111
14893.0,1.03563170257439
14894.0,0.9166111664602855
14895.0,1.000257342396001
14896.0,0.9280431791132424
14897.0,0.5539454107780672
14898.0,0.7972689879285638
14899.0,0.9628463549497687
14900.0,0.8607436416801506
14901.0,1.314669212423131
14902.0,0.5489208714062712
14903.0,1.0936298547734855
14904.0,1.3080637922664216
14905.0,1.4175911438720987
14906.0,0.9903018057157628
14907.0,0.6410638940508309
14908.0,1.080350459378799
14909.0,1.418336088563581
14910.0,1.269473512665508
14911.0,0.9008443184716383
14912.0,1.2341650091652738
14913.0,0.7134971444287063
14914.0,0.6549891295384209
14915.0,1.4637359183965066
14916.0,1.1364677201863114
14917.0,0.7554109668405203
14918.0,0.9192912648875223
14919.0,0.8240427392762408
14920.0,0.8411472177834002
14921.0,0.8807957062254286
14922.0,0.9981856763450595
14923.0,1.2861783503252489
14924.0,1.065014264981483
14925.0,0.8002773939811777
14926.0,1.5426976990649763
14927.0,0.5928632587577474
14928.0,0.43601236895311624
14929.0,1.3466253497623577
14930.0,0.8971336371829502
14931.0,0.8619166177043072
14932.0,0.7898378422787017
14933.0,1.0341107725173804
14934.0,1.0571947257128476
14935.0,1.286867784378653
14936.0,1.170505881993493
14937.0,1.352878700210168
14938.0,1.3837967737071768
14939.0,0.778760901903518
14940.0,1.1096753067820506
14941.0,0.7138346776693418
14942.0,0.9378085421936939
14943.0,0.6784096196496923
14944.0,0.6841729795011547
14945.0,1.2542591977183069
14946.0,1.5334453940485817
14947.0,0.8075011342030902
14948.0,0.6018010104812912
14949.0,1.160483217629458
14950.0,1.1956853048712552
14951.0,1.4585662533288002
14952.0,0.9705937278322218
14953.0,0.7896623833206824
14954.0,1.2956964893630238
14955.0,0.8162331614786369
14956.0,0.6450356976125982
14957.0,0.8645124899717134
14958.0,0.8084560407974821
14959.0,0.9681785085902737
14960.0,0.9752515084039863
14961.0,0.7982486338721151
14962.0,0.9694425436242771
14963.0,0.8535173884296052
14964.0,1.1809972908371873
14965.0,1.1964928939821413
14966.0,0.8726067987251503
14967.0,0.7927481861431805
14968.0,1.1432052117874465
14969.0,0.7669793674276127
14970.0,1.2030507283850786
14971.0,1.5146878094696112
14972.0,1.1908431832752326
14973.0,1.1850191789889857
14974.0,1.106229382989609
14975.0,0.8329980748905359
14976.0,1.4172852613124174
14977.0,0.9734744517257288
14978.0,0.848803493505584
14979.0,1.0361870882562085
14980.0,0.869926862062651
14981.0,1.0260408498019669
14982.0,1.0139765903059443
14983.0,1.0388087898140967
14984.0,1.2086029628667083
14985.0,0.8133675813396405
14986.0,1.136700425098686
14987.0,0.9716281944979266
14988.0,0.9615706402631912
14989.0,1.392262805754093
14990.0,1.2436104479146637
14991.0,0.9507514142259562
14992.0,1.2408195501231236
14993.0,1.05234140541647
14994.0,0.6666624340771392
14995.0,1.1699424948043275
14996.0,0.7349374323496399
14997.0,1.0186707213098531
14998.0,1.3147741539702429
14999.0,1.4561116394548754
15000.0,0.6944545816898127
15001.0,0.9506868198615195
15002.0,1.1069034596906582
15003.0,1.099170110649139
15004.0,0.7104647005209588
15005.0,1.2950256806571139
15006.0,0.920692555444047
15007.0,1.2548237382357188
15008.0,0.9429130421751665
15009.0,1.3678069133515551
15010.0,0.7751937691861228
15011.0,1.0387190952325267
15012.0,0.8436233590148882
15013.0,1.1878727277873202
15014.0,0.6742330747406915
15015.0,1.2409586073235626
15016.0,1.1527746325226595
15017.0,0.9831670168681756
15018.0,1.0373283200973633
15019.0,0.5308621986420469
15020.0,0.8630129930106115
15021.0,0.5824665105876026
15022.0,0.8985723354748159
15023.0,0.5887218370595568
15024.0,0.9964629444880388
15025.0,0.6534614701526418
15026.0,0.7484578003048763
15027.0,0.6791041337012191
15028.0,1.1970322610659951
15029.0,1.0060508710128693
15030.0,1.155424468873294
15031.0,0.5735245177017916
15032.0,0.7711631509632002
15033.0,0.6156821517798244
15034.0,1.1424115870214213
15035.0,0.20697355943751017
15036.0,0.9611320559640935
15037.0,0.8715997345956495
15038.0,0.8973046199178829
15039.0,1.2984416852127751
15040.0,0.8331127404911678
15041.0,0.9402503954573231
15042.0,1.194153032492731
15043.0,0.5765730802873591
15044.0,1.0247392138313656
15045.0,0.7022548984684711
15046.0,0.8336979545431387
15047.0,1.22386885897265
15048.0,1.033353927736945
15049.0,1.1975724490509088
15050.0,1.0971698880842153
15051.0,0.8619888935205792
15052.0,1.1604722788864321
15053.0,1.2597864250465496
15054.0,1.234734364272374
15055.0,1.4858041953845775
15056.0,0.9159708496268562
15057.0,1.276230370367491
15058.0,0.6775593928090782
15059.0,0.7966393013787327
15060.0,0.48254988039763147
15061.0,0.6608295761145999
15062.0,0.8421109634281789
15063.0,0.9339929585179587
15064.0,0.8611804844598261
15065.0,1.0613618414881396
15066.0,1.266930497752368
15067.0,1.0377465530029817
15068.0,1.049384930403963
15069.0,1.0300407240810272
15070.0,0.8760557617919333
15071.0,0.7257910473021048
15072.0,1.0275960004248241
15073.0,0.9475732849651678
15074.0,0.7676407054885022
15075.0,0.5200120595000433
15076.0,0.7638080318731173
15077.0,0.6851015509388623
15078.0,1.2488102224971844
15079.0,1.0897826326172575
15080.0,1.131485006375455
15081.0,0.9677007690729131
15082.0,1.0638657780343956
15083.0,0.9413842690965377
15084.0,1.2404934357015545
15085.0,1.0946344960133438
15086.0,1.0330299375908518
15087.0,0.5955772997697457
15088.0,0.8295424740354711
15089.0,0.7803003322267074
15090.0,1.3066193861539055
15091.0,1.0805034438752907
15092.0,1.3079377971419923
15093.0,0.7085981354369466
15094.0,0.8491905024962372
15095.0,0.6936999433665072
15096.0,0.6674267645205803
15097.0,0.7405667877093098
15098.0,0.9340278279755536
15099.0,1.129523605325945
15100.0,1.0552665591631394
15101.0,0.7651341123310373
15102.0,1.0409329730598913
15103.0,1.1255428597698172
15104.0,0.9582728422475335
15105.0,1.1230778051473775
15106.0,0.9818050556195357
15107.0,1.0994516356498905
15108.0,1.0867526495775155
15109.0,1.0331241609494872
15110.0,1.3858781897478196
15111.0,0.9369918131353749
15112.0,0.9767610582355211
15113.0,0.8306267416980022
15114.0,1.0208151145546598
15115.0,0.9417410297897459
15116.0,1.4812577115482601
15117.0,0.9220611157041825
15118.0,1.116960435902072
15119.0,0.9048873908778675
15120.0,1.4736269839051572
15121.0,0.8020776172208471
15122.0,0.9695423891236992
15123.0,0.9426905407210825
15124.0,1.0826042957299826
15125.0,0.7595354071862448
15126.0,0.8171245732095277
15127.0,1.2458018150039245
15128.0,0.43203500128532357
15129.0,0.5862175275655371
15130.0,1.0604130063003627
15131.0,0.9423378315046379
15132.0,1.0812575941460405
15133.0,0.9117681388325505
15134.0,1.0951973262106878
15135.0,0.9443065653052685
15136.0,1.2322990090121195
15137.0,1.3969523901220537
15138.0,1.3589100934432239
15139.0,0.8313059555186895
15140.0,0.3842140747409888
15141.0,0.6919735124902013
15142.0,0.5909729488740407
15143.0,1.313221911594752
15144.0,0.9783133152555294
15145.0,0.6381575383090792
15146.0,0.9778964042209496
15147.0,0.7973609328615868
15148.0,1.0325539394848158
15149.0,0.6056564605878404
15150.0,0.8559833384844535
15151.0,0.6941525305053737
15152.0,0.9904893461090752
15153.0,0.7077822025083746
15154.0,1.3524843382656446
15155.0,0.5369145133235811
15156.0,0.7260049073077068
15157.0,1.0454951518425772
15158.0,1.3532798585532322
15159.0,0.8219923309196417
15160.0,1.2461621174414894
15161.0,1.1435491182864188
15162.0,1.0031197952045503
15163.0,1.339231730988407
15164.0,1.1683763254791006
15165.0,1.094097555596366
15166.0,1.0104138376301948
15167.0,0.9161360837102044
15168.0,1.1327071276779224
15169.0,0.9150448406904411
15170.0,0.741994325511529
15171.0,0.423457057583267
15172.0,0.9981997206869117
15173.0,0.7345909140015807
15174.0,0.9633171885866104
15175.0,1.264181454152662
15176.0,0.7949590180459725
15177.0,1.1786869890430205
15178.0,1.1342362136679631
15179.0,1.4649453020558896
15180.0,0.9845936471295343
15181.0,0.8840742783489853
15182.0,1.2166228299607709
15183.0,1.3266164378139105
15184.0,0.7384524362267406
15185.0,0.8264779641294488
15186.0,1.1392870052957886
15187.0,0.916846048243152
15188.0,0.9781355914902594
15189.0,1.1508336332292692
15190.0,1.0502314433398203
15191.0,1.1684125435543704
15192.0,1.2567327588067858
15193.0,0.7407569138006571
15194.0,0.6647550442164332
15195.0,1.099524083858655
15196.0,0.9891337673617682
15197.0,1.0794539725652552
15198.0,1.2087312128341625
15199.0,0.7507958750987542
15200.0,0.7233464070976838
15201.0,0.5151701461662381
15202.0,1.2797192485408626
15203.0,1.185690963960731
15204.0,1.0639382237512574
15205.0,1.396290010141268
15206.0,1.150672865490612
15207.0,1.5627009774573528
15208.0,1.154433300097076
15209.0,0.6228629918711671
15210.0,0.5330029136343559
15211.0,1.4565906456661402
15212.0,1.0511532878235839
15213.0,1.596893294848703
15214.0,0.6929074147882428
15215.0,0.8165926835841278
15216.0,1.2140872968791678
15217.0,0.7515487936291299
15218.0,1.0798777008411211
15219.0,1.138032888143747
15220.0,0.8782548150298386
15221.0,0.9107441944284861
15222.0,1.2041086339031681
15223.0,1.249619850537385
15224.0,0.7445481828342175
15225.0,1.172135766784952
15226.0,0.9074599012075184
15227.0,0.5701667639558445
15228.0,1.048350540755846
15229.0,1.5117353606887658
15230.0,1.2155468297778536
15231.0,1.201084643449282
15232.0,1.0888970836073626
15233.0,1.11151954075233
15234.0,1.3933779042242325
15235.0,0.9471573837267123
15236.0,1.1393490875066037
15237.0,1.0320236277864046
15238.0,0.7100255470464821
15239.0,0.892657052207254
15240.0,1.0675947886129677
15241.0,0.9481022855089688
15242.0,0.9457902608865996
15243.0,1.2292709644793804
15244.0,1.0256887816822249
15245.0,1.2188503324898188
15246.0,0.9594923629322037
15247.0,1.0802310208688386
15248.0,1.1365793519749052
15249.0,0.9742222114688192
15250.0,0.9532166226192679
15251.0,1.1123024139968185
15252.0,0.8916086427979342
15253.0,1.156161979463696
15254.0,0.7168158853868667
15255.0,1.552730482886912
15256.0,0.9776286521963302
15257.0,1.1927275700893647
15258.0,1.5546697740601156
15259.0,1.0594008040328393
15260.0,0.8963242447980734
15261.0,1.0197378019186045
15262.0,1.0329560617475957
15263.0,1.2804100952768218
15264.0,0.5561725925627684
15265.0,0.5701225522114638
15266.0,1.0577955079025667
15267.0,1.1134363655652213
15268.0,1.3767910342966312
15269.0,0.9429548331597917
15270.0,0.5084400222300627
15271.0,0.7155469623864594
15272.0,0.6872336389420732
15273.0,0.6461552958293528
15274.0,0.8353972583055327
15275.0,0.8708064427856763
15276.0,1.0269193245860384
15277.0,0.8095412787436448
15278.0,1.0631947687235217
15279.0,1.0143343705303458
15280.0,1.1843173841254895
15281.0,0.7886616846641626
15282.0,0.8826531831121793
15283.0,0.9325564245136554
15284.0,0.5585198216397291
15285.0,0.9586991427202559
15286.0,0.7984518694681907
15287.0,0.876840446233333
15288.0,1.2162659549824806
15289.0,0.7747285820162133
15290.0,1.1062823196336125
15291.0,1.0637705572700307
15292.0,1.1742796140346234
15293.0,0.5909712602053387
15294.0,1.3198160875908678
15295.0,1.6903283817858719
15296.0,1.4291960438724665
15297.0,1.0482521142661732
15298.0,1.2860880528982912
15299.0,0.9821394480173508
15300.0,1.2893491364068523
15301.0,0.9429168583114494
15302.0,1.2071805215467257
15303.0,1.1508642419341126
15304.0,1.0318712631883602
15305.0,1.1753530782569124
15306.0,0.8667681500278838
15307.0,1.0610201977009326
15308.0,1.443331739395586
15309.0,0.779836696972255
15310.0,0.5846130810171959
15311.0,0.6124129354776796
15312.0,1.546095388227155
15313.0,1.5350843689539926
15314.0,0.8354707078329994
15315.0,1.5398702881033046
15316.0,0.5662894764835278
15317.0,1.1067172322837582
15318.0,0.9443921439507476
15319.0,1.0431175386128522
15320.0,1.2494578223035908
15321.0,0.927336505230008
15322.0,1.0403298695933552
15323.0,0.9966293188073869
15324.0,1.1177183243526034
15325.0,0.5367934805904119
15326.0,1.1862037701215293
15327.0,0.8724312441245831
15328.0,1.0661939790135722
15329.0,1.2095097782161017
15330.0,0.8467904446378649
15331.0,0.7048420032442181
15332.0,0.8108422977045117
15333.0,1.0810166643497408
15334.0,1.2559494914393254
15335.0,0.5988281496446601
15336.0,0.8093392798202529
15337.0,1.0895905406896929
15338.0,0.6627970190189212
15339.0,1.0767039866735688
15340.0,1.1831902886766803
15341.0,0.8495552676945688
15342.0,0.8886101328128901
15343.0,0.9389973233002965
15344.0,0.7210228561809742
15345.0,0.9096691801005828
15346.0,1.2752894105835395
15347.0,0.8648824922873583
15348.0,0.8355172232343476
15349.0,0.8076033050032324
15350.0,0.7752857946946808
15351.0,0.889776489688556
15352.0,1.2277568022062104
15353.0,0.8730011666634532
15354.0,1.117220421317056
15355.0,0.6513403200715474
15356.0,0.4199309359971649
15357.0,1.2608763140080526
15358.0,1.0882856117922473
15359.0,1.1391187350474727
15360.0,0.9376643997880496
15361.0,0.7303240144897085
15362.0,1.557421910609154
15363.0,1.3908054258699005
15364.0,1.1735548770141326
15365.0,0.7561236421883133
15366.0,0.6517904180098535
15367.0,1.58829157058228
15368.0,1.4088563297512244
15369.0,1.2821527845722602
15370.0,0.7616434324523831
15371.0,0.8848721081648273
15372.0,0.6673999386876268
15373.0,1.136393127081707
15374.0,1.2214966513797536
15375.0,1.1620555904660204
15376.0,1.4512328099527094
15377.0,0.9086395693084838
15378.0,1.0637234590845126
15379.0,0.8407183416084619
15380.0,1.1686080792929514
15381.0,1.526775404136668
15382.0,0.8956367930414945
15383.0,0.7976718803085155
15384.0,0.8773740455015911
15385.0,0.911558724542141
15386.0,0.9406218066272126
15387.0,1.5347146537419452
15388.0,0.8656711462274278
15389.0,0.8184351046448275
15390.0,1.1566586340577445
15391.0,0.9822098441436686
15392.0,1.0448221440122725
15393.0,0.6082150422981478
15394.0,1.127214998334497
15395.0,0.8299176614241751
15396.0,1.2431268736261427
15397.0,0.3379515851317936
15398.0,0.5351095750714161
15399.0,0.973027322720058
15400.0,0.6138021626571892
15401.0,1.1942997584621395
15402.0,0.8120469408006554
15403.0,1.4360820856065617
15404.0,0.795568457580775
15405.0,0.34236400159735514
15406.0,0.71065225814401
15407.0,0.4313581579191099
15408.0,0.6758496264060945
15409.0,1.0462814779162917
15410.0,0.9975315473075166
15411.0,0.44561315120591827
15412.0,0.7394930233386858
15413.0,1.0716137808070623
15414.0,1.4793233547709583
15415.0,0.8565719850313817
15416.0,0.813030966852728
15417.0,0.8432125831769111
15418.0,1.0463618775395116
15419.0,0.5815862973530734
15420.0,1.0971020952173771
15421.0,1.031113460067103
15422.0,0.850427031529433
15423.0,1.178964777289506
15424.0,0.7029779103204492
15425.0,0.7747746425403335
15426.0,0.9594231973949998
15427.0,0.8736826219717189
15428.0,0.9691479229138429
15429.0,0.8529947292515059
15430.0,0.5845799495219856
15431.0,0.5973202272239361
15432.0,1.2328104602257688
15433.0,0.7129225407975768
15434.0,1.5169955831935873
15435.0,0.884061487578343
15436.0,0.8274455500774947
15437.0,0.8948170008206331
15438.0,1.130411102229168
15439.0,1.1606513488314458
15440.0,0.8294483519238431
15441.0,1.390201099289426
15442.0,0.5341465994014323
15443.0,1.274365990036479
15444.0,0.7243534180926934
15445.0,1.1206251709980068
15446.0,1.08173945033209
15447.0,0.6971567206155131
15448.0,1.3671887079847997
15449.0,1.1018479477506447
15450.0,1.2658063367115586
15451.0,1.3756329198063992
15452.0,0.4643558158304678
15453.0,0.986453337126574
15454.0,1.1689446792141458
15455.0,1.0837916192366104
15456.0,0.7291583013788907
15457.0,1.1120934983920885
15458.0,0.7632836043031822
15459.0,0.9770577890138809
15460.0,1.003187708592656
15461.0,0.9012601484000539
15462.0,1.020778732996348
15463.0,0.8950529720994282
15464.0,1.0342302021573007
15465.0,0.9257634613617747
15466.0,0.7666736695454555
15467.0,0.8137017103061741
15468.0,0.8359022837614968
15469.0,1.0423215916730104
15470.0,0.7967142017564599
15471.0,1.0410406538005321
15472.0,1.3661404202599658
15473.0,0.7481492537525132
15474.0,1.0660705841625955
15475.0,1.4493689315552607
15476.0,0.9764416216873963
15477.0,1.293722944243487
15478.0,1.2567723213090507
15479.0,0.8037722720727992
15480.0,0.8031653634958065
15481.0,0.8972380543939366
15482.0,0.7808690650257234
15483.0,0.8819675144438266
15484.0,1.5860829981208067
15485.0,1.1701079877375284
15486.0,0.7100323082778361
15487.0,1.0323191778388918
15488.0,0.7434372213693228
15489.0,0.9973382382125756
15490.0,1.1504105923831596
15491.0,0.9485942648054744
15492.0,1.1502751889279208
15493.0,0.850786909812572
15494.0,0.9544951974917801
15495.0,1.1901695425622154
15496.0,1.2602244380880472
15497.0,0.951041911862869
15498.0,0.5441492864830247
15499.0,0.7435032464494857
15500.0,1.0453646943558215
15501.0,1.1635243203849952
15502.0,1.0677138512403894
15503.0,0.9354043938931584
15504.0,1.0025635200022198
15505.0,0.46180637200535435
15506.0,1.1628658938756353
15507.0,1.121572077269756
15508.0,1.1724056684035653
15509.0,0.739110015327914
15510.0,0.5706360507844508
15511.0,1.159711933575757
15512.0,0.9239331091173969
15513.0,1.3699417506087752
15514.0,1.0064635489014855
15515.0,0.9230534132238769
15516.0,0.6908497745947124
15517.0,1.133210352193029
15518.0,0.921144697959635
15519.0,0.5444864060299397
15520.0,1.4639539847238232
15521.0,0.5864911281699196
15522.0,0.8499958624129782
15523.0,0.7068517963890752
15524.0,0.8672023735007688
15525.0,1.0481035255967732
15526.0,0.9301986627090733
15527.0,1.1501291768500153
15528.0,0.5837674569100323
15529.0,0.7796060952473968
15530.0,0.9395901864895023
15531.0,1.3195405717435174
15532.0,0.8339604339164838
15533.0,1.4575902182424172
15534.0,0.8410233053988285
15535.0,1.1335914638066351
15536.0,0.9838440810291351
15537.0,0.8435791652282607
15538.0,0.6602163719297196
15539.0,0.8247526781280223
15540.0,1.3696556715492272
15541.0,1.4658074843248696
15542.0,0.5967155825075052
15543.0,1.0376896192744853
15544.0,1.3408810566936993
15545.0,1.447473768202586
15546.0,0.9799678466898575
15547.0,0.9910860845664092
15548.0,1.1617843902679397
15549.0,0.9257342892429
15550.0,1.2037859394121664
15551.0,1.184953663596429
15552.0,0.6721061742805461
15553.0,1.095917957458248
15554.0,1.3379288588557672
15555.0,1.170377124310136
15556.0,1.501492411882985
15557.0,1.0503536044025499
15558.0,1.2200563230108554
15559.0,1.1776154630461089
15560.0,0.635845219246105
15561.0,0.7479893506076405
15562.0,1.5558778205839765
15563.0,1.1954041482539046
15564.0,1.1052494108658693
15565.0,1.160907100833481
15566.0,0.7951868504726305
15567.0,1.056780831235331
15568.0,1.0689084219826686
15569.0,0.9765874793571357
15570.0,0.8442701060078375
15571.0,1.4381820609208336
15572.0,1.16767758078389
15573.0,1.1845045079086844
15574.0,1.379919944927988
15575.0,0.9738867565710401
15576.0,1.0428191178058266
15577.0,0.6991983084542561
15578.0,1.4316999483107415
15579.0,1.1909552290446042
15580.0,0.8429483090840545
15581.0,1.0760883071646055
15582.0,1.403440118732315
15583.0,1.099034183354189
15584.0,0.9145600089619181
15585.0,1.14267546490277
15586.0,0.961748305264987
15587.0,0.44486832443136326
15588.0,0.8139399430787227
15589.0,1.0681808854380697
15590.0,1.1937066423866636
15591.0,1.6383395975812491
15592.0,1.5211859048680716
15593.0,0.9744630850894581
15594.0,1.2724659879391509
15595.0,1.0524670946638943
15596.0,0.5201557520997979
15597.0,1.263117025798842
15598.0,1.0818983571868064
15599.0,1.630187600542067
15600.0,1.2003876716214217
15601.0,0.6386004932356083
15602.0,0.9142763694414168
15603.0,1.3547550893456393
15604.0,1.028543159056161
15605.0,0.7850660905065046
15606.0,0.8953221651765588
15607.0,0.9963683272342686
15608.0,1.545121958558713
15609.0,0.6864694988489539
15610.0,0.7400048741380424
15611.0,1.3855371548465025
15612.0,0.8312159550847602
15613.0,1.2655857845972427
15614.0,1.134734027556463
15615.0,0.9049769404709643
15616.0,1.0528603983959186
15617.0,1.5430610015577013
15618.0,0.5104984181628236
15619.0,1.3822290059200921
15620.0,1.1770623926293486
15621.0,1.3419107366123617
15622.0,1.1632626373408512
15623.0,0.9670480548349678
15624.0,0.7391575181238592
15625.0,0.9587000030291413
15626.0,0.9691690890382774
15627.0,1.163170718417748
15628.0,1.233863748100918
15629.0,0.6959943196732798
15630.0,1.166337809722971
15631.0,1.0179077611404035
15632.0,0.7898141543976864
15633.0,1.325900331618061
15634.0,0.6650570974086925
15635.0,0.995934889461375
15636.0,1.4084756052941514
15637.0,0.7922148518332089
15638.0,0.8404358073437956
15639.0,0.7514052953503041
15640.0,1.3010587432993597
15641.0,0.6332104576161393
15642.0,0.8905312165209129
15643.0,0.31825489307254395
15644.0,1.1656862348728654
15645.0,1.2179943508327862
15646.0,1.4766446842882543
15647.0,1.2783034119363181
15648.0,1.2887701925636945
15649.0,0.847931375882574
15650.0,1.016909712008429
15651.0,0.9152267470696127
15652.0,0.4912616882827592
15653.0,1.4176501805412216
15654.0,0.6179331991317778
15655.0,1.181978033878247
15656.0,0.5289617731556252
15657.0,1.2044538628587473
15658.0,0.7895676020203156
15659.0,1.757722109441092
15660.0,1.0755773933435113
15661.0,1.3190408115302288
15662.0,1.2216383044437307
15663.0,1.033084378969435
15664.0,0.8823912420154897
15665.0,1.1386072721992846
15666.0,1.0015919845552317
15667.0,1.284399122537532
15668.0,0.9863923865109093
15669.0,1.1318863991464196
15670.0,1.2908996792210696
15671.0,0.893728638816269
15672.0,1.0521342540887555
15673.0,1.2087682067056875
15674.0,1.2061653224502638
15675.0,1.0209962071526693
15676.0,0.9433753214967817
15677.0,0.6187531005652199
15678.0,0.8676464465794967
15679.0,0.9921674261165695
15680.0,1.1580157105577502
15681.0,1.0608304701253726
15682.0,1.2363288543284967
15683.0,0.7367191631336396
15684.0,0.8975732509933567
15685.0,0.9672338629575765
15686.0,0.6448515846723321
15687.0,0.9711875561283632
15688.0,1.244947648480667
15689.0,1.0278494621305458
15690.0,0.717698437725132
15691.0,1.215975324147788
15692.0,1.1272920343930743
15693.0,1.2943242557522434
15694.0,1.2037056723892927
15695.0,0.9089595527983273
15696.0,1.2384146237184546
15697.0,0.683395884749456
15698.0,1.0167132784459008
15699.0,1.0534663907153747
15700.0,1.1996814456979734
15701.0,0.815971155781515
15702.0,1.186034704422996
15703.0,0.9999075677438375
15704.0,0.7583912339220645
15705.0,0.6765432235365316
15706.0,1.0279044571838472
15707.0,0.6322373753762507
15708.0,0.5935530502009246
15709.0,0.9199731821751314
15710.0,0.850210416674468
15711.0,1.2576183091194617
15712.0,0.9768168979406419
15713.0,0.7409231713436965
15714.0,0.8154904307352198
15715.0,0.8546271030387121
15716.0,1.1380704120834668
15717.0,0.9906333560022831
15718.0,1.0534775808676449
15719.0,1.1181361492085924
15720.0,1.2054417576377334
15721.0,1.3538244810907518
15722.0,0.8808055235794118
15723.0,0.69297904864227
15724.0,0.8864440123305547
15725.0,0.6829931542571639
15726.0,1.0790455386993671
15727.0,1.0885441143386403
15728.0,0.9165180034306475
15729.0,0.5157782164106478
15730.0,1.4227654961932006
15731.0,0.8341387311004613
15732.0,1.2558149531897327
15733.0,0.7252514919805824
15734.0,0.7078778762969198
15735.0,0.5145943598965457
15736.0,0.8057825697910863
15737.0,0.9758144844873378
15738.0,0.7219520362420471
15739.0,0.7113639261581111
15740.0,0.9298665135648301
15741.0,0.9559105389218986
15742.0,1.3348903774082084
15743.0,0.7702094990838074
15744.0,0.8264130648497532
15745.0,1.1346111286464313
15746.0,0.6921484804641477
15747.0,1.6687951482080177
15748.0,1.2129978406350872
15749.0,1.281092052520363
15750.0,1.017696879202641
15751.0,1.0562902261459741
15752.0,0.7934616905765424
15753.0,0.7980564332411164
15754.0,1.0011430248687896
15755.0,0.6964686429736591
15756.0,0.9107495179048387
15757.0,0.9015903585841275
15758.0,0.7757390347307773
15759.0,1.0347819992234635
15760.0,0.5046303650263084
15761.0,0.9832332168167809
15762.0,1.1831219001557947
15763.0,0.4822782351637357
15764.0,0.5398196531791452
15765.0,0.3994962464544566
15766.0,0.8888552241569895
15767.0,0.5212869756585075
15768.0,1.7360127663212563
15769.0,0.838809426663113
15770.0,1.273631875734036
15771.0,1.124189296986962
15772.0,0.9693846705056328
15773.0,0.685516273942574
15774.0,0.7532526775668493
15775.0,0.9794536454631125
15776.0,0.9995874465307849
15777.0,0.7365649266354082
15778.0,0.7254426936574019
15779.0,1.4821338710201346
15780.0,1.5310225783004228
15781.0,1.003986484222873
15782.0,0.7650570877077728
15783.0,0.7667112561402312
15784.0,0.8778632705680978
15785.0,1.5037640820880231
15786.0,0.7505531965690176
15787.0,0.9160266299457999
15788.0,0.8863204546566984
15789.0,1.260211218292702
15790.0,0.7588355508115875
15791.0,0.9653588609207447
15792.0,0.8559124050935092
15793.0,1.1221370059208193
15794.0,1.1050830463613426
15795.0,1.3679996610051972
15796.0,1.6687008874394862
15797.0,0.8047570475964374
15798.0,1.1326740120172882
15799.0,1.2331068829558665
15800.0,1.3049065905642088
15801.0,0.4566768537146627
15802.0,1.0343145401368097
15803.0,0.8305231010762755
15804.0,0.8216499391769796
15805.0,1.0755264717776727
15806.0,1.0658744125056485
15807.0,0.6898200923886122
15808.0,1.0865921090309099
15809.0,1.015021184924132
15810.0,1.266359652169962
15811.0,0.6877987420496761
15812.0,0.9835525714521768
15813.0,0.9247848397159127
15814.0,1.3407883805272123
15815.0,0.4867211484608066
15816.0,0.8326943461282839
15817.0,0.8653790199726559
15818.0,0.9381091607963999
15819.0,0.8440428393861645
15820.0,1.2682471877076607
15821.0,0.8482188536604893
15822.0,1.2466399634220737
15823.0,0.6410081734772173
15824.0,1.2391863881967111
15825.0,1.4798506946939467
15826.0,1.4408734181747174
15827.0,0.7314196806990301
15828.0,0.958659305083521
15829.0,1.2694600237178044
15830.0,0.8841648955651694
15831.0,0.8237674288677587
15832.0,1.1198351164207312
15833.0,1.2874685785912678
15834.0,1.049883349052317
15835.0,0.539747224917636
15836.0,1.317501783889203
15837.0,0.9477952372662725
15838.0,1.069506251550056
15839.0,0.8261558509487484
15840.0,1.2172866264144546
15841.0,0.7316972733847202
15842.0,0.9164504946556752
15843.0,1.0816771864233519
15844.0,1.2671871558064574
15845.0,1.4905393591713751
15846.0,1.0924477403064694
15847.0,1.020174604574059
15848.0,0.6725700469706474
15849.0,1.2627172180203345
15850.0,0.9194281892352546
15851.0,1.0106291845507747
15852.0,0.8316682983572629
15853.0,0.9305674065182855
15854.0,0.8795568530361769
15855.0,0.7385379482571865
15856.0,0.6110149283193169
15857.0,0.8172988901436145
15858.0,0.5978205045818351
15859.0,1.2293362385617452
15860.0,1.2422455493149416
15861.0,1.1396833016431331
15862.0,0.9645089738196719
15863.0,0.9463007291479181
15864.0,0.9671510087503814
15865.0,0.9055109199742463
15866.0,0.830745862724005
15867.0,0.9747658704926168
15868.0,0.5681894894862567
15869.0,0.5171752609150578
15870.0,1.1480959724929327
15871.0,1.3251154221444432
15872.0,0.9465194915714994
15873.0,0.6459683544209485
15874.0,0.8454881157260008
15875.0,1.1422118914909802
15876.0,0.848751925549249
15877.0,0.8650517887747153
15878.0,0.9934061551700931
15879.0,1.2268724932437995
15880.0,0.9440416407716286
15881.0,1.1513206905159565
15882.0,1.3772683674417823
15883.0,0.8097163074080547
15884.0,1.1307898667395366
15885.0,1.5453356029263703
15886.0,1.1889060339998005
15887.0,0.9505528937023158
15888.0,0.7705011469993737
15889.0,0.904642720167333
15890.0,0.9804016707220452
15891.0,1.1299636929306534
15892.0,0.5822336382705753
15893.0,1.1233072300289189
15894.0,0.833540106177475
15895.0,0.8687112441430056
15896.0,0.9043941131986193
15897.0,1.5035124977440404
15898.0,0.904628213007498
15899.0,0.8662933673896049
15900.0,0.8102383912132674
15901.0,1.2145745009772138
15902.0,1.2854784152430385
15903.0,0.9592250358851586
15904.0,0.8087148496813632
15905.0,1.1188360071255163
15906.0,1.8192622338473687
15907.0,0.7876076144141082
15908.0,1.0438142155928614
15909.0,1.464623205144242
15910.0,0.8591509361195893
15911.0,0.8950956082385527
15912.0,0.6375383763096325
15913.0,0.74611313245815
15914.0,1.2253703876941477
15915.0,0.9494291660263657
15916.0,1.2925812742801996
15917.0,1.3055255212374743
15918.0,1.0815151830863687
15919.0,1.001957775103383
15920.0,1.4365464117085915
15921.0,0.9908740078788767
15922.0,0.6027378148599196
15923.0,0.660488045544231
15924.0,0.7597174920336219
15925.0,0.8639568785977029
15926.0,1.1604454777396684
15927.0,1.407378753017928
15928.0,0.9731153832829099
15929.0,1.0181106222577219
15930.0,1.0092498715986356
15931.0,0.5865697748694564
15932.0,0.8859190455070017
15933.0,1.281495275025532
15934.0,0.58154228637464
15935.0,1.1000611940970668
15936.0,1.2578179145322124
15937.0,1.0854196459027792
15938.0,0.6614338307903509
15939.0,1.468202855687199
15940.0,1.0504160965231921
15941.0,1.0897954151830902
15942.0,1.1500814814534766
15943.0,1.6153333793203672
15944.0,0.591160517438686
15945.0,0.6082864964275179
15946.0,0.9588127160022358
15947.0,0.8151368210482812
15948.0,0.9308381793754071
15949.0,0.7315297035387229
15950.0,0.8761079085187846
15951.0,0.9957180803203106
15952.0,1.380006228114657
15953.0,0.9507983380977468
15954.0,1.2915679861395777
15955.0,1.0590248248851581
15956.0,1.3396510237909984
15957.0,0.7432736346435036
15958.0,1.0328940728064318
15959.0,1.077719977759085
15960.0,0.527981519720137
15961.0,1.1714248226706623
15962.0,0.9206228828385741
15963.0,1.1871986331471824
15964.0,0.8722495995246398
15965.0,1.0014234516256693
15966.0,0.7054346291138068
15967.0,1.361405044426934
15968.0,0.7535426668505408
15969.0,1.2964990557835467
15970.0,0.7994721477877399
15971.0,1.1461775689337275
15972.0,1.1532481692998662
15973.0,1.3971703461552485
15974.0,0.823971501021015
15975.0,0.7656981841314358
15976.0,1.0153474503179167
15977.0,1.1501124203307036
15978.0,1.1999072310868513
15979.0,0.7506236245353034
15980.0,1.2857915192212221
15981.0,1.3285863568584415
15982.0,0.5733769746869946
15983.0,0.8415895547742535
15984.0,0.9930521493800191
15985.0,0.9720067554346439
15986.0,1.370723836498454
15987.0,0.8273270133475501
15988.0,1.0103987103342342
15989.0,0.6641054014530304
15990.0,0.9608322564466153
15991.0,0.43304930176435374
15992.0,1.2727983480514087
15993.0,0.9949173693815526
15994.0,0.7080217026013087
15995.0,1.2440705501136218
15996.0,0.8931821004581662
15997.0,0.8948275646560927
15998.0,0.9447588851812129
15999.0,1.2672232465222528
16000.0,0.858087690948313
16001.0,0.8742098066047297
16002.0,0.8144271679333583
16003.0,1.1918440465966187
16004.0,0.960148192595327
16005.0,1.046546612660533
16006.0,0.5705995756809281
16007.0,0.7426630448722698
16008.0,1.1220571548654417
16009.0,1.316589392797777
16010.0,0.9368771179638857
16011.0,0.68687127052667
16012.0,1.201079525865132
16013.0,0.5597882419001615
16014.0,0.8018772237146345
16015.0,1.0345213696314557
16016.0,1.0326909526546826
16017.0,1.0675594113744733
16018.0,0.9571364241187794
16019.0,0.9265365235439738
16020.0,0.5916895061136522
16021.0,0.9512173612022224
16022.0,0.9724899573679422
16023.0,0.9104597444846956
16024.0,0.9087233955936715
16025.0,0.8702111797721472
16026.0,0.7776416265171163
16027.0,1.1783369197653704
16028.0,1.419352737275189
16029.0,0.9880128580202402
16030.0,0.9168167748386096
16031.0,0.7913157028481042
16032.0,1.4995275718111594
16033.0,1.2009658941186512
16034.0,0.9732211962150757
16035.0,0.3232906667551816
16036.0,1.2080388178172023
16037.0,1.04297734054394
16038.0,0.8728429496470514
16039.0,1.1668276455395485
16040.0,1.0737602926054435
16041.0,0.9809977869542694
16042.0,0.9698792542859407
16043.0,1.0149217095406993
16044.0,1.1170625898218811
16045.0,1.0827859732092695
16046.0,0.923255727025779
16047.0,0.9742537405280883
16048.0,0.911027166878386
16049.0,0.5786649253271596
16050.0,0.9294864239030738
16051.0,1.4734607471974324
16052.0,1.2860775460426956
16053.0,1.2615068943573884
16054.0,0.8939514564708624
16055.0,1.2167736591375402
16056.0,0.6158392902433178
16057.0,0.8420185505831213
16058.0,1.1386919744640942
16059.0,1.1901725161819035
16060.0,0.8816774177408981
16061.0,1.0132671585857
16062.0,1.038083748343761
16063.0,1.2294043493092004
16064.0,1.3332163652468743
16065.0,0.7618063722197848
16066.0,1.2331198023248684
16067.0,0.7908266542622666
16068.0,1.353601787872884
16069.0,1.1694954497566006
16070.0,1.2021815518670549
16071.0,0.9970464212544778
16072.0,1.1035395738647875
16073.0,1.7128974045628933
16074.0,0.5833739195703507
16075.0,1.5082388655022982
16076.0,0.9627714457700545
16077.0,1.0507379301571276
16078.0,0.7622750711490556
16079.0,1.406277230665345
16080.0,1.1124195276248101
16081.0,1.5536396375143289
16082.0,1.3223602023792962
16083.0,1.001453669632617
16084.0,0.8889073976516342
16085.0,1.223967796491109
16086.0,0.7673608995253245
16087.0,1.270957621076794
16088.0,0.8119606518876877
16089.0,0.9295959563678932
16090.0,1.1307180783111592
16091.0,1.150560944598595
16092.0,0.6551403888031403
16093.0,1.2800544858586616
16094.0,1.2519498568209937
16095.0,0.9748364163097298
16096.0,1.0893984396829313
16097.0,0.9181160694502704
16098.0,0.8935289439803383
16099.0,0.888757492136304
16100.0,1.1684482224148953
16101.0,0.38337294379692965
16102.0,1.0826712129171918
16103.0,0.8532531141417363
16104.0,1.366401247995681
16105.0,0.7855500902918071
16106.0,1.5878430239399575
16107.0,0.9718658867042707
16108.0,1.2946288329101272
16109.0,1.2657782807629911
16110.0,1.3060823470022402
16111.0,0.7858904931104642
16112.0,1.0584916801367217
16113.0,1.0622183190441064
16114.0,0.9763506602273028
16115.0,0.5312122757197406
16116.0,1.0244759872198945
16117.0,0.6536620294621203
16118.0,1.0135515125497254
16119.0,1.1595098602363711
16120.0,0.9933241130797341
16121.0,0.9182694532638035
16122.0,1.2271761157062353
16123.0,1.0578436534121478
16124.0,1.307232784027287
16125.0,1.1805749402300725
16126.0,1.4203749670988817
16127.0,0.9838087305277475
16128.0,0.7729762936795216
16129.0,0.9234188134660901
16130.0,0.6935252712544728
16131.0,0.5305432078212322
16132.0,1.1262506811282822
16133.0,1.1130048693337409
16134.0,1.033372729243798
16135.0,1.1045421015157917
16136.0,1.041322479591802
16137.0,1.4273154130238315
16138.0,0.7549730631173714
16139.0,1.1747126238880286
16140.0,0.6277199947892635
16141.0,1.1129367714463776
16142.0,0.8835231493539664
16143.0,1.1194554937308832
16144.0,0.8814350949034979
16145.0,0.9196025125513998
16146.0,0.7446715030714672
16147.0,0.7535393065850154
16148.0,1.2373873362714778
16149.0,1.2247442986535224
16150.0,0.78048127279256
16151.0,1.2671848112110993
16152.0,0.6689562066300292
16153.0,1.2439244167223533
16154.0,1.2099256665526994
16155.0,0.769830023612405
16156.0,1.2946809635686962
16157.0,0.8170616184966111
16158.0,1.0308287911625722
16159.0,0.8217402264906555
16160.0,0.973790144901829
16161.0,1.3799898494274823
16162.0,1.4436681649145386
16163.0,1.092891903334579
16164.0,0.9622852853804947
16165.0,0.417834396415408
16166.0,1.1801252751768196
16167.0,1.1563231651055004
16168.0,1.0598938272832172
16169.0,0.873130620156819
16170.0,1.106463990333664
16171.0,0.7372923186722087
16172.0,1.0638306385582665
16173.0,0.6982566586169683
16174.0,1.3781531396923636
16175.0,0.9360794262958605
16176.0,1.2968497712397071
16177.0,0.9568958451165464
16178.0,0.7154279276472983
16179.0,1.0518534753313706
16180.0,1.232299169177767
16181.0,0.8468860778099029
16182.0,1.0231298182928963
16183.0,0.7968920211176246
16184.0,0.9570666737370537
16185.0,1.2012440999525758
16186.0,0.9527511654191871
16187.0,1.1085320969771155
16188.0,1.2846628596829248
16189.0,1.6078148171499143
16190.0,1.279509101081115
16191.0,0.9030416742108527
16192.0,1.0854281567215345
16193.0,0.6851123860011228
16194.0,0.7547507218527979
16195.0,1.0697593017078184
16196.0,0.9632661562678773
16197.0,1.1615475939663162
16198.0,1.1395537805251275
16199.0,1.0152720013486443
16200.0,1.0920196076928304
16201.0,1.176975540935344
16202.0,1.3566468581166555
16203.0,0.7991355247048143
16204.0,0.7520462482522368
16205.0,1.1415563431247568
16206.0,0.9555658804905325
16207.0,1.4655073663385876
16208.0,1.3523708208631005
16209.0,1.214290342364397
16210.0,1.5526086976596067
16211.0,0.759988937194275
16212.0,0.8382301931983172
16213.0,1.2291736101993227
16214.0,0.933011807451792
16215.0,1.1043069909797345
16216.0,1.1069709951845486
16217.0,1.0463161024999776
16218.0,0.8520973564371538
16219.0,0.8776023874196403
16220.0,1.3075633080834703
16221.0,0.11370135745124166
16222.0,1.07398980175904
16223.0,1.1144059256968555
16224.0,0.6282456345624585
16225.0,0.6782755574995201
16226.0,1.3442249836145856
16227.0,0.32388400782917526
16228.0,0.9201920908995557
16229.0,1.220712790114355
16230.0,1.171322825230891
16231.0,0.672930954820161
16232.0,1.154515982236469
16233.0,1.083562106035904
16234.0,1.0782378351283113
16235.0,0.7422071642479672
16236.0,1.1128319944678935
16237.0,1.323771480181545
16238.0,1.3703939044605549
16239.0,1.2102845641914097
16240.0,0.9327618843128207
16241.0,0.9411560389747278
16242.0,1.0796824850964766
16243.0,0.8292633787975636
16244.0,0.5372028177868182
16245.0,0.7736236069175595
16246.0,1.0692753627361054
16247.0,0.9778731259959184
16248.0,1.61202481732894
16249.0,1.07156885923222
16250.0,0.9355109511610356
16251.0,0.8024872975326642
16252.0,1.0683964439406517
16253.0,0.7461788558999243
16254.0,1.0875008948298315
16255.0,0.910029448735067
16256.0,1.3859640605604788
16257.0,1.255752189814143
16258.0,0.8246573091930278
16259.0,0.9882836859129471
16260.0,1.4230816114747398
16261.0,0.6640669235082117
16262.0,0.8290587825814371
16263.0,1.2857252646498925
16264.0,1.2768694247483974
16265.0,0.6906523964509594
16266.0,1.200831363518723
16267.0,0.7789470296684284
16268.0,1.2173695972715484
16269.0,1.0925526861210164
16270.0,0.6393491753787615
16271.0,1.322486091425318
16272.0,0.7825197353230235
16273.0,1.0721246129299355
16274.0,0.9059023516870313
16275.0,1.0685111636191573
16276.0,1.1272207029612136
16277.0,1.381575949719389
16278.0,1.3507279733826598
16279.0,1.176305572695431
16280.0,0.9513653876767075
16281.0,0.7334824290585543
16282.0,1.4208415504318368
16283.0,1.1163021565475835
16284.0,1.2799734110483212
16285.0,1.3263818502971794
16286.0,0.7262997065142125
16287.0,1.3639409507827582
16288.0,0.8123266512936063
16289.0,0.9345971603700057
16290.0,0.7503231067482397
16291.0,0.8046035942674932
16292.0,0.7500946182881669
16293.0,0.8015058155888524
16294.0,0.5802258721157755
16295.0,0.8671696266485417
16296.0,1.0058465807878632
16297.0,1.0447433550543934
16298.0,0.911287030106043
16299.0,1.2598613916421475
16300.0,1.19360206865693
16301.0,0.8262210921570885
16302.0,0.9731473473312975
16303.0,1.4015420006511599
16304.0,0.8782100015426167
16305.0,0.9190614958885852
16306.0,1.1501188670921605
16307.0,1.1672956890216961
16308.0,1.1826434912486337
16309.0,0.7727634046776392
16310.0,0.8268349368241881
16311.0,1.0650756434688855
16312.0,1.1647789719717967
16313.0,1.3508725072306635
16314.0,1.242232758322304
16315.0,1.2426751653343584
16316.0,1.0460537192204598
16317.0,1.0096970012543394
16318.0,1.1862677377287878
16319.0,0.599348907574808
16320.0,1.515776681962719
16321.0,1.219835001637089
16322.0,1.0559710079669877
16323.0,1.065899174308634
16324.0,1.0982159711928972
16325.0,1.0006274379574425
16326.0,0.8010587582862264
16327.0,0.6451656564744562
16328.0,0.8447481749186743
16329.0,0.7963679397231613
16330.0,1.4153432458261885
16331.0,1.2838964197642675
16332.0,0.792184478253022
16333.0,0.9803314901039953
16334.0,0.6092237620902462
16335.0,0.863729715962406
16336.0,0.8434745477086689
16337.0,1.1645969116956243
16338.0,1.2356498598416388
16339.0,1.0127386417871775
16340.0,0.975726071542019
16341.0,1.019552732869909
16342.0,1.1197984134920276
16343.0,0.46431634920535814
16344.0,0.6654652015295162
16345.0,1.0788544698305211
16346.0,0.9928709972054518
16347.0,1.1031052461375388
16348.0,1.493390981756154
16349.0,0.9498985639365466
16350.0,0.7994657614287439
16351.0,1.0108474834762187
16352.0,1.2120617416514436
16353.0,1.0610383309882103
16354.0,0.7512173078078341
16355.0,1.1752621505874956
16356.0,1.343004835445953
16357.0,0.9177546178733371
16358.0,1.2500577537716744
16359.0,1.422855500277655
16360.0,0.9879631452919782
16361.0,0.9899068343715575
16362.0,0.8617215673390709
16363.0,0.7619234303948574
16364.0,0.9662253232194356
16365.0,0.9045299397667484
16366.0,1.0501010038280245
16367.0,0.8640691097257474
16368.0,1.0204471695546649
16369.0,0.6809254526095039
16370.0,1.4652314865623364
16371.0,1.4413431227340268
16372.0,1.322295034773011
16373.0,0.9221466736111781
16374.0,0.4505824172536813
16375.0,1.0923875794513482
16376.0,0.8703684695311775
16377.0,0.8516156209568817
16378.0,0.6545018988726921
16379.0,0.7180466128631025
16380.0,1.1296797726154526
16381.0,0.9882532771126483
16382.0,0.5419960057913821
16383.0,1.2331561617969442
16384.0,0.5375827345415962
16385.0,1.0082727586318576
16386.0,1.3089637939742695
16387.0,0.5826268833900418
16388.0,1.0342379480316
16389.0,0.8157219019485085
16390.0,0.9872668128602371
16391.0,0.8966794075050891
16392.0,1.0821664835278844
16393.0,0.904042980046223
16394.0,1.1445396221132977
16395.0,1.089447241882605
16396.0,0.9099446565132269
16397.0,1.258812373415205
16398.0,0.7417649032296458
16399.0,1.134668392917979
16400.0,0.843425834491879
16401.0,0.620384493193487
16402.0,1.0710214839844963
16403.0,1.0988569245775683
16404.0,0.9807876774919954
16405.0,1.1543896809067022
16406.0,0.6326555575262186
16407.0,0.6485173757226871
16408.0,0.9785749433008165
16409.0,0.8232160455917081
16410.0,1.0938731198513532
16411.0,1.1256162615930376
16412.0,0.5023830327385248
16413.0,1.1252566708306904
16414.0,0.7237812928335075
16415.0,0.8583161288763644
16416.0,1.129332810359708
16417.0,1.2731812356725085
16418.0,0.8839149085818649
16419.0,1.0165101688596594
16420.0,0.6702431529576061
16421.0,1.1907181963440792
16422.0,1.2770118849467
16423.0,0.907446861546528
16424.0,1.0232370860244966
16425.0,0.8860123619106274
16426.0,1.1264872810753466
16427.0,0.8100620981787481
16428.0,0.5799902808534214
16429.0,0.7183816188298877
16430.0,0.9129435696531235
16431.0,0.7994170654642612
16432.0,1.6528143971527127
16433.0,1.2123200656126927
16434.0,0.6784306314255495
16435.0,0.9864837804212124
16436.0,0.7256882786821532
16437.0,1.408559575641413
16438.0,0.6377615606235034
16439.0,1.1731899494195146
16440.0,1.0963770458150486
16441.0,0.5713682958337314
16442.0,0.9232308302270928
16443.0,0.8637758138353977
16444.0,1.4973367414568686
16445.0,1.1289233365552065
16446.0,0.8490194383764182
16447.0,0.7333830180085992
16448.0,0.8661092955669094
16449.0,0.9683821664423049
16450.0,1.042297371286002
16451.0,0.7939989023049941
16452.0,0.6084420951393097
16453.0,0.7046336551296293
16454.0,0.9276454288431342
16455.0,0.7211911157764012
16456.0,1.2118704056215641
16457.0,1.154817778415088
16458.0,0.42572843481470235
16459.0,0.6857647610956699
16460.0,0.7755359730298645
16461.0,0.8610896189852882
16462.0,0.3869929112510814
16463.0,1.322875848874587
16464.0,0.6739560410395393
16465.0,0.8366565743099877
16466.0,0.40147004639565986
16467.0,1.3139153689991736
16468.0,0.8221854399108153
16469.0,0.7904070615147545
16470.0,1.1543854535633782
16471.0,1.0058886585580988
16472.0,0.6946120323876046
16473.0,1.3229326800023404
16474.0,0.5509461279300842
16475.0,0.9616767475514614
16476.0,1.2173108945690805
16477.0,1.5234959741376937
16478.0,0.8182063442863685
16479.0,1.0986187118674586
16480.0,0.5109942117743691
16481.0,0.6022288906394586
16482.0,1.2721205186485491
16483.0,0.777542565620187
16484.0,0.7631200255635286
16485.0,0.8614582231046304
16486.0,0.5778244703822264
16487.0,0.934171351935164
16488.0,0.8289142170738879
16489.0,0.7810691434166717
16490.0,0.8071749015188477
16491.0,1.3244014837602318
16492.0,1.0082586501992132
16493.0,1.1436542233832945
16494.0,0.8335581081489549
16495.0,1.43592847176095
16496.0,0.9065298771186637
16497.0,0.7881800249320885
16498.0,1.2755109102457598
16499.0,0.8861108960244992
16500.0,0.770273524983516
16501.0,1.3378868647502773
16502.0,0.955362676688413
16503.0,0.6977823160877048
16504.0,0.44749591793224663
16505.0,1.0027853708121843
16506.0,1.3979898475453176
16507.0,0.930540433572514
16508.0,1.4803614093264117
16509.0,0.6965292118537464
16510.0,1.0747722359257876
16511.0,0.9710649877237839
16512.0,0.6953889615139311
16513.0,0.775756628039255
16514.0,0.7444450819734272
16515.0,0.8363519686297846
16516.0,1.069771084710065
16517.0,0.6849043813153557
16518.0,1.3376844398110674
16519.0,1.2206543108189902
16520.0,0.2331833741448175
16521.0,1.3680244006055073
16522.0,0.9081925543436713
16523.0,0.7099396120135969
16524.0,1.0563827329253295
16525.0,0.8978127535109832
16526.0,1.0748192700832961
16527.0,0.9956598367842691
16528.0,0.9713071050552073
16529.0,1.1589952070021121
16530.0,1.0359710009354008
16531.0,0.8586816276119961
16532.0,0.8069652533879536
16533.0,0.7905041298122514
16534.0,0.7508011970535187
16535.0,0.5742663521587361
16536.0,1.0948233423068308
16537.0,1.3137519602545304
16538.0,1.1709667866377609
16539.0,0.6983533110046233
16540.0,0.7953827333903278
16541.0,1.2134133515493042
16542.0,0.6061167955696198
16543.0,1.2499462802557035
16544.0,1.1812550725614803
16545.0,1.078074474638803
16546.0,0.8219032114857934
16547.0,0.9992641215400186
16548.0,0.6765935914547062
16549.0,0.7130850327863597
16550.0,1.3157280860772453
16551.0,1.1041109623339573
16552.0,0.5764490246451329
16553.0,0.7897091582373932
16554.0,0.9309006196209887
16555.0,1.1826767017335336
16556.0,1.2688209353118616
16557.0,1.0843643739037179
16558.0,0.776009645653396
16559.0,0.9841764495542121
16560.0,0.4781468201531821
16561.0,1.0543004492299741
16562.0,0.6829894521864917
16563.0,1.1443731927505494
16564.0,1.236995865671149
16565.0,1.3595533784615803
16566.0,0.9213917642654063
16567.0,1.1400406819395368
16568.0,1.1426454873488963
16569.0,1.3785024082717938
16570.0,0.5044909556176776
16571.0,1.0938971423975379
16572.0,1.1028798420078172
16573.0,1.1093461594390077
16574.0,1.143525323580429
16575.0,1.1339060962771637
16576.0,1.016649362695996
16577.0,1.182095606079401
16578.0,0.6066164590259631
16579.0,1.1989817901294897
16580.0,0.6447745887237248
16581.0,0.952285605222712
16582.0,0.7064539139842736
16583.0,0.7981484089060855
16584.0,1.1486522538173956
16585.0,0.7806881986520599
16586.0,1.0989688237462936
16587.0,0.7132196809232199
16588.0,0.9359359787675937
16589.0,1.1526681216725878
16590.0,0.8342388610989814
16591.0,0.9292589073393346
16592.0,1.3128337090991224
16593.0,0.8926241816344346
16594.0,0.58314898336262
16595.0,1.1668024932154657
16596.0,0.8937777658107758
16597.0,1.101467283128463
16598.0,1.2334813899982597
16599.0,0.6825170072354336
16600.0,0.7845568942341957
16601.0,0.8482244539273442
16602.0,1.3243508507769013
16603.0,1.2256148728142247
16604.0,1.1273105688341976
16605.0,0.8692596255976645
16606.0,0.9644719302621809
16607.0,0.9079282481922225
16608.0,1.1652127676650508
16609.0,0.7809367885177704
16610.0,1.130060686789619
16611.0,1.1374964660878593
16612.0,1.1503076280255455
16613.0,0.6744296010589523
16614.0,0.8457766041422429
16615.0,1.037040830606174
16616.0,0.983873533756103
16617.0,0.9229960306826456
16618.0,1.3517691692849534
16619.0,1.189894112947267
16620.0,1.4655964967685802
16621.0,1.1659603590561691
16622.0,1.0365661767919319
16623.0,1.5759119211076849
16624.0,0.7440746269638633
16625.0,1.079125212915526
16626.0,1.0388977546076215
16627.0,0.9918833237622277
16628.0,1.075123683504591
16629.0,1.1515327700084959
16630.0,1.3773929432960246
16631.0,1.2302164915611837
16632.0,1.369869508069784
16633.0,0.9832042707927744
16634.0,1.178140659350942
16635.0,0.5860390625990358
16636.0,0.6042171571260171
16637.0,1.1131374621132537
16638.0,0.9047912850610297
16639.0,0.919898953824283
16640.0,1.0533946804802061
16641.0,1.130254467469391
16642.0,0.708294876991053
16643.0,1.0310690402189033
16644.0,1.0780090518558954
16645.0,0.7073125366212846
16646.0,1.111892259302593
16647.0,1.2998306265520612
16648.0,0.5636449816923095
16649.0,1.017014023920543
16650.0,0.6865414059608517
16651.0,1.1980403564771258
16652.0,0.9701830457548534
16653.0,0.9467605656172681
16654.0,0.6818607415699437
16655.0,0.7142450777200816
16656.0,0.7842895744670129
16657.0,0.9659043716461959
16658.0,1.3490443468895166
16659.0,0.9352556176915923
16660.0,0.8166517789626351
16661.0,0.9501569882103017
16662.0,0.7744660682482728
16663.0,1.0465000302284955
16664.0,0.8615421264866149
16665.0,0.5078050129777957
16666.0,1.1853009879205825
16667.0,0.922648941825665
16668.0,0.9302464179651359
16669.0,1.1904129379120945
16670.0,1.0314836291768439
16671.0,1.0450768398907695
16672.0,0.8888325814325134
16673.0,0.93142189905619
16674.0,0.9089396465709428
16675.0,1.0750456987702541
16676.0,1.1408812075634027
16677.0,0.9227853719043223
16678.0,1.0210792518157323
16679.0,0.9962562973842845
16680.0,1.3274907877501436
16681.0,0.9059881185135328
16682.0,1.159060268193129
16683.0,0.8205759500940232
16684.0,1.0283802449107347
16685.0,1.0476454913667883
16686.0,0.8741387905956108
16687.0,1.0189258011280597
16688.0,0.9622597920478558
16689.0,1.1213037499080638
16690.0,0.5884313224513726
16691.0,0.8687545411780185
16692.0,1.2750970404981998
16693.0,0.9252356697850377
16694.0,0.9999332591711869
16695.0,0.7571691824561054
16696.0,1.0347831651863773
16697.0,1.1275973119420404
16698.0,1.151274250324046
16699.0,0.779459488958825
16700.0,1.013171479593053
16701.0,0.9294949631446536
16702.0,0.8346932835347718
16703.0,0.6323229670935285
16704.0,1.0970901038627225
16705.0,0.7736287237925416
16706.0,0.946622123818611
16707.0,0.835032119993099
16708.0,0.8815859734105169
16709.0,1.128782385418451
16710.0,0.8028656373511058
16711.0,0.6348926029266803
16712.0,0.9628132711023916
16713.0,0.937092233633874
16714.0,1.0090122512247317
16715.0,0.7703612171620071
16716.0,0.9663037782720794
16717.0,1.259078901576872
16718.0,1.4034493354926734
16719.0,0.9336102911338664
16720.0,1.082120718828545
16721.0,1.5219484206329565
16722.0,0.6260648603570043
16723.0,1.0109389139516638
16724.0,1.0827083409119298
16725.0,0.9542759950743259
16726.0,1.8610861333883495
16727.0,1.183864398573908
16728.0,0.5588751466742423
16729.0,0.783134298981045
16730.0,1.2423760339420182
16731.0,1.311867024700526
16732.0,0.9150782192560549
16733.0,1.218152945232864
16734.0,1.2334298088073303
16735.0,0.7529535925197435
16736.0,0.8338035883763888
16737.0,0.8532381047600661
16738.0,1.0533055173590637
16739.0,0.939130924492193
16740.0,0.8804852968170958
16741.0,1.0639036389537508
16742.0,0.6648741481813888
16743.0,0.7169127540123902
16744.0,0.9807565224346912
16745.0,0.8378098020795126
16746.0,0.9330070636912557
16747.0,0.6384843240796667
16748.0,0.8936075696275636
16749.0,0.9543603931030188
16750.0,1.057075651208294
16751.0,0.4252242389388654
16752.0,1.140834708745488
16753.0,1.2411956553915338
16754.0,0.7321011349611546
16755.0,1.2854878712012179
16756.0,0.7201572774573957
16757.0,1.4773285061411245
16758.0,1.1020061832990917
16759.0,1.0091333349190745
16760.0,1.0317603957863697
16761.0,1.2123305710547139
16762.0,0.9587346907072933
16763.0,0.8975160382534224
16764.0,0.7353817908034463
16765.0,0.9121026170537585
16766.0,1.0289757446717747
16767.0,0.5323147777154349
16768.0,0.8989711391292732
16769.0,0.6324251034862816
16770.0,1.0955033240932202
16771.0,0.9479995196165298
16772.0,1.3256195279419507
16773.0,0.8841799258595977
16774.0,1.1470347578088382
16775.0,1.241908440219964
16776.0,1.3644388349014018
16777.0,0.9939142477018714
16778.0,1.295011239412946
16779.0,0.9744599567238612
16780.0,1.1592315185227213
16781.0,0.9033305180337404
16782.0,0.6286143752949447
16783.0,1.1648340699798052
16784.0,0.8256562985258175
16785.0,1.0520144244349745
16786.0,0.7321789862572139
16787.0,1.030876439911846
16788.0,0.7536510283552545
16789.0,0.683188528811341
16790.0,0.6251607898849201
16791.0,1.104531988654596
16792.0,0.6477864041927561
16793.0,0.6436518550110967
16794.0,0.7191129073279174
16795.0,0.891491449589294
16796.0,0.8195486393432294
16797.0,1.0318656178071814
16798.0,0.6461015716278569
16799.0,0.9166604836637773
16800.0,1.0207994604614836
16801.0,1.8107045339099974
16802.0,0.5895010087891004
16803.0,1.2315055018434724
16804.0,1.6198668223350827
16805.0,0.37621071357483726
16806.0,1.1491746983130167
16807.0,0.769028659936221
16808.0,1.0400915644728803
16809.0,1.4440924663203387
16810.0,0.9829196654559289
16811.0,1.189076783489362
16812.0,1.3853550762492124
16813.0,1.2445211312504036
16814.0,0.7739475206207141
16815.0,1.0884498661844575
16816.0,0.9084344332586844
16817.0,0.8711816413306517
16818.0,0.7469162740342661
16819.0,0.9571512817415486
16820.0,0.9543393647806432
16821.0,1.1090190096436134
16822.0,0.8607778705230709
16823.0,1.0513649871858703
16824.0,1.0970500508262029
16825.0,1.1087027013112944
16826.0,0.4805180548012885
16827.0,1.1102546146477594
16828.0,1.2184667187655962
16829.0,1.240795935946109
16830.0,1.4886576816487898
16831.0,0.5038434113558252
16832.0,1.1230094079484456
16833.0,1.0535127023045017
16834.0,1.0268494595170443
16835.0,1.0678759629275838
16836.0,0.880868571992809
16837.0,1.0140738467757622
16838.0,1.0566910756730121
16839.0,0.4876283511886066
16840.0,1.3908001778696675
16841.0,1.2701310692730559
16842.0,1.24511882778859
16843.0,1.0966222371730492
16844.0,0.7742257501982914
16845.0,0.8801937050444144
16846.0,0.44738135780990373
16847.0,1.093004306781153
16848.0,0.7247946452658867
16849.0,0.9612567893455123
16850.0,0.944282407847739
16851.0,1.325762288470315
16852.0,1.1458123933996496
16853.0,0.7823151063590326
16854.0,0.9991093933313333
16855.0,0.9604820315520385
16856.0,0.8785869286708142
16857.0,1.1359389913231819
16858.0,1.1440706791078827
16859.0,0.9074623310660646
16860.0,1.1679706837876407
16861.0,1.0669427095086512
16862.0,0.8146033289770842
16863.0,1.0114354039739484
16864.0,0.8425758268532253
16865.0,0.9340392159477309
16866.0,0.522583837132732
16867.0,1.1912201729245946
16868.0,1.3606334191603011
16869.0,0.6746760790820222
16870.0,1.197310783707855
16871.0,1.4799982076254807
16872.0,1.292545826746096
16873.0,0.874798801364399
16874.0,1.1344573947611334
16875.0,1.0103467092310823
16876.0,1.0003789085096932
16877.0,0.9900100651975285
16878.0,0.8600639517583936
16879.0,0.9765261111836678
16880.0,1.0403627887495395
16881.0,0.40864393646578046
16882.0,1.0242112835365835
16883.0,1.3195803542442224
16884.0,0.9490008811841454
16885.0,1.135976124743266
16886.0,1.14218377571838
16887.0,1.2498696632660333
16888.0,0.7402691562061692
16889.0,0.7860381763460024
16890.0,0.874484953870115
16891.0,1.0793291654123933
16892.0,1.0925656856920245
16893.0,1.0112961685260782
16894.0,0.7602246034281892
16895.0,0.8847650078468678
16896.0,1.138721701235429
16897.0,1.153778976832029
16898.0,0.846319258912539
16899.0,0.786689092410629
16900.0,0.976190553814191
16901.0,1.1125642551954869
16902.0,1.301343468051838
16903.0,0.9864271509775725
16904.0,0.7269496547246566
16905.0,0.9458282557846955
16906.0,1.0805330734083085
16907.0,1.2604558792613443
16908.0,0.803702920436862
16909.0,0.6264048248169822
16910.0,1.02405523023577
16911.0,1.2125790377422336
16912.0,1.4986233757261282
16913.0,0.8234302866046307
16914.0,1.2166576624801737
16915.0,0.8269034757869089
16916.0,0.8907794570821387
16917.0,1.211772791317117
16918.0,0.9733386134078581
16919.0,0.538423716161881
16920.0,0.8166213034112151
16921.0,1.0146178700532245
16922.0,0.7342768181105384
16923.0,1.6687582045960039
16924.0,1.3993479143368273
16925.0,0.8679706620451668
16926.0,1.1243427571672022
16927.0,1.3053669294601002
16928.0,1.2839519728421318
16929.0,0.9050581279759642
16930.0,0.6162356166840729
16931.0,0.8317434477289103
16932.0,1.0988925490315962
16933.0,1.1927670221818192
16934.0,0.9473795859597988
16935.0,0.5936909048284109
16936.0,1.0224673049543205
16937.0,0.7553503188792314
16938.0,1.0257008206730402
16939.0,0.8158543678924042
16940.0,1.3018211333299625
16941.0,1.0579790351369462
16942.0,0.7658372965233935
16943.0,1.1500075083234456
16944.0,1.3804984112081669
16945.0,0.971199942448346
16946.0,1.2261084666367608
16947.0,0.8604893653764948
16948.0,0.6401612287789871
16949.0,1.0427348720398202
16950.0,0.9549136622388663
16951.0,0.9659454643628975
16952.0,0.9329798318019922
16953.0,1.1266738588730636
16954.0,1.1486832535465752
16955.0,1.226888492397575
16956.0,1.3973894936769828
16957.0,0.9099224793008996
16958.0,1.040841975950372
16959.0,0.6759789827644687
16960.0,0.9285247750314518
16961.0,0.5782056410425194
16962.0,1.4958059544955726
16963.0,0.5400954632016459
16964.0,1.3421459462116052
16965.0,1.3177083260894342
16966.0,1.470890178311663
16967.0,1.48547894373484
16968.0,1.3112160434601645
16969.0,1.191886315184509
16970.0,0.738414871392373
16971.0,1.0405722054668438
16972.0,0.9469972921731334
16973.0,0.6304832784962702
16974.0,0.8077414412649191
16975.0,0.7369083935726165
16976.0,1.202005638200085
16977.0,1.2381851514350017
16978.0,1.0299129100570967
16979.0,1.070808085522746
16980.0,0.9389528453262952
16981.0,0.9319078926039459
16982.0,1.0599241389842493
16983.0,1.1253452536800181
16984.0,0.9011417780090856
16985.0,0.8280833695812619
16986.0,0.6536971417969719
16987.0,1.0202996545929606
16988.0,0.9294842047963942
16989.0,1.0009421246935057
16990.0,1.074899924647174
16991.0,1.3237642825932001
16992.0,0.9293368879475231
16993.0,0.9217149746398906
16994.0,1.55130580371632
16995.0,0.7872042307857181
16996.0,1.3051567332337284
16997.0,0.7306960020912852
16998.0,0.8351580831577142
16999.0,1.1289967495856832
17000.0,1.2883038529603783
17001.0,1.4342317988382451
17002.0,1.050317812884347
17003.0,1.16512899016567
17004.0,0.9621912432039188
17005.0,1.153796377058263
17006.0,0.8269483947108093
17007.0,0.9304939066899298
17008.0,1.317054204637297
17009.0,1.3257150373679347
17010.0,1.1785918131722404
17011.0,0.988514804799362
17012.0,0.8322819279856769
17013.0,0.9801999209433845
17014.0,0.8552698176091873
17015.0,1.0919374639052468
17016.0,1.1659301040718795
17017.0,1.1225936693356207
17018.0,0.7886779120748276
17019.0,1.2048280172362986
17020.0,1.157396273512403
17021.0,1.0148353828878787
17022.0,1.2478436276129887
17023.0,1.0934574114407982
17024.0,1.227730091126691
17025.0,0.5642145218270186
17026.0,0.8400967864712409
17027.0,0.9501571483324085
17028.0,1.0570078038296993
17029.0,0.9125753134062855
17030.0,1.1262552992807953
17031.0,1.27850637392395
17032.0,1.1895121922310181
17033.0,1.0522608041966945
17034.0,0.965827106469114
17035.0,0.7312696251865857
17036.0,0.9334547080461563
17037.0,0.6747811842733581
17038.0,0.5977200767193871
17039.0,0.9419776970646493
17040.0,1.3502294925568898
17041.0,1.1794878925189818
17042.0,0.6749033077065881
17043.0,1.0612906202008956
17044.0,0.5374149911472217
17045.0,0.9814961827588651
17046.0,0.7425879923592025
17047.0,1.2113655998455648
17048.0,0.6241944595060565
17049.0,1.3400975248995293
17050.0,0.9155834180678977
17051.0,1.4519406669344834
17052.0,1.2571445917864341
17053.0,0.9320648313468879
17054.0,1.0767207880906977
17055.0,0.6464617351134075
17056.0,0.9342671840538036
17057.0,0.9817081873334851
17058.0,0.7635963941707944
17059.0,0.5507514557088331
17060.0,1.042614438410813
17061.0,1.4328605880064624
17062.0,0.9433863008489094
17063.0,0.6628899350295558
17064.0,1.0524894107674079
17065.0,0.9829163977257109
17066.0,0.9863776166469603
17067.0,0.6727931294872269
17068.0,1.079128296662791
17069.0,1.2322255868161498
17070.0,1.0986354402691776
17071.0,1.2896502196653352
17072.0,0.5754059325984531
17073.0,1.2585316957030281
17074.0,0.7067351861010631
17075.0,1.1993499873746232
17076.0,0.7466361816575338
17077.0,1.1070549501986886
17078.0,1.019734176416717
17079.0,1.398684541647987
17080.0,1.2188088047858217
17081.0,0.9966060069838547
17082.0,1.2878272882474469
17083.0,1.1979472599776373
17084.0,1.215585698896593
17085.0,0.6210253893224973
17086.0,1.2973154128682307
17087.0,1.1976360523793423
17088.0,1.2699190957083557
17089.0,1.0458440417461774
17090.0,0.9844783730103985
17091.0,0.9496998278328864
17092.0,0.5895035343663376
17093.0,1.1713868757423727
17094.0,0.7235834440924349
17095.0,0.9874319607125035
17096.0,0.9017648217228889
17097.0,0.7125155412893471
17098.0,1.051433560890813
17099.0,0.531052064507092
17100.0,0.9765979922625757
17101.0,0.8503517028993869
17102.0,0.8191711357395126
17103.0,0.9732871729472431
17104.0,0.9014616605006478
17105.0,1.084387983293666
17106.0,0.8288528446018651
17107.0,1.5410720055670177
17108.0,0.6414340086646423
17109.0,0.4923899877945813
17110.0,1.0088414520706797
17111.0,0.7815511795486504
17112.0,0.7963880770821258
17113.0,1.2156428783498097
17114.0,0.8813613920570109
17115.0,1.6566899981096448
17116.0,1.2559412765840785
17117.0,0.8752472015501469
17118.0,0.904776750614612
17119.0,0.8380723446976811
17120.0,1.43791674416231
17121.0,0.812277399162907
17122.0,1.3669726400469284
17123.0,1.3280559385446582
17124.0,0.9843139905490844
17125.0,1.4031646789709293
17126.0,0.882131412549041
17127.0,0.7790804311098208
17128.0,0.8411063553588838
17129.0,0.9879300511833686
17130.0,0.6548683840323747
17131.0,0.9562915850985243
17132.0,1.426127060262691
17133.0,0.9214171968641865
17134.0,0.9232053040125296
17135.0,0.8172827632127443
17136.0,1.0017764860654539
17137.0,0.7688980827778896
17138.0,1.2081165659257653
17139.0,1.5153588517531063
17140.0,1.1657407654397793
17141.0,0.7582834091215864
17142.0,0.539712456088132
17143.0,1.2512899948748781
17144.0,0.9668644974720274
17145.0,0.9659185243493232
17146.0,0.9472743223277664
17147.0,1.1145761370330005
17148.0,1.0806085939290417
17149.0,0.9520166395462233
17150.0,0.800021892046462
17151.0,0.6806907984158246
17152.0,0.9532497522296465
17153.0,1.312012418167042
17154.0,1.1294187125923
17155.0,1.1664463427075502
17156.0,0.7905170348768957
17157.0,1.0387381675023917
17158.0,0.6288810849724027
17159.0,0.6053498485620248
17160.0,1.3318031182835677
17161.0,0.9171870263226164
17162.0,0.7299817709319081
17163.0,0.7835257159373513
17164.0,1.030027534371314
17165.0,1.0021535761993559
17166.0,0.8749496822167208
17167.0,1.505347636904522
17168.0,0.4887443230243227
17169.0,0.7506851709514148
17170.0,1.4072595392348448
17171.0,0.9991912814665257
17172.0,0.8674531028085488
17173.0,0.9916841622466426
17174.0,0.6357670604069292
17175.0,0.9382471145934511
17176.0,1.4335483672877956
17177.0,0.9783818496644383
17178.0,1.0549521625711362
17179.0,1.0463417293398267
17180.0,1.01512592342786
17181.0,1.283742902011643
17182.0,0.9454617734525779
17183.0,0.8755877705484121
17184.0,1.2529396294966966
17185.0,1.1637060554297545
17186.0,0.513728924987775
17187.0,0.7702175217334077
17188.0,1.1540544252702416
17189.0,0.7288506875756602
17190.0,0.8243349109163138
17191.0,0.6835312516507297
17192.0,1.0928684493063319
17193.0,0.5034413446544626
17194.0,1.2223660285212659
17195.0,1.239706959513734
17196.0,1.0589366412408618
17197.0,1.034352438465781
17198.0,0.6358495463961267
17199.0,0.8778577464305481
17200.0,1.1062872341334042
17201.0,0.5581781203482217
17202.0,1.3218858282294916
17203.0,1.064044567026373
17204.0,1.2059292165378468
17205.0,1.3209903456684435
17206.0,1.0110183630353295
17207.0,0.8919387905028304
17208.0,1.092391465917663
17209.0,1.034793999390487
17210.0,1.0287856118948215
17211.0,0.8852891970595478
17212.0,0.961814872685234
17213.0,0.9166550318324833
17214.0,0.7282094590346113
17215.0,1.32206432270314
17216.0,0.9586996668298572
17217.0,0.8315251060729707
17218.0,1.204400457216109
17219.0,1.5068640769979442
17220.0,0.873550843652406
17221.0,1.1604760696849838
17222.0,1.1260102037922994
17223.0,1.1138344842378145
17224.0,1.0542936535633047
17225.0,1.1816016485997665
17226.0,0.8093274348917239
17227.0,0.9157304523299841
17228.0,1.002173925376233
17229.0,1.0680739341063163
17230.0,1.2002443527010587
17231.0,1.0599010701152316
17232.0,1.2844382104236198
17233.0,0.8646868124672088
17234.0,1.2271467513459082
17235.0,1.0078039606603926
17236.0,1.0260063968781534
17237.0,1.2405622968058123
17238.0,1.2662515210609206
17239.0,0.9569537540157386
17240.0,1.0343883421563236
17241.0,1.3302809673621638
17242.0,0.8453011589708177
17243.0,1.2438652369758287
17244.0,0.4864480489500681
17245.0,1.167358521554616
17246.0,0.8964823741761452
17247.0,1.362365282014996
17248.0,0.828275042363559
17249.0,0.7867267580318851
17250.0,0.8214251090437228
17251.0,0.7535005949670733
17252.0,1.4061397103707423
17253.0,0.9869573529774793
17254.0,0.7239039140000407
17255.0,0.7946191995649601
17256.0,0.731412586736516
17257.0,0.8559355184922566
17258.0,1.277614940747897
17259.0,0.6050476866662833
17260.0,1.0500592725015563
17261.0,1.0181307921451532
17262.0,1.0681696060436967
17263.0,0.9553648470659765
17264.0,0.679418377510792
17265.0,1.228984044693012
17266.0,1.297101427373453
17267.0,1.0496001098769419
17268.0,1.0952550186789591
17269.0,0.6798932930483014
17270.0,1.6799285337381282
17271.0,0.8090412241391187
17272.0,1.67770282840352
17273.0,0.8287140839384706
17274.0,0.7108568016683614
17275.0,0.7695408535896802
17276.0,1.0741543792122459
17277.0,0.762499690149246
17278.0,0.9952429644497421
17279.0,1.011530340990973
17280.0,0.8036707177918629
17281.0,0.5598539574026302
17282.0,0.9984716783640555
17283.0,0.6927685414808317
17284.0,1.125723167225434
17285.0,1.040346541920265
17286.0,1.208894141433388
17287.0,1.1059307678802313
17288.0,0.9976471726140363
17289.0,1.042574487198875
17290.0,0.7949863655259043
17291.0,0.952313445003722
17292.0,0.619990288643254
17293.0,1.0361321914636803
17294.0,1.0546169127173528
17295.0,0.999640989164667
17296.0,0.8620385234480139
17297.0,1.3505542254599445
17298.0,1.006235038694667
17299.0,0.527367365293891
17300.0,1.019723948447792
17301.0,0.9941808771992244
17302.0,1.1229689783000127
17303.0,1.0162991704292748
17304.0,0.6062521774663812
17305.0,0.9031174873054048
17306.0,1.4091761645056993
17307.0,1.3536343665074044
17308.0,1.0137344197792006
17309.0,0.5180147417237895
17310.0,1.188391373925777
17311.0,0.8514163990402768
17312.0,0.7662489142360926
17313.0,0.9866668241503727
17314.0,0.7783493470515004
17315.0,1.0214308213289778
17316.0,1.0250566780269412
17317.0,1.2429787257635536
17318.0,1.1107436143817286
17319.0,1.2009960809657598
17320.0,1.459473793282266
17321.0,1.049426402297353
17322.0,0.6661107537435826
17323.0,1.0667573612530499
17324.0,0.7029962485270471
17325.0,0.4369934523529757
17326.0,0.7622704941311595
17327.0,0.8567548844338385
17328.0,1.5535913386473736
17329.0,0.827024361907176
17330.0,0.6884560774409141
17331.0,1.0875242375014107
17332.0,1.1662481436495786
17333.0,1.3693164328977452
17334.0,1.0816465945846558
17335.0,1.0057958869772459
17336.0,0.6907847040928047
17337.0,1.0262989158503388
17338.0,0.9089521180172278
17339.0,1.3549828405819926
17340.0,0.9688476186121022
17341.0,0.8356444432646277
17342.0,0.8371771574164253
17343.0,0.6706123259251768
17344.0,1.1269199438974344
17345.0,1.5033975617021633
17346.0,0.4483776656609094
17347.0,1.4595303680413982
17348.0,0.8815320940552768
17349.0,1.0315820189772285
17350.0,1.2675253168638674
17351.0,1.2296523878859755
17352.0,0.8538063312596271
17353.0,1.206925856437924
17354.0,1.203388158379929
17355.0,1.1401912850492666
17356.0,0.8932768765764989
17357.0,0.7908360569959341
17358.0,1.0362665653300118
17359.0,0.5612704565315849
17360.0,0.9622054709402685
17361.0,0.6645251601566415
17362.0,1.204092596944631
17363.0,1.7218460595862273
17364.0,1.0499996513914729
17365.0,0.7050880780442115
17366.0,0.49825750477144926
17367.0,0.9814436412617945
17368.0,0.7029874521649286
17369.0,0.7809969039162019
17370.0,1.2015353117144598
17371.0,1.1105881232462684
17372.0,1.0803548219675896
17373.0,0.4269683733939309
17374.0,0.9400749878013943
17375.0,0.512057885136535
17376.0,1.0521534562259467
17377.0,0.6523118627918265
17378.0,1.1876311441994583
17379.0,0.7815587390374459
17380.0,0.7712356159214522
17381.0,0.8492514610404264
17382.0,1.1340902881009576
17383.0,1.3031213915990971
17384.0,0.8540430351475452
17385.0,1.0097577889401095
17386.0,0.26845357152446925
17387.0,1.4144424091029
17388.0,0.9470835420132888
17389.0,1.1579461296139748
17390.0,1.1749548482760566
17391.0,1.1448091079208793
17392.0,1.0325244347375284
17393.0,0.8011439107287314
17394.0,1.2355438915395998
17395.0,0.9749205281518124
17396.0,0.9685151062230294
17397.0,0.8478812032081976
17398.0,1.1510100137955335
17399.0,0.9422550817632253
17400.0,1.4504390318616531
17401.0,0.7642213919948946
17402.0,0.6393762558447635
17403.0,1.1012457165001412
17404.0,0.6470292326052249
17405.0,0.8073135397512915
17406.0,0.8086978695614326
17407.0,0.8115619723909117
17408.0,1.0003436513984074
17409.0,1.1664646178277442
17410.0,1.2220453557226467
17411.0,1.3319938434783913
17412.0,0.9582076684397672
17413.0,0.7228318744530455
17414.0,0.9786187882733913
17415.0,0.7115431630519335
17416.0,1.1355174638515186
17417.0,1.2209069447920273
17418.0,0.6033034384541414
17419.0,0.7310742950797327
17420.0,0.43507608797892816
17421.0,0.6692228345171447
17422.0,0.880182245991381
17423.0,0.7502543056632537
17424.0,0.9235690871320001
17425.0,0.8262683981599809
17426.0,0.9412545447658074
17427.0,1.1810844045754236
17428.0,1.4389386724111195
17429.0,1.1113320721587263
17430.0,1.1992962140211447
17431.0,0.6644373050869936
17432.0,0.6108518707289838
17433.0,0.42255691930604866
17434.0,0.647660554444768
17435.0,0.9714610066045536
17436.0,1.2706967801746356
17437.0,1.033330379439049
17438.0,0.8021960999368226
17439.0,1.3675401682238022
17440.0,0.9174192554096172
17441.0,1.0941653461166525
17442.0,1.5330815650668914
17443.0,1.166168504321421
17444.0,1.0683717936468495
17445.0,0.8277306803598832
17446.0,0.9837020267469576
17447.0,1.1702862196058157
17448.0,1.3229947375488316
17449.0,0.9850287787218462
17450.0,1.074734189253076
17451.0,1.3974077518933472
17452.0,1.1928568109833546
17453.0,1.0092746825359924
17454.0,1.627225746580097
17455.0,0.8471172669285421
17456.0,1.1963560174668089
17457.0,0.5308181223288544
17458.0,0.8657426495540538
17459.0,0.9852955046885408
17460.0,1.1357863882940882
17461.0,1.532966752427042
17462.0,0.9531587548723969
17463.0,1.220653606662453
17464.0,0.8582424014851582
17465.0,1.0158480720515255
17466.0,0.9445705746282106
17467.0,0.6692704434357037
17468.0,0.7464484023149505
17469.0,1.1023687382840897
17470.0,0.65371250528127
17471.0,0.7687632717842434
17472.0,1.157367086329472
17473.0,0.9021821978073161
17474.0,1.0740509308813369
17475.0,0.5510428460307151
17476.0,0.9321499424485982
17477.0,1.103700383013863
17478.0,0.8709429395244666
17479.0,0.7360396186552131
17480.0,0.6633736605040298
17481.0,0.8222363779158902
17482.0,1.3148115558999849
17483.0,1.0382079500354813
17484.0,1.1064118220384809
17485.0,0.6258678484339446
17486.0,1.2067008271816817
17487.0,1.0471064942321802
17488.0,0.5475965021833504
17489.0,0.991294455623374
17490.0,1.0541633017741743
17491.0,1.5314788358858364
17492.0,0.9705053213151668
17493.0,1.2197412603337678
17494.0,0.8598503673900555
17495.0,0.7570663105370354
17496.0,0.9617847191044869
17497.0,1.2462452216947915
17498.0,0.9895436693209337
17499.0,0.9745417755725784
17500.0,1.9720816893407414
17501.0,0.8731055059965896
17502.0,0.903602548463261
17503.0,0.8305701439151805
17504.0,0.8579045192946406
17505.0,0.8893282817465846
17506.0,0.5940094110139833
17507.0,0.8646919000005733
17508.0,1.05545288500991
17509.0,0.77473888785148
17510.0,1.0158493405480353
17511.0,0.9154344694345856
17512.0,1.0023891540645407
17513.0,0.7847147261625074
17514.0,1.1668036946322482
17515.0,1.090052474201845
17516.0,0.9343426119454756
17517.0,0.8858131794243218
17518.0,0.9769393120346777
17519.0,0.7810529068591984
17520.0,1.0993719297354247
17521.0,1.0283903419582834
17522.0,0.8135096383824835
17523.0,0.8563325193619685
17524.0,1.1650729401271387
17525.0,0.9721383384185907
17526.0,1.1452934679641285
17527.0,1.1920320374924864
17528.0,1.278511012044494
17529.0,1.141739233167716
17530.0,0.8638657055048682
17531.0,0.8299811362589602
17532.0,1.0440519972593758
17533.0,0.5532367766621603
17534.0,0.6947311372512738
17535.0,0.8143535700100472
17536.0,1.2935054413898166
17537.0,1.2605994207073392
17538.0,0.844498839101621
17539.0,1.2207724240285216
17540.0,1.2260677142872656
17541.0,0.8375978892870262
17542.0,1.1102314443549937
17543.0,1.022598705838295
17544.0,0.8851273179512287
17545.0,1.0590103429654012
17546.0,1.131004769037208
17547.0,0.9624638433460988
17548.0,0.707477037891716
17549.0,0.9854183754113154
17550.0,0.9059219380510578
17551.0,0.9674178702695505
17552.0,0.8416623684903403
17553.0,1.0818325729446712
17554.0,0.8053160433828311
17555.0,1.0161058756440564
17556.0,0.7729871094537899
17557.0,1.0773260576700756
17558.0,0.8877934713377204
17559.0,0.9519603617016474
17560.0,1.1585942356343215
17561.0,1.082491591779051
17562.0,0.9239170760683169
17563.0,0.8074479025002127
17564.0,1.3434003721753638
17565.0,0.7627763973261392
17566.0,1.189963011153681
17567.0,0.83173766449472
17568.0,1.158221447676249
17569.0,1.0559181026894142
17570.0,0.9930801603635596
17571.0,0.8526689906695423
17572.0,0.6997717817340277
17573.0,1.488583727709708
17574.0,0.9461802560821306
17575.0,0.9116171649292337
17576.0,1.1865247605879672
17577.0,0.7443637027765544
17578.0,1.2826202014110102
17579.0,1.1100319909953094
17580.0,0.5991019409251445
17581.0,0.8108645546360164
17582.0,1.4447992489493955
17583.0,0.9791746214437481
17584.0,0.9481786459199347
17585.0,1.0015487124389282
17586.0,1.1383498968628443
17587.0,1.5477990926567173
17588.0,0.8280871151540319
17589.0,0.9976843521043336
17590.0,0.6533832149478429
17591.0,1.4113010480270196
17592.0,0.9782123165866087
17593.0,1.5242705703612658
17594.0,0.5981527070746274
17595.0,0.5736295697836398
17596.0,1.3563175910056582
17597.0,0.8400618967565888
17598.0,1.1104490141510286
17599.0,1.0029898532236183
17600.0,1.341064312388407
17601.0,1.3159205331086037
17602.0,0.7365148737454474
17603.0,1.10391752437424
17604.0,1.0246037876203675
17605.0,1.2270091743464975
17606.0,1.1661167461041384
17607.0,1.1907778726816283
17608.0,1.2879946022355846
17609.0,1.2124558539768937
17610.0,0.8822169797976953
17611.0,0.7036285378316793
17612.0,0.8837943368506407
17613.0,0.6446147917922977
17614.0,0.782841266792031
17615.0,1.2553823040168017
17616.0,0.8460277875103867
17617.0,0.7361842572799764
17618.0,0.5306409815408364
17619.0,0.9346845880156619
17620.0,0.9611794033901132
17621.0,0.8428500713765972
17622.0,0.42923810245738003
17623.0,0.9471539921621719
17624.0,1.0583304397205777
17625.0,0.6753569274123394
17626.0,1.0639434477431629
17627.0,0.698629800892294
17628.0,0.6691517739514004
17629.0,0.5899201032811874
17630.0,0.6449826935702507
17631.0,0.9750374544531036
17632.0,0.9463539037241057
17633.0,1.190542622431348
17634.0,1.5125111686994912
17635.0,0.9967671852069191
17636.0,0.9106390240989684
17637.0,0.8336064568401267
17638.0,1.0594056875185838
17639.0,1.215250308341489
17640.0,0.8115889221296693
17641.0,0.8416040907489318
17642.0,0.8532092303380079
17643.0,1.6844239064573867
17644.0,0.6990898390840652
17645.0,1.1347058993394423
17646.0,0.981365696835455
17647.0,1.081864363410116
17648.0,0.8278367891298056
17649.0,0.8775110189333963
17650.0,0.8860218048691966
17651.0,1.0855002260635196
17652.0,1.3420603996868519
17653.0,1.1918743778104552
17654.0,1.0098146540925228
17655.0,1.438917343570537
17656.0,1.5465068736257856
17657.0,1.115195332162652
17658.0,1.167893569772556
17659.0,1.1036137730224707
17660.0,1.1946203672391662
17661.0,1.1135272057123207
17662.0,1.5534973090321196
17663.0,0.6563413367400381
17664.0,0.8985939080704028
17665.0,1.0250373442782597
17666.0,0.7340311137420287
17667.0,1.3625679910963169
17668.0,0.9841819341204515
17669.0,1.1749059148373941
17670.0,1.0321236463634014
17671.0,0.8317550642471192
17672.0,0.8936282056969996
17673.0,1.2234840717030229
17674.0,1.2992762256744328
17675.0,1.0039340917361639
17676.0,0.7646387547501251
17677.0,1.3082173753064075
17678.0,0.978621332115775
17679.0,0.9882281333633881
17680.0,1.1287519684854195
17681.0,0.614047385504784
17682.0,1.0354344833375693
17683.0,0.7396966307815549
17684.0,0.5772905770270227
17685.0,1.0074870534704983
17686.0,0.9624031580358672
17687.0,1.1934004485017822
17688.0,0.8940961285814286
17689.0,0.8717205470240865
17690.0,0.9322120896355843
17691.0,1.0417795308571463
17692.0,0.7814225450011114
17693.0,1.0333824787772745
17694.0,0.812363582268593
17695.0,1.0294706348290865
17696.0,0.8228378984352337
17697.0,0.8875515900682764
17698.0,1.3878991473335587
17699.0,1.0822754620423007
17700.0,1.175752923453951
17701.0,0.5755816028809723
17702.0,0.8798382315884292
17703.0,0.7017439748519505
17704.0,0.8131305289450816
17705.0,1.0910130359870007
17706.0,1.1092747306442732
17707.0,0.8860970236616915
17708.0,1.0222351687333968
17709.0,0.7237687018825634
17710.0,0.971063029175713
17711.0,0.8751480630506274
17712.0,0.8749883569660692
17713.0,0.7375375924958609
17714.0,1.1505996346881961
17715.0,1.0383866236725758
17716.0,1.2602626105788557
17717.0,1.1432035882913827
17718.0,1.0430486611815957
17719.0,1.4173362808960104
17720.0,1.0385786507025374
17721.0,1.4757094503406794
17722.0,1.112783301253117
17723.0,0.8880184775749913
17724.0,0.9877097473269026
17725.0,1.0002968771948437
17726.0,0.7134601977640886
17727.0,1.1719476820537789
17728.0,1.251072406489622
17729.0,1.0940345228767072
17730.0,0.6227202978151887
17731.0,0.8421119533843168
17732.0,1.0393599073162856
17733.0,1.3326672064226053
17734.0,1.1164214285390595
17735.0,1.3330000281669132
17736.0,1.1121736214468854
17737.0,0.810474009257655
17738.0,0.7726632800267332
17739.0,1.047221964116775
17740.0,1.1616105767984908
17741.0,0.8745583671029575
17742.0,1.0846023370600333
17743.0,0.7930023200282882
17744.0,0.7017593451878466
17745.0,1.463622825508175
17746.0,1.3827489656892122
17747.0,1.131436656338134
17748.0,0.8892906436158056
17749.0,1.2933191338604595
17750.0,1.3134538230834307
17751.0,0.8943872566851278
17752.0,1.186435102436488
17753.0,1.0221483051407512
17754.0,1.2798229203497635
17755.0,0.8828581079851036
17756.0,1.2230838130271127
17757.0,1.1266250305546113
17758.0,1.159779001438179
17759.0,0.3172620075187962
17760.0,0.7239744792884695
17761.0,1.4550439792680232
17762.0,0.8491117529708241
17763.0,1.1863084889771174
17764.0,1.3639829104406545
17765.0,0.8855857418942563
17766.0,1.0402710607332626
17767.0,0.9659420910544972
17768.0,0.998659049629145
17769.0,1.1311353316868447
17770.0,0.681908233678294
17771.0,1.5509097431680976
17772.0,1.2353090502730542
17773.0,0.5747027493436618
17774.0,0.8915941881441346
17775.0,0.43417599159068543
17776.0,1.019866817836257
17777.0,1.3519780323524508
17778.0,1.2909371769900837
17779.0,1.0908347296927332
17780.0,0.836758003826598
17781.0,0.9356113756569221
17782.0,1.3317107098384193
17783.0,0.8787076163741209
17784.0,1.1186955650768031
17785.0,1.3531778701955393
17786.0,1.1474167744385706
17787.0,1.1400179076253694
17788.0,0.9011451618043453
17789.0,0.9038870957407675
17790.0,0.41763864818195107
17791.0,1.1677716029338687
17792.0,0.7995153689902912
17793.0,0.7273617279193625
17794.0,0.9840952797132129
17795.0,1.6907931517165105
17796.0,1.2163005683098578
17797.0,1.4822207783552817
17798.0,1.349367673598219
17799.0,1.0759108560072952
17800.0,0.9053670396570765
17801.0,1.1061265015122712
17802.0,0.8538693861328313
17803.0,1.0435887432746058
17804.0,1.0047175805015547
17805.0,1.1100308932239558
17806.0,0.9193502830402788
17807.0,0.7849778381332589
17808.0,0.671903915970816
17809.0,0.8553102528072785
17810.0,0.7030649040997948
17811.0,1.0438918997836923
17812.0,1.6388497646515565
17813.0,0.8510801758941098
17814.0,1.3075108772343977
17815.0,1.1944180896962298
17816.0,1.1495622647744574
17817.0,1.4590496798222512
17818.0,0.9432232488037231
17819.0,0.9083520910730621
17820.0,1.082137897333978
17821.0,1.234189636432039
17822.0,0.9930821544709924
17823.0,0.8613809335701765
17824.0,1.1162548341952747
17825.0,0.8770471931567014
17826.0,0.9541331188761168
17827.0,0.44119871152748
17828.0,1.0923590951294562
17829.0,1.050968830647478
17830.0,1.3660543716104376
17831.0,1.001531118141755
17832.0,0.9299758573676131
17833.0,1.3178347452772425
17834.0,1.0170679967313978
17835.0,1.1478790712404507
17836.0,1.1834159175412085
17837.0,0.5700282766078077
17838.0,1.2191236132487668
17839.0,0.9204760446175044
17840.0,1.1665654434564119
17841.0,1.2316937140097128
17842.0,1.3057456449384566
17843.0,0.8056107583460574
17844.0,0.8791192029676347
17845.0,0.956764242710792
17846.0,1.1085779199302865
17847.0,1.4204017703706393
17848.0,0.8097995688154666
17849.0,0.4556696240350635
17850.0,1.3134673092838887
17851.0,1.0911447485980004
17852.0,1.060459838002959
17853.0,1.1461146416792478
17854.0,0.7991113823818181
17855.0,1.001949464698547
17856.0,0.9942582971556989
17857.0,1.111945468478489
17858.0,1.0289291983797364
17859.0,0.7780977919531542
17860.0,0.8556223280989861
17861.0,0.6157005108382985
17862.0,0.6172742408879248
17863.0,0.8602956689528997
17864.0,0.888596427113092
17865.0,0.9295819023298053
17866.0,0.3665090500263857
17867.0,1.1723013318371445
17868.0,1.0532482126541542
17869.0,0.9976625261556732
17870.0,1.0236766379201567
17871.0,1.0711859972058981
17872.0,1.5213320290517331
17873.0,0.8723538708353079
17874.0,1.4025523303904868
17875.0,1.1134227432196036
17876.0,0.873361791927586
17877.0,0.7513958611386304
17878.0,1.2189748368353461
17879.0,1.009048853820865
17880.0,0.8049992715781907
17881.0,0.6262110633704138
17882.0,0.8808001082187832
17883.0,1.3402051224537213
17884.0,1.3916515859441168
17885.0,1.1669387179036146
17886.0,0.7794295077247956
17887.0,0.7684681655902916
17888.0,1.0022788274180936
17889.0,0.869849399844169
17890.0,0.954231176075372
17891.0,1.0534576780083968
17892.0,0.8130880564468622
17893.0,1.0514030217378916
17894.0,0.9308712773235335
17895.0,0.599440831279656
17896.0,1.0116775283056352
17897.0,1.7140911397491014
17898.0,1.0235366385401687
17899.0,0.9891440311572646
17900.0,1.0498781725507538
17901.0,0.9963441402307749
17902.0,1.3346151099416017
17903.0,0.940627866026308
17904.0,1.3087469734100567
17905.0,0.9188918529724026
17906.0,1.3103619205310373
17907.0,1.44095946346942
17908.0,0.8081851197732506
17909.0,1.2237139139408473
17910.0,1.2474937825642871
17911.0,1.3495287719265967
17912.0,1.1273399796751356
17913.0,0.9668715342565981
17914.0,1.2418876319097343
17915.0,1.1297661059565938
17916.0,0.9765417597611682
17917.0,0.7640992620660183
17918.0,1.2980805992695998
17919.0,1.143803305517081
17920.0,0.7361609455058565
17921.0,1.007288732652968
17922.0,0.708429584747047
17923.0,0.8062946567273676
17924.0,0.7084223724276801
17925.0,0.6345139082122129
17926.0,0.856485671557113
17927.0,0.6689420381236033
17928.0,1.4801480373609384
17929.0,0.24737805456519257
17930.0,0.8395055116763053
17931.0,0.6617624673444732
17932.0,1.0315039624613889
17933.0,0.6045256864363169
17934.0,0.9443180243650171
17935.0,1.0691531406864982
17936.0,1.3204223453700492
17937.0,1.4479403917173133
17938.0,1.0189697544525105
17939.0,1.0544999596429747
17940.0,0.7848733036355912
17941.0,0.6471228414955426
17942.0,1.2663373035240575
17943.0,0.967731449582298
17944.0,1.0439459188646758
17945.0,0.9980206661738198
17946.0,0.6318447663730891
17947.0,0.9046034913493823
17948.0,0.9359578352729666
17949.0,1.5832581722912136
17950.0,1.1313839079682917
17951.0,1.38069748412745
17952.0,0.9447205133305596
17953.0,0.44303637932436835
17954.0,0.7654125667987358
17955.0,0.6876306927369147
17956.0,1.2672475813882556
17957.0,0.8763452442790602
17958.0,0.7353582650147061
17959.0,0.9812889228613044
17960.0,0.43825345754968037
17961.0,1.0346440456553982
17962.0,1.2584618275256478
17963.0,1.1226776907563303
17964.0,0.6428299000924051
17965.0,0.7177031633390905
17966.0,0.7725148871732493
17967.0,0.8228733139421379
17968.0,1.1988978359871056
17969.0,1.1930364581822341
17970.0,0.9546123791980032
17971.0,0.8088509074763379
17972.0,1.1826538340157882
17973.0,1.0528153578309527
17974.0,1.0717614402517746
17975.0,0.9655472579025001
17976.0,0.7356127437342563
17977.0,1.1916266100464985
17978.0,0.9894694987084067
17979.0,1.4137806465605063
17980.0,1.0804504708634184
17981.0,0.9499817284586197
17982.0,0.7683746369114582
17983.0,0.8055916297621053
17984.0,0.8772022733152557
17985.0,0.4720721684898347
17986.0,1.0009291973333816
17987.0,1.0164695645388768
17988.0,1.0734665371094478
17989.0,0.7299946359119109
17990.0,0.8024481436268038
17991.0,0.8567958886622744
17992.0,1.5926784958897766
17993.0,0.9127905783176387
17994.0,1.0657784470178329
17995.0,0.8745717219826433
17996.0,0.942420141079314
17997.0,0.8142292660145882
17998.0,1.1001488169892126
17999.0,0.7329196478299287
18000.0,1.154090158919325
18001.0,1.095282147871042
18002.0,1.2931882228154603
18003.0,0.9928230339332823
18004.0,0.6379860348774443
18005.0,0.9778204066597856
18006.0,0.9624043687580042
18007.0,0.7823941013491067
18008.0,1.115102599748173
18009.0,1.029216869478559
18010.0,0.6387881196760908
18011.0,0.9196748334934549
18012.0,0.9201693586625374
18013.0,0.7705876871121886
18014.0,0.8016862753612137
18015.0,1.0083421178238898
18016.0,0.7525013110080306
18017.0,0.813587491777355
18018.0,0.9858619894698551
18019.0,1.0077135099677679
18020.0,1.3450910109903877
18021.0,0.5432245662119523
18022.0,1.1491521118829562
18023.0,1.2535436322471036
18024.0,1.5371409100018005
18025.0,1.2484535019998004
18026.0,0.9610614952644334
18027.0,1.2965062696219674
18028.0,0.5198323393285411
18029.0,0.5274150779416675
18030.0,0.924401993591673
18031.0,1.0372985215004114
18032.0,1.2211930942427818
18033.0,1.1235135983998745
18034.0,1.0257190237475582
18035.0,1.406018559150614
18036.0,1.066766461639845
18037.0,0.9792856207883162
18038.0,0.8264858567445317
18039.0,1.0851511274037824
18040.0,1.3164475749390463
18041.0,1.241559117138895
18042.0,0.9733613805865592
18043.0,0.879779127797812
18044.0,1.0940289911737602
18045.0,1.04461161977732
18046.0,0.7127391195135628
18047.0,1.0601983731341453
18048.0,0.856110932949788
18049.0,0.8924975158851657
18050.0,1.3467271361987612
18051.0,0.5588219793824443
18052.0,1.0255951840339164
18053.0,0.9210818311848845
18054.0,0.8516477952377473
18055.0,0.5880996150684039
18056.0,1.0325117807550357
18057.0,1.0726260307031843
18058.0,1.0821436027132947
18059.0,1.081179836962189
18060.0,0.6524588527481532
18061.0,1.283784716861848
18062.0,0.7781439060507448
18063.0,0.9213118775528253
18064.0,1.1235179035905816
18065.0,1.3078273238670879
18066.0,1.1266865437434754
18067.0,0.48307702847914025
18068.0,1.395812181064206
18069.0,0.6542361141617228
18070.0,0.7689124483849029
18071.0,0.9440094892039432
18072.0,1.2185265914353354
18073.0,0.7705044788972598
18074.0,0.7710975615606355
18075.0,0.8686329646678534
18076.0,1.0724324365235676
18077.0,0.9706189176330423
18078.0,1.350572462235184
18079.0,1.3338771867823915
18080.0,1.0394833784180628
18081.0,1.2953657800896743
18082.0,1.07267434852967
18083.0,0.8099660873133736
18084.0,1.1221735656047611
18085.0,0.8627657609714057
18086.0,1.0372939859069064
18087.0,1.373520205927065
18088.0,0.7594892392534711
18089.0,0.8878498184607859
18090.0,1.1360947737193658
18091.0,1.6120393527080858
18092.0,0.8719278095129235
18093.0,0.9516581265821232
18094.0,1.080945512041017
18095.0,0.9675844061096434
18096.0,1.2329695621693628
18097.0,0.5661815577451234
18098.0,0.7346759890753455
18099.0,1.105305427269586
18100.0,1.2876029348511062
18101.0,1.1740632272220433
18102.0,1.299964845165978
18103.0,0.7474877610584407
18104.0,0.9144714521089299
18105.0,0.8834310722266271
18106.0,0.7248016919825255
18107.0,1.6510231047685047
18108.0,0.676014629462992
18109.0,1.2531491691878522
18110.0,1.1869730746380764
18111.0,1.041640146884906
18112.0,0.32567577152493277
18113.0,1.1963374543676688
18114.0,0.8171515129153161
18115.0,1.063492446977751
18116.0,1.1800011238152173
18117.0,1.1067085780060386
18118.0,0.8207140702764684
18119.0,1.1033335839680674
18120.0,0.5220144131251017
18121.0,0.5592660173730186
18122.0,0.845690234528536
18123.0,1.2679083578922814
18124.0,0.7146417924403106
18125.0,1.1384596437147783
18126.0,0.9202540830324729
18127.0,0.6632861181425951
18128.0,1.251569369196919
18129.0,1.3486211211793144
18130.0,0.8229015858170711
18131.0,0.7071849679260263
18132.0,0.6383969356859809
18133.0,1.2372245904278028
18134.0,1.1966824408748842
18135.0,1.1501390440884414
18136.0,1.3763520581714361
18137.0,0.8956567877521499
18138.0,0.8795556452156249
18139.0,0.6227458355197388
18140.0,0.9834042580356598
18141.0,1.1715478422441006
18142.0,1.1170430040313626
18143.0,0.9065217482146571
18144.0,1.051283264488215
18145.0,0.7890823329470863
18146.0,0.7672333052032623
18147.0,0.959498098467563
18148.0,0.920403808867136
18149.0,0.4247967570193253
18150.0,0.9136277062357928
18151.0,1.1608938011295282
18152.0,1.049059362982212
18153.0,1.0336078470358265
18154.0,1.1882801259135132
18155.0,0.8254323010983282
18156.0,0.7811695749482316
18157.0,1.1487961065543215
18158.0,1.4364433940456391
18159.0,1.0169964852351472
18160.0,0.8753662903844948
18161.0,1.4337282290140265
18162.0,1.10976749657701
18163.0,1.0608786711797027
18164.0,0.611529373009641
18165.0,0.733590964730497
18166.0,1.1821270685472631
18167.0,0.6676272706762505
18168.0,1.0834969285469587
18169.0,1.1670918277062863
18170.0,0.7205574667235413
18171.0,1.4262135316868902
18172.0,1.0333825328328832
18173.0,0.5244457625005392
18174.0,0.8754562480307213
18175.0,0.6543276216542568
18176.0,0.8964510674796584
18177.0,0.9195832393194187
18178.0,1.1921750401822042
18179.0,0.8828072973800885
18180.0,1.1061883300747364
18181.0,1.19937443226632
18182.0,1.0569670126830986
18183.0,0.934790410480447
18184.0,0.9234003960591478
18185.0,0.8054062963322418
18186.0,1.1125384642157834
18187.0,0.6600325590717788
18188.0,0.5933147961599188
18189.0,0.6786865175802062
18190.0,0.7822201878216579
18191.0,0.8025958404304553
18192.0,1.4029951829055842
18193.0,0.5355302835893263
18194.0,1.1484595268414428
18195.0,0.41426729438469023
18196.0,1.0258716330300366
18197.0,0.7270569640483033
18198.0,0.6506950479664633
18199.0,0.6771082762932237
18200.0,1.3023075455544353
18201.0,0.9428842091961194
18202.0,0.7192710828614947
18203.0,0.6193641849894241
18204.0,0.45218871445380726
18205.0,1.10787691621969
18206.0,1.1966910313511347
18207.0,0.7483248989405162
18208.0,0.7930968534520331
18209.0,1.2460284305502431
18210.0,0.9459172409265966
18211.0,0.8661591647098279
18212.0,1.113142656737488
18213.0,1.1843888118355081
18214.0,0.9484731346130264
18215.0,0.8863956893306802
18216.0,1.1384801585331716
18217.0,1.033196195606183
18218.0,0.766458786733346
18219.0,0.470596947781756
18220.0,0.7155565805573574
18221.0,1.2768191202198673
18222.0,0.9104362107922737
18223.0,1.271859035930989
18224.0,0.6955271611744043
18225.0,0.8552933476824747
18226.0,0.9895583256332913
18227.0,0.866636475204031
18228.0,1.317692079983231
18229.0,1.2146582480039196
18230.0,0.6777285362890944
18231.0,1.1682521773824377
18232.0,0.8960864567002232
18233.0,0.9202418596185952
18234.0,1.06992107919425
18235.0,1.058290075111
18236.0,1.1881024392465787
18237.0,0.8335697255018709
18238.0,1.447164066699112
18239.0,1.5065904104738674
18240.0,0.8357111940422166
18241.0,1.3592523896009499
18242.0,0.692075109693828
18243.0,0.8279774761774428
18244.0,0.9798789362567815
18245.0,1.0734826037160243
18246.0,0.8737203961010442
18247.0,1.0828354916681087
18248.0,0.9319621081843353
18249.0,1.2603554362133758
18250.0,1.0495374970921123
18251.0,0.9254722274867785
18252.0,1.0650658363097574
18253.0,0.9355278516410662
18254.0,0.7383635705260567
18255.0,0.7517953323414808
18256.0,0.9668324211725716
18257.0,1.036033913061864
18258.0,1.2132759649040055
18259.0,1.0143372262055022
18260.0,1.1859802736767675
18261.0,0.948698294136685
18262.0,0.662637540180679
18263.0,1.001110296260346
18264.0,0.9747329129710015
18265.0,1.058155680772154
18266.0,1.161147548342529
18267.0,0.8161337752871027
18268.0,1.3160727501064469
18269.0,1.077403647778012
18270.0,0.997027140266166
18271.0,0.7492952049713286
18272.0,0.9778766038320476
18273.0,0.830095414535355
18274.0,0.8849891513628199
18275.0,1.1320415053587878
18276.0,1.023816055826034
18277.0,1.2045521772446814
18278.0,0.6947681148550942
18279.0,1.1105877122204446
18280.0,0.9517301005208448
18281.0,1.1019386592236524
18282.0,0.25223821656185896
18283.0,0.7057459742880408
18284.0,0.8041812167738878
18285.0,0.6358503150179009
18286.0,0.9848629071742087
18287.0,1.1841314477983274
18288.0,1.1394360850554417
18289.0,0.7905307626075052
18290.0,1.244790062006691
18291.0,1.0453987145212187
18292.0,0.8004759704075666
18293.0,1.1063818427353855
18294.0,1.0676827000401894
18295.0,1.1219554579510456
18296.0,1.5367270182813275
18297.0,0.7061206385727025
18298.0,0.7687567315553427
18299.0,1.442329222745736
18300.0,1.0771072230887748
18301.0,0.7407852959632253
18302.0,1.1657867027077737
18303.0,0.7026503991149846
18304.0,1.6187050449412506
18305.0,0.5597089045259003
18306.0,0.9350906047686688
18307.0,1.1173272297881836
18308.0,1.3435045207106633
18309.0,0.7456441987074791
18310.0,1.049936948883147
18311.0,1.0125429862445456
18312.0,1.2578744914706927
18313.0,1.3071338510906807
18314.0,0.6245417520891283
18315.0,0.904880288846683
18316.0,0.6665501942173686
18317.0,1.0067852545302405
18318.0,0.6443533644564685
18319.0,0.7974991274805624
18320.0,1.1840636088709815
18321.0,0.6920890988769641
18322.0,1.1989336363121292
18323.0,1.5619696371429932
18324.0,0.7611878938504405
18325.0,1.1784661872444633
18326.0,0.8811399511746376
18327.0,0.8941141253414182
18328.0,1.2728176975431018
18329.0,1.5724741288760289
18330.0,1.0773159694525154
18331.0,0.4973612816163706
18332.0,1.163221761206788
18333.0,1.2141635076020185
18334.0,0.7650710816430055
18335.0,0.9690983706206704
18336.0,0.926452875787619
18337.0,1.3975567755337521
18338.0,1.0694435467851138
18339.0,0.9670246704036833
18340.0,0.4025010050230329
18341.0,0.365803158154517
18342.0,1.2430091526687155
18343.0,0.6976491498660488
18344.0,1.2433118170656454
18345.0,0.8623391242734648
18346.0,0.9182825281081782
18347.0,1.1673896112538587
18348.0,1.1409190619096907
18349.0,1.1683162607939244
18350.0,1.2569469252908916
18351.0,1.1539574588886619
18352.0,1.3644273844626635
18353.0,0.6044344685843065
18354.0,0.6329245013554331
18355.0,1.3614003445792267
18356.0,1.2581263217126217
18357.0,0.5103115486528863
18358.0,0.9029105713826383
18359.0,0.7272986320477391
18360.0,1.5956757719855896
18361.0,0.9107172113236329
18362.0,0.936316506310836
18363.0,1.0415370173644969
18364.0,1.0275034914176917
18365.0,0.9971097013206421
18366.0,1.1819456035264142
18367.0,1.1854917779505851
18368.0,0.9958668704560046
18369.0,1.0129218214711129
18370.0,1.1407508422907744
18371.0,1.0756405258662685
18372.0,0.9861821049591962
18373.0,1.1639946934807195
18374.0,0.5433659435732979
18375.0,1.0447480307538473
18376.0,1.0729465158027542
18377.0,1.0100566844672159
18378.0,1.1898849855394842
18379.0,1.202033219926122
18380.0,1.2874918161545266
18381.0,0.5406212223885074
18382.0,0.8310766926424896
18383.0,0.8596414862755946
18384.0,0.9470456410553614
18385.0,0.8825673710779309
18386.0,1.1781158599793207
18387.0,0.9430079893681885
18388.0,1.071330016995473
18389.0,0.3886063339475391
18390.0,1.1442741102406242
18391.0,1.3293409226703494
18392.0,1.179807007318579
18393.0,0.9671083428355003
18394.0,0.8254696515087538
18395.0,1.3965219647048182
18396.0,1.3026952534772769
18397.0,0.7933435970870404
18398.0,1.1964242297542653
18399.0,0.9131704423875577
18400.0,1.4646150490971994
18401.0,1.1316731132179334
18402.0,0.9230218505388101
18403.0,0.7920840911630285
18404.0,1.0509514267549867
18405.0,0.7340049841395412
18406.0,0.9699552660202768
18407.0,0.6578822810400033
18408.0,1.125139805073968
18409.0,1.0383415728531338
18410.0,0.5144843937256439
18411.0,0.6844131082547953
18412.0,1.0631237739469261
18413.0,0.8522587251121075
18414.0,0.9933104964565493
18415.0,0.8612348903971906
18416.0,0.8442399876555015
18417.0,0.7266123872516432
18418.0,1.234554258579301
18419.0,1.1863921961765345
18420.0,0.826608355885426
18421.0,0.9071102725588915
18422.0,1.1002375653884624
18423.0,0.8488631297070862
18424.0,0.947308672652856
18425.0,1.0686467159946438
18426.0,0.6012777083696923
18427.0,0.5030895190169153
18428.0,0.9334350545746755
18429.0,0.8054685007577467
18430.0,1.4970999363541448
18431.0,0.6737865151066207
18432.0,0.979977808803874
18433.0,0.8919762831196258
18434.0,0.5898756616596394
18435.0,1.0448186698549282
18436.0,1.105467477966335
18437.0,1.363822068203082
18438.0,0.5485410975080317
18439.0,0.824007055177328
18440.0,0.9337857993117179
18441.0,1.3941020744938322
18442.0,0.997807507515426
18443.0,0.9799146334139028
18444.0,0.8043953051725689
18445.0,1.0180680711204877
18446.0,1.0743071578181511
18447.0,0.8700747207283812
18448.0,1.246272901586498
18449.0,0.9455148343153957
18450.0,0.4653172191152186
18451.0,0.4935931821073066
18452.0,1.3937949251972568
18453.0,0.6482188757809186
18454.0,1.1048768057753313
18455.0,0.9687914514467338
18456.0,1.1560657404488675
18457.0,1.3496307309499167
18458.0,0.6697548518588456
18459.0,1.0075122381430472
18460.0,0.9971002190307642
18461.0,1.0023801901840061
18462.0,0.9584993043512878
18463.0,1.2046841604925067
18464.0,1.1887660794014974
18465.0,0.7720736013561005
18466.0,0.9599128477426253
18467.0,1.6331598134517789
18468.0,1.2331918094632566
18469.0,1.3211101388959257
18470.0,0.8418195549457891
18471.0,1.274554770466207
18472.0,1.0004000744441603
18473.0,0.9490657458400275
18474.0,0.7107939171014748
18475.0,1.3531878818899254
18476.0,0.6594251177028443
18477.0,1.2453917173200781
18478.0,1.1817692932747932
18479.0,1.5281622187903534
18480.0,0.9815181589963263
18481.0,1.0629286662747552
18482.0,1.1634985270102918
18483.0,1.3238621533699497
18484.0,0.9385224962008291
18485.0,0.7060462795410513
18486.0,1.2958762763578766
18487.0,0.8878612331083743
18488.0,1.3297263612798553
18489.0,0.9654010865910416
18490.0,0.7303720466592016
18491.0,1.3586106020696969
18492.0,0.8891371752931987
18493.0,0.9392649455921361
18494.0,0.6635786577961367
18495.0,0.8396813120028742
18496.0,1.0032384262395726
18497.0,1.0527123394024822
18498.0,1.2315661857779137
18499.0,0.8087577086554568
18500.0,0.6833277391030228
18501.0,0.4126668374871679
18502.0,1.3515472676390388
18503.0,0.9633050184175721
18504.0,0.5967797558034185
18505.0,1.1115302671172167
18506.0,0.61867302779404
18507.0,1.1307911586079056
18508.0,1.164524010132122
18509.0,0.9709530534173885
18510.0,0.45668649555717966
18511.0,0.7175324474275239
18512.0,1.4951018502680122
18513.0,1.3929353102127957
18514.0,1.1342978018392667
18515.0,0.970469051805777
18516.0,0.7031766669252646
18517.0,1.054045126564407
18518.0,0.991117731320908
18519.0,0.8763732423549713
18520.0,1.2803132316492047
18521.0,1.6638218549540797
18522.0,0.9228251601438759
18523.0,1.131307141875184
18524.0,0.7585458437754516
18525.0,1.492401752812893
18526.0,1.0302548154107856
18527.0,0.5383496209091219
18528.0,1.2127654625720363
18529.0,1.2749139561584917
18530.0,0.8558718228659713
18531.0,1.4226781289690174
18532.0,0.7295044004420326
18533.0,0.6778077752418559
18534.0,0.9358741170602966
18535.0,1.0649884747757077
18536.0,0.7721170624872615
18537.0,1.3536520478220293
18538.0,0.8917128142072668
18539.0,0.9958650123021702
18540.0,1.2044144086252557
18541.0,1.1293968693877405
18542.0,0.6889911031117473
18543.0,0.8855803493751576
18544.0,0.7408665330578326
18545.0,0.8893619688919939
18546.0,1.0874727549551773
18547.0,0.7792137953978111
18548.0,0.9374493250446359
18549.0,1.0924946558184074
18550.0,1.0447621982712616
18551.0,0.9663660551679945
18552.0,1.1309422885439462
18553.0,0.7579878206430588
18554.0,1.119075352224312
18555.0,0.9008919005755553
18556.0,0.9207066545864391
18557.0,0.923883998520016
18558.0,0.8233314319360661
18559.0,0.8920767214646939
18560.0,1.383133369339884
18561.0,1.1180377632561587
18562.0,1.2103360542773445
18563.0,1.1055311572001612
18564.0,0.7419913425576048
18565.0,1.0367502518402558
18566.0,1.202353161900912
18567.0,1.0383062584857554
18568.0,1.0665242707945815
18569.0,0.99988024160228
18570.0,0.9021207497546806
18571.0,1.1700634804530212
18572.0,1.2868254869545483
18573.0,0.796956090955165
18574.0,1.080794079242283
18575.0,0.8979859420230368
18576.0,0.4666697127773063
18577.0,1.117700072997132
18578.0,1.2480484417499174
18579.0,0.9156836310656895
18580.0,1.242958687980634
18581.0,0.9682512772093936
18582.0,1.3178815397269041
18583.0,1.2797612498922943
18584.0,0.8654740691715824
18585.0,1.3752980237252619
18586.0,1.3359138804725472
18587.0,0.999292066785278
18588.0,1.0676412108392734
18589.0,1.345051513642096
18590.0,0.4714986144527702
18591.0,0.8056777873065162
18592.0,1.3277474023502345
18593.0,0.928458020785128
18594.0,1.0504095877139223
18595.0,0.5781818156372227
18596.0,0.7890180067650571
18597.0,0.755578415387263
18598.0,0.7807310031234391
18599.0,0.5503469997351722
18600.0,0.6415350777051956
18601.0,0.6022050592727415
18602.0,0.7848931483321069
18603.0,0.7493852620396961
18604.0,1.231656270952479
18605.0,0.7343745789744083
18606.0,0.5948469172305906
18607.0,0.9715459525438459
18608.0,1.1534330012107616
18609.0,0.7349615156188996
18610.0,1.1367550650654183
18611.0,0.8973276578961933
18612.0,0.8350810687197364
18613.0,0.86934141499405
18614.0,0.5035690913203167
18615.0,1.0601543699819005
18616.0,1.3353932215650903
18617.0,0.8620931871859918
18618.0,1.254088095773352
18619.0,0.7855701327793634
18620.0,0.7234019249338128
18621.0,1.0823140408064733
18622.0,0.5967950303304883
18623.0,1.4438779637449677
18624.0,0.7561075939512291
18625.0,1.0110211339638453
18626.0,0.8877430693638303
18627.0,0.9190847801997254
18628.0,1.3826574986653966
18629.0,0.9414310795431506
18630.0,0.9354922573806445
18631.0,0.7950261535298916
18632.0,1.5806617931029008
18633.0,1.4217417421772836
18634.0,0.6705547786959167
18635.0,1.0100066759195236
18636.0,0.9766982958551119
18637.0,0.7116967146159209
18638.0,0.6998090918776799
18639.0,1.1572939115534877
18640.0,0.8894413399422378
18641.0,1.056888167901589
18642.0,0.6444258260779951
18643.0,0.5568298524229842
18644.0,0.9454895890054097
18645.0,1.3952408041990305
18646.0,0.9678406246203312
18647.0,1.032240769673395
18648.0,1.1262989640426886
18649.0,0.9214927397538795
18650.0,1.0569451614031347
18651.0,1.178382097086632
18652.0,0.809444849809045
18653.0,0.7750833797067357
18654.0,1.3110630151946372
18655.0,0.7284963499769157
18656.0,0.979742391891869
18657.0,0.9576344158979908
18658.0,0.921075687682724
18659.0,1.0946993538097218
18660.0,0.4794063640653474
18661.0,1.0027612820612812
18662.0,1.3294300746934469
18663.0,0.701142346590772
18664.0,0.6584228631416777
18665.0,0.9014663232364974
18666.0,1.3763244102440046
18667.0,1.049548503852196
18668.0,1.0065856502821564
18669.0,1.0044335603156442
18670.0,1.3136567288177319
18671.0,0.8054763813955785
18672.0,0.9438136335977317
18673.0,1.5390968900669755
18674.0,0.4271322908747647
18675.0,0.8290117365393417
18676.0,1.1813840931648771
18677.0,0.9782428129721451
18678.0,0.9856817251439505
18679.0,0.8958650033988391
18680.0,1.076895875965098
18681.0,0.9095823848384015
18682.0,0.6782744968456269
18683.0,1.399343822899116
18684.0,0.9763343731193268
18685.0,1.183806516413534
18686.0,1.2294191971714246
18687.0,1.322588944893222
18688.0,1.1264926454602076
18689.0,1.0236511907035664
18690.0,1.2443914819494049
18691.0,0.4103426552139382
18692.0,0.6497480637019005
18693.0,0.3967005836010681
18694.0,0.41083686591556523
18695.0,0.8930898750588803
18696.0,0.7061240543502487
18697.0,0.9740901479830838
18698.0,0.7847312247829719
18699.0,1.0717622630126358
18700.0,0.9938694258467203
18701.0,1.1844399621894666
18702.0,1.2887687265165801
18703.0,0.818994673483868
18704.0,0.8897255300180235
18705.0,1.174490502608703
18706.0,1.37632818652785
18707.0,1.5630323373128197
18708.0,0.5904824006192837
18709.0,1.0147686947987566
18710.0,0.9382577095819663
18711.0,1.1308071970353435
18712.0,1.0253391581372835
18713.0,0.9045037764755126
18714.0,1.3934943468648544
18715.0,1.00796462892776
18716.0,1.3799898924924805
18717.0,0.8966650047964294
18718.0,0.6536821551521224
18719.0,0.8347853129798276
18720.0,0.7066025915948395
18721.0,0.987880649122455
18722.0,1.1525519061387663
18723.0,0.8342454548320533
18724.0,1.132415022259844
18725.0,1.2853248191740674
18726.0,0.7668319912476976
18727.0,0.9846701899692013
18728.0,1.413572996263006
18729.0,1.256008721467646
18730.0,0.9486029935444567
18731.0,0.8464218505804189
18732.0,1.1829524213317628
18733.0,0.8263791233218413
18734.0,1.0886883375696437
18735.0,1.0911344588655654
18736.0,0.7834655408049245
18737.0,1.10240472417432
18738.0,0.8079214808587333
18739.0,1.441934768927395
18740.0,1.4922120712374531
18741.0,1.1755875876704338
18742.0,1.1051926213731431
18743.0,1.0492544701379687
18744.0,1.0961705719065118
18745.0,0.8741703947831746
18746.0,0.6408932117131099
18747.0,0.8705779564743071
18748.0,1.2271721947437515
18749.0,0.7983372897037015
18750.0,0.8898964928444689
18751.0,1.3591889419679324
18752.0,1.0124773311361814
18753.0,0.9930833758339427
18754.0,1.045500917314873
18755.0,0.9429920946160778
18756.0,0.9649634203026716
18757.0,1.3483610124935026
18758.0,0.8428288511916326
18759.0,0.9495512409058865
18760.0,0.9248896209411899
18761.0,1.1011722843888159
18762.0,0.9345154779985738
18763.0,1.061529668367239
18764.0,0.9571630191916589
18765.0,0.8665075093122603
18766.0,1.0361020394871887
18767.0,0.8035676102224989
18768.0,1.2054167457491678
18769.0,0.8096486184817117
18770.0,1.1321420620599252
18771.0,1.0788232685935681
18772.0,0.6014945031332979
18773.0,1.0400501520413883
18774.0,0.7589166401567535
18775.0,1.063743963825155
18776.0,0.7381530450135911
18777.0,0.804366357393096
18778.0,1.171710322817781
18779.0,1.0951779795149132
18780.0,0.7921788325626117
18781.0,1.0556705385251175
18782.0,0.768508855467293
18783.0,1.1690573371637452
18784.0,1.588020428560482
18785.0,1.5958302883036426
18786.0,1.1210546281089353
18787.0,0.7774127039247491
18788.0,1.1616030180950996
18789.0,1.0629411446857508
18790.0,0.6297469362220812
18791.0,0.5759795780563274
18792.0,1.0566637837792663
18793.0,0.8424882375146023
18794.0,1.0787237288536045
18795.0,0.9670331061468846
18796.0,1.0330083228242675
18797.0,0.6279700761960219
18798.0,0.840828175866352
18799.0,0.9755262668671001
18800.0,1.125148027880992
18801.0,1.128270899304887
18802.0,0.700079761101153
18803.0,0.7560169432007592
18804.0,1.055327310378193
18805.0,0.9197760755953004
18806.0,0.799231891015508
18807.0,1.0315700806087205
18808.0,0.6931740766599352
18809.0,1.1905483584438112
18810.0,0.8007035888041231
18811.0,1.331775124760632
18812.0,0.9947700628716059
18813.0,0.8285892002602343
18814.0,0.9561944099720362
18815.0,1.2627368185508132
18816.0,0.4483608112923516
18817.0,1.5342036693670837
18818.0,1.157403673496338
18819.0,1.0591119669769362
18820.0,1.0459099497997784
18821.0,1.5232377907293853
18822.0,1.0561236968913685
18823.0,0.9786114378425186
18824.0,0.7291899115915652
18825.0,1.0310736760989532
18826.0,1.1871503325589676
18827.0,0.6005554707034367
18828.0,1.073602787369557
18829.0,1.1679484995065876
18830.0,1.0645594803846365
18831.0,0.8323439654484458
18832.0,0.7927723962266439
18833.0,0.8873241262775993
18834.0,0.6399615258205673
18835.0,0.7992465913817393
18836.0,1.3616356736173874
18837.0,0.4991177683820278
18838.0,1.0999715110214514
18839.0,1.0041221386599077
18840.0,1.0074645976838594
18841.0,1.2488150619778757
18842.0,1.0770908142478883
18843.0,1.060387973292256
18844.0,0.227089674244906
18845.0,1.078105295450989
18846.0,1.0795780555895873
18847.0,1.1372716439846633
18848.0,0.8345404436238265
18849.0,1.494928120212467
18850.0,0.7195738343456247
18851.0,0.692416489843448
18852.0,1.0493169460215352
18853.0,1.1932059305057912
18854.0,0.7673199819519811
18855.0,0.7378676637595902
18856.0,0.9217825637090328
18857.0,1.0103931450511465
18858.0,1.3344095779834733
18859.0,1.0211832721077552
18860.0,0.6121217208581375
18861.0,0.6742393802007127
18862.0,1.4511383999388674
18863.0,0.9368580329097848
18864.0,1.2687627949853262
18865.0,1.1158062931585842
18866.0,0.856724496837836
18867.0,1.0877853488430267
18868.0,1.460322170833608
18869.0,0.8593725082702943
18870.0,0.9176432079309408
18871.0,1.0741901453947442
18872.0,0.9280760602178781
18873.0,0.9982612260792121
18874.0,0.7927289578532648
18875.0,1.170419728779066
18876.0,1.1285690779591098
18877.0,1.1084869038743717
18878.0,0.8971099138530287
18879.0,1.061136892668524
18880.0,0.8342951375087484
18881.0,1.032600717922356
18882.0,0.9495777166104998
18883.0,1.0902989332640125
18884.0,1.5987743362624265
18885.0,1.1087099547145651
18886.0,1.305545127817889
18887.0,0.9078735805881302
18888.0,1.1484389225884315
18889.0,0.717826643770783
18890.0,0.8102917451027948
18891.0,0.7471596777589095
18892.0,1.108835560093059
18893.0,1.452750498250392
18894.0,0.9392354466380121
18895.0,1.072568098935758
18896.0,1.257428819625585
18897.0,1.1531844637899225
18898.0,0.4500078237293075
18899.0,1.1312917670270877
18900.0,0.736646543091644
18901.0,1.2556074401117363
18902.0,1.2641711796185193
18903.0,1.3872756103248451
18904.0,0.5492842014473382
18905.0,0.8360124232864319
18906.0,0.9044737155331088
18907.0,1.0820227952604455
18908.0,0.9953042515624647
18909.0,1.0769423358736554
18910.0,1.1689062484606543
18911.0,1.2997417233106066
18912.0,1.3340365458454138
18913.0,1.6160830180342332
18914.0,1.382999854182415
18915.0,1.5152179333893792
18916.0,0.7971114622409068
18917.0,0.6421816803369693
18918.0,1.1192829930610615
18919.0,1.0782194289941816
18920.0,1.1429856321127176
18921.0,0.8304097832832446
18922.0,1.0133564330009066
18923.0,1.0705648089366768
18924.0,0.7635920588303332
18925.0,0.6194770295275553
18926.0,0.8666747764197746
18927.0,0.9565593850991371
18928.0,0.4568676016940697
18929.0,1.2211257239024542
18930.0,0.8098927410072301
18931.0,1.140194253042893
18932.0,0.6490945191442432
18933.0,0.650009411153124
18934.0,0.8910819857431026
18935.0,1.1290860115385688
18936.0,0.8583329574539038
18937.0,1.0647483042193775
18938.0,1.0074029354825143
18939.0,1.009277145322941
18940.0,1.0365983487312005
18941.0,1.2942491482595933
18942.0,1.0534767751252374
18943.0,1.0778256387533738
18944.0,0.8246034271681943
18945.0,1.040002162151685
18946.0,1.14395773329315
18947.0,0.9112239039703437
18948.0,0.8180097263163829
18949.0,1.1854300089805796
18950.0,1.0303871414119306
18951.0,0.8008129418218883
18952.0,1.3792667135421428
18953.0,1.0221677477542999
18954.0,0.9249593924841977
18955.0,1.1987718068277764
18956.0,1.3840269055932604
18957.0,0.4841160636309917
18958.0,0.9713237380880484
18959.0,1.1046572376324457
18960.0,0.5482204452679431
18961.0,0.9662413032797068
18962.0,1.1942407019557801
18963.0,1.1534755641041774
18964.0,0.6375120317589751
18965.0,0.9510148082857695
18966.0,1.3460052959261648
18967.0,1.1622870332541293
18968.0,0.8718915492051792
18969.0,0.7636837952826281
18970.0,1.042219896722193
18971.0,1.0217758930411043
18972.0,1.0973101173715247
18973.0,1.2755812922631768
18974.0,0.8221137924187267
18975.0,1.265417329391277
18976.0,1.2962231920371619
18977.0,1.055166329042548
18978.0,0.7923031140341715
18979.0,1.1163978474916478
18980.0,0.7911894717526015
18981.0,0.9119735713279337
18982.0,0.9802271566946815
18983.0,1.1844427514790814
18984.0,1.2326474446253677
18985.0,0.5765015433707673
18986.0,1.164804891132257
18987.0,0.6342616245195853
18988.0,0.9206658118161907
18989.0,0.7634095523634264
18990.0,1.1944684103054932
18991.0,1.2193832546314352
18992.0,0.6248638023271591
18993.0,0.8534146548340191
18994.0,1.2341151594265194
18995.0,1.0397792812786977
18996.0,1.3557551748338879
18997.0,1.3955389384365884
18998.0,1.4352696360488129
18999.0,0.8282069025724408
19000.0,0.9989058519002473
19001.0,0.9908749966288475
19002.0,0.7631144397318869
19003.0,0.8527765040933246
19004.0,0.7123881408889398
19005.0,0.7448931307307946
19006.0,0.8435120244257259
19007.0,1.113393208206231
19008.0,1.102320932416287
19009.0,0.7786617015168082
19010.0,0.6324025894855908
19011.0,0.6285036191359219
19012.0,1.1192852261575137
19013.0,1.1069194124986543
19014.0,0.9014905905477097
19015.0,0.925677215337605
19016.0,0.8109555131461847
19017.0,0.7488813751403364
19018.0,1.1238043331882814
19019.0,0.9608300541152588
19020.0,1.151919516199
19021.0,0.8556485966145863
19022.0,1.1098613288410526
19023.0,0.9816333948216577
19024.0,0.45907095621505567
19025.0,1.2474515429136481
19026.0,0.9109441966569984
19027.0,0.9889309802987827
19028.0,1.4018098260776124
19029.0,1.0905571768654843
19030.0,0.8920968335650389
19031.0,0.8052716270890821
19032.0,0.7726644359876049
19033.0,1.1077300795473786
19034.0,0.8333144846951138
19035.0,0.6466291664183139
19036.0,1.0971928631380299
19037.0,1.0218308406670193
19038.0,0.5185356289206569
19039.0,1.5330451341220392
19040.0,1.2712830473368346
19041.0,0.8343913982474244
19042.0,1.1794507020611176
19043.0,1.1019955687787881
19044.0,1.0245131419395548
19045.0,0.8090866261806802
19046.0,1.179699697717088
19047.0,1.4151977424902766
19048.0,1.2255171858995708
19049.0,1.137096763532892
19050.0,0.5612734464295528
19051.0,1.2469856967423243
19052.0,0.7165854211889637
19053.0,0.9658652386789363
19054.0,1.0803211168150728
19055.0,0.9686465148670429
19056.0,0.7973624231999604
19057.0,1.207168071727246
19058.0,0.8518953909995691
19059.0,0.6042229777244712
19060.0,0.7017413209190864
19061.0,0.8275959430913751
19062.0,1.5114668091523948
19063.0,0.6848334716510895
19064.0,0.49068643039401694
19065.0,1.427880149415308
19066.0,1.3608584947384539
19067.0,0.7842949042579999
19068.0,1.0541103630097495
19069.0,0.5710421318704708
19070.0,0.9092555685909226
19071.0,1.0955687100997464
19072.0,1.1823812687538995
19073.0,0.9387148050564463
19074.0,0.6876292266316251
19075.0,1.3443645134244377
19076.0,1.1345506655565265
19077.0,1.148739003458382
19078.0,0.8965850760118004
19079.0,1.0152179449414729
19080.0,0.9672926760101362
19081.0,0.38985312987888066
19082.0,0.925793976441365
19083.0,1.2128370692567576
19084.0,0.4966110742075601
19085.0,0.9128574365935807
19086.0,1.2767285339064303
19087.0,1.0508358697284474
19088.0,1.2877405257873222
19089.0,1.4869914276880023
19090.0,1.4391505855554843
19091.0,1.1321015083791917
19092.0,0.7574828608846716
19093.0,1.0741250026239213
19094.0,0.7645700354904879
19095.0,1.4756500443145093
19096.0,1.3592378271496353
19097.0,0.6890573616501732
19098.0,1.1393199780521037
19099.0,0.9991001764081707
19100.0,1.007542448853828
19101.0,0.736247138263936
19102.0,0.867956498910563
19103.0,0.5455432739629189
19104.0,0.8661692873942017
19105.0,0.9918398050134015
19106.0,1.1756780796431479
19107.0,0.9325055066123683
19108.0,1.1261536535912031
19109.0,0.6492051418754199
19110.0,1.3822010888312433
19111.0,0.5180226494523983
19112.0,0.8122834359938577
19113.0,0.8851759236413017
19114.0,1.1979031475855106
19115.0,1.2499779421713715
19116.0,0.8268613475901855
19117.0,1.2893287105188949
19118.0,0.7348996561964496
19119.0,1.779091953252486
19120.0,1.0720477906994144
19121.0,0.7616674939608193
19122.0,1.2860406669010447
19123.0,0.8149063223089805
19124.0,0.852353824135319
19125.0,1.0096068981335624
19126.0,1.2272213435742043
19127.0,0.6636614661809126
19128.0,0.530852054602821
19129.0,0.8988014604231394
19130.0,0.8198419368770491
19131.0,0.8313663825709902
19132.0,0.9208483504501156
19133.0,1.0484643637130127
19134.0,0.8372929780726484
19135.0,0.6162582366769822
19136.0,0.6010272701239637
19137.0,1.3090608231097351
19138.0,1.2500189840673264
19139.0,0.9635471464655568
19140.0,0.9918714688142737
19141.0,1.2551457550642784
19142.0,0.9653740176807786
19143.0,0.8454841302982224
19144.0,0.9012806447693655
19145.0,1.0091644242435567
19146.0,1.3042121126647268
19147.0,0.7390069591849622
19148.0,0.8582932240299674
19149.0,0.9451276148692251
19150.0,1.0412881171659447
19151.0,1.4232061651346049
19152.0,1.493542713472849
19153.0,1.2581758497217324
19154.0,0.5951617247003639
19155.0,0.9976076561928805
19156.0,0.6122030012877273
19157.0,0.9746312498048699
19158.0,0.8356825847173007
19159.0,1.1214059780632104
19160.0,0.9820545692244778
19161.0,1.2004477809077205
19162.0,0.81050120938668
19163.0,0.7733612272500149
19164.0,0.822803552887124
19165.0,1.0019929552134132
19166.0,1.0809472501757798
19167.0,1.7242132315329992
19168.0,1.1503274259453218
19169.0,1.1431470185457937
19170.0,1.1854945566695898
19171.0,1.044621829810883
19172.0,0.7207598479379856
19173.0,1.131591232342131
19174.0,0.8807684681920172
19175.0,0.9338675329086197
19176.0,1.049983223319913
19177.0,1.1112254608819319
19178.0,1.0958632400633164
19179.0,1.234320570809343
19180.0,0.5456911157249604
19181.0,0.8279980389717114
19182.0,0.8753396421970248
19183.0,1.1180433582830018
19184.0,0.8520015809023452
19185.0,1.0662364506567157
19186.0,0.9832818826618873
19187.0,0.9020417064099849
19188.0,1.002973897228962
19189.0,0.9687684470242266
19190.0,0.6686068103803335
19191.0,0.8041916262914506
19192.0,1.1136908559361274
19193.0,0.8233721551952766
19194.0,1.097304056832117
19195.0,1.066171004343471
19196.0,0.9999279111964732
19197.0,1.0202598760297346
19198.0,1.1073268859623595
19199.0,0.5074346116410305
19200.0,0.835814579662464
19201.0,1.0668844994538405
19202.0,1.2338725651268911
19203.0,1.25810622773269
19204.0,0.9328165813780864
19205.0,1.5230876020099826
19206.0,1.0097945916728175
19207.0,1.349721410120496
19208.0,1.0664203787791182
19209.0,1.0073720284238155
19210.0,1.0263036664912097
19211.0,1.1621424538864265
19212.0,1.2887841356442042
19213.0,0.8900810917212005
19214.0,1.414106007998413
19215.0,0.6742830587035601
19216.0,0.9648837976852778
19217.0,0.903531821813576
19218.0,1.0379155671127238
19219.0,0.9868319162764414
19220.0,0.9595183145434562
19221.0,0.8033623004240439
19222.0,1.2177589081791502
19223.0,1.3215320537062882
19224.0,1.1003622671347433
19225.0,1.1240142118246281
19226.0,1.1615563220295808
19227.0,0.7333403002141567
19228.0,1.3102162790230643
19229.0,0.9742960317783854
19230.0,1.1906222398920678
19231.0,0.9959906881772702
19232.0,0.7072989216979884
19233.0,1.0663394545733746
19234.0,1.4590480353032773
19235.0,0.7015945613084588
19236.0,1.2093700897799167
19237.0,1.0124085402143554
19238.0,1.3446444407834282
19239.0,0.9441456120360626
19240.0,1.110031944529644
19241.0,0.9245733070634872
19242.0,1.2299770204539722
19243.0,0.606690838277904
19244.0,0.5858385625241209
19245.0,1.5034960800576194
19246.0,1.4240267078123225
19247.0,1.362508747321039
19248.0,0.6420980717757208
19249.0,0.7844582013940586
19250.0,1.3758150682648589
19251.0,0.7868950979945615
19252.0,0.8757331955007813
19253.0,1.1923287650047603
19254.0,1.065078722259763
19255.0,1.0859844429258492
19256.0,1.1702830480897515
19257.0,0.5219683838278785
19258.0,1.2658472289967557
19259.0,0.514525361818795
19260.0,1.0221571791000232
19261.0,0.920301665250072
19262.0,1.2452020053876856
19263.0,0.9066666002996059
19264.0,1.1716094141080482
19265.0,1.3785154508276134
19266.0,1.3236710805654108
19267.0,0.8563365913450013
19268.0,0.7098730160642458
19269.0,1.216635592464573
19270.0,0.7404889389860532
19271.0,1.10067003274446
19272.0,0.9956984998018943
19273.0,1.249015831091353
19274.0,0.9817650629677666
19275.0,1.1569065905301732
19276.0,1.0796896262524531
19277.0,1.289747909865286
19278.0,0.8053257542736348
19279.0,0.6651262102856197
19280.0,1.3054863145000897
19281.0,0.9947252557568135
19282.0,1.3166092062958707
19283.0,0.9019184671276064
19284.0,1.2328197241595684
19285.0,0.7942757908670829
19286.0,0.7889983978073386
19287.0,1.0027508331449264
19288.0,1.3412035631175923
19289.0,0.9040267701376891
19290.0,0.8653312869245648
19291.0,1.4817792369756324
19292.0,1.0288765025743998
19293.0,0.9579745534064711
19294.0,0.8901760160467524
19295.0,0.9186668011954817
19296.0,0.9156936345034767
19297.0,0.9164081565073279
19298.0,0.9025778118224289
19299.0,1.1050962634552357
19300.0,0.8396514481679189
19301.0,0.7293808881260495
19302.0,0.9991611099786853
19303.0,0.4922191295296414
19304.0,0.6809522692471088
19305.0,1.0289477491669585
19306.0,0.8572750771302087
19307.0,0.7560864710571127
19308.0,0.885238140851743
19309.0,0.573508425950229
19310.0,0.749490835618255
19311.0,0.9919143583330348
19312.0,1.0091794994288754
19313.0,1.1192497693058625
19314.0,1.0697999882217943
19315.0,1.2532741212924263
19316.0,1.0549849016268709
19317.0,1.3956283925475563
19318.0,1.1401564803281394
19319.0,0.9113262152734071
19320.0,1.3048497141036144
19321.0,1.4159542841660415
19322.0,0.925113527993191
19323.0,1.0199279195916626
19324.0,0.7984916560279847
19325.0,0.792969868085071
19326.0,0.8818240308657227
19327.0,0.8186189358614653
19328.0,1.197504601189542
19329.0,1.2426680471817082
19330.0,0.9457460584119135
19331.0,0.7323454413340664
19332.0,0.6907381709729141
19333.0,0.5624082200022151
19334.0,1.3836236493081688
19335.0,0.4866139157824414
19336.0,0.7281882538155098
19337.0,1.0585706949881646
19338.0,0.8967593138449119
19339.0,0.7516480237272068
19340.0,0.7299209861898848
19341.0,0.9443496211345267
19342.0,0.9907294921363418
19343.0,0.6787751735798291
19344.0,0.752280024677068
19345.0,0.98294964538905
19346.0,1.1610591574826554
19347.0,0.9752469440612933
19348.0,0.8472635466582095
19349.0,0.9191091267374932
19350.0,1.335084738893506
19351.0,1.0509945860089454
19352.0,1.0770758124400381
19353.0,0.9503646390196658
19354.0,1.047191239117774
19355.0,1.4221466967925651
19356.0,1.0992320557451136
19357.0,1.093579059810311
19358.0,0.41488746938903653
19359.0,1.0292275096435852
19360.0,0.7777883820307284
19361.0,1.0448995112764718
19362.0,0.9261610849793696
19363.0,0.8966562708555086
19364.0,0.6180150718719915
19365.0,1.3029002289336686
19366.0,0.8623274800730161
19367.0,1.0743313766041815
19368.0,0.5540954153702937
19369.0,1.4454759527526297
19370.0,1.0593724169801126
19371.0,0.6194607673802535
19372.0,1.2369256427777688
19373.0,1.0383552831513305
19374.0,1.1615486844789018
19375.0,1.124655318870426
19376.0,0.702567724758612
19377.0,0.9684248243245203
19378.0,0.9964769773824116
19379.0,0.8379191392446462
19380.0,1.0567348532729055
19381.0,1.0252238657125785
19382.0,0.9753712744670536
19383.0,0.9724844172191455
19384.0,1.1285243079737393
19385.0,0.6344709034044371
19386.0,0.5625705119475198
19387.0,1.1797331839079572
19388.0,0.9236579247316403
19389.0,0.7228690848126498
19390.0,1.209175010195378
19391.0,0.14194214844207764
19392.0,1.0817279732961447
19393.0,1.163420068364842
19394.0,0.9947120526633204
19395.0,1.0779066310129
19396.0,1.166166960524074
19397.0,0.7687600349786897
19398.0,0.817690439100976
19399.0,1.0780904534304214
19400.0,1.1214819298000855
19401.0,0.9248859989890267
19402.0,1.351399190477248
19403.0,1.3470797809634076
19404.0,0.903934349361033
19405.0,1.172925193557885
19406.0,0.9516898974744212
19407.0,1.2435545296263748
19408.0,1.5233889794954216
19409.0,0.9022575392297613
19410.0,1.2125810448171297
19411.0,0.7590354928445777
19412.0,1.227407699776734
19413.0,1.222935953752645
19414.0,0.6422371437856661
19415.0,1.2519777540037784
19416.0,1.0075295094116963
19417.0,1.0907814927873494
19418.0,0.9665497309060759
19419.0,1.1994566014076555
19420.0,1.0306086246553918
19421.0,1.0981668852071815
19422.0,0.8289077635018737
19423.0,1.2695152635445761
19424.0,1.1592441242406348
19425.0,0.9988449626199839
19426.0,1.1938204793051135
19427.0,0.8337456399785426
19428.0,0.7993182308332695
19429.0,1.094296497758156
19430.0,1.3190054419448818
19431.0,1.3450025402142747
19432.0,0.8079192385168741
19433.0,1.1167228455744391
19434.0,0.9632912875698554
19435.0,0.952532345798229
19436.0,0.9600641545054658
19437.0,1.3191911471458209
19438.0,0.8597747149922796
19439.0,1.1181137780909358
19440.0,1.081034859879706
19441.0,1.069792371164859
19442.0,0.7541656551650554
19443.0,0.661820704770355
19444.0,1.0456168251619762
19445.0,1.361664034567133
19446.0,1.2821514677608536
19447.0,1.1928015813857673
19448.0,0.9273705766785418
19449.0,1.1693092754128012
19450.0,1.0749460048755615
19451.0,0.7838751601371781
19452.0,0.8345609032672487
19453.0,0.7932788013707344
19454.0,1.0453776245284525
19455.0,0.8548482799110333
19456.0,0.7057155434742797
19457.0,1.3512421774193346
19458.0,0.9773702570183547
19459.0,0.7745262435486711
19460.0,1.144781826496001
19461.0,1.0861345597396415
19462.0,0.9411385458986654
19463.0,0.8111696757593104
19464.0,0.9080678794955467
19465.0,0.6102619610856512
19466.0,1.0355451796904047
19467.0,0.699965117053551
19468.0,0.9910833020232536
19469.0,1.0506560664422626
19470.0,1.1291615961493937
19471.0,1.0211420447943171
19472.0,1.1646100915485091
19473.0,0.8417673620579357
19474.0,1.166952199850981
19475.0,0.5066209736081516
19476.0,0.40048246074409444
19477.0,0.9500924727661502
19478.0,1.2796076945791164
19479.0,1.1418432354638581
19480.0,0.7272270907098869
19481.0,0.8035120317380713
19482.0,0.6037730779959185
19483.0,0.5542124899626009
19484.0,0.8708445628165942
19485.0,1.160897539640292
19486.0,0.8744084326914714
19487.0,0.863241574554815
19488.0,0.8263483243710288
19489.0,1.22753274741817
19490.0,1.061719086629903
19491.0,1.0532024660474848
19492.0,0.5360788812646317
19493.0,1.1030181108282482
19494.0,1.0231642371713197
19495.0,0.7850648176667484
19496.0,1.091568837761532
19497.0,1.5585876074402538
19498.0,0.9984737139140673
19499.0,1.0430519318065667
19500.0,1.3509758530274654
19501.0,0.4604782896475129
19502.0,0.8696190204486856
19503.0,0.8968242717157783
19504.0,0.7310959350811375
19505.0,1.0836206164249156
19506.0,0.8714078423793876
19507.0,1.0305485108376784
19508.0,1.350186050491391
19509.0,1.0240334569586345
19510.0,0.9142219185361731
19511.0,1.322855828447446
19512.0,0.8095095481953318
19513.0,0.9532291474529312
19514.0,0.9558332033226291
19515.0,1.3189517797109895
19516.0,0.6091886357966705
19517.0,0.5454302189016973
19518.0,1.1949948053727801
19519.0,0.7979663447062335
19520.0,1.1880818033095255
19521.0,0.8834088239439847
19522.0,1.3983159873203492
19523.0,1.281741001194613
19524.0,1.194496814308869
19525.0,1.2827072140449838
19526.0,0.72440012907493
19527.0,0.918023924618516
19528.0,1.0145020245148868
19529.0,1.226476173231776
19530.0,1.3143769910463547
19531.0,0.8199085786332778
19532.0,0.9442982985775895
19533.0,0.9282907573165611
19534.0,0.9553311495578161
19535.0,1.0518758684820841
19536.0,0.9646692550275747
19537.0,0.8435231389066873
19538.0,0.8468771709922754
19539.0,0.7597139737136476
19540.0,1.2662957718372214
19541.0,1.0908242664647352
19542.0,0.8669135536712818
19543.0,0.772283459877461
19544.0,1.1311322167698852
19545.0,1.0896349353177361
19546.0,0.825002179973362
19547.0,1.1178355565628328
19548.0,0.9634671146291857
19549.0,0.9837387043715508
19550.0,1.4191594147676576
19551.0,0.728444372755912
19552.0,1.091054828036416
19553.0,0.8880759677623177
19554.0,0.9108481236492547
19555.0,0.8427185890975943
19556.0,0.5036482479301096
19557.0,1.0146166334018307
19558.0,0.8922434468278408
19559.0,0.736972566802796
19560.0,1.1116135348418892
19561.0,0.818032997068125
19562.0,0.6582968446924069
19563.0,1.3445511182283258
19564.0,0.8887850844134713
19565.0,0.8303678483040173
19566.0,1.2030369091576367
19567.0,1.0475080548212885
19568.0,1.0389587024155749
19569.0,1.377716778252742
19570.0,1.2682607909966421
19571.0,0.8020603511461883
19572.0,0.8927344909741295
19573.0,1.000914053275107
19574.0,1.2945364851390149
19575.0,0.9837883262933375
19576.0,1.2960567013528894
19577.0,1.3253763209667326
19578.0,0.8245526564728901
19579.0,1.11327264484083
19580.0,0.7711355280061667
19581.0,0.4210947120951184
19582.0,1.029846814093376
19583.0,1.2246359021113582
19584.0,0.5303907061230769
19585.0,1.1616135036759685
19586.0,1.309171109022716
19587.0,1.2895493081485876
19588.0,0.7362602860919407
19589.0,0.7710794095983661
19590.0,1.4614966767650164
19591.0,0.9679924231715692
19592.0,1.0275290995984403
19593.0,1.2202703927858445
19594.0,1.4087996256667763
19595.0,0.6562335460042508
19596.0,1.223363359305732
19597.0,1.0413711042821128
19598.0,1.2755626136048148
19599.0,1.1136428139335457
19600.0,1.1197343984326007
19601.0,1.1813364961040143
19602.0,0.9984538274194951
19603.0,1.320101719275003
19604.0,0.8577871068523035
19605.0,1.0002215962184322
19606.0,1.2979281758369963
19607.0,1.0616230541936893
19608.0,0.8288004992143405
19609.0,1.1497798356325157
19610.0,0.9770635337428836
19611.0,0.9067526980166924
19612.0,1.2185081430948868
19613.0,1.2489296152222547
19614.0,0.7760323529738875
19615.0,0.9030676348662634
19616.0,0.8001246552694669
19617.0,1.025792311837557
19618.0,0.9691708770840315
19619.0,1.2121614523931452
19620.0,1.3569878027912279
19621.0,1.0714721042214612
19622.0,0.5154569635537177
19623.0,1.1478827342618587
19624.0,1.1285560594156157
19625.0,1.0478753194402493
19626.0,1.0331590054571136
19627.0,0.7259960247935071
19628.0,0.8150490738770497
19629.0,1.2226937822947448
19630.0,1.068489535139453
19631.0,0.9700455674408155
19632.0,1.4990284599298107
19633.0,0.7383201907660324
19634.0,0.5566411114107055
19635.0,1.1302608598937427
19636.0,1.0273618636908157
19637.0,1.5874438099747123
19638.0,0.9601677097632818
19639.0,0.9990892031953137
19640.0,1.300230194699509
19641.0,1.3418643740441696
19642.0,0.6087046932746478
19643.0,0.9209458110299739
19644.0,1.3175552994181032
19645.0,1.103714842618454
19646.0,0.9961328688810335
19647.0,1.3623723274758495
19648.0,1.1089179069959152
19649.0,1.7579317571600341
19650.0,0.6964411674606567
19651.0,1.1646878674879408
19652.0,1.2219295573809112
19653.0,1.3132859119169233
19654.0,0.4794690297541012
19655.0,1.1332465405433267
19656.0,1.0431553986019735
19657.0,1.2811978855552362
19658.0,1.3918906362372452
19659.0,1.4464243031299515
19660.0,1.1650632566377865
19661.0,1.1855273222528788
19662.0,1.2927664411225104
19663.0,1.4035430010469485
19664.0,1.1306133885446092
19665.0,1.1488201132630276
19666.0,1.1105412800333556
19667.0,1.0192974134726966
19668.0,1.1101943676870436
19669.0,1.1765548325460753
19670.0,1.1629338389406256
19671.0,0.883369593066328
19672.0,0.844219730983379
19673.0,0.6118256723850972
19674.0,0.8743281236064946
19675.0,0.8940067795810817
19676.0,1.0477736718731896
19677.0,1.0639476732150794
19678.0,0.09738223222374998
19679.0,0.7838388443206894
19680.0,1.1149144838544107
19681.0,1.0256959396029273
19682.0,0.809075371452526
19683.0,0.9310057206677327
19684.0,1.3165328829104521
19685.0,0.7378379090532106
19686.0,0.7128070290293362
19687.0,0.8370275683385996
19688.0,0.9058622385177951
19689.0,0.9388781568432338
19690.0,1.1106665113515755
19691.0,0.9705353380868691
19692.0,1.1952845898058793
19693.0,0.993309862598941
19694.0,0.7047760421580193
19695.0,1.2058438854165656
19696.0,1.08042900948603
19697.0,0.7806648657530308
19698.0,1.0549705976014851
19699.0,0.9876594387100436
19700.0,0.9448106919476725
19701.0,0.8484818908364418
19702.0,1.2404172459297167
19703.0,1.0984675309166898
19704.0,1.1953258665123923
19705.0,1.2374154750173025
19706.0,1.1764392182333332
19707.0,1.020837680138186
19708.0,1.2411846613902229
19709.0,1.315570744878517
19710.0,0.9325049118296749
19711.0,0.7852337680517283
19712.0,1.1939139926384321
19713.0,0.6012674675512015
19714.0,0.8044271606933934
19715.0,1.1340129971059612
19716.0,0.8910317301746212
19717.0,0.6579434300200278
19718.0,0.8708186950092985
19719.0,1.3736491552572854
19720.0,1.2436680758311949
19721.0,0.7698594104625207
19722.0,1.3810725353707016
19723.0,1.2597804542993247
19724.0,0.7817513410813921
19725.0,1.0836654151718665
19726.0,1.3802349735246469
19727.0,1.4746172264933501
19728.0,1.0928268497013711
19729.0,1.3591005408465764
19730.0,1.3033827823367024
19731.0,0.9250781480386927
19732.0,0.7909045991413034
19733.0,1.2716544450747693
19734.0,1.2001900012454887
19735.0,1.1348585997036356
19736.0,1.1968283523403618
19737.0,0.8845310942389011
19738.0,0.9332503862630153
19739.0,1.2154795245760919
19740.0,1.0682437783206016
19741.0,0.7886195690672777
19742.0,0.9697129493679225
19743.0,1.497909554947035
19744.0,0.7786383871738721
19745.0,0.9013466970937656
19746.0,0.6747530849063006
19747.0,0.9777115060206524
19748.0,1.271137088336458
19749.0,0.7078228670615248
19750.0,0.9415055563442096
19751.0,0.7715647469857272
19752.0,0.6071147312862686
19753.0,1.1894652727201225
19754.0,0.9231468000625257
19755.0,1.3094707920516877
19756.0,0.7259203129993177
19757.0,0.75258809087474
19758.0,1.0551007687810514
19759.0,0.5888899946608719
19760.0,0.7242018000186069
19761.0,0.6496345650207355
19762.0,0.5038968010533991
19763.0,0.6808478884711315
19764.0,1.330678752128848
19765.0,0.8448468785476597
19766.0,0.5763161523184329
19767.0,1.128531514214065
19768.0,1.0817047918321117
19769.0,0.7668172564407314
19770.0,1.1552032519122184
19771.0,1.4813956990372543
19772.0,1.6863267985125727
19773.0,0.9801340589965941
19774.0,0.8176210581755472
19775.0,0.6842759765243086
19776.0,1.0852023413515348
19777.0,1.300691387899631
19778.0,1.142627896572427
19779.0,1.052477040399061
19780.0,0.9590076518243773
19781.0,1.3054540390491889
19782.0,0.6524199494331889
19783.0,0.5375772851927306
19784.0,0.5735329515814303
19785.0,0.9289380247783328
19786.0,1.0004991218784183
19787.0,0.731486119490244
19788.0,0.8629671517478483
19789.0,1.2912528740829583
19790.0,1.0703288762764038
19791.0,0.49634249996830404
19792.0,1.0219440117211605
19793.0,1.1418986316342798
19794.0,0.9078677760689073
19795.0,1.021304630419171
19796.0,1.097556462877945
19797.0,1.3586592183366204
19798.0,0.9037039142136369
19799.0,1.212303395216291
19800.0,1.3851745322503408
19801.0,1.2941830508021461
19802.0,0.9197601279831407
19803.0,1.0457942297584633
19804.0,0.5938348750770521
19805.0,0.6249327463119276
19806.0,1.215624188308073
19807.0,1.009305664372131
19808.0,1.0555521165557664
19809.0,1.1114341267577212
19810.0,0.8448190794549831
19811.0,0.9727450241644076
19812.0,1.1904635355451192
19813.0,1.1197224289454415
19814.0,1.0295911317789905
19815.0,1.0148457512388607
19816.0,1.4645587104986049
19817.0,0.6716549669700949
19818.0,1.0135289199207922
19819.0,1.1301884576335357
19820.0,1.555638105223726
19821.0,1.1013143012635007
19822.0,0.9632662542601788
19823.0,1.2036467697965199
19824.0,0.8280295583639901
19825.0,1.3358086678325276
19826.0,1.203962503047821
19827.0,1.16287564954214
19828.0,1.1106272886801487
19829.0,1.1851183992436534
19830.0,0.8375090861603487
19831.0,1.3604633050117658
19832.0,1.086374828198951
19833.0,0.9966373043793156
19834.0,1.07914002114265
19835.0,1.0584946297977025
19836.0,0.6041977533655634
19837.0,1.0650581523842788
19838.0,1.417662549739719
19839.0,0.893893611523693
19840.0,0.802604810733693
19841.0,1.3346705108036443
19842.0,1.258548907133549
19843.0,1.1307176345606889
19844.0,0.7816625583173681
19845.0,1.447198716213223
19846.0,0.8512734002219715
19847.0,0.44143200597109866
19848.0,1.3583908212800773
19849.0,0.8048997967641964
19850.0,1.0341370576967026
19851.0,0.9614456729530896
19852.0,0.8425627610602205
19853.0,0.9935589496346198
19854.0,0.5683490023965028
19855.0,1.4396296335315508
19856.0,1.0120260547126783
19857.0,1.036312031171674
19858.0,0.980292021890108
19859.0,0.6744326859065262
19860.0,1.048873965862503
19861.0,0.998052886301335
19862.0,0.9505289374782059
19863.0,0.975162054829947
19864.0,1.373247874545351
19865.0,1.032256939053248
19866.0,0.8683265444189967
19867.0,1.1754899282189173
19868.0,1.0083652399194107
19869.0,1.0614571296723498
19870.0,1.3792774509338583
19871.0,1.240809715668347
19872.0,0.985869501339835
19873.0,1.2345301471669776
19874.0,0.8457905895786183
19875.0,0.9457365421794418
19876.0,0.9289616325781946
19877.0,1.1621561581507116
19878.0,0.6609620633753976
19879.0,0.9949062186275768
19880.0,0.9268965569247869
19881.0,1.1441169343407414
19882.0,0.8664234708614293
19883.0,0.8660054943587251
19884.0,0.9552573607780104
19885.0,0.9065598444708192
19886.0,1.267048342106505
19887.0,1.178822173219908
19888.0,1.1483019463026674
19889.0,0.940830361836394
19890.0,1.544944575441425
19891.0,0.4393856415231614
19892.0,1.096200646922447
19893.0,1.151784982279183
19894.0,0.7931267855993662
19895.0,0.8549583047180978
19896.0,0.8099396708197831
19897.0,0.6838299718247375
19898.0,0.9805835693598934
19899.0,0.5642732954901722
19900.0,0.8226780503202623
19901.0,0.9397803056847459
19902.0,0.9169841895112996
19903.0,0.9909031966039842
19904.0,0.9325785074791034
19905.0,0.5502724902037345
19906.0,0.8488839904531069
19907.0,1.3702494603127702
19908.0,0.9685911176754205
19909.0,1.0477933097219783
19910.0,1.4821441779236686
19911.0,1.164541071843404
19912.0,0.40221762059564004
19913.0,0.7360568152171256
19914.0,1.0962240051865433
19915.0,0.9535901084498296
19916.0,0.49852774380143494
19917.0,1.0677696777439176
19918.0,0.707290515429827
19919.0,1.125415781495526
19920.0,1.116010028075456
19921.0,1.005373778961082
19922.0,1.2776844972480057
19923.0,0.8181323705703137
19924.0,0.543538064876226
19925.0,1.6087698034859539
19926.0,1.0545294023054557
19927.0,0.5895590954921248
19928.0,1.1258063191768712
19929.0,0.8566386667350736
19930.0,0.9581941576195662
19931.0,1.0181246828783062
19932.0,0.8417286749482675
19933.0,0.8994083371957228
19934.0,0.8896204603428219
19935.0,0.7083670231179666
19936.0,1.1477722211876693
19937.0,1.154151002578515
19938.0,0.8837619932196823
19939.0,0.8405498928213824
19940.0,0.9283212171815214
19941.0,0.8624607532185883
19942.0,1.0393046431230615
19943.0,1.2185080425270167
19944.0,0.7656335502726974
19945.0,1.015494205293271
19946.0,1.2365197220977566
19947.0,0.9799521377372785
19948.0,1.2699600759204133
19949.0,1.2406883737329655
19950.0,0.7811540206286531
19951.0,1.0991368376660522
19952.0,1.4263304982995688
19953.0,0.9556278982348396
19954.0,0.39252362027020216
19955.0,1.3058549467720022
19956.0,0.8376876477476025
19957.0,1.4801809112495896
19958.0,1.2469589304279076
19959.0,0.6933123173645557
19960.0,1.1207632446609503
19961.0,1.214286844688783
19962.0,0.8365185036949665
19963.0,1.0221309080614471
19964.0,0.7332042848604132
19965.0,1.4114078733903093
19966.0,1.1059784244181252
19967.0,1.4243320705547533
19968.0,1.2627269267021002
19969.0,1.1726676239623406
19970.0,0.6454387342713958
19971.0,0.6725830632528323
19972.0,1.2180411279485426
19973.0,1.1139449820182066
19974.0,1.1577393700126097
19975.0,0.8606385081983646
19976.0,1.0997216652821487
19977.0,1.0487849919704502
19978.0,1.6158964839574383
19979.0,1.2774227139746717
19980.0,0.8353327140297468
19981.0,0.8372023481899988
19982.0,0.9560633988095214
19983.0,0.8079034755477497
19984.0,1.0621432615144961
19985.0,1.1213059605511813
19986.0,1.0606290689614721
19987.0,1.1598192954823594
19988.0,0.6863554231049744
19989.0,1.158861308363996
19990.0,0.9583234337226202
19991.0,1.0030301226137286
19992.0,0.7648084412685082
19993.0,1.0855150551540471
19994.0,1.2029824648415226
19995.0,0.47981885105529964
19996.0,1.139489235645754
19997.0,0.45375526603896044
19998.0,1.2069197140364607
19999.0,1.073481053125133
