time,variance_relaxation
0.0,-4.469859358385883
1.0,6.248844928588869
2.0,4.481969731188013
3.0,-4.457768553247868
4.0,2.4327264222242846
5.0,-1.4864383940373147
6.0,1.299559344909218
7.0,-1.4485829977031592
8.0,-0.7919594481966152
9.0,3.93606644498926
10.0,-1.49918684853432
11.0,-0.27519840803048995
12.0,3.3814950339900323
13.0,2.564267972169773
14.0,-4.374986733957472
15.0,-5.122284888484849
16.0,0.3032357006317537
17.0,0.21739121908798026
18.0,-1.0052684791481854
19.0,1.1255690514809933
20.0,-2.7681972526700998
21.0,-4.285607255115185
22.0,-0.9121918784660842
23.0,-1.9783140324761759
24.0,0.9820094418581876
25.0,-3.181488123720835
26.0,-2.204842006257642
27.0,3.437295221872731
28.0,1.4199740672133363
29.0,-2.837287994324207
30.0,0.9535638092601154
31.0,-6.731017095860538
32.0,-0.7918030617285453
33.0,-0.6805028707090316
34.0,2.770288530186867
35.0,1.2467412793166783
36.0,-0.863708506008728
37.0,4.387429472041146
38.0,0.4652083118229368
39.0,1.161170020709259
40.0,-2.1510793809211
41.0,-1.363075160014852
42.0,-4.799881166937153
43.0,3.2076925198268413
44.0,-2.492158061381699
45.0,-1.5610327453209452
46.0,-2.2804516979016833
47.0,3.822969553944032
48.0,-4.3930502637092586
49.0,0.26614241279098416
50.0,1.144016986675999
51.0,2.8792152637829784
52.0,1.4540476697369413
53.0,5.342066644541581
54.0,0.2623701101470398
55.0,-0.26319717422390454
56.0,0.29822186435127696
57.0,-4.442977566571639
58.0,-0.4051270402683812
59.0,1.145591634739814
60.0,-2.656004042099739
61.0,-3.3829953718163503
62.0,0.28667175077611506
63.0,-0.8906947825996984
64.0,-0.5135608322772541
65.0,-1.1843909216299904
66.0,2.330695464387244
67.0,-2.378125475471264
68.0,0.17289846666283892
69.0,-1.1271347517712524
70.0,-2.352373071345547
71.0,-2.331727730167283
72.0,2.9508431950263727
73.0,-2.635044086085516
74.0,-2.991511786168426
75.0,2.032898244097812
76.0,-2.8849894036692483
77.0,-5.194649008047539
78.0,4.181222809850186
79.0,-2.569995976320378
80.0,0.7716205642170548
81.0,2.2598105281263168
82.0,-0.8520690210450704
83.0,-0.20315664214082693
84.0,-2.6018384007743762
85.0,-1.2158197941572846
86.0,0.9906451224360714
87.0,1.9843549828270652
88.0,-0.8028212802577138
89.0,-0.8798541085622709
90.0,0.7322696238054799
91.0,1.7102837263420607
92.0,-5.056175642678134
93.0,0.1016859805897711
94.0,-0.43784697488109386
95.0,4.698607773492895
96.0,5.0767146645619805
97.0,3.0571418388741876
98.0,2.5187699995420925
99.0,0.3466216237513466
100.0,4.8425339875907065
101.0,-1.6386195960096008
102.0,3.2600342925681898
103.0,-2.9992942471015094
104.0,-1.5846613372659413
105.0,0.3282619184139214
106.0,-1.767332728064815
107.0,-0.7307319923995703
108.0,2.6182250548018398
109.0,-4.568338899237147
110.0,5.778020697561832
111.0,-7.732746835115851
112.0,-0.272603230227596
113.0,-0.24080392173041634
114.0,3.978301704923531
115.0,-0.2903111263622604
116.0,1.2519869277786746
117.0,1.2456773817562021
118.0,0.5508581880480187
119.0,0.4183568191902611
120.0,0.4338413625744073
121.0,-4.787571248027359
122.0,1.4498078569237236
123.0,-2.28579807127113
124.0,1.6038388913757022
125.0,4.289019689871782
126.0,-0.17078118720765936
127.0,-1.1543104301944775
128.0,-3.0618435394869112
129.0,0.14527256772464983
130.0,-4.605951031152002
131.0,-0.2191322386407161
132.0,-5.085721104543015
133.0,-0.9072013848174074
134.0,-2.351065321954568
135.0,-0.3856645237850674
136.0,4.4643673431686945
137.0,-0.1821524012216336
138.0,0.8890905901120205
139.0,7.177300167854826
140.0,-3.255638283428868
141.0,4.437102138308541
142.0,-1.6064365946762729
143.0,-2.3813149576135344
144.0,-2.9568316917055246
145.0,1.1887907992693802
146.0,0.1570561990367888
147.0,1.1085337448737502
148.0,-1.118813380506338
149.0,2.2642897902931156
150.0,5.28407604399924
151.0,-2.152061500336113
152.0,-2.172980184490044
153.0,1.2981178396756807
154.0,0.7174968500615471
155.0,1.8284586417608466
156.0,-0.1535073890724186
157.0,-2.0467262971368467
158.0,-0.1501873095818764
159.0,1.9808218354602738
160.0,-1.793227447677815
161.0,2.234141228199973
162.0,-2.8699077138923568
163.0,-0.29389260362528474
164.0,-1.064366324189821
165.0,2.155196763048217
166.0,-1.0923361238346725
167.0,-3.6083486189417817
168.0,-0.9251188373369943
169.0,6.147054021711546
170.0,0.24677969313078982
171.0,0.3754730144569352
172.0,2.729480853998809
173.0,0.5503880630718915
174.0,-5.170905714974172
175.0,0.4154592118532888
176.0,-2.4838438360367214
177.0,1.0656453958897563
178.0,-5.8255230050820925
179.0,-5.419500025842452
180.0,-1.730213181190761
181.0,-4.561705281933788
182.0,7.979070298724808
183.0,2.8948721356249973
184.0,0.08672296876960647
185.0,-0.33083486517715704
186.0,-0.27900425082639063
187.0,4.255620404942428
188.0,-2.5854937919923744
189.0,-1.6394993940530438
190.0,0.35099319846538196
191.0,4.318184066026431
192.0,1.0609803712413912
193.0,0.48818887708472264
194.0,-0.6626428731803677
195.0,0.23079499461071826
196.0,3.341932202272597
197.0,-1.76745574380966
198.0,4.849737994169549
199.0,-0.8267978794477769
200.0,-0.883504874303665
201.0,1.9261978006142968
202.0,1.253361879572731
203.0,-2.3192474878199434
204.0,0.5864069541376216
205.0,1.001665278365055
206.0,-0.2903222933288043
207.0,-0.9335313607022694
208.0,3.1828386402823154
209.0,1.322114611156835
210.0,1.5276683794378823
211.0,-1.3252391019723737
212.0,1.2981754835668442
213.0,-1.1295787023164356
214.0,-2.506788745383986
215.0,-3.0171749453798835
216.0,3.4458942369892758
217.0,-1.332816146925455
218.0,1.1555943388789716
219.0,-5.779637367698196
220.0,0.24270127980739342
221.0,-3.232569782671116
222.0,4.1245285004536685
223.0,1.2498461030241255
224.0,2.8318592635631554
225.0,0.34906832968643237
226.0,2.663159296489381
227.0,2.925001263778391
228.0,-0.4412674379331101
229.0,2.0609786251990236
230.0,-3.188743820567628
231.0,1.4273056486941937
232.0,-2.1373567158071616
233.0,0.4356198310568165
234.0,-0.39958028770271947
235.0,0.9139325897122079
236.0,2.7775348945974883
237.0,4.461334581862146
238.0,-1.3542958483038658
239.0,1.4204603340750228
240.0,3.4823496436506685
241.0,0.5568467203450422
242.0,-2.4112242795276733
243.0,0.7286692862501795
244.0,0.8518195289493682
245.0,-0.9313450344059421
246.0,-4.006967173152557
247.0,-0.20277754221653438
248.0,0.7956344115165973
249.0,1.3910052409415645
250.0,-1.740366359337356
251.0,-2.105212091767931
252.0,1.5223087962072068
253.0,-0.20630481585073512
254.0,-0.517672536993226
255.0,-1.6095107379323208
256.0,1.3171321664406854
257.0,-5.455830048879307
258.0,-5.806800142130483
259.0,5.27477286020592
260.0,-3.1071178927420706
261.0,-0.7280435846006976
262.0,0.41775732301236485
263.0,1.7078064870899408
264.0,2.805162829705801
265.0,2.7883512417070455
266.0,-0.28826196748573585
267.0,-1.4446671174874506
268.0,-0.180734671912776
269.0,0.7038412439946147
270.0,-0.44501263375525735
271.0,-3.0460056215208953
272.0,-2.482713023700943
273.0,-2.5240918282558034
274.0,-0.7242346283840331
275.0,0.34669549509429004
276.0,3.3993005648715022
277.0,-0.9234826683387353
278.0,1.3835591683200787
279.0,-1.4300829962899937
280.0,5.344118931360421
281.0,4.931474303142614
282.0,-1.0632104357943843
283.0,-0.6582216640244213
284.0,4.175435204049092
285.0,3.6544668997649135
286.0,2.9411276254128533
287.0,-5.213637617924243
288.0,-2.1959092388980808
289.0,-3.136138099376637
290.0,0.06914731475648427
291.0,-4.763394887188408
292.0,-3.330935924392439
293.0,-6.929329431504117
294.0,-3.189213899679657
295.0,-0.4611207054277921
296.0,2.6048945449969167
297.0,-2.979365818473751
298.0,-2.9141445047894896
299.0,1.1584261153043096
300.0,-0.09517425882871182
301.0,-0.5972925079284374
302.0,1.8375982338829357
303.0,-2.865099965180691
304.0,-0.5451669203991611
305.0,4.4091493098517285
306.0,5.119678387866675
307.0,2.1214532194221944
308.0,-2.0144035439148213
309.0,3.0569192708493316
310.0,-2.22617057239475
311.0,8.82152688685204
312.0,-1.3185423478800007
313.0,6.23215299028651
314.0,-2.4946386768703146
315.0,0.6164043187085683
316.0,-2.0556486515538928
317.0,0.6804026972627848
318.0,-2.3999151869866586
319.0,1.9860507230840363
320.0,0.8993866869862736
321.0,-2.4580656591403227
322.0,-0.3528230115447975
323.0,0.1464094967722036
324.0,1.9181187309103362
325.0,-0.6518909737704759
326.0,1.868050237943971
327.0,-0.7089378909757875
328.0,-1.2633923888161955
329.0,0.32016267950988975
330.0,0.3114794994752981
331.0,-3.1035700167473914
332.0,-2.5595281389101894
333.0,-1.2769991152164124
334.0,-1.2373776220964472
335.0,-2.82461028975687
336.0,2.132485697423402
337.0,-1.9259454831636773
338.0,4.721314598769068
339.0,2.610608517154641
340.0,2.67295583779715
341.0,-4.292139246784157
342.0,6.883573691295982
343.0,1.550464773256233
344.0,2.5281556496795563
345.0,-5.421163113099237
346.0,-0.291611964398665
347.0,0.4078318613624569
348.0,-1.4483326446704299
349.0,2.7125656499450703
350.0,5.229786453757372
351.0,2.57098819367392
352.0,1.0354356978758008
353.0,-0.3842892059985744
354.0,0.26149918885972767
355.0,1.6949899954538097
356.0,1.3409288368904784
357.0,-0.62220536459296
358.0,-2.7222190137332514
359.0,3.5967255790849357
360.0,-1.0799024895336653
361.0,1.56171399552012
362.0,-1.5913602238757754
363.0,1.5922949912587367
364.0,-1.6196735837393637
365.0,1.2669636607641857
366.0,-5.960163478591913
367.0,5.155281626930429
368.0,-1.6464923829841716
369.0,-2.2941894979889055
370.0,-1.3530865824196943
371.0,-2.789895240059075
372.0,-2.144607174215888
373.0,5.2560108937120145
374.0,0.03984940780946781
375.0,-1.0771215736772186
376.0,1.2868680599564355
377.0,2.2248111850335173
378.0,-2.6544547861721144
379.0,-4.612799775773163
380.0,-0.3923296694004145
381.0,-3.1061286011792975
382.0,-2.611736625165134
383.0,-2.385666940300036
384.0,-0.8416980007859367
385.0,1.5314856475630145
386.0,0.16182793956521085
387.0,-1.9484590547839185
388.0,-4.130790711398335
389.0,-3.8167665846737475
390.0,-2.3299552140035065
391.0,1.8398720744189994
392.0,-0.7692311336379457
393.0,0.3598230755233174
394.0,-2.7389007649365644
395.0,1.9498008509916438
396.0,4.178627568968133
397.0,5.486538963939577
398.0,1.2920142769268699
399.0,0.8499666110752127
400.0,0.4888129475387613
401.0,5.8460263159940835
402.0,-1.3752870084931264
403.0,1.7532255575005666
404.0,-0.7037988819128838
405.0,1.7560759811609905
406.0,0.16270686626403938
407.0,0.9191906521060095
408.0,-4.052975482138572
409.0,-0.39433038347060884
410.0,1.0151932786736744
411.0,0.21378221393160018
412.0,3.5301180358492643
413.0,1.7725709299941113
414.0,-5.340837844137616
415.0,-0.5670745396157522
416.0,-0.45519566732352557
417.0,-0.3331370016016421
418.0,-1.427496062401336
419.0,1.9458037813601983
420.0,1.0293947100334901
421.0,2.3354424047577793
422.0,-1.074826594572543
423.0,-2.964270961208508
424.0,-0.9615807233816822
425.0,0.6057137887038478
426.0,0.3787203206470024
427.0,-2.3598506727739053
428.0,-2.258749771112038
429.0,7.524441514789642
430.0,-0.5261214278573886
431.0,4.5574642027894265
432.0,3.8642462514078617
433.0,-1.9359125927979561
434.0,0.4708472480118997
435.0,0.28007419229905467
436.0,5.893009924308997
437.0,-0.30257094429548087
438.0,0.14976684487354625
439.0,-3.0749247255321728
440.0,3.809258573123451
441.0,4.412788438959887
442.0,-2.955895803034536
443.0,0.04835691058333336
444.0,-0.912175300824946
445.0,-3.14163007807881
446.0,0.1797911900820216
447.0,-1.736825768030147
448.0,-0.8519326376859755
449.0,-2.1779334946556275
450.0,2.859676326399873
451.0,-2.2390687160338
452.0,1.2531111986598853
453.0,3.8096850204836143
454.0,2.4120252930021735
455.0,4.51249059134938
456.0,0.03947769888114307
457.0,-4.2370483598687905
458.0,-3.6628763057982225
459.0,-1.4448861843879162
460.0,4.673007927992337
461.0,-2.695704399307519
462.0,-0.9703560201163894
463.0,2.091360241694884
464.0,1.9092218107258216
465.0,-1.038107866351013
466.0,5.413548986952436
467.0,0.08821965136445553
468.0,-3.6269522682065225
469.0,-0.48616461282801643
470.0,0.5730537200462792
471.0,3.19437268728546
472.0,3.4910765523473626
473.0,1.7609843929477969
474.0,-7.521495658419962
475.0,1.638281224612215
476.0,-0.46739565398918687
477.0,2.2376443309263485
478.0,4.993862878000056
479.0,-0.14464797579459335
480.0,1.4793263468547082
481.0,-2.8876016306392027
482.0,-1.7454343019184109
483.0,2.8018846622290656
484.0,0.549010387036887
485.0,0.5599209130281727
486.0,-0.22432520720578536
487.0,-0.20893798274201186
488.0,4.78229038782379
489.0,2.995271237795342
490.0,-0.8808149656626
491.0,-5.062151635982342
492.0,1.6994851175442591
493.0,-0.9183513112312717
494.0,1.3799419836336435
495.0,-0.8494225893457542
496.0,2.2619336870528124
497.0,0.7742117634056013
498.0,0.02792016203193722
499.0,-0.06075735051544386
500.0,0.8935162838225539
501.0,3.6630374673408905
502.0,0.13012536229618973
503.0,-1.732138116720594
504.0,-0.9209167869527893
505.0,-1.0183815229502897
506.0,1.5085894808718754
507.0,2.4793874802951787
508.0,-0.30215807898066765
509.0,5.202533440129536
510.0,-1.6435028285987994
511.0,1.3945149222184359
512.0,1.986423332504803
513.0,-2.8208275462935144
514.0,-5.500447565677309
515.0,1.0622629304705735
516.0,-1.2555252903449121
517.0,-3.1431522872308095
518.0,-1.8395149797941477
519.0,-1.3336536092250662
520.0,3.515707960908442
521.0,1.0063366483711698
522.0,-3.6529208840706167
523.0,3.7067245835160847
524.0,0.8244098514879332
525.0,-0.044833732736976106
526.0,2.5092007803726304
527.0,-3.7738797711200776
528.0,-4.1886045727297425
529.0,-1.6580729485225876
530.0,-1.1750054173539506
531.0,1.5591662952676733
532.0,-2.6752997781070667
533.0,-7.396749607014868
534.0,-2.738252499425615
535.0,-3.6329406385255645
536.0,5.671787884016982
537.0,0.7122009896617132
538.0,1.1296938717754335
539.0,2.7012146079646437
540.0,2.4169893515367495
541.0,-3.328202597416166
542.0,-2.5726475870233863
543.0,1.3042841631429838
544.0,1.121003638341116
545.0,-2.2137871847151533
546.0,-0.5863552689051956
547.0,-4.060092278040178
548.0,3.5855679296481964
549.0,-0.012015469960272255
550.0,3.5435081014461796
551.0,-0.2627401908340796
552.0,-0.8967629768343696
553.0,9.001760748827566
554.0,-0.42901136625361513
555.0,0.03299543015757586
556.0,-0.5755902251241735
557.0,1.2655404442591096
558.0,4.112365274279029
559.0,-3.996987732137975
560.0,3.423744412840688
561.0,1.086038379343835
562.0,-4.850478573753859
563.0,1.729776971845523
564.0,0.5317932162385657
565.0,-0.359701231858838
566.0,3.8689878616052282
567.0,-1.6629059650066704
568.0,-1.5166370997724734
569.0,-6.233726179976739
570.0,3.061606130535782
571.0,-1.5007287875939042
572.0,0.9828864982699759
573.0,-1.4013335320764693
574.0,0.1960952861260564
575.0,0.9251806576378993
576.0,-4.462260295880425
577.0,2.6708633156424626
578.0,-1.0150386866582917
579.0,-0.8474638562294724
580.0,-2.4415527867643356
581.0,-2.554256220588767
582.0,-0.017373536341652732
583.0,-2.0236756910347546
584.0,-1.913389856644457
585.0,2.443069071912878
586.0,2.4612695053801894
587.0,-4.86934052841831
588.0,0.946050216213243
589.0,-3.1180256660169348
590.0,-1.2639916833103644
591.0,0.3491755130476613
592.0,3.7292755577658947
593.0,-3.3085166463702773
594.0,-1.3837324717366573
595.0,1.918724809803449
596.0,4.742197613307334
597.0,-0.7277934150893495
598.0,-0.004691753462012779
599.0,0.8845831730600452
600.0,-0.1046482767152351
601.0,-4.172159182750875
602.0,5.809122169202047
603.0,0.9002966191653504
604.0,1.4334285344659141
605.0,-0.7348291644018076
606.0,3.098038228778507
607.0,0.2343169815795719
608.0,1.6309742783412073
609.0,-1.9004027408779105
610.0,-1.6394609694597038
611.0,-2.516429292800176
612.0,-4.651587892142968
613.0,6.630855223850646
614.0,1.3319456217943304
615.0,-1.0492513834317252
616.0,-2.0218043675778543
617.0,-2.6626580628684957
618.0,-4.927136207564858
619.0,2.5225116784505115
620.0,3.4988828690836598
621.0,-0.7525170557307445
622.0,-3.1416287309149045
623.0,-7.9389786963478155
624.0,-5.664373787749914
625.0,0.6887262275278021
626.0,-1.0232896174426491
627.0,-0.2584192895413467
628.0,1.768394164586839
629.0,8.019131768698415
630.0,-1.3174943864296793
631.0,-1.747683786560597
632.0,2.4672350744193126
633.0,3.042384009883251
634.0,2.741066862027887
635.0,-4.085089059154204
636.0,1.1717712495543906
637.0,2.70146261724005
638.0,-0.7327550073893484
639.0,-3.2263673734808243
640.0,3.660198715650874
641.0,-0.9414153250640368
642.0,3.0103524325553295
643.0,0.10836274350095089
644.0,2.5378511102134076
645.0,3.7861026788402303
646.0,5.524904448348799
647.0,-1.5904351261029444
648.0,-2.413963202298646
649.0,-1.7415540705817796
650.0,-3.2408951942324937
651.0,-3.6998757578069696
652.0,-0.45316364026818673
653.0,-2.123313721331402
654.0,0.1464522453646566
655.0,0.7706074477305036
656.0,-1.019091258032926
657.0,0.6615365339503366
658.0,1.885877043518525
659.0,1.6395857178638478
660.0,1.9205066886018907
661.0,2.0715469632257597
662.0,2.6392178853082844
663.0,-2.282624680378953
664.0,0.27205300281425965
665.0,2.07962378167339
666.0,1.4990256688904384
667.0,0.7841497993717736
668.0,4.403847713581755
669.0,-4.849152640119081
670.0,-1.0061077879143792
671.0,2.737759022393543
672.0,0.1153435899264807
673.0,-0.9435465737277394
674.0,1.24861006912696
675.0,-1.7613984723981955
676.0,-2.4202267037296514
677.0,-3.0106039626561683
678.0,1.4178749196124043
679.0,4.076661585376877
680.0,-4.538338004672534
681.0,-1.6305315080518672
682.0,-3.815517898988622
683.0,4.1036659906223605
684.0,0.1032664472510809
685.0,4.764480031514645
686.0,1.7236269767231507
687.0,-0.8420943902541689
688.0,2.502941128038649
689.0,3.194253053589969
690.0,2.2122380977430556
691.0,4.000221146139409
692.0,3.08491773423466
693.0,-2.427500510092664
694.0,-2.109847725290553
695.0,0.6898178851044927
696.0,1.8094791315790135
697.0,0.48750448522695333
698.0,-1.6080009663807986
699.0,5.295473857727644
700.0,-2.730144530074733
701.0,6.249513447439331
702.0,2.993753514791748
703.0,-0.6147684272025181
704.0,-1.117772524482162
705.0,0.5645144017511085
706.0,3.4720918351181673
707.0,-2.534874120634738
708.0,1.5137752674784275
709.0,-3.92404952031389
710.0,-0.09109186069830577
711.0,-1.2792207233992925
712.0,2.6090784153015525
713.0,-2.9284036250924577
714.0,-0.4088249041506432
715.0,2.74328313528949
716.0,-0.3869570499700637
717.0,2.619953435881089
718.0,2.261085680997238
719.0,0.20997675704221183
720.0,0.3191556870546568
721.0,3.1199041792928353
722.0,-0.632571037622485
723.0,1.7577511503365713
724.0,-1.2953639135650272
725.0,-6.014653147674998
726.0,-0.4327967161167459
727.0,2.1910733611644972
728.0,-0.574687004923731
729.0,2.7172039080084653
730.0,1.3271029869550142
731.0,1.0033596155421745
732.0,0.7279454073630724
733.0,0.8712306448089772
734.0,1.6163626273246148
735.0,0.03475536652751147
736.0,2.92471947588824
737.0,-4.8112207429263485
738.0,-3.068269988971169
739.0,0.35612989411714036
740.0,-4.070216060129575
741.0,6.933247812256094
742.0,0.9835040310055219
743.0,-0.3440453309675725
744.0,-4.046788749340381
745.0,-0.5774907792285764
746.0,-2.91487810539439
747.0,1.5300531429292443
748.0,-2.2507211300811725
749.0,-2.436239809047587
750.0,-3.7381312014171026
751.0,-1.385274095967004
752.0,-1.5690984054406945
753.0,-7.071240340549057
754.0,0.8912222699227319
755.0,-2.230054403879523
756.0,-0.7826148386396172
757.0,0.8097284146122682
758.0,-3.160809281800486
759.0,1.0582200933499304
760.0,3.9285146016334167
761.0,-0.9726206560030984
762.0,-0.30119174172702096
763.0,-1.6208715701117389
764.0,3.146312934532101
765.0,0.3355496521207501
766.0,-1.4989262169053068
767.0,2.931987545304267
768.0,-1.213272688092334
769.0,-1.6381009019094133
770.0,4.262411210472448
771.0,3.689505882810316
772.0,-5.693182024710352
773.0,0.9095643882467124
774.0,2.3968677140250465
775.0,2.2967412762482096
776.0,2.648984199565237
777.0,0.4598433377310469
778.0,2.7402285569888396
779.0,-3.8251734686022867
780.0,-1.0336760863894912
781.0,3.0126115599070546
782.0,-0.24248272722357053
783.0,-0.8556966372983953
784.0,4.189997123663996
785.0,-1.327923989462842
786.0,0.010727523948972003
787.0,-9.366814390632012
788.0,2.104022078282898
789.0,-2.520572745880787
790.0,2.8945898210620276
791.0,1.3293374984825888
792.0,4.595069340463314
793.0,3.749242527059643
794.0,3.4482517481722943
795.0,-1.1934149518334798
796.0,0.1417907440473113
797.0,-2.2061464263051853
798.0,3.6398813434971142
799.0,-1.475930559241575
800.0,2.9915807113845
801.0,2.171071262776081
802.0,-1.6443813403988823
803.0,-1.6735919506504349
804.0,-0.9781926783502359
805.0,0.06120582205100041
806.0,5.4008682227830604
807.0,0.00180318406696404
808.0,3.3467893970627207
809.0,-5.0364129338517065
810.0,2.444190912474899
811.0,-1.0419721858647564
812.0,0.695559938584263
813.0,-3.0814603410957124
814.0,2.401709824614983
815.0,2.6367516340018664
816.0,2.4727288700388184
817.0,-2.1205897494815775
818.0,-1.0376709112749458
819.0,-0.7218551241725599
820.0,-0.11421714330771664
821.0,-2.2025632251500546
822.0,-2.6847686080544566
823.0,0.9989668833500156
824.0,4.030716094114655
825.0,-1.317191399687507
826.0,-1.2424630611123009
827.0,0.45991743112694244
828.0,-3.1347333595604927
829.0,-1.5958474128799742
830.0,0.4061174175581676
831.0,-1.164070846144255
832.0,-2.7493202729161395
833.0,-1.4473684520330592
834.0,0.3725548260952811
835.0,4.197620736122986
836.0,0.7014548473418095
837.0,-0.2133965317855801
838.0,-0.1963613598126763
839.0,0.4289206401765563
840.0,-1.0270084485459845
841.0,-1.6817887433962087
842.0,5.088336050559977
843.0,1.7403325908258935
844.0,-1.1109963878134403
845.0,0.5085067967464731
846.0,-0.5069708207645061
847.0,0.7382030710240061
848.0,2.003879241644478
849.0,0.18073639998774277
850.0,-1.8933218127106297
851.0,3.2713986351276314
852.0,-0.954733743259127
853.0,-0.4593556663842463
854.0,-1.5341618168811837
855.0,1.0103328137060203
856.0,-1.7912592861715988
857.0,-1.8399855100777671
858.0,3.597484917564521
859.0,0.6487462515491617
860.0,-1.672496452045465
861.0,0.7277305592971238
862.0,-1.5699485462256098
863.0,-1.7994684205554943
864.0,0.1396671634746348
865.0,-0.8696375275707946
866.0,0.3873280607357046
867.0,3.259929841648094
868.0,-6.877950943142757
869.0,-5.1318894261641965
870.0,2.3132728158870335
871.0,-1.3259327731400243
872.0,-0.058573886430927743
873.0,0.28690025228239424
874.0,0.8040455957629342
875.0,-0.5376089294385582
876.0,3.1543038416263784
877.0,3.3297747223030525
878.0,1.5284355193963421
879.0,-2.6115047148835044
880.0,-4.067659576893416
881.0,-1.5025306958542397
882.0,0.41846466821588574
883.0,3.894969973992816
884.0,-2.348009619090416
885.0,-3.775950906171532
886.0,-1.3732194610309587
887.0,1.4728448703337234
888.0,1.9085582323320345
889.0,-2.542971258952012
890.0,-1.8962229269911703
891.0,0.2052673550520299
892.0,-1.8115789823555262
893.0,-1.8716646240744579
894.0,0.3313968617888529
895.0,4.724535142145704
896.0,2.657037434512666
897.0,-5.909814035831121
898.0,-1.8997049564069957
899.0,1.2863218282923634
900.0,0.5756807873889679
901.0,-4.73147700174222
902.0,0.876159714236678
903.0,-5.376220050452435
904.0,-1.8112025708229262
905.0,-2.5265062898972603
906.0,1.3368117998303324
907.0,-4.758253851197072
908.0,-2.395411278088114
909.0,-2.3934715647842117
910.0,-2.324540852775243
911.0,-0.897236548303008
912.0,-2.213796028845275
913.0,-7.147577612869786
914.0,0.16260695178947407
915.0,1.7124914514826588
916.0,-2.916380742627017
917.0,-0.8779317948158147
918.0,-2.1890888253075995
919.0,1.76448993561357
920.0,-0.6543957489404277
921.0,-0.9979990148282687
922.0,4.557809329809083
923.0,0.11276564727705211
924.0,1.5804074027825927
925.0,-0.07593721706252549
926.0,0.08956931162110933
927.0,0.5776233700363995
928.0,0.8438664701555147
929.0,1.2737371734825913
930.0,-3.901389338020496
931.0,-3.1801221874154812
932.0,-2.21070746490036
933.0,-3.9501744539534274
934.0,4.031489500965891
935.0,1.463313136164117
936.0,-1.656566433367666
937.0,2.012808675169721
938.0,1.6562083371107654
939.0,-0.09842241159726546
940.0,-0.5177675195022567
941.0,-2.0606047597013286
942.0,-2.174030667070357
943.0,0.41091791055315996
944.0,-1.8030715245575568
945.0,2.3297474334237
946.0,1.9591489297845532
947.0,-1.9536859970153024
948.0,1.812494774038363
949.0,3.625304817727417
950.0,-1.6442306123212898
951.0,-1.066196248938295
952.0,-0.6640067225303184
953.0,-0.9080488322624171
954.0,-4.4201104056028795
955.0,5.013088433754891
956.0,-0.8954868337088677
957.0,-2.8039896716580395
958.0,-2.972359363498241
959.0,0.732194731054033
960.0,-0.23667434767020432
961.0,0.3401425120956756
962.0,0.9397309149124422
963.0,1.3776008337395484
964.0,-0.8513085481057677
965.0,-0.5429353806694631
966.0,-1.823489443544146
967.0,2.846595404286106
968.0,1.7359964496963796
969.0,3.0459413498444246
970.0,-1.1165608454966522
971.0,5.8783162514360665
972.0,1.701276941719672
973.0,-0.7358365559275747
974.0,-1.2614835526942887
975.0,3.663449146302684
976.0,0.2083255463867242
977.0,-4.558976737979111
978.0,-0.8379819603219566
979.0,-3.068893390494468
980.0,-1.919505926419426
981.0,-0.9744754048135482
982.0,-1.5537825589548706
983.0,-0.38211387567898414
984.0,-1.0109015152790959
985.0,-0.29237843744876446
986.0,2.4138139527990194
987.0,2.555304892725936
988.0,3.15461655115065
989.0,0.23683847623290719
990.0,2.4021122107992996
991.0,0.5294094870245812
992.0,3.6851716461906596
993.0,0.817985774250786
994.0,-0.6301406246514429
995.0,-0.7139900035974757
996.0,-5.234167451734298
997.0,3.7554654452487157
998.0,-3.6021996959881664
999.0,2.8715612387111524
1000.0,-0.8835028920033321
1001.0,-0.14766097145127716
1002.0,-4.171741750800508
1003.0,-2.8914512382693864
1004.0,0.9099131818543162
1005.0,-2.8552642655682163
1006.0,0.46489070041366426
1007.0,-1.559970376481563
1008.0,0.835191023318451
1009.0,0.27529431830810264
1010.0,0.44671245934663584
1011.0,3.369083445303396
1012.0,-0.2697776052543083
1013.0,1.7956299738830992
1014.0,1.1272828426066426
1015.0,1.2481591114741453
1016.0,3.579931365674153
1017.0,2.346858725088291
1018.0,-0.6698514092599126
1019.0,-1.4683745700162212
1020.0,-0.23210776185677068
1021.0,0.7771069235856496
1022.0,0.5501962326902112
1023.0,1.5708594287510393
1024.0,-4.402668392339533
1025.0,3.66299765857653
1026.0,-1.3154131163848157
1027.0,-2.3398970734003743
1028.0,5.291185304077043
1029.0,0.8383022984661768
1030.0,2.617832961931575
1031.0,2.9198746400910234
1032.0,4.159937131321922
1033.0,4.3135858390147765
1034.0,-3.5410725637571163
1035.0,0.4626615040440473
1036.0,2.5703156331365697
1037.0,6.0840874594268985
1038.0,1.5915179338392973
1039.0,0.9076781132888773
1040.0,-0.7802839198370943
1041.0,-1.0474674688076093
1042.0,-0.39125062247188297
1043.0,-2.035757714344293
1044.0,-0.42615393298634735
1045.0,0.07045316101764355
1046.0,-0.3355194936295341
1047.0,-0.7513747650723995
1048.0,0.9288155878332021
1049.0,3.649492079490647
1050.0,-1.5390441311855267
1051.0,4.331645956058193
1052.0,1.501522204363827
1053.0,-1.6065605206357474
1054.0,-0.22258616912886478
1055.0,-0.9796601473502491
1056.0,1.9802594398220426
1057.0,2.4979820929972534
1058.0,-1.7684655513214906
1059.0,0.7624280436508113
1060.0,0.14393018259848978
1061.0,-2.8413508734173383
1062.0,0.2767005234529001
1063.0,-0.7231281169647702
1064.0,1.1397803757722504
1065.0,-0.3923635336662274
1066.0,-5.282080081074325
1067.0,-0.862294785666398
1068.0,1.413052640218132
1069.0,0.7280040994466181
1070.0,-0.27448193344037236
1071.0,-3.0659873181592228
1072.0,-1.907084008735983
1073.0,-2.366553611155693
1074.0,0.08583986937967901
1075.0,-2.7026782767702113
1076.0,2.0751695018786225
1077.0,2.1185854258503887
1078.0,0.42792852559736044
1079.0,-0.37876753710453526
1080.0,3.9553666079602543
1081.0,-1.2140855078931099
1082.0,-1.1379126858106647
1083.0,-0.5282049893288926
1084.0,2.9151658047578204
1085.0,-1.6830389327322672
1086.0,-2.8887989082199343
1087.0,-4.76602365536675
1088.0,-0.9244758102350792
1089.0,-0.4119216720307273
1090.0,-5.332117471180917
1091.0,1.0072422916611155
1092.0,0.2929920687910215
1093.0,-4.09661120111916
1094.0,-2.165209535495677
1095.0,2.7629954808989554
1096.0,2.0458897605964204
1097.0,1.8754965199192206
1098.0,-3.4316588063717877
1099.0,0.06529398007039625
1100.0,-1.8531297636699966
1101.0,2.99952325364222
1102.0,1.2726804130179876
1103.0,1.4794771244995106
1104.0,0.07951283283164402
1105.0,0.781596233882092
1106.0,1.7988241607975732
1107.0,-1.272625455456763
1108.0,-1.3850105079272192
1109.0,3.2788922024569263
1110.0,-0.9449697026745159
1111.0,-0.8268957340283887
1112.0,6.733418421690836
1113.0,1.5216643122162878
1114.0,2.8943714245188987
1115.0,0.12127288190479313
1116.0,-2.2711953366608775
1117.0,0.5486843787610686
1118.0,1.0593018878386953
1119.0,1.8818608974260755
1120.0,-1.6929608052648148
1121.0,-1.0878823636220694
1122.0,0.7045462554805778
1123.0,-5.468294910381366
1124.0,-3.7105116469479213
1125.0,1.0347512651733601
1126.0,-1.8619828814090795
1127.0,4.769993713365326
1128.0,5.125947354405637
1129.0,2.285373129992959
1130.0,-3.549602450409192
1131.0,3.4576585980586083
1132.0,-1.642075495365636
1133.0,0.4408897795000772
1134.0,-0.5548422162366576
1135.0,-0.6209065689773698
1136.0,3.4878657535603623
1137.0,0.4729343658189242
1138.0,-0.5371462389782151
1139.0,-3.452071497921414
1140.0,-2.310565972917661
1141.0,0.872733955154699
1142.0,-1.254929643711252
1143.0,-2.340445839195317
1144.0,0.42967911585742435
1145.0,1.9381619292787988
1146.0,1.3325301319304266
1147.0,1.544558308072956
1148.0,0.5244466802649137
1149.0,6.000301578706481
1150.0,-2.428334122786325
1151.0,0.04522002586441115
1152.0,-4.074664504850731
1153.0,0.48309302089840195
1154.0,2.0030830625576663
1155.0,-0.8150348516338058
1156.0,0.5407587026560564
1157.0,-0.48801426554996385
1158.0,-0.4347692217630292
1159.0,0.2844277060740184
1160.0,1.6429330846011843
1161.0,0.15328395532355116
1162.0,-1.7895048226081833
1163.0,0.9187061154671361
1164.0,-0.1347039638848014
1165.0,-3.3922922992032203
1166.0,-2.2010165595210407
1167.0,-1.4559451518316333
1168.0,-0.667901058525921
1169.0,0.5304055770333513
1170.0,2.757704476684988
1171.0,2.6933275490317787
1172.0,1.5188448194384347
1173.0,-1.6978426665793962
1174.0,-1.3307067861854822
1175.0,0.13579533988083475
1176.0,1.0752490891086086
1177.0,-2.32593708840117
1178.0,-0.30761312060123946
1179.0,0.6467300028363503
1180.0,-0.036817881449933504
1181.0,3.1082773809977318
1182.0,-2.827685763515322
1183.0,6.017207800707947
1184.0,0.3004582314955038
1185.0,-4.261043585614419
1186.0,0.112129094308338
1187.0,-1.2200073452575875
1188.0,-1.5773926856137126
1189.0,-1.7087071913069587
1190.0,-2.734445124796263
1191.0,1.439476581865298
1192.0,-2.604224423890129
1193.0,1.7646957340823177
1194.0,0.4078473542948202
1195.0,-0.11762731853305886
1196.0,-0.7463447902089825
1197.0,4.518917947249855
1198.0,-0.20891877181243912
1199.0,-0.14862570725545124
1200.0,-2.4594352080804294
1201.0,-1.7386889138387216
1202.0,-0.557123112353036
1203.0,-0.9601895095689607
1204.0,-1.101650102944993
1205.0,-2.155061750998207
1206.0,-1.8339508155700521
1207.0,-0.7875157734667181
1208.0,-3.1411046990700853
1209.0,-2.250363798109555
1210.0,0.007158795691119688
1211.0,1.256641346892866
1212.0,-0.35216534164294117
1213.0,1.0625562060538305
1214.0,-1.2984245988350838
1215.0,-7.441038077767419
1216.0,-1.1978879236557458
1217.0,1.5738798097831654
1218.0,3.949612321916198
1219.0,-3.0815552614369404
1220.0,-4.615734296782562
1221.0,-5.711543337829244
1222.0,2.65263912254317
1223.0,1.85588162050546
1224.0,-4.958600081847146
1225.0,-0.2804972000112889
1226.0,-1.0952386488891397
1227.0,-1.2657308763046322
1228.0,-0.3599293734468295
1229.0,-1.5217256101689196
1230.0,3.356064652193152
1231.0,1.9983639410307554
1232.0,-1.200722082368109
1233.0,-6.208629646994028
1234.0,-3.4740883578628448
1235.0,-1.7347348166536567
1236.0,-3.1632658812615007
1237.0,1.049113128628459
1238.0,0.898166278352295
1239.0,-1.952535944871144
1240.0,-2.7718670236862155
1241.0,0.3379429653888503
1242.0,-2.03338588010031
1243.0,-2.254128070997034
1244.0,-1.5779395322633067
1245.0,0.30434838422211347
1246.0,4.875843023184991
1247.0,-0.9037034665913058
1248.0,-3.4709532240303895
1249.0,4.001731341702712
1250.0,2.736378719681542
1251.0,3.875765392882067
1252.0,-4.152202408631565
1253.0,-0.2738867776247314
1254.0,-0.46506711811728785
1255.0,3.3478843227565385
1256.0,-0.2673499412520992
1257.0,-1.7228338476783756
1258.0,-0.7351808229322959
1259.0,-1.0739382959447732
1260.0,-1.3407789528318481
1261.0,-1.279512061375714
1262.0,1.992381687802348
1263.0,-2.2993387689009355
1264.0,1.2985322647130808
1265.0,2.9788767171153285
1266.0,1.9143279041799395
1267.0,0.14427046747629563
1268.0,2.245150944603653
1269.0,-2.3917039783523224
1270.0,-6.657509061770717
1271.0,2.2156955445759428
1272.0,-1.9886023503714092
1273.0,-1.2215373459283883
1274.0,1.6487053985289948
1275.0,0.2370018964712282
1276.0,1.5731576845443052
1277.0,1.2932000558934273
1278.0,1.9090298744670784
1279.0,4.01796103921334
1280.0,-3.6405157060972404
1281.0,-2.7708676910043972
1282.0,5.3408272298708175
1283.0,3.871812891434316
1284.0,1.2447574375297779
1285.0,1.227680107053713
1286.0,-1.386759213594239
1287.0,-3.877287090101511
1288.0,4.484587520957653
1289.0,3.6114101730730015
1290.0,-4.591573842676175
1291.0,0.33798269425611677
1292.0,0.5092627521067756
1293.0,-3.678844359530488
1294.0,1.6422624636576308
1295.0,-0.5894165507101309
1296.0,-2.366194949112143
1297.0,-0.7636084715271849
1298.0,0.3599151454220614
1299.0,1.6299440810380281
1300.0,-0.7994148251689877
1301.0,-0.7706582303488011
1302.0,0.3634574821261551
1303.0,1.468162637114181
1304.0,-2.2622074229095066
1305.0,1.1065753041006763
1306.0,1.1308186662495854
1307.0,0.6258694578709357
1308.0,2.0301940671781415
1309.0,1.1846428607194464
1310.0,0.7108308476264914
1311.0,-1.1033759437467343
1312.0,1.4781056155421037
1313.0,0.7933500164443873
1314.0,0.3065917991915952
1315.0,-1.3298914769426222
1316.0,0.48601674859092764
1317.0,-0.39271404261407217
1318.0,3.680303111327112
1319.0,0.9174885543724354
1320.0,-1.4074614977625175
1321.0,0.04355929364379781
1322.0,2.404438990666429
1323.0,-2.225527704208821
1324.0,6.3435740360299375
1325.0,2.5722812447308128
1326.0,3.4844235636752687
1327.0,-3.577162258286888
1328.0,-3.773912970274861
1329.0,2.56134507047425
1330.0,3.911490390210542
1331.0,1.6759785955244721
1332.0,1.870211886791356
1333.0,2.286252080064815
1334.0,5.622529954156741
1335.0,-1.387173581335864
1336.0,-1.6083433755386203
1337.0,3.794104756028986
1338.0,-0.7844396616415359
1339.0,2.7903069569618615
1340.0,-5.96418250506233
1341.0,-0.6870276686416104
1342.0,-1.1681975669189337
1343.0,0.6314247982384044
1344.0,-1.2546770598480217
1345.0,1.70771704494092
1346.0,-3.7904593192829656
1347.0,-1.2705052187385497
1348.0,-0.6096127367477826
1349.0,-1.2070774421279826
1350.0,-1.6200270598505946
1351.0,5.631628477029291
1352.0,-2.6026633223412716
1353.0,0.8650756212431064
1354.0,-2.6433215490712954
1355.0,0.252090227305914
1356.0,-1.4146326463867782
1357.0,-2.262419700261158
1358.0,2.646142547346387
1359.0,2.798422990859738
1360.0,1.2117564940484595
1361.0,1.4072259856683056
1362.0,1.218383676462098
1363.0,0.30601744672542386
1364.0,-0.09205306478048624
1365.0,-1.48606700701882
1366.0,1.6098872149840755
1367.0,-1.8620050711314529
1368.0,2.6651312154526092
1369.0,-1.4893703335178767
1370.0,-1.8846409938037219
1371.0,4.91470464101452
1372.0,0.8646658191656221
1373.0,1.4768929528453303
1374.0,0.7777216468512198
1375.0,1.4010083054440394
1376.0,-0.23093948022892088
1377.0,0.10142243881415497
1378.0,-3.525312463083556
1379.0,0.2926006563654103
1380.0,-2.771859199424705
1381.0,-1.3008817997472484
1382.0,2.2888077075963666
1383.0,-3.1263522291514594
1384.0,1.3583547181640854
1385.0,4.248879067023088
1386.0,0.5187734221118518
1387.0,1.7716660836701226
1388.0,-1.0862932071542828
1389.0,-0.45383121494336853
1390.0,-0.29175037529125325
1391.0,-1.5574297253054168
1392.0,6.389627801720986
1393.0,-0.8682258681194124
1394.0,-0.6035648758469869
1395.0,-0.009252804634544368
1396.0,-0.15946665362215326
1397.0,-0.03732990470919665
1398.0,-1.6072186959506372
1399.0,-2.0307693775740177
1400.0,-1.5754328376063584
1401.0,1.8147375649249686
1402.0,-1.7233469630067197
1403.0,1.1726171522650677
1404.0,1.2233806347329423
1405.0,-2.0294066692243646
1406.0,-0.05968812409487291
1407.0,-3.7664165186433443
1408.0,-0.016852331335197927
1409.0,-1.4070582278780734
1410.0,3.4944172293639215
1411.0,3.4094203844187425
1412.0,0.2938837256999579
1413.0,0.01728766991835405
1414.0,-2.274168643259636
1415.0,-2.2157999746546735
1416.0,-3.078861858696521
1417.0,-1.8316366436392102
1418.0,-1.2913958885417967
1419.0,-4.0291510557155235
1420.0,-1.8875163248085474
1421.0,2.3553169537905987
1422.0,-1.4197543836610733
1423.0,2.622198291772889
1424.0,-4.10576343707906
1425.0,-3.1228293243745395
1426.0,1.9608167524042144
1427.0,1.2552779696285272
1428.0,-3.5065202551161527
1429.0,1.5967170891020468
1430.0,-0.5669053056282395
1431.0,2.836817790786554
1432.0,0.4532184122431147
1433.0,-2.684593544378386
1434.0,0.45456922128488997
1435.0,-0.3697926379901963
1436.0,-0.17023545828859724
1437.0,2.0731432814512654
1438.0,3.1688733682245473
1439.0,1.5779175769252054
1440.0,-0.12349198411342631
1441.0,-1.1830859606561692
1442.0,-3.715558436793169
1443.0,2.7521386903650313
1444.0,2.433760287945476
1445.0,2.788839563110749
1446.0,4.6210348273973425
1447.0,-1.952359654447825
1448.0,3.175918942071889
1449.0,4.813714340213314
1450.0,1.7743048024573702
1451.0,3.423898243393918
1452.0,-0.573977590183255
1453.0,0.24874557188304305
1454.0,0.5586208400806779
1455.0,1.1843604935998722
1456.0,-0.6478459492727914
1457.0,-4.944701069903077
1458.0,-3.259972430435206
1459.0,-3.0267176473464454
1460.0,-4.128151987580994
1461.0,0.718392091437986
1462.0,-0.7409490594919141
1463.0,2.322550682896801
1464.0,-3.1453997475599493
1465.0,0.4064271049126517
1466.0,-3.1326199384500573
1467.0,-1.500925455487886
1468.0,0.030395792980695276
1469.0,-4.470952787745048
1470.0,-0.5213970508285771
1471.0,4.145656196677545
1472.0,4.25078468380557
1473.0,1.676547111300588
1474.0,2.0545848565428755
1475.0,3.0970798927403345
1476.0,-1.1997431799897011
1477.0,-2.8367451772144694
1478.0,-0.5243230072567133
1479.0,0.16912820466995737
1480.0,-0.438244081866944
1481.0,0.41915314952846355
1482.0,-1.2424116811069863
1483.0,3.2751877697375527
1484.0,0.8848343925891575
1485.0,-1.643675427373298
1486.0,-0.22000803107008107
1487.0,2.703647561384159
1488.0,-0.7727754331919476
1489.0,-1.1117093391641932
1490.0,2.5745542109176074
1491.0,1.783248099336823
1492.0,0.7463969869939343
1493.0,0.5271711690616567
1494.0,2.1705521119770284
1495.0,0.23800158802603688
1496.0,1.9100724073581399
1497.0,-0.4150031567364734
1498.0,1.028624130371929
1499.0,-0.21784466330184063
1500.0,4.560404582161853
1501.0,0.40091234003666143
1502.0,-2.43541178561744
1503.0,-2.920193954442214
1504.0,-0.33612286341087433
1505.0,-3.6347542816097347
1506.0,1.5885114884049154
1507.0,-0.6844474929464148
1508.0,1.1661283416707795
1509.0,-2.745293930109211
1510.0,-2.246886552374952
1511.0,3.177805392704883
1512.0,-0.47618555973802656
1513.0,2.0134398175347537
1514.0,0.32155742087837336
1515.0,3.872213710120381
1516.0,1.8649313987091811
1517.0,1.8460852898755644
1518.0,-2.8573048343571585
1519.0,-0.2606428645213659
1520.0,-0.3612922222683011
1521.0,1.4016873332415185
1522.0,2.7732163826210496
1523.0,-0.1222380954729282
1524.0,0.7298344724574705
1525.0,-4.517091591983008
1526.0,-1.2502733831163775
1527.0,-0.26914672882417356
1528.0,-2.1639548289195334
1529.0,-2.5446338579564522
1530.0,-1.7014049530112083
1531.0,0.5010858580769824
1532.0,-1.8259033927635857
1533.0,4.791432671828802
1534.0,0.1493020458406902
1535.0,0.8346990015589414
1536.0,1.5987312271464953
1537.0,-1.4955793554853278
1538.0,-1.0575237141828577
1539.0,-1.3089378503960574
1540.0,0.6838984600448504
1541.0,-1.1314889050326202
1542.0,-0.9703261608205116
1543.0,0.11302935062877273
1544.0,0.9973374147448321
1545.0,5.707519226034318
1546.0,1.6352134259736826
1547.0,0.6773227465997776
1548.0,1.573113827504586
1549.0,2.1982100480576685
1550.0,-3.378181533737756
1551.0,2.2074959476528626
1552.0,-0.16974619463156515
1553.0,-1.1333740113287563
1554.0,0.8009514658595868
1555.0,3.517082144275043
1556.0,-2.0890110044010686
1557.0,-0.635366849103256
1558.0,-0.9546269847437701
1559.0,-2.3120990594540873
1560.0,-0.8033461819004214
1561.0,-0.3817232034757548
1562.0,0.7502594462273676
1563.0,0.926574533519632
1564.0,-0.29049484661079994
1565.0,-1.2517786578343946
1566.0,-2.1928863571772563
1567.0,-3.546542484931214
1568.0,1.263851962798758
1569.0,0.9162582934630796
1570.0,-1.031785377217635
1571.0,-2.807020158349309
1572.0,0.5467713369377762
1573.0,4.849598432147061
1574.0,0.325867083210452
1575.0,2.8416568594638822
1576.0,-1.4061397442771573
1577.0,0.8520238921694568
1578.0,1.506171832871488
1579.0,0.7788767274735108
1580.0,-2.3510480466952908
1581.0,0.29226322726240783
1582.0,-2.1280756738933992
1583.0,1.0666456560499797
1584.0,-3.3925066291407378
1585.0,3.516366953401171
1586.0,2.751664923031642
1587.0,-0.18182024609909164
1588.0,4.061032641661121
1589.0,-1.506923039134931
1590.0,-1.2635705279130771
1591.0,-3.491599848248838
1592.0,-1.7919254225153196
1593.0,0.7141468159826956
1594.0,-1.5865621726794144
1595.0,2.9695382419585736
1596.0,-2.858952220689401
1597.0,-0.34604001648940047
1598.0,-2.1752763703513334
1599.0,0.29226135006050186
1600.0,-2.660262514167009
1601.0,0.009480840591912567
1602.0,-0.8846002369477043
1603.0,3.383337878703617
1604.0,-2.7566256249984225
1605.0,-1.333618212665017
1606.0,-1.3150678755662841
1607.0,0.5944037020662802
1608.0,0.06789907995848311
1609.0,4.157701763435126
1610.0,-1.1593428938303614
1611.0,-4.0395747866854155
1612.0,1.806457475896896
1613.0,1.7264210967357205
1614.0,0.8347993447478529
1615.0,2.538762089290621
1616.0,-2.8713486157925896
1617.0,5.804679113835677
1618.0,1.4244712921090896
1619.0,-0.5997437951287455
1620.0,-0.13125676004744574
1621.0,1.8043228443862214
1622.0,-2.310431033072044
1623.0,-2.6638276658067066
1624.0,-1.1480449120335916
1625.0,-1.6628361380864316
1626.0,0.16471451698316728
1627.0,-3.382039723042522
1628.0,2.7888508138407717
1629.0,-0.31841878230257065
1630.0,-0.44476718716878677
1631.0,-1.8528716970638
1632.0,-2.726744388294072
1633.0,-1.2688320067039456
1634.0,-2.0929460389203824
1635.0,-3.2848844513525948
1636.0,0.4436755115516728
1637.0,1.1899660776751158
1638.0,-0.03823491467357553
1639.0,-2.701795734067807
1640.0,4.117943877525161
1641.0,2.539568079332569
1642.0,-5.141768553147126
1643.0,1.8646641398159347
1644.0,0.4553750714818176
1645.0,0.8872453725570473
1646.0,-0.1514194980284063
1647.0,-0.09327481355643709
1648.0,-0.9005123203941402
1649.0,2.5202307848663246
1650.0,-1.0292171789921907
1651.0,-3.478314972102698
1652.0,0.9103608441399159
1653.0,4.2260390741569065
1654.0,1.7433121133679457
1655.0,1.1008705120652476
1656.0,1.9934530430184918
1657.0,-2.6894153775077387
1658.0,0.2384833899394272
1659.0,1.7037299962731767
1660.0,2.044649800979286
1661.0,0.40206710544776886
1662.0,0.9627977956371816
1663.0,-0.34909646468378963
1664.0,1.7351018867272332
1665.0,-1.0216036545842166
1666.0,-0.8082084834701999
1667.0,-3.916764877541377
1668.0,-0.6645102877454573
1669.0,-3.8772659875756816
1670.0,1.8814645819783073
1671.0,2.7853499879853874
1672.0,2.199608436968411
1673.0,-0.803601872981352
1674.0,-1.5088809365527436
1675.0,1.047229999146332
1676.0,2.8918640339632713
1677.0,-3.7884758758592385
1678.0,5.760834543470583
1679.0,0.498941168076172
1680.0,-0.3170914278948806
1681.0,-2.09944926169337
1682.0,-2.588165517922025
1683.0,0.05872800351911788
1684.0,-0.8388063813927182
1685.0,1.490456334015195
1686.0,0.6972473997745295
1687.0,0.9793796276205091
1688.0,3.4459350531092454
1689.0,-0.9665254483340094
1690.0,4.536282468993547
1691.0,-3.1010175210061406
1692.0,-0.677927545616481
1693.0,0.44107837384384485
1694.0,2.4732749714884537
1695.0,0.5641255839113601
1696.0,-2.9243578641419643
1697.0,-4.007487034862462
1698.0,0.2634735479422082
1699.0,-3.0501529211157727
1700.0,-2.2664586017786545
1701.0,-1.6988134669062567
1702.0,1.2737404063672795
1703.0,1.2377575482567762
1704.0,1.076456692527356
1705.0,-2.2281484626164003
1706.0,3.0090132505874734
1707.0,-5.3790252238056055
1708.0,3.2782568578941
1709.0,4.397889332695579
1710.0,-1.497977525541522
1711.0,0.016727046317556813
1712.0,-2.457247035727995
1713.0,0.6083370389492574
1714.0,-0.7773763580830159
1715.0,2.502074020777744
1716.0,1.3661941044529868
1717.0,3.9590884828652757
1718.0,-2.2839887453038514
1719.0,-2.78144642367587
1720.0,2.5102262657570025
1721.0,0.887824719889361
1722.0,1.625313375881833
1723.0,-2.7083999629023943
1724.0,2.0752785610666655
1725.0,-1.1455562029893636
1726.0,-0.7310813565516439
1727.0,2.3361198191066435
1728.0,-4.596426901483748
1729.0,1.023251923590822
1730.0,-1.1884025173221153
1731.0,0.9660384650176974
1732.0,-0.09985620255631437
1733.0,-0.5000011261097347
1734.0,-3.964503594696138
1735.0,-0.7282299285300513
1736.0,2.5124623514234603
1737.0,2.4609858577906873
1738.0,2.5339459496622854
1739.0,2.686135312021011
1740.0,-2.320153249566147
1741.0,2.195457559226254
1742.0,0.3227598378233365
1743.0,-1.1715896037978875
1744.0,1.3991919834906386
1745.0,0.061074522887196246
1746.0,-1.3905393604395033
1747.0,-1.8638890952711946
1748.0,-0.28772280024472413
1749.0,-1.2932661040846456
1750.0,-0.49918776491849914
1751.0,-1.2733162909562823
1752.0,4.083748375736562
1753.0,2.255984378044349
1754.0,-2.0349775993762917
1755.0,3.565603345353628
1756.0,0.18654562370427724
1757.0,-0.5751371643873854
1758.0,-0.04010232763029711
1759.0,5.986670386186628
1760.0,2.2929816793013797
1761.0,1.4108277929254718
1762.0,-0.9826799012808005
1763.0,1.062715909840287
1764.0,0.9532328907272088
1765.0,2.2589369715486147
1766.0,1.1324763397087207
1767.0,2.226715605454018
1768.0,0.857196165839274
1769.0,-0.7887932101218398
1770.0,0.23012177728091981
1771.0,0.29939354761386966
1772.0,3.6354265687252467
1773.0,1.8420659716176946
1774.0,-2.5431426944871016
1775.0,-2.195936480189198
1776.0,-2.9845014339977314
1777.0,0.35888200795714204
1778.0,-1.5696878858106453
1779.0,-1.2477747226674294
1780.0,1.8272261612478056
1781.0,1.0008290269901914
1782.0,1.2495604927348465
1783.0,3.8609879458238794
1784.0,0.9841305533809008
1785.0,-1.6791629548932145
1786.0,-0.9898980687559866
1787.0,4.9137669634454815
1788.0,3.0925877779885975
1789.0,0.6329625577835908
1790.0,0.9901792491154727
1791.0,-2.3436277197056383
1792.0,-1.8993504654964095
1793.0,1.95437636183302
1794.0,-4.050963889496946
1795.0,-2.1714119610058233
1796.0,-1.0739090130334197
1797.0,2.5197065629858395
1798.0,-0.011297834226241794
1799.0,0.17817429352932151
1800.0,-4.001758805019894
1801.0,0.839144952208516
1802.0,-0.33166542790345904
1803.0,2.491765523523839
1804.0,2.8623737314457305
1805.0,-0.3891094359941029
1806.0,0.5670337120142028
1807.0,3.3651705208100053
1808.0,1.8496246894746886
1809.0,1.6546535230801325
1810.0,2.2381602468727433
1811.0,-0.8090091674721445
1812.0,0.3400463085660607
1813.0,-1.4888698298424785
1814.0,0.2836311864210022
1815.0,1.2279212720127777
1816.0,-3.7471437092090167
1817.0,-1.8153557113787566
1818.0,-3.376515737227879
1819.0,1.6889513760881045
1820.0,3.4679441597742784
1821.0,-0.9248143804504626
1822.0,2.3844809147323076
1823.0,0.16180467806174018
1824.0,0.048765035408955826
1825.0,0.1954874332235494
1826.0,1.2862075751902318
1827.0,0.5851381235747772
1828.0,-1.5187802422470114
1829.0,1.4724245330783627
1830.0,2.06419757316968
1831.0,-4.839447025660422
1832.0,-0.12167990236567719
1833.0,-1.0541921330911828
1834.0,1.6493883274044248
1835.0,0.1937490476994157
1836.0,0.6302867651015583
1837.0,-1.684346914348321
1838.0,-3.5361084556857807
1839.0,-0.9605871032167739
1840.0,-1.9263852714428844
1841.0,-1.6601486330535404
1842.0,1.6984686264258546
1843.0,-0.9913643037877029
1844.0,0.929739023468734
1845.0,-3.728109959055716
1846.0,1.1201716989209056
1847.0,0.17728046524017468
1848.0,-0.00011380961467935054
1849.0,4.95593644337022
1850.0,-0.7120381377188455
1851.0,-0.13770619115826557
1852.0,-0.5943354250859887
1853.0,5.991500179205343
1854.0,1.5419576777017516
1855.0,-2.497073650023838
1856.0,1.424451457521387
1857.0,-2.7055192234318572
1858.0,2.3765463389808836
1859.0,-3.088092125583465
1860.0,0.2696052689570747
1861.0,-1.308295804636909
1862.0,-5.457462718200715
1863.0,-1.2136938091074794
1864.0,-3.3381893229466604
1865.0,0.693620715899657
1866.0,1.2326841633251173
1867.0,2.4989124019336706
1868.0,1.8009365094189387
1869.0,1.1845232716578835
1870.0,-0.22321000215660053
1871.0,1.6034892018513494
1872.0,-3.5469288234462333
1873.0,-3.8488714394374504
1874.0,2.6681730808516444
1875.0,-0.32273476986112865
1876.0,-0.6573263607442424
1877.0,2.29708571309883
1878.0,-0.09793661712882393
1879.0,-3.612112779912224
1880.0,-1.5181931758644485
1881.0,0.9608562133527178
1882.0,-1.9250052892291798
1883.0,2.6684021308095858
1884.0,0.5096742611375981
1885.0,1.127893763542281
1886.0,0.5593339895353598
1887.0,-2.5819421479449365
1888.0,0.42313856272053973
1889.0,1.2053790279735623
1890.0,-1.1039844649967694
1891.0,-3.096723562157352
1892.0,-1.0455193574848587
1893.0,-3.543085813954059
1894.0,-1.6804235840289918
1895.0,1.6410639888597018
1896.0,-0.5297319974106773
1897.0,-1.4340747446923383
1898.0,0.7841410420357706
1899.0,-3.059446216696604
1900.0,1.992155848382257
1901.0,-2.553690613562801
1902.0,2.1830092333074864
1903.0,3.2699620493148136
1904.0,-1.5015441740803668
1905.0,3.4019353284133476
1906.0,0.7346206034352839
1907.0,-0.9738573908917881
1908.0,3.1337725460283465
1909.0,1.879015936208897
1910.0,-3.9628181665727493
1911.0,2.855424919182063
1912.0,0.031708792505126995
1913.0,4.741001755800396
1914.0,0.40291688759173616
1915.0,-3.576130432459294
1916.0,0.07060741723649509
1917.0,1.5898814053021684
1918.0,-2.0720043982879464
1919.0,2.765574990707533
1920.0,-0.12296352220151523
1921.0,-0.6542809624366068
1922.0,3.108610822274585
1923.0,-1.9221875495229694
1924.0,-1.0501586314729572
1925.0,1.0601762599322297
1926.0,-2.386799773454801
1927.0,-0.5776163463865386
1928.0,-1.4435349535689481
1929.0,0.04776237396385569
1930.0,3.5774533580150063
1931.0,0.14823696040693418
1932.0,-2.6244495224759405
1933.0,0.7598500862170451
1934.0,2.751105807111231
1935.0,1.3493512632308644
1936.0,0.28509649455770697
1937.0,-1.7997277359943114
1938.0,-4.722886050798108
1939.0,2.660068900234811
1940.0,1.479400060095335
1941.0,3.038772191926658
1942.0,1.7733172832387176
1943.0,2.4194195178752897
1944.0,-0.644322421704578
1945.0,-0.6026702258079638
1946.0,-1.0312439396753845
1947.0,3.5982929956478373
1948.0,-0.9319292969232924
1949.0,3.760726365730426
1950.0,-0.08786459017736341
1951.0,2.477079588138875
1952.0,0.3678532199923339
1953.0,2.499501699673962
1954.0,2.183686524707312
1955.0,0.4454674753016562
1956.0,-0.4679397293148522
1957.0,0.9076851437595536
1958.0,1.0050917894060643
1959.0,-0.6107004940515642
1960.0,1.6325345311406727
1961.0,-3.2879236381511534
1962.0,-0.1504210514987889
1963.0,-0.971584901140002
1964.0,-3.1399857648212115
1965.0,-0.5983488950479476
1966.0,-0.8759059138079475
1967.0,0.11837789994437989
1968.0,2.8630075035801
1969.0,3.654133308548981
1970.0,-6.0247693922698495
1971.0,-0.8184059064795861
1972.0,0.67012717270351
1973.0,-1.1081410910425769
1974.0,-1.3898397507635065
1975.0,-1.0287151099648972
1976.0,-1.364978360366072
1977.0,-3.5950655326429266
1978.0,-1.290086676467227
1979.0,1.2081639698331927
1980.0,4.522820440644264
1981.0,-0.09020135243234266
1982.0,-0.8295451092776703
1983.0,-5.292038497452209
1984.0,3.362592232571286
1985.0,0.20122940786435886
1986.0,-0.9685172660698712
1987.0,-1.182182985136562
1988.0,-0.09805139875547411
1989.0,-1.0520434623740413
1990.0,-0.3802242258255789
1991.0,0.8792003295178468
1992.0,-2.6687506535235674
1993.0,3.062256612317964
1994.0,-1.2911554260223412
1995.0,2.7703926778644643
1996.0,-0.9497134046294551
1997.0,3.2234096864814683
1998.0,1.3346101260865584
1999.0,0.011257283754049491
2000.0,2.27713122413795
2001.0,-0.5066786810733284
2002.0,-0.579056146436484
2003.0,-2.535009529456728
2004.0,-3.6916454546296533
2005.0,-1.2976784530029066
2006.0,1.4654479183400517
2007.0,-0.4704789543921858
2008.0,0.7402719490338737
2009.0,2.1019730551533344
2010.0,-2.501434915777264
2011.0,0.7140608666344297
2012.0,0.2173816853242012
2013.0,0.08092400315157793
2014.0,2.0017995909974378
2015.0,2.3073462688240065
2016.0,3.4923045174793477
2017.0,-2.799013470511633
2018.0,-1.3355056492484618
2019.0,-2.0416984848659463
2020.0,-1.246417634820011
2021.0,-5.281966541258661
2022.0,0.6222425122822831
2023.0,0.5267608869008201
2024.0,-1.1249138429598748
2025.0,1.7202906632331456
2026.0,-0.5175349352136739
2027.0,-2.1320264027852254
2028.0,3.8084571745201297
2029.0,-0.4054052871407546
2030.0,-3.236416124975264
2031.0,0.8724614420478033
2032.0,-0.17584175562909288
2033.0,4.175699143145796
2034.0,-2.008960927812339
2035.0,0.03460332406827149
2036.0,2.3629925583474267
2037.0,2.149401164708395
2038.0,1.4754674609010345
2039.0,-1.8704286209376915
2040.0,0.774594833383954
2041.0,0.9587853762278706
2042.0,0.5294946103824395
2043.0,-2.1843235866321256
2044.0,0.49436773575189974
2045.0,-0.34997095917921445
2046.0,-0.275508589404643
2047.0,1.2603578773370105
2048.0,-1.0681290223872757
2049.0,2.581561906138969
2050.0,-2.149558331691636
2051.0,-1.5606607672514032
2052.0,2.9748321113928675
2053.0,-2.6551143039178164
2054.0,-4.356020004422119
2055.0,1.0300822667989864
2056.0,-0.70686673732091
2057.0,2.6075160253555745
2058.0,-0.058094524217996074
2059.0,2.221646483053242
2060.0,-2.9707823243180154
2061.0,4.932471948925599
2062.0,0.4995898590785809
2063.0,-0.7067355416435667
2064.0,-0.4387722581426244
2065.0,-2.3054860108126425
2066.0,-0.054615441998009356
2067.0,-0.17223418142077074
2068.0,1.9933824165439273
2069.0,-2.093256977816559
2070.0,5.194485337487151
2071.0,4.7654406032811405
2072.0,-1.2895319275760184
2073.0,-2.2986757090094323
2074.0,1.2827517138778948
2075.0,6.537933979138832
2076.0,0.19551962068764692
2077.0,-0.8118395452523237
2078.0,-0.21118799818256467
2079.0,2.237771740561115
2080.0,1.0765993663292588
2081.0,2.5051864665865025
2082.0,-1.6028610614314558
2083.0,-2.9161893985433927
2084.0,2.2191943521138913
2085.0,1.349824983506894
2086.0,-0.0885738392184001
2087.0,2.086604914713364
2088.0,-0.05264851767716925
2089.0,-0.36459873986213026
2090.0,3.656311056498409
2091.0,0.4935935629719063
2092.0,1.011732172993733
2093.0,1.944831497979999
2094.0,0.6312598880047844
2095.0,-2.9624697954686745
2096.0,3.5660770128838943
2097.0,-2.125585000942545
2098.0,3.9472779367768656
2099.0,-2.223242914098125
2100.0,0.07867105908992053
2101.0,0.5154860736608877
2102.0,1.3867636886824661
2103.0,2.1174874695255954
2104.0,-1.1988301863642037
2105.0,0.862100017611881
2106.0,2.981874235712221
2107.0,1.314700916995218
2108.0,-1.5708129059210905
2109.0,1.0549722493037597
2110.0,3.716829295227955
2111.0,0.4615363617014319
2112.0,0.8251925675562143
2113.0,-6.1393553462868615
2114.0,3.71713568013946
2115.0,-0.6168430137176951
2116.0,0.4034145210083681
2117.0,-0.42136207501995243
2118.0,1.0746434159863705
2119.0,0.09052544861926963
2120.0,1.384439856271388
2121.0,-2.999842294933749
2122.0,2.35765591516376
2123.0,0.5289873771547651
2124.0,-2.137447667685908
2125.0,2.263408144768667
2126.0,-0.5013107908715334
2127.0,3.1304177979531445
2128.0,0.76861316813257
2129.0,-0.2556043882886823
2130.0,0.023011674156029432
2131.0,5.213962580365865
2132.0,-0.9373578203473499
2133.0,2.526857647390059
2134.0,-2.676912287390801
2135.0,-2.112350792982771
2136.0,-4.026958714925064
2137.0,2.5930357761064524
2138.0,0.8868194397458821
2139.0,-1.9168388980133324
2140.0,-3.2074445403065255
2141.0,0.9766589105367774
2142.0,-0.15778065414496362
2143.0,-2.1072114718347494
2144.0,2.9432697610042204
2145.0,3.2455603590574915
2146.0,1.5665221512102219
2147.0,-3.3333205081912096
2148.0,-1.9044774586779782
2149.0,-1.1050232232493935
2150.0,2.15202203162775
2151.0,-3.143600897161533
2152.0,1.1276185640628664
2153.0,6.056012110005962
2154.0,2.3387121474950314
2155.0,-0.7783597756120041
2156.0,0.06413848104987419
2157.0,1.5950184669676326
2158.0,-0.3057863818362644
2159.0,0.1973625344702677
2160.0,2.172981245873072
2161.0,-2.0835859892569135
2162.0,1.3727297825872196
2163.0,3.585699185742503
2164.0,-0.7573049610170147
2165.0,-2.426655077472169
2166.0,-0.3773194495694372
2167.0,0.8892551162866044
2168.0,-0.09130272727313689
2169.0,-0.22627078630737837
2170.0,-2.8678118260814087
2171.0,1.3227815162620036
2172.0,1.807479029927858
2173.0,-0.6277049921051238
2174.0,2.024238492182691
2175.0,-3.3639995957934663
2176.0,-0.2193313109261794
2177.0,0.677138759986817
2178.0,-2.092888944051811
2179.0,-3.158349942366844
2180.0,-2.2896074384853176
2181.0,3.7555173998068523
2182.0,0.13968617976277797
2183.0,1.9140691286626956
2184.0,0.3077806791179628
2185.0,-0.47779544541330926
2186.0,-1.2899882361409563
2187.0,0.08206603820551077
2188.0,-2.5247264671061664
2189.0,1.6958920348848332
2190.0,-2.498047903108299
2191.0,1.6193573899244287
2192.0,0.11397519403998589
2193.0,0.8778101810801692
2194.0,-3.7275573765311676
2195.0,-1.139733931848865
2196.0,2.4294187930164015
2197.0,1.7983757654351251
2198.0,1.1810663589769312
2199.0,-0.8719621439016603
2200.0,2.2485457922121292
2201.0,-4.500635310926034
2202.0,2.0254041920498045
2203.0,-3.9221637870161015
2204.0,5.266235226827791
2205.0,1.4344314209326825
2206.0,0.5170044541771263
2207.0,1.5579538362535723
2208.0,-2.0819405874008665
2209.0,0.6988468738269238
2210.0,0.18732766972438886
2211.0,-2.0849326205440115
2212.0,-3.155988409752253
2213.0,3.1192987119650057
2214.0,-2.004520088949746
2215.0,3.3354464955023246
2216.0,-1.0618249872396006
2217.0,3.8820122293569574
2218.0,-3.3219385345327805
2219.0,1.3198964787785137
2220.0,1.2176078925666747
2221.0,-0.34443860409675797
2222.0,0.455509302071441
2223.0,-0.03848477445008483
2224.0,-0.7725829871793243
2225.0,-0.9850322468323723
2226.0,3.5070074777288833
2227.0,0.043242221697140176
2228.0,-1.0181578046882702
2229.0,1.6263984981026507
2230.0,0.6138950081420085
2231.0,-1.1060677821843732
2232.0,0.005278224061677079
2233.0,2.4149032167849804
2234.0,-1.1601162418894948
2235.0,4.384425901776115
2236.0,1.422940913362157
2237.0,0.269726157383224
2238.0,-1.3415473751025309
2239.0,0.5378476110870989
2240.0,0.5082996837020328
2241.0,-1.1946741767946136
2242.0,-1.9128469552379388
2243.0,-1.4594719557537663
2244.0,0.011794281187758
2245.0,2.056266540998626
2246.0,-2.904833633622416
2247.0,1.099038315030625
2248.0,2.9678741440452723
2249.0,0.5527114116138544
2250.0,-0.41321650091530576
2251.0,0.2627827010978244
2252.0,0.9268624185332393
2253.0,0.5523082527595972
2254.0,-2.866495960784574
2255.0,-0.7544102546595177
2256.0,-1.938048217134705
2257.0,-0.17749165217878035
2258.0,-1.6689209958260514
2259.0,-1.7830577518275434
2260.0,-0.11569439563625221
2261.0,-0.015476298957901686
2262.0,0.6798171969077491
2263.0,-0.1405129569891765
2264.0,-0.8797111787755098
2265.0,0.5216707339090979
2266.0,3.6517010503377096
2267.0,0.40108285359594287
2268.0,1.5946283343117802
2269.0,1.7529700480495403
2270.0,-3.71894188517298
2271.0,-2.5893697880978217
2272.0,-0.8851100854742886
2273.0,0.2782829666292301
2274.0,0.5782356172099083
2275.0,3.484742059568247
2276.0,-1.2313235713587292
2277.0,-3.6792105383723803
2278.0,2.910517930302085
2279.0,0.4579434932741121
2280.0,0.4985851104199742
2281.0,2.6563620963639685
2282.0,0.2890398948433066
2283.0,-1.2842728249344375
2284.0,-2.4548095203012075
2285.0,2.4739489986600476
2286.0,-1.9957916657000097
2287.0,-2.339833009604275
2288.0,-2.25116533183786
2289.0,-1.2146693119398437
2290.0,-0.533927260474844
2291.0,-2.3905173807885007
2292.0,0.14720178390043198
2293.0,-0.2525974601839913
2294.0,-0.314027108198584
2295.0,-1.4252490767988284
2296.0,1.567530627312083
2297.0,-1.4531386387571184
2298.0,2.4405186394906826
2299.0,-1.6631266230409265
2300.0,-1.125955278749048
2301.0,4.271263352664537
2302.0,-0.1784682300689425
2303.0,-0.7190080238056679
2304.0,-0.9816827226788792
2305.0,3.1920784227890824
2306.0,3.717917055405273
2307.0,2.091452224605322
2308.0,-1.44849448084334
2309.0,-1.8841568282091286
2310.0,-3.700454446741765
2311.0,-0.027146187076054065
2312.0,0.9533805002714203
2313.0,1.1545952707589588
2314.0,0.7285646618106365
2315.0,1.1691740452456902
2316.0,-0.24027649527046907
2317.0,-1.0328803996827436
2318.0,3.1220196427940197
2319.0,0.6590915804658332
2320.0,-0.006648788199476261
2321.0,2.733258719393353
2322.0,1.7209364480176081
2323.0,0.5767860117139754
2324.0,2.7242496599594914
2325.0,-1.664968272743769
2326.0,-0.5870932008557338
2327.0,0.6200386477408446
2328.0,0.6541556548493939
2329.0,-3.3659756705649295
2330.0,-1.5667605058518272
2331.0,-2.654913053030236
2332.0,-0.8293777477801305
2333.0,-0.31485318586137967
2334.0,-0.8758055046371032
2335.0,4.034414545379099
2336.0,-1.5913905748450334
2337.0,0.5837088192407827
2338.0,0.3013038970323532
2339.0,-3.1537052020964147
2340.0,4.9242436045659295
2341.0,1.7993994762325374
2342.0,-0.04780680466593932
2343.0,1.5657053713821654
2344.0,-1.6580459299742085
2345.0,1.1625668320513483
2346.0,-2.9784929291388305
2347.0,-0.6206841547919867
2348.0,-2.4531451455320994
2349.0,-4.64693752709399
2350.0,2.3993214283340416
2351.0,0.9933388637036056
2352.0,0.616917106972709
2353.0,2.506880343453401
2354.0,-3.589136844252264
2355.0,0.20843785964784073
2356.0,2.9424181221440886
2357.0,1.6767659617812662
2358.0,-2.5350758803356133
2359.0,-1.6283434996324833
2360.0,-0.8273710064742441
2361.0,0.329109664682032
2362.0,-3.5216396867105395
2363.0,1.1629826417064113
2364.0,-2.6399816235923583
2365.0,-0.5221558618683243
2366.0,0.43536836843214616
2367.0,1.9958193792588763
2368.0,-0.8266220062244389
2369.0,1.066081572670746
2370.0,2.4877034907488067
2371.0,2.4039704023694894
2372.0,-1.271521318034565
2373.0,-1.047531781416863
2374.0,1.8011761474962884
2375.0,-4.051689458421443
2376.0,2.0357631351136147
2377.0,0.8125519535600686
2378.0,-2.3167129932420774
2379.0,-0.760105246238021
2380.0,-1.33051247742521
2381.0,-2.273403067737382
2382.0,-1.3473223756462922
2383.0,1.097676294645897
2384.0,-0.9738484677126164
2385.0,0.5075829433589858
2386.0,-0.6455072843445977
2387.0,2.8244619511245594
2388.0,-0.44193487504362156
2389.0,-3.340368511992634
2390.0,-0.902117293244072
2391.0,1.5544394254949245
2392.0,-1.558059589414033
2393.0,0.46245280077479006
2394.0,-1.8126774582157306
2395.0,-2.87458632691417
2396.0,-1.6285604285269344
2397.0,-0.9252251050448229
2398.0,-1.8191594222662544
2399.0,0.5845846948897181
2400.0,-2.2695794399351326
2401.0,-5.9354472254289625
2402.0,2.7396433806387646
2403.0,0.8892317673531605
2404.0,0.9561288266852227
2405.0,-0.5940790672408658
2406.0,0.3257171910698186
2407.0,3.020765599442096
2408.0,1.543263074202194
2409.0,1.327296951332362
2410.0,-3.056938919800457
2411.0,3.210317211808476
2412.0,-1.6130755324323889
2413.0,-2.1041015913008705
2414.0,-1.4697279118725248
2415.0,-3.8064655782942176
2416.0,2.263976769445706
2417.0,-2.5337081291357175
2418.0,5.268153251424386
2419.0,-0.1780992501044813
2420.0,-2.663475883174706
2421.0,1.511141675197275
2422.0,0.2696746470493609
2423.0,-0.16206237325903128
2424.0,0.24970278244090618
2425.0,-1.7301374463942092
2426.0,-1.7456742893398496
2427.0,0.8788218196233841
2428.0,2.5920700095966085
2429.0,2.6090915442742557
2430.0,-0.4531267674146238
2431.0,-2.7775763837799974
2432.0,0.1603858927647068
2433.0,-3.8448122826535536
2434.0,-0.08903497825878495
2435.0,1.1603729387279684
2436.0,-1.8625355534346049
2437.0,1.5797126053284762
2438.0,2.3387767458036204
2439.0,1.0253916071547418
2440.0,1.7572773464416314
2441.0,-0.29790913089056353
2442.0,-3.835283452731622
2443.0,-0.7374861458100778
2444.0,2.803662397089667
2445.0,-4.586972804417261
2446.0,3.542562088226637
2447.0,2.4153317021139116
2448.0,0.5298479464959703
2449.0,1.3252979189760619
2450.0,-1.1720622811630577
2451.0,-2.966359450167089
2452.0,0.38650454847040683
2453.0,-3.454446357882379
2454.0,1.445084555339396
2455.0,2.606355492469026
2456.0,1.3308426194010006
2457.0,3.1435413383513278
2458.0,-1.0971222773876896
2459.0,-0.23328608871335088
2460.0,3.0948883978366166
2461.0,1.8727276040919114
2462.0,2.206375266919117
2463.0,-0.7881757631567727
2464.0,5.225363234077715
2465.0,-0.16070380872045614
2466.0,-4.6646667788994085
2467.0,3.8794526724856664
2468.0,-2.1885077083093982
2469.0,-2.4050677780259675
2470.0,1.3461188296824138
2471.0,1.0594810948603668
2472.0,1.4240258371963248
2473.0,-0.6928549329142845
2474.0,0.9790127271077315
2475.0,-0.7723870041266331
2476.0,1.3066954689510943
2477.0,0.8525283403188455
2478.0,-1.0085929944973557
2479.0,1.7803210179901636
2480.0,0.6755964617805494
2481.0,-3.5780998536592987
2482.0,-1.17797061268572
2483.0,1.9357090710451517
2484.0,0.02178912716301357
2485.0,-1.5892437041388343
2486.0,-2.1752584426208976
2487.0,2.4911918881424726
2488.0,-2.105154550372352
2489.0,-1.0084141632673362
2490.0,1.7663951807153082
2491.0,-0.4553357190084586
2492.0,-0.6680015368496772
2493.0,-1.4806020317960087
2494.0,0.37724452538021574
2495.0,1.3611163116337117
2496.0,-0.18177877083032404
2497.0,0.5725386317884394
2498.0,0.5290561638065352
2499.0,0.6479191385324213
2500.0,1.450517649925344
2501.0,0.03361936373593521
2502.0,-1.4455361698333866
2503.0,0.31728697593244315
2504.0,-0.09655501804176134
2505.0,-1.5829306505789371
2506.0,-3.606533416365843
2507.0,1.9944641076230214
2508.0,1.4945340810541639
2509.0,0.8314197200773056
2510.0,-0.8995481717105234
2511.0,-4.66030144932192
2512.0,-3.4936756488625575
2513.0,3.6296142742778357
2514.0,2.9826850963025255
2515.0,-3.6534418728069946
2516.0,0.9148582542078498
2517.0,-0.7905061889777165
2518.0,0.9503961827101828
2519.0,1.2950091656282015
2520.0,-1.4384714876780316
2521.0,0.7168022404727384
2522.0,-0.5033052625101692
2523.0,1.646287857622264
2524.0,-0.5686752598306997
2525.0,-1.053335762591317
2526.0,-2.335895372510064
2527.0,-0.740445254382495
2528.0,-1.1093592313560066
2529.0,0.6101129183409768
2530.0,-2.9259143879216136
2531.0,-1.2674236861526498
2532.0,0.44705644603624173
2533.0,0.8635740272136987
2534.0,2.3103700188767697
2535.0,-1.3232197706707987
2536.0,-1.6732697745161011
2537.0,5.236809850872535
2538.0,-2.159828661669476
2539.0,0.6163445884862274
2540.0,0.47570057028135493
2541.0,0.27774436718548695
2542.0,1.5983585124563293
2543.0,1.9611165136770723
2544.0,2.155067878662128
2545.0,-2.30863633397524
2546.0,1.7413201413487072
2547.0,3.499332721905871
2548.0,-2.421176641064994
2549.0,-1.3112216223131792
2550.0,-2.047938138808798
2551.0,4.409027858648552
2552.0,0.7853890835491981
2553.0,-2.681486298938999
2554.0,-4.177887130791492
2555.0,-3.0189861352617196
2556.0,-0.8153886218454857
2557.0,1.171739888209857
2558.0,-1.099494365481183
2559.0,-4.390303708854172
2560.0,3.182046348253134
2561.0,0.18458919319929143
2562.0,-0.8178420542878626
2563.0,-1.088647016465932
2564.0,0.5868516361288745
2565.0,-1.490767085796591
2566.0,5.162637450415377
2567.0,0.05105675141647365
2568.0,2.5409579113828427
2569.0,-0.3916371306621986
2570.0,0.7391739627913654
2571.0,-0.8065980670285197
2572.0,-3.120355346339219
2573.0,-0.33497528029120277
2574.0,-2.8816491613589195
2575.0,-1.5374162990178784
2576.0,-0.3386776034689625
2577.0,1.4888994317026374
2578.0,1.5911171183818846
2579.0,-3.4537083741611405
2580.0,-0.3711185472659248
2581.0,-0.26675306017284095
2582.0,-0.4105628781249794
2583.0,1.0394960293942062
2584.0,1.2095220315307966
2585.0,2.8376740678547847
2586.0,-3.7782572321524936
2587.0,0.8289867458616962
2588.0,-0.5864785149403697
2589.0,1.56343272316841
2590.0,-0.3445259904403678
2591.0,0.7322593890347207
2592.0,2.020539270512723
2593.0,-1.368120560891546
2594.0,0.023357281760711175
2595.0,-0.7207413903461405
2596.0,1.7731554148399287
2597.0,-2.2053570689752915
2598.0,-1.0874172757278269
2599.0,-1.069175273624733
2600.0,2.2335712709114635
2601.0,-4.829834370072752
2602.0,4.093522900414367
2603.0,-0.083175730471967
2604.0,1.0860817963368392
2605.0,1.010472474679053
2606.0,-2.3957126792231898
2607.0,4.639479627645501
2608.0,2.842663573443013
2609.0,2.5057161792164204
2610.0,1.3991820747170216
2611.0,0.6123652932644158
2612.0,3.287588877412715
2613.0,1.1348591971418591
2614.0,0.6159450845869949
2615.0,1.7343465964089158
2616.0,3.2140527738997915
2617.0,0.3894144877887268
2618.0,0.7106491897897171
2619.0,-0.9378573490097538
2620.0,1.0941511343352825
2621.0,0.4242678704670488
2622.0,-2.3367055275260276
2623.0,-3.919855897925857
2624.0,-1.305204372830695
2625.0,2.021611208717762
2626.0,-3.623006382322556
2627.0,-3.452841947096843
2628.0,-2.7773596171811343
2629.0,-3.627206130736773
2630.0,-0.7320343085718335
2631.0,1.5586113563171322
2632.0,-1.2470133069628377
2633.0,1.48343240744173
2634.0,-2.1768580963794055
2635.0,-2.2356435347335997
2636.0,-1.2622824404806123
2637.0,-1.3556790941074643
2638.0,0.23601892036535246
2639.0,2.2656898539921175
2640.0,1.298206832671926
2641.0,-4.5566128037618565
2642.0,1.0661736434711753
2643.0,0.9015526851479663
2644.0,-2.992704316309549
2645.0,-0.6296222814093263
2646.0,-1.276839889582388
2647.0,0.9116710481068189
2648.0,-0.44089602534598776
2649.0,3.373439140075502
2650.0,-1.1098038614323629
2651.0,-0.6649165598242512
2652.0,-0.4769401787247391
2653.0,1.4164968660440571
2654.0,-5.004428704443608
2655.0,0.018423711662273815
2656.0,0.5171373626018494
2657.0,-0.5764515279060861
2658.0,-0.7956020031820502
2659.0,-1.664938015743819
2660.0,1.2946593967084916
2661.0,3.2719068518368317
2662.0,-1.1379946807148766
2663.0,-0.17653904788221494
2664.0,2.5986373792800226
2665.0,0.13339941335007624
2666.0,-0.35846474815611307
2667.0,1.3735471039209768
2668.0,0.47673973432515315
2669.0,-0.9382145675930165
2670.0,-2.314964075654471
2671.0,1.523410746203893
2672.0,2.8852457293356197
2673.0,-1.1787934025997233
2674.0,-1.7274731733827626
2675.0,2.7914994405861746
2676.0,3.51959717041671
2677.0,2.0326081981727326
2678.0,2.1957807984920925
2679.0,2.415978439431446
2680.0,-0.2627625957555224
2681.0,0.3990179159334455
2682.0,-0.13541587656031365
2683.0,-2.464192665896463
2684.0,-1.7826368227123395
2685.0,-0.025030477238836592
2686.0,2.354351770495036
2687.0,0.03649268537262171
2688.0,1.8671357474591952
2689.0,0.4574737412614363
2690.0,-0.08700641975343319
2691.0,0.1704743599739324
2692.0,0.47558452607791446
2693.0,-1.5834504644964975
2694.0,2.6873520819731103
2695.0,3.8638523892023753
2696.0,2.0351325632691415
2697.0,0.05430173098626492
2698.0,-0.8434843274930086
2699.0,-1.6075535014093858
2700.0,1.6238639823508374
2701.0,-2.113134413301754
2702.0,-0.8532065890260068
2703.0,1.0426415254929928
2704.0,-0.903542149465979
2705.0,1.4493762626832274
2706.0,0.5244914491452106
2707.0,-1.5364153022134488
2708.0,3.187742626624535
2709.0,3.2340554357292417
2710.0,0.44974402950204334
2711.0,1.1033930618370573
2712.0,-1.4194072431962423
2713.0,1.8037030709779251
2714.0,-2.172432462916236
2715.0,2.8871350326885046
2716.0,-0.24094099640350952
2717.0,-1.4717260169705115
2718.0,0.6685234282088249
2719.0,3.1974325150254086
2720.0,-0.2948230336883995
2721.0,-0.9797485316775271
2722.0,-0.929574689667051
2723.0,1.1619382971819776
2724.0,-0.231993531368463
2725.0,0.9616133884524681
2726.0,1.077141119648885
2727.0,-0.4508018110181247
2728.0,1.4168429208905284
2729.0,1.8040781383413405
2730.0,0.23271131340636952
2731.0,1.8186070164910768
2732.0,-4.355284734603432
2733.0,1.6405019767894338
2734.0,-1.2302228011079352
2735.0,-3.0558877015105166
2736.0,0.1845653810227044
2737.0,-2.0161528949866323
2738.0,-0.1795591429297308
2739.0,-1.547037824554506
2740.0,3.3655520701379182
2741.0,-3.7135189186103927
2742.0,3.479958727987589
2743.0,1.2158064646062965
2744.0,0.30500898428664996
2745.0,1.2529395778853942
2746.0,-2.3422655551672737
2747.0,1.433167931797249
2748.0,-0.6361468101317391
2749.0,-0.18548667646662037
2750.0,-0.07192100879635996
2751.0,-4.735655598697411
2752.0,0.2055075704921546
2753.0,3.037656782672175
2754.0,-2.7665512656393143
2755.0,1.1272553786124488
2756.0,-0.8389457826911161
2757.0,6.0235080032151656
2758.0,-1.0409942860047687
2759.0,2.466086355295724
2760.0,2.753534341644571
2761.0,-0.2984492354919872
2762.0,1.222660435111321
2763.0,0.08183297670406449
2764.0,-0.7271508578505449
2765.0,-1.366556360688592
2766.0,-0.21647266060244483
2767.0,0.41774852922872324
2768.0,1.1382748352089047
2769.0,0.2734221918313297
2770.0,-0.047649536989587016
2771.0,3.8068457674484106
2772.0,0.20220576427160747
2773.0,-0.012487807065616988
2774.0,0.5895876216977618
2775.0,1.259075602786644
2776.0,1.5228992965932087
2777.0,-2.091810970088733
2778.0,-3.611904010367414
2779.0,0.016430289374577692
2780.0,-1.5439020609369667
2781.0,0.6679378944886453
2782.0,2.8299256172424503
2783.0,1.3630164546484809
2784.0,-1.6820020098498962
2785.0,-1.824496335327763
2786.0,-2.5798488803158874
2787.0,-0.8338833497321709
2788.0,-3.6242220781236933
2789.0,-2.368325019439044
2790.0,0.4385691851545607
2791.0,-2.8291629012066126
2792.0,1.3762634926178219
2793.0,2.3427776557474664
2794.0,4.840583644878426
2795.0,-0.2534624922598108
2796.0,1.3624381223702862
2797.0,0.34992951320895527
2798.0,-0.3361459905835812
2799.0,0.41717429765875275
2800.0,1.3379621643142576
2801.0,-0.9901673324322171
2802.0,-0.3260342752556572
2803.0,-1.4242809264216425
2804.0,-0.29937573095119857
2805.0,-0.5537005351611402
2806.0,2.3352656086554853
2807.0,-0.9413760160723524
2808.0,2.500768861088288
2809.0,-0.7832239637133308
2810.0,-0.759859422008038
2811.0,-2.4350271824318557
2812.0,-0.4104534942047085
2813.0,-1.0352248022822879
2814.0,0.9226087835295411
2815.0,1.0407155236790346
2816.0,0.9680828466461068
2817.0,-0.6982371949294958
2818.0,2.0861387983856376
2819.0,-0.10542036316905326
2820.0,1.5451367875296214
2821.0,2.124204243341519
2822.0,-1.9586755607821864
2823.0,-2.143701812592471
2824.0,1.016736730570745
2825.0,1.0963775404770966
2826.0,1.8935429355417284
2827.0,-2.2290722644334866
2828.0,1.190696736375186
2829.0,-0.8701964956450834
2830.0,1.8629323231504948
2831.0,1.2089851989437332
2832.0,0.10818759445430176
2833.0,0.04450902966512983
2834.0,-1.688642423495861
2835.0,-0.8160613877269327
2836.0,3.4730349370137166
2837.0,0.7810224371824998
2838.0,0.5633127508105326
2839.0,0.8433260217604165
2840.0,3.060231856994093
2841.0,-2.7031447209605055
2842.0,-0.4696337307762499
2843.0,-1.3303292710490913
2844.0,5.403275870818078
2845.0,0.32062434135193035
2846.0,0.4183835470650661
2847.0,-0.9070556507185312
2848.0,1.4110870829760502
2849.0,0.822473230585593
2850.0,0.7089080662517478
2851.0,-3.6999000815902496
2852.0,2.151117547782696
2853.0,0.7023829421554121
2854.0,2.262606114616668
2855.0,0.36443280312610576
2856.0,2.6021038317458913
2857.0,-1.010156333328119
2858.0,-1.731068833311096
2859.0,0.33651554281661344
2860.0,-1.9024307057719476
2861.0,1.3695936012563725
2862.0,1.6520264719851363
2863.0,0.682457582940353
2864.0,0.37716704445150695
2865.0,-0.4538148183629373
2866.0,0.10107366726397121
2867.0,-0.02524624009708602
2868.0,0.7327911453010821
2869.0,-0.578830566883908
2870.0,-2.420335026902166
2871.0,-0.504296352004722
2872.0,0.2055949992330655
2873.0,-4.089392132262979
2874.0,-0.016950855037587708
2875.0,-1.628278737011314
2876.0,-1.0548772079208428
2877.0,2.265640182458996
2878.0,0.24820382353299422
2879.0,2.233353063683736
2880.0,0.7132128915123505
2881.0,1.6953219683066334
2882.0,3.835792267941332
2883.0,1.2141316673961078
2884.0,-0.5131739372110521
2885.0,0.22854532581916073
2886.0,4.553329860911432
2887.0,0.6907738802061663
2888.0,-3.2486565755099384
2889.0,0.3399968130279964
2890.0,-1.097588700370703
2891.0,0.520313128267394
2892.0,-2.262362202314562
2893.0,-1.6271427273872705
2894.0,0.969261067025364
2895.0,-0.11382784396671852
2896.0,1.0115978404643187
2897.0,0.5719819423988025
2898.0,0.4177296909149544
2899.0,-5.45759987824774
2900.0,2.570466972120525
2901.0,-2.1131489775087826
2902.0,2.4089107048574268
2903.0,-0.5094783296041606
2904.0,2.973186883478272
2905.0,-0.11830130210409293
2906.0,-0.3242996318924999
2907.0,1.8317522470240624
2908.0,0.4274520966751217
2909.0,0.3921349075423179
2910.0,-0.6794280382120116
2911.0,-0.32344373787969755
2912.0,0.6697823034755247
2913.0,1.7487577017454767
2914.0,1.069595074569467
2915.0,0.748079579528075
2916.0,1.4384022896200805
2917.0,0.09985078508850988
2918.0,1.7131497724014673
2919.0,1.7928282447685424
2920.0,1.9202243210557992
2921.0,-0.047524986273885086
2922.0,0.14850111241269282
2923.0,1.8453978140765743
2924.0,1.420599447717517
2925.0,-1.0260895524360538
2926.0,1.0323793139561088
2927.0,-1.2112396656587996
2928.0,-0.215671799108325
2929.0,1.039062438554949
2930.0,2.7691864937667154
2931.0,-0.6955409464150487
2932.0,1.074788902008302
2933.0,0.7852659397900442
2934.0,1.2677320690227292
2935.0,-0.07814940710195777
2936.0,-1.6052198145049008
2937.0,-0.44739159292958036
2938.0,-1.5353951154116485
2939.0,-2.9246680872239437
2940.0,2.0525786764550418
2941.0,-2.0506755864700983
2942.0,-1.5165944550696997
2943.0,0.5163975903484289
2944.0,-1.496284768305419
2945.0,1.8815170839731912
2946.0,-1.7736823076443782
2947.0,-0.23733801144767286
2948.0,-0.3660628045399143
2949.0,-2.8124954895580254
2950.0,-2.141477678790143
2951.0,-1.212191682055097
2952.0,2.267083768797216
2953.0,-3.677908419112658
2954.0,1.4997197675246516
2955.0,-1.0248241939753433
2956.0,0.3212145867639322
2957.0,-2.763099876671071
2958.0,0.8109573663581018
2959.0,-1.746071354199087
2960.0,2.568250782600899
2961.0,0.239743692348514
2962.0,-0.7538039221615302
2963.0,2.830878556632075
2964.0,-1.4952667411156098
2965.0,-1.5750543891868514
2966.0,-0.49909238615040913
2967.0,0.1301233155833427
2968.0,0.3679834106851549
2969.0,-3.316838414932491
2970.0,1.9307322667303568
2971.0,-3.513234536565374
2972.0,-0.5521145903683108
2973.0,-1.1629173695680433
2974.0,-1.194794766537436
2975.0,-0.2829141878275528
2976.0,-1.5841712841529885
2977.0,-0.6346298303093351
2978.0,3.686755551764118
2979.0,-2.084684312944656
2980.0,0.1736020978504899
2981.0,0.18987113982388965
2982.0,3.118508471590766
2983.0,-0.5631000908655749
2984.0,-2.2096911826501415
2985.0,-0.2654414930305082
2986.0,-0.5653010113529483
2987.0,-0.2758423296433038
2988.0,-2.0841712319607586
2989.0,0.058139716857510806
2990.0,0.23144283544362687
2991.0,1.208597402954068
2992.0,-0.5647689562101413
2993.0,0.7393473314647505
2994.0,-3.356847080657262
2995.0,0.5271161777676932
2996.0,-5.00561622078746
2997.0,-0.2959719927212055
2998.0,2.92604566183339
2999.0,1.473195980903269
3000.0,1.440534003271875
3001.0,-0.46692533679660436
3002.0,0.8451540851281332
3003.0,1.7282365832266027
3004.0,-1.2218171836458018
3005.0,2.011100833378093
3006.0,-0.4662948498570996
3007.0,-2.757831407558046
3008.0,-3.6539932482954556
3009.0,1.5744598530277027
3010.0,0.42385884595082074
3011.0,0.332462886116372
3012.0,1.7107294287933121
3013.0,-0.725189087012274
3014.0,2.8531525763404946
3015.0,-0.7236498548263822
3016.0,3.9733837891537322
3017.0,-0.5429105171985316
3018.0,-0.5536844830769028
3019.0,0.6886151246484284
3020.0,0.9193694804509157
3021.0,-0.12560692074706076
3022.0,2.538451212612003
3023.0,-0.48917888367831996
3024.0,3.5846519672275874
3025.0,2.296635547703572
3026.0,0.9914838560210738
3027.0,-0.39895766320603043
3028.0,-0.4624500553082599
3029.0,-0.7899955767648524
3030.0,0.4211182911694403
3031.0,-0.5091644061753211
3032.0,1.108939129530877
3033.0,-1.246725092274629
3034.0,2.7482120767441183
3035.0,2.245122370851663
3036.0,2.1058043728526203
3037.0,1.6359544560052872
3038.0,-1.3323082803269815
3039.0,0.286634634704395
3040.0,0.6202163933728159
3041.0,-0.08481734805694317
3042.0,-0.6363923591786629
3043.0,-0.9519900789755277
3044.0,0.8778235245215074
3045.0,0.3987141962716275
3046.0,-1.6850180860958845
3047.0,-1.9848432531131088
3048.0,1.4566065132039485
3049.0,-1.6150512540060604
3050.0,1.5316094758100522
3051.0,0.5948451050196203
3052.0,1.1726250123113282
3053.0,-3.410588920735407
3054.0,1.216578517570673
3055.0,1.169624561519756
3056.0,-1.9703008941109112
3057.0,-0.06148853148606173
3058.0,0.9211410520203336
3059.0,-0.5363856239255705
3060.0,2.542113563098916
3061.0,1.1414207885533039
3062.0,-0.481807070957961
3063.0,-1.6649905166381467
3064.0,-0.5772308209696816
3065.0,-1.6480940589989381
3066.0,0.012845250109022134
3067.0,-3.0430156687699847
3068.0,0.683099111016483
3069.0,1.1349731751351797
3070.0,0.2775413548607712
3071.0,-1.4641334015683167
3072.0,3.8727960435453324
3073.0,-3.016069424340819
3074.0,3.1765936821769376
3075.0,-2.6116737279763984
3076.0,0.397608165064167
3077.0,4.594853486710469
3078.0,-0.1355599210772166
3079.0,1.1259025747884668
3080.0,4.063254449586623
3081.0,-2.5232302327319593
3082.0,2.8214877661611153
3083.0,3.5274282630713856
3084.0,2.3715712173035697
3085.0,0.8348087726698455
3086.0,0.5191791610917064
3087.0,-0.37700658031947226
3088.0,-0.2510595178390096
3089.0,-3.3491153799011073
3090.0,-1.4165311536449992
3091.0,2.5358226455653656
3092.0,-1.0754312765959242
3093.0,-1.4009668734366816
3094.0,-1.5564973428473474
3095.0,1.2306883702114026
3096.0,3.831397256916982
3097.0,1.066122184525545
3098.0,-3.1004732239624033
3099.0,2.690948780836672
3100.0,-1.194978263890699
3101.0,-4.020837525942967
3102.0,1.3583125652225148
3103.0,1.8944953165906315
3104.0,-3.0585979185415137
3105.0,-2.5433705918884413
3106.0,1.765063648247297
3107.0,-0.9417494646905812
3108.0,0.022815883722604364
3109.0,-0.18186040525854938
3110.0,-0.7746422698169874
3111.0,-1.6130963864499035
3112.0,0.757592376988111
3113.0,0.5067002297170411
3114.0,-0.01190034568251866
3115.0,-1.0802623093923727
3116.0,-1.4630194054057883
3117.0,-0.9513638386995524
3118.0,1.6803190970182835
3119.0,1.6970473317287347
3120.0,0.953770975343325
3121.0,3.1100564887041613
3122.0,2.8037905564987144
3123.0,0.9544277685539031
3124.0,-2.393881820364117
3125.0,-3.8474821019369734
3126.0,1.911484224013615
3127.0,-2.2428659109541567
3128.0,-0.47049119930020133
3129.0,-1.7693664996232334
3130.0,-0.9631388574296456
3131.0,-1.1573869795369451
3132.0,1.5548623825511496
3133.0,1.9666086513022394
3134.0,0.1952024006042412
3135.0,2.536414515127696
3136.0,-1.672712239313125
3137.0,-0.060539630546947935
3138.0,3.4402183561165964
3139.0,4.148280991769269
3140.0,0.16962469083540824
3141.0,-0.6124217991761289
3142.0,0.17456375997536314
3143.0,-0.10359125216149592
3144.0,1.305277389819025
3145.0,2.090138178699338
3146.0,3.3512339060236633
3147.0,1.6297320095614778
3148.0,-0.7823215716750289
3149.0,-0.2766623127530683
3150.0,1.0912924890690017
3151.0,-2.4596592338376544
3152.0,0.12281848834109162
3153.0,1.4771975504943509
3154.0,1.1265644840702054
3155.0,0.3124672126600242
3156.0,-1.871080616273851
3157.0,1.3123955749661695
3158.0,-1.1006334226028904
3159.0,-2.6731428543822715
3160.0,1.1577057780629811
3161.0,0.4819079932910353
3162.0,-0.9942403877971757
3163.0,2.870203315384406
3164.0,0.45765612489816465
3165.0,1.2797126020947933
3166.0,-0.7313152090586702
3167.0,-4.537636929199378
3168.0,0.33603758417466867
3169.0,1.2009060456743776
3170.0,-2.723395153214869
3171.0,-3.2858957668029998
3172.0,1.022144830918784
3173.0,-0.3286495953731984
3174.0,1.9986494267953765
3175.0,-2.439838708734364
3176.0,-2.721409547625433
3177.0,-2.993125008519362
3178.0,1.728165464589284
3179.0,0.7583514630382203
3180.0,-2.3223476326319545
3181.0,-3.236964425163894
3182.0,1.7614691262551678
3183.0,0.5450950702317585
3184.0,0.007962174654019894
3185.0,-2.611128739448391
3186.0,0.5586946588045499
3187.0,0.08561476781296365
3188.0,-1.1784437264803918
3189.0,1.2498700818695454
3190.0,2.7245292707291964
3191.0,3.7712552945050515
3192.0,-1.9987250269650527
3193.0,-1.0239571130263414
3194.0,-1.6495281405668867
3195.0,3.0088399853162584
3196.0,0.9316907835321354
3197.0,2.9427299839846377
3198.0,-2.0482495789642616
3199.0,-1.7193545097354945
3200.0,1.4821777612476263
3201.0,0.4459284859999666
3202.0,1.826727917222943
3203.0,-1.6846481587248954
3204.0,0.5239171081809355
3205.0,0.23818913814228737
3206.0,0.4261807202239011
3207.0,1.23273165664505
3208.0,0.1064410945600531
3209.0,0.19594664159959196
3210.0,-1.3661310973089176
3211.0,-0.12545676886222323
3212.0,1.715523485354348
3213.0,-2.1773557172971882
3214.0,0.07869753973554966
3215.0,0.7832357017703612
3216.0,-1.2988236947572458
3217.0,0.5155350941482139
3218.0,2.0219166673378344
3219.0,0.3822016225043978
3220.0,0.0005446892652876003
3221.0,-1.2037208840511642
3222.0,-0.9625953517585646
3223.0,-0.9440083445724938
3224.0,0.7486890466142663
3225.0,-1.786030736267032
3226.0,2.5860688132188465
3227.0,0.22004086943664367
3228.0,2.5265448388387552
3229.0,-1.2806674770203834
3230.0,0.4348244301771699
3231.0,-2.8436355439489485
3232.0,0.33247227608856866
3233.0,1.1331665461797464
3234.0,0.2588214015035064
3235.0,-0.2351074398034892
3236.0,0.8230045823940538
3237.0,-1.8144386356657944
3238.0,0.9588249952256129
3239.0,0.6716772378670468
3240.0,4.09863167298701
3241.0,3.250408688673631
3242.0,-1.1361182338947746
3243.0,2.5178768790424173
3244.0,-2.301845659686477
3245.0,1.2044492150421693
3246.0,-0.9250385595310352
3247.0,-0.29613787796287544
3248.0,-1.6737749495576801
3249.0,-3.4408901489776738
3250.0,1.8305380271255929
3251.0,-0.27589619753059763
3252.0,0.5230715730779265
3253.0,-0.09539057939604145
3254.0,-3.476869307729574
3255.0,-0.22991519470527882
3256.0,-0.6525791242154784
3257.0,0.709321730338681
3258.0,1.4194580638176697
3259.0,1.1649072224391746
3260.0,-1.3811154513295005
3261.0,-0.751565252615804
3262.0,0.46321524784216156
3263.0,-0.10566417383834874
3264.0,0.5719713610211774
3265.0,0.6656402809085128
3266.0,2.6750601187073304
3267.0,-2.484700730325796
3268.0,-2.4633982788308777
3269.0,-2.3411699586132095
3270.0,0.037492876033743794
3271.0,1.5446541034299417
3272.0,2.3364757393470583
3273.0,-1.258625721041329
3274.0,-0.7919638281201029
3275.0,0.7771271600575004
3276.0,-1.5290049374811132
3277.0,-1.8839657894737603
3278.0,0.42032472969294443
3279.0,3.151527768032133
3280.0,-0.2603647807257506
3281.0,1.6779034598692162
3282.0,4.009548090208819
3283.0,2.4419222173585253
3284.0,-1.1623956585548905
3285.0,-0.608827816229134
3286.0,0.6766316355265432
3287.0,-3.1856599792291194
3288.0,0.45824716722093956
3289.0,2.6476454767584765
3290.0,1.5676390461969245
3291.0,-2.0975274943949955
3292.0,-0.6814129749878391
3293.0,0.35264700548147476
3294.0,0.6895677172513304
3295.0,0.6723927294461586
3296.0,-0.08299564599009529
3297.0,1.0693763841751192
3298.0,2.667113541990203
3299.0,-2.7100981964486888
3300.0,-1.5762774542793712
3301.0,-0.6114979295914956
3302.0,-2.0744828983256154
3303.0,-0.08038615483421725
3304.0,0.9138765854360721
3305.0,-1.9087681228380566
3306.0,3.8305952363868725
3307.0,2.5300595342702143
3308.0,0.3384785813824305
3309.0,0.28580783360960915
3310.0,-0.7913280286227432
3311.0,-0.03865694478762517
3312.0,-1.5663078181613226
3313.0,-4.004367902619623
3314.0,-1.5949198010765133
3315.0,-3.2730238705778163
3316.0,-1.8347526764554085
3317.0,-0.026095475017719628
3318.0,1.4410642005833625
3319.0,0.7521852353304527
3320.0,-0.7032326607348753
3321.0,1.9708786969313663
3322.0,0.1476011923925774
3323.0,0.2910240439162323
3324.0,3.35847232495795
3325.0,-0.3014885630336433
3326.0,0.9812303363335151
3327.0,-0.997799599491451
3328.0,-0.6718275183537566
3329.0,0.5103677107123475
3330.0,2.000464612903037
3331.0,2.509797382347411
3332.0,-0.7792843481474635
3333.0,0.20438856911015052
3334.0,1.7858573004245775
3335.0,-1.8368132386210598
3336.0,-2.5957758535307103
3337.0,-0.9251484862401803
3338.0,-2.6560777404242484
3339.0,1.6605909628041875
3340.0,-2.1618701422575826
3341.0,-0.5944495503036878
3342.0,2.0800050498527645
3343.0,-0.28328591126019287
3344.0,-0.31298055469548797
3345.0,0.584335094039274
3346.0,-0.4375303308355589
3347.0,-1.3900997444291516
3348.0,-2.5774579477871447
3349.0,-0.3303627278187465
3350.0,0.48754419656364056
3351.0,0.26893774742484433
3352.0,2.520273221956974
3353.0,0.9155415958140775
3354.0,2.2614235477703
3355.0,0.09095066978888519
3356.0,-2.43065542189039
3357.0,0.7773064515468403
3358.0,0.24063453101662696
3359.0,-1.5106567594934834
3360.0,3.335027262817981
3361.0,3.0123493724578028
3362.0,1.323288995385553
3363.0,1.1467140770272284
3364.0,-1.3299958140950034
3365.0,2.6824360743595235
3366.0,0.8919315013936067
3367.0,1.3551411805369573
3368.0,-1.2155644111040547
3369.0,2.827235804366686
3370.0,0.7101377346790458
3371.0,2.7981194410125374
3372.0,-0.2426604186586647
3373.0,-2.9328332754390343
3374.0,3.603625627328705
3375.0,2.7619088672929006
3376.0,2.2008930735772263
3377.0,-1.2597618213452806
3378.0,0.2669720860764155
3379.0,2.2956974305864675
3380.0,1.0096091378204952
3381.0,-0.7035499753608485
3382.0,-1.7600418346480922
3383.0,0.8540646830429711
3384.0,-0.061056116780378034
3385.0,-1.0473187675713347
3386.0,0.8515212274693502
3387.0,1.5559446395187466
3388.0,1.1613400305214714
3389.0,-1.1310398346904433
3390.0,0.5171660335085972
3391.0,1.574685343113991
3392.0,1.434025736989008
3393.0,0.1702309725229029
3394.0,1.5832142066491803
3395.0,-1.708614795014244
3396.0,1.7923335465748127
3397.0,0.030582656614652096
3398.0,-1.20878253263734
3399.0,0.9435326287479068
3400.0,-1.4071001843536661
3401.0,-3.40028243570329
3402.0,-0.20151350320756517
3403.0,-0.6722293854729882
3404.0,-0.3788262219946772
3405.0,1.0255864676460416
3406.0,0.783386845136179
3407.0,2.9078397242540808
3408.0,-0.06000078880439697
3409.0,-1.6750777095712028
3410.0,-0.3942611527292839
3411.0,0.09743336544598623
3412.0,-1.3792996235686885
3413.0,1.4500499425289683
3414.0,1.3115196391845534
3415.0,1.7546491922763932
3416.0,1.2448797979741169
3417.0,-0.015718094339798025
3418.0,0.8137875217964934
3419.0,-1.0798904537674774
3420.0,0.02386383099646337
3421.0,1.9407498716839895
3422.0,0.8644412290023161
3423.0,1.3010361834160407
3424.0,1.4676287795938543
3425.0,0.9923581946287903
3426.0,2.421336456787133
3427.0,-0.8703883932555108
3428.0,0.22221202100453186
3429.0,1.4526847934603528
3430.0,-1.1062258062452663
3431.0,0.19720848429928123
3432.0,-1.9362143242269967
3433.0,1.085130810476454
3434.0,2.7608756846641045
3435.0,-0.08106650507816557
3436.0,0.27563219077122025
3437.0,-0.7008834898081122
3438.0,0.16282359368848048
3439.0,-6.079168265816134
3440.0,-1.1839797154936162
3441.0,-3.4388526185578114
3442.0,-0.39880462585263626
3443.0,0.011412665954055462
3444.0,0.12743356901619576
3445.0,1.2432896734742984
3446.0,-0.936157895787503
3447.0,0.08021058939232602
3448.0,0.3025642854947318
3449.0,1.0778076571291284
3450.0,-0.10272041593909739
3451.0,-0.8276066984175371
3452.0,1.1920898329053722
3453.0,-3.213477070621053
3454.0,-1.3614599921637458
3455.0,0.30065328735874014
3456.0,1.6274178226619431
3457.0,3.5274224859173215
3458.0,1.617243768283778
3459.0,-0.6861296513990858
3460.0,-1.0220574315732949
3461.0,2.2300939864886495
3462.0,0.5817182952510597
3463.0,1.518164284994996
3464.0,-2.730972802393745
3465.0,0.2975303378060811
3466.0,2.0808975989989897
3467.0,-1.5933382123552853
3468.0,0.10355371201845484
3469.0,0.2544767830171252
3470.0,-0.475092595842509
3471.0,0.3000232679474532
3472.0,0.5985632144853366
3473.0,4.027733141151015
3474.0,1.5396877682195476
3475.0,0.030124439055647413
3476.0,0.7870852884463674
3477.0,0.7595575183917185
3478.0,3.6962023258981924
3479.0,0.361177584898723
3480.0,-1.7593217675774955
3481.0,0.5018615098643522
3482.0,-0.28732074066627034
3483.0,-0.431632642373578
3484.0,1.307772432126514
3485.0,-2.96383764225492
3486.0,0.517971183688136
3487.0,-1.6647033248156973
3488.0,-0.9812416478568079
3489.0,0.14115369508467443
3490.0,-3.2973290820270904
3491.0,-1.2043922429569225
3492.0,1.1813184368082055
3493.0,-2.1487950843560433
3494.0,-0.6199200989086631
3495.0,0.057881679559967245
3496.0,0.18110300776250876
3497.0,1.7029729836133347
3498.0,2.092623898210979
3499.0,-0.11672407938486208
3500.0,-2.190576010098848
3501.0,1.5603442487653496
3502.0,-3.968696916366441
3503.0,-0.30393113903995006
3504.0,-1.2704600954082303
3505.0,-3.8263748485296234
3506.0,-2.3298714582164726
3507.0,-4.476827687200965
3508.0,-2.5621089754582904
3509.0,-3.0912724472011406
3510.0,-1.1041017447886916
3511.0,-1.038993994605062
3512.0,-1.6690270078742444
3513.0,-1.7036845705492911
3514.0,0.5659288598397111
3515.0,-0.7242597389596588
3516.0,-0.8506621917397553
3517.0,1.0868577102328176
3518.0,0.2870427665866172
3519.0,-0.1613178516584028
3520.0,1.8753422177623256
3521.0,-1.7606252569309984
3522.0,0.832810848116752
3523.0,-0.8359239241065866
3524.0,-2.143547450561999
3525.0,-1.0145719435098954
3526.0,4.0773140727638575
3527.0,0.1433670324486666
3528.0,-2.467681189815312
3529.0,-0.8805365197027986
3530.0,-1.5800750552132723
3531.0,0.677836374787757
3532.0,-0.4622706592316623
3533.0,-3.2454038998008143
3534.0,0.018997426522011758
3535.0,3.2740123625819524
3536.0,-1.3207778812110542
3537.0,-0.10659713398650711
3538.0,2.7838520372679785
3539.0,0.4244677671016464
3540.0,0.14766688217531593
3541.0,1.6238226486710394
3542.0,0.03727384112795516
3543.0,2.0479966349018928
3544.0,-1.6553379476790884
3545.0,1.0275144074713694
3546.0,2.3591233751164067
3547.0,-0.5313193638774161
3548.0,-1.2312273780688092
3549.0,1.0977129416750657
3550.0,-2.4199331770903085
3551.0,-1.3956445129809694
3552.0,2.58060213054589
3553.0,0.21755260820021122
3554.0,2.5217207972729816
3555.0,1.610047764539538
3556.0,2.5715113968710477
3557.0,0.40574784849007917
3558.0,1.872690613489093
3559.0,2.391343350478362
3560.0,-0.8565519818436039
3561.0,-0.19251567213934176
3562.0,-0.4111037958655831
3563.0,-1.4917909389090809
3564.0,-0.9650211541195773
3565.0,1.6918799655305647
3566.0,-0.9967187794354136
3567.0,-1.5636332807186568
3568.0,2.7208424347857547
3569.0,-0.14847742845993306
3570.0,0.3203404414939684
3571.0,-1.1429605461730294
3572.0,0.650057728413092
3573.0,1.76328815217852
3574.0,-0.3686463435321521
3575.0,-1.428193086051276
3576.0,1.7986639979529457
3577.0,-2.7264851974430186
3578.0,-1.4812585584251412
3579.0,0.6981254339141997
3580.0,-0.7518051042114141
3581.0,-1.3125309353530086
3582.0,-0.3080840209742008
3583.0,-1.1836251784240577
3584.0,-1.4310034816748942
3585.0,-2.1712970393284827
3586.0,-0.21079898282810366
3587.0,0.6387044959692955
3588.0,0.7393837494157928
3589.0,2.5739967947395583
3590.0,-1.977198372806625
3591.0,-2.941829679154678
3592.0,-2.963615034731172
3593.0,-0.9445264013838799
3594.0,0.5768747926157626
3595.0,0.278829508981294
3596.0,-0.8265173279344086
3597.0,-0.6372589463534868
3598.0,-0.8399193608091083
3599.0,1.4092831685452931
3600.0,-1.184868032278343
3601.0,-1.569811512439289
3602.0,2.4902033670748587
3603.0,1.5069493246505985
3604.0,-0.09274426882423926
3605.0,1.3117826151022072
3606.0,-1.0478753110744194
3607.0,0.48860113169743064
3608.0,-0.4440350158697616
3609.0,-1.7942029108929283
3610.0,0.7658834109118319
3611.0,3.574262080833337
3612.0,-1.1177557257011437
3613.0,-0.33396405545208296
3614.0,-0.7975158997388582
3615.0,2.691487272249676
3616.0,0.573731130396459
3617.0,2.32380508480952
3618.0,-1.306314381528372
3619.0,-0.05348465222902438
3620.0,1.4118243528636067
3621.0,-0.059642534998016104
3622.0,-1.2411918585633612
3623.0,1.090251604642045
3624.0,-0.1890874203504945
3625.0,-1.1531704023233926
3626.0,0.9131673523527631
3627.0,0.7629937900360626
3628.0,-1.507683901379565
3629.0,-1.200185713811144
3630.0,-0.32037937690726137
3631.0,-0.6767400391910187
3632.0,0.2623191280955464
3633.0,-3.1815920806738354
3634.0,0.5619412972748994
3635.0,-1.9845224657342955
3636.0,-2.5314092121063254
3637.0,2.1152024300414225
3638.0,2.456360967073493
3639.0,-0.798770363196328
3640.0,0.22624755692977838
3641.0,0.409104575244483
3642.0,0.16454135898832753
3643.0,0.9928048846997283
3644.0,0.7448348532639758
3645.0,0.558887569522052
3646.0,0.07681447525345288
3647.0,-0.26235845505529415
3648.0,1.989639157421024
3649.0,-0.0940808690066668
3650.0,0.17841937426237736
3651.0,-1.0274845733722313
3652.0,1.2046038658877314
3653.0,2.024919431328852
3654.0,-1.7331906662175307
3655.0,0.5085157406240701
3656.0,0.9562615673190444
3657.0,1.8402164001924195
3658.0,-1.9889016577748486
3659.0,-0.6833360498722224
3660.0,-2.7869285425173955
3661.0,4.074072975975582
3662.0,0.012642502975187767
3663.0,-2.1707946797514777
3664.0,0.10634078511180416
3665.0,-0.9079562999145814
3666.0,-2.6665967956268624
3667.0,2.552863109438777
3668.0,0.39670200337800177
3669.0,0.40980609576240046
3670.0,-1.0353561716071773
3671.0,1.3669693749266998
3672.0,-1.1152485024658585
3673.0,-0.3157192854894043
3674.0,-0.43509639831562746
3675.0,-2.4292744614858437
3676.0,-0.10346231556890365
3677.0,-0.3080446669229409
3678.0,1.6830363785945885
3679.0,4.178520469397956
3680.0,-0.6532354364964879
3681.0,0.782998845566944
3682.0,1.4853022717022388
3683.0,-0.4116399123032691
3684.0,-0.8009271232796141
3685.0,-0.05984541414677069
3686.0,-0.16409001340945714
3687.0,0.5696767742300978
3688.0,1.9924250555424232
3689.0,0.753711762881096
3690.0,0.23944122722907987
3691.0,1.3104922131503411
3692.0,1.2579876731233162
3693.0,2.8439742621796302
3694.0,0.42845295692829066
3695.0,-0.04017645183420073
3696.0,-3.1938873824185734
3697.0,1.5414117724218637
3698.0,-2.9836473899785005
3699.0,1.4050131799562202
3700.0,-1.197360705976421
3701.0,0.4193774679223081
3702.0,3.272813163586795
3703.0,1.0168057335213874
3704.0,0.37292916988619396
3705.0,0.5213490964942304
3706.0,1.0935487156098807
3707.0,1.0913031200017513
3708.0,-0.25435540054295935
3709.0,2.1575301297083134
3710.0,0.9895821600726686
3711.0,-1.5627778757717767
3712.0,0.857445701400171
3713.0,-2.3085155259080214
3714.0,0.8649807947233225
3715.0,3.955977889447125
3716.0,0.5964865528476627
3717.0,0.6191359557915713
3718.0,0.44752986857154237
3719.0,-0.9086668771239158
3720.0,-0.45922644570391097
3721.0,1.2140317485282799
3722.0,1.994045870452217
3723.0,-2.9769004444155303
3724.0,1.0397789162681583
3725.0,2.5477007951967656
3726.0,-1.0250233170748666
3727.0,-2.1399003935907754
3728.0,0.07725746184967647
3729.0,1.2920423230592055
3730.0,-1.557053876317525
3731.0,-1.6626984500460504
3732.0,0.8634024137802788
3733.0,-3.460969475741527
3734.0,-1.4497361311915835
3735.0,0.6465346985054773
3736.0,-0.4575795642323787
3737.0,1.814154661587467
3738.0,0.5240256054190406
3739.0,1.103081118463841
3740.0,1.3870473679177455
3741.0,-0.0478037766651432
3742.0,-3.8319157999119082
3743.0,2.3171749790723752
3744.0,-0.9637308712771088
3745.0,-1.9868198816200715
3746.0,2.054146857276375
3747.0,-3.8726389257667506
3748.0,2.754468882618684
3749.0,3.022908605577239
3750.0,1.0253734410379802
3751.0,0.6970365163294621
3752.0,-2.4781426266855764
3753.0,-0.0722439635281478
3754.0,1.2547527925175035
3755.0,-0.4680568370694097
3756.0,-0.42715103019661893
3757.0,-0.8869508476845369
3758.0,-1.5899496208651098
3759.0,-1.4831339158457484
3760.0,2.413495687957048
3761.0,-0.5818586157588276
3762.0,-0.3039999907233521
3763.0,0.7860200606055243
3764.0,0.8872317867201516
3765.0,1.1448779146573156
3766.0,4.058125870157601
3767.0,-0.4062218923238027
3768.0,-0.31454124562968305
3769.0,-1.3221466601762415
3770.0,-1.5631291779563772
3771.0,0.7043325798645463
3772.0,-1.3849604292805335
3773.0,-3.0490369153734265
3774.0,2.952004525654867
3775.0,0.06103664748720033
3776.0,0.7854109537364103
3777.0,2.5545305148500046
3778.0,-3.3543425926262342
3779.0,0.5993698456382227
3780.0,1.3383537784155841
3781.0,-0.3020506744620693
3782.0,0.3391391322931995
3783.0,1.211058573382979
3784.0,-0.2587047587383376
3785.0,1.0946599238125363
3786.0,-1.3384936084156445
3787.0,1.9381139107210192
3788.0,-0.4788729262122491
3789.0,-2.2608084803428916
3790.0,-0.20939100382412554
3791.0,-1.688051795680062
3792.0,-1.1102409776134476
3793.0,0.7319743093493816
3794.0,-0.436114632760288
3795.0,0.010756876294833873
3796.0,-2.557596021844149
3797.0,0.3405539921080643
3798.0,-1.834700285419067
3799.0,-1.3983153083850883
3800.0,0.9951017322390107
3801.0,1.6534886666124013
3802.0,-2.8837318303864303
3803.0,1.5348133782781437
3804.0,-0.40533729573157906
3805.0,2.9522001052576647
3806.0,1.4461554939576267
3807.0,3.0466245795204565
3808.0,1.3805951314003697
3809.0,-1.1964548716494017
3810.0,-0.7027070463114408
3811.0,-0.19755003415591854
3812.0,0.7087904307115581
3813.0,3.12789863890054
3814.0,-0.5933122071677225
3815.0,-0.9855244912668584
3816.0,3.7199244940192493
3817.0,-0.7419076480805948
3818.0,0.708286518985101
3819.0,1.3371725966118988
3820.0,0.6212540595302469
3821.0,-2.811331564979095
3822.0,-1.08881707255463
3823.0,1.2705238867425224
3824.0,1.2859606177715726
3825.0,0.6413313211844369
3826.0,0.406896006216051
3827.0,-0.23534114115481028
3828.0,1.099131171682272
3829.0,-0.9430391609312486
3830.0,-0.7629510625049828
3831.0,-2.4666181724610157
3832.0,-1.551424185068996
3833.0,-1.0582861919656463
3834.0,3.2590704978467606
3835.0,-1.361894087730911
3836.0,-0.18305119525792296
3837.0,-1.0785538494631952
3838.0,1.9097853104273994
3839.0,2.208215356254557
3840.0,-2.2816923838177257
3841.0,-0.41610443858303514
3842.0,1.548568870851881
3843.0,1.4679266731667526
3844.0,1.1392290147536157
3845.0,-0.13021032622950554
3846.0,-0.9216156435686765
3847.0,1.7907670777503775
3848.0,-1.6606906325701274
3849.0,-1.6316364667895396
3850.0,-0.09072360690726404
3851.0,-2.2164209593648927
3852.0,0.41352211945233786
3853.0,0.1243139274307799
3854.0,1.9511272566129876
3855.0,-0.20848294631592
3856.0,-0.5761578898824585
3857.0,-0.11097051871590718
3858.0,-0.7589995974003613
3859.0,3.0287719771605315
3860.0,1.064629895192608
3861.0,1.872346064789315
3862.0,0.14192578187845065
3863.0,0.4146457559962935
3864.0,1.6946480146257872
3865.0,1.8782144747708576
3866.0,-2.189402555629605
3867.0,1.205879261047641
3868.0,1.8615696430790323
3869.0,-0.04571376990792392
3870.0,-0.89945872547922
3871.0,-0.22698308946662069
3872.0,0.6911635847817228
3873.0,0.024536038125518512
3874.0,-0.5754762766099005
3875.0,0.7102345108323126
3876.0,-0.6412382683945729
3877.0,-0.9926051287127432
3878.0,-2.785070390587799
3879.0,-1.2727153860595857
3880.0,-3.0802581466612655
3881.0,0.45544607658316894
3882.0,-1.220759616709909
3883.0,0.39013698717633943
3884.0,-2.408245388252115
3885.0,-2.5660535460392424
3886.0,1.8162228223061578
3887.0,1.113675709325432
3888.0,0.20251050299612078
3889.0,-0.6046320013924519
3890.0,-3.635364613617663
3891.0,-2.0139914925710856
3892.0,0.20671255879531902
3893.0,-1.4805112295305305
3894.0,0.7192968557605905
3895.0,0.057888922235422635
3896.0,0.640746176366465
3897.0,4.499323100494558
3898.0,2.7279791978356105
3899.0,0.5951430393697872
3900.0,-2.650560479507676
3901.0,0.3022384014455324
3902.0,-0.009795016839830036
3903.0,-1.2978567216454597
3904.0,-0.7485558633125932
3905.0,-0.8990662909416303
3906.0,0.19993265246579706
3907.0,1.195538327946828
3908.0,-0.0947190734200249
3909.0,-0.4141088114501438
3910.0,3.1302180218510056
3911.0,2.428217405037399
3912.0,2.139649485174325
3913.0,-2.0899081165906193
3914.0,4.055990775478684
3915.0,-3.7624730511766002
3916.0,0.7961210353745484
3917.0,-2.9890627871633906
3918.0,-0.7824453218736174
3919.0,0.02528147608057658
3920.0,-1.779994332257042
3921.0,1.1962075832346066
3922.0,-2.7404517845345167
3923.0,0.25083757042131133
3924.0,-0.6940329194068315
3925.0,1.9831186904027787
3926.0,1.0389993384105904
3927.0,-1.0416621628079368
3928.0,1.5966593611652176
3929.0,-0.8935062245830868
3930.0,-0.7418716159147573
3931.0,2.1668468691685465
3932.0,2.7457053045849347
3933.0,-0.21095049058874898
3934.0,-3.0052538367642696
3935.0,2.1844185266895497
3936.0,-2.2774315271914323
3937.0,-0.053623548065276104
3938.0,-2.1652887812474018
3939.0,-1.649735444582734
3940.0,-0.7322212684193425
3941.0,2.1141918182156814
3942.0,2.499804360736506
3943.0,0.11510848384955258
3944.0,-0.618139771624865
3945.0,-3.740934610252322
3946.0,-1.8836279042596042
3947.0,-2.223969185665286
3948.0,0.6888038156995387
3949.0,-1.1020402065019286
3950.0,-1.8203002425151633
3951.0,-2.964504999881926
3952.0,0.5155825059820246
3953.0,0.2739980322363816
3954.0,0.5647202955889669
3955.0,-0.39122665087623004
3956.0,-0.9195850026296905
3957.0,1.0831451917867303
3958.0,-0.9898698818765558
3959.0,0.40287227814175286
3960.0,0.2932403574155457
3961.0,-0.7270585053249112
3962.0,2.527212876132675
3963.0,-0.8303467163513103
3964.0,-1.1422725410443026
3965.0,-2.7976253137416958
3966.0,-0.6946763613712995
3967.0,1.5698317219999904
3968.0,-1.3848876603022848
3969.0,0.005063356907921121
3970.0,3.3272035796012944
3971.0,-1.5990501538390873
3972.0,0.9299998100154954
3973.0,2.0849644745974185
3974.0,-2.9803499994472586
3975.0,-0.759270981822742
3976.0,0.8921052991873838
3977.0,1.5661762905836902
3978.0,-0.6659721822807231
3979.0,0.08465535221992912
3980.0,1.9939854596943816
3981.0,-1.202389419390444
3982.0,-1.8105364796108832
3983.0,1.2366061244932998
3984.0,0.7181693882264946
3985.0,-0.927242316674538
3986.0,-1.269809021032812
3987.0,1.7796259737436542
3988.0,-1.226413244483735
3989.0,-0.17007712431661964
3990.0,-1.4785396262968629
3991.0,-2.3669239744108315
3992.0,-1.337070480145217
3993.0,0.7296176309957257
3994.0,-0.01696346336160686
3995.0,-1.0305432961737033
3996.0,0.826718273212472
3997.0,-0.6626747079852894
3998.0,-3.4783696149157204
3999.0,-1.473682703662686
4000.0,-0.9111548972515189
4001.0,-0.31524739280716474
4002.0,-0.4286160646272988
4003.0,2.326002046864192
4004.0,0.5377986714784444
4005.0,0.8856009135062565
4006.0,-2.3670624570850523
4007.0,1.4403596628882414
4008.0,1.9044811602067961
4009.0,0.19711964839045598
4010.0,-0.06458853230020177
4011.0,-1.4806300403762767
4012.0,3.7948292872957774
4013.0,-0.6011912439800796
4014.0,1.5929681971797873
4015.0,1.9762711908518027
4016.0,0.6791419182892262
4017.0,-0.43595851023238985
4018.0,2.208024266269594
4019.0,-1.2957942540610696
4020.0,-1.651537212467903
4021.0,1.3887622328477949
4022.0,-0.5247160055818766
4023.0,2.4046066179305194
4024.0,-2.7923552260436777
4025.0,1.7782893058621854
4026.0,0.09142392811831367
4027.0,1.4896022653669736
4028.0,-2.093048733543948
4029.0,-1.2316528306289276
4030.0,-0.34033611761548993
4031.0,-0.2937363800761996
4032.0,-0.4048951404938708
4033.0,-3.3557661844148785
4034.0,-0.3001021522038117
4035.0,-1.7232764960594447
4036.0,-2.430818389663292
4037.0,1.1036146689054889
4038.0,0.8804822889975134
4039.0,0.7458683233823417
4040.0,-1.2503727327667482
4041.0,0.4317623696563775
4042.0,0.10686618901970175
4043.0,-0.2271701567075535
4044.0,-0.6566091612983784
4045.0,2.907701464171457
4046.0,-0.7311955818854263
4047.0,-1.2570319719446243
4048.0,2.6765067573965995
4049.0,2.82031012853256
4050.0,-0.8485917490972404
4051.0,-1.2261602487149512
4052.0,1.7611476448794265
4053.0,-3.213363461329971
4054.0,1.5836706938814105
4055.0,-1.7580269345367923
4056.0,-1.6977958412842165
4057.0,1.866990087372362
4058.0,-2.4336911531868495
4059.0,2.227739119701824
4060.0,-0.2563859263138428
4061.0,0.8124410497648726
4062.0,2.6915689667022753
4063.0,0.46417088578300764
4064.0,-0.2543627239899047
4065.0,1.990771532855321
4066.0,1.430947310916317
4067.0,-0.17879880252361607
4068.0,0.8446887318423149
4069.0,0.7519314143062585
4070.0,-1.0959793747478142
4071.0,-1.187649867589241
4072.0,-0.06638451293948612
4073.0,-0.890360623053495
4074.0,1.2032625565979935
4075.0,2.383863310419314
4076.0,2.337047549124864
4077.0,-0.8887380965754061
4078.0,1.5814644939398161
4079.0,-0.8122291320725964
4080.0,-1.2173380895252313
4081.0,-1.4226786615276803
4082.0,-1.001372489569489
4083.0,1.8167862493439644
4084.0,-0.3762481511580863
4085.0,2.146656536811115
4086.0,1.3479363493625989
4087.0,-2.107330931596889
4088.0,-0.6525546810109483
4089.0,-0.4530302636646033
4090.0,0.8333233939753548
4091.0,-1.4228179868531547
4092.0,-1.0244169008036204
4093.0,1.426112130373785
4094.0,-0.6403299888584821
4095.0,0.6811631461808594
4096.0,0.8915023288025912
4097.0,1.47632673347457
4098.0,2.42445061349489
4099.0,1.9365683332182122
4100.0,0.9211612584247094
4101.0,2.4753175118684627
4102.0,0.08499066321207387
4103.0,1.414131281210632
4104.0,-0.3010922223816734
4105.0,-2.3975103021943833
4106.0,2.2603450963434466
4107.0,-0.009707948525896987
4108.0,2.9576282328234615
4109.0,4.33745155927291
4110.0,4.268209006553249
4111.0,0.11149103952497047
4112.0,0.13472832210902522
4113.0,1.678680995331643
4114.0,-2.41488165820528
4115.0,0.22192574127259682
4116.0,1.346826992306571
4117.0,0.3366987122063343
4118.0,0.2819849520695042
4119.0,1.1443457047261856
4120.0,0.7007573490065653
4121.0,-3.201479188577363
4122.0,0.7801844661162735
4123.0,1.8604983409775693
4124.0,1.6514251369471906
4125.0,-1.8981727553470433
4126.0,0.5113469916849385
4127.0,-2.9210069693934586
4128.0,1.6841306483799472
4129.0,1.6839456824182053
4130.0,3.5625497602107643
4131.0,0.11458275610773255
4132.0,0.7337252813770019
4133.0,-0.296340331401051
4134.0,-0.17436050512840845
4135.0,0.4976155700253554
4136.0,1.6129106100395565
4137.0,-0.08429272993909352
4138.0,-3.870122727211301
4139.0,-0.9806433998565014
4140.0,2.8656542494267643
4141.0,-0.36007052999207656
4142.0,-0.5588956221135584
4143.0,-1.8995815434065946
4144.0,1.0089846092177053
4145.0,-1.883314216651019
4146.0,0.4345231572208698
4147.0,-2.5327111997528373
4148.0,0.09807243196083983
4149.0,1.8615805609363183
4150.0,-0.3182706440410839
4151.0,2.1910789005065205
4152.0,0.552478008366676
4153.0,-0.5830579595618531
4154.0,1.4211562311490222
4155.0,2.492156620860803
4156.0,-1.7773640544903666
4157.0,1.9029900045054384
4158.0,-1.1960753229048047
4159.0,-0.5821123106341867
4160.0,-0.2641430530843153
4161.0,-0.5005387048044552
4162.0,-0.04216163113131073
4163.0,-0.4512298407522164
4164.0,0.5532081669389564
4165.0,-0.5609247046417271
4166.0,0.23373940949552863
4167.0,0.7539338613298998
4168.0,-0.5290724577939595
4169.0,-0.7629284866433583
4170.0,-1.1426127100766843
4171.0,1.90468866799226
4172.0,-0.3407419728441974
4173.0,0.8144984795061886
4174.0,2.5511335222138345
4175.0,1.7966002510805368
4176.0,0.23064344994935643
4177.0,-0.7326903297643539
4178.0,0.8691716912245606
4179.0,0.7685643943362108
4180.0,1.1909966272863362
4181.0,-0.24820769016941235
4182.0,0.7951150425832848
4183.0,0.07539346223001717
4184.0,0.6996919334172442
4185.0,2.7218425409146105
4186.0,-0.09715383391079022
4187.0,-1.5777154349776839
4188.0,-1.9434580725448691
4189.0,0.04179444832423886
4190.0,0.948891473250631
4191.0,-0.17274231388920988
4192.0,2.750863319596559
4193.0,-0.26648160107140767
4194.0,-1.4162390799182505
4195.0,-0.04908472748066319
4196.0,0.5990813403613651
4197.0,2.8107579008014736
4198.0,1.3770664882534283
4199.0,-1.2166312314131242
4200.0,-1.612324260981757
4201.0,0.5249164981561695
4202.0,0.40126747244774313
4203.0,0.28414094199410755
4204.0,-2.0568536454933244
4205.0,0.37789673117321004
4206.0,-2.689212305405091
4207.0,1.3476227234893239
4208.0,1.2677115759780908
4209.0,-1.0896086541293493
4210.0,1.3110064071181313
4211.0,0.8494097772192574
4212.0,0.04644494389897247
4213.0,2.5372708784482443
4214.0,-0.5595405244928895
4215.0,-1.0639927727435592
4216.0,-2.197364524322853
4217.0,-1.8398061487922854
4218.0,-3.1016102980957565
4219.0,-1.3274289431689605
4220.0,-0.44231477509322015
4221.0,-1.0952090621225952
4222.0,0.09532344079376902
4223.0,0.0831219715974941
4224.0,1.218106905873572
4225.0,0.5646999852976586
4226.0,2.3977691229402134
4227.0,1.947172906958375
4228.0,0.21419655985025435
4229.0,-0.9262292368302439
4230.0,0.8048774601415588
4231.0,3.1600427859098255
4232.0,0.014222056918001371
4233.0,0.8090561116245543
4234.0,0.3557812475364692
4235.0,2.4124575973196998
4236.0,0.16391301048075668
4237.0,-0.3005530704315848
4238.0,0.6583229335296786
4239.0,-1.4799049402536513
4240.0,0.1093657276522683
4241.0,-0.21618512356587297
4242.0,-2.7864456476096615
4243.0,2.0165124079905645
4244.0,-1.0212246371878093
4245.0,2.347827984260098
4246.0,-0.31675957417361533
4247.0,-0.10853000397165459
4248.0,-2.75935414782958
4249.0,-0.7714143402502092
4250.0,0.07017662388793036
4251.0,0.08291230939594232
4252.0,-2.6549160812307573
4253.0,1.0626227924902252
4254.0,0.8343202576906625
4255.0,3.36053541831449
4256.0,-0.9748890651677704
4257.0,1.0652434921014757
4258.0,-0.6100854340111165
4259.0,-0.4859804405528209
4260.0,-2.5326892763774422
4261.0,1.3007012305898986
4262.0,-2.7530887367474532
4263.0,-0.8380810849805647
4264.0,-3.1320563614145702
4265.0,0.2931062127561426
4266.0,0.3216228996551213
4267.0,2.1371873714035075
4268.0,-0.6081147702158081
4269.0,0.38200002285995605
4270.0,1.275296412028816
4271.0,1.611347537486716
4272.0,0.4713536115817252
4273.0,-1.4487846776102846
4274.0,1.8290572963717067
4275.0,-1.7641518250632202
4276.0,0.292276265462605
4277.0,0.005007676784629818
4278.0,1.422317700771705
4279.0,-2.1351982055481407
4280.0,0.05315737204863283
4281.0,1.1756844813090461
4282.0,2.802831525635454
4283.0,1.129302560753327
4284.0,-2.3147693540916676
4285.0,-3.4199223546580413
4286.0,-1.1547852910864127
4287.0,0.48686226668920607
4288.0,-0.442455890182896
4289.0,-1.9303241693479603
4290.0,0.08547324030919419
4291.0,-1.7830138012017847
4292.0,2.1724072339612386
4293.0,-1.6672523066529683
4294.0,3.106079196387695
4295.0,-0.0014506770176348628
4296.0,-1.2732596581155278
4297.0,1.2027121387803619
4298.0,1.6923764231278131
4299.0,-0.32532206983424683
4300.0,-3.17427478666382
4301.0,-0.6109485983921071
4302.0,1.118363946043175
4303.0,-1.4058301932179558
4304.0,1.3461500015202168
4305.0,0.8068752319086668
4306.0,1.2472032684276921
4307.0,-2.2829551416943867
4308.0,0.5037166732992592
4309.0,0.046715838108920216
4310.0,0.36903149198020957
4311.0,-1.8412737235180718
4312.0,1.237920150359121
4313.0,-2.636359082335568
4314.0,0.5807495186660104
4315.0,-1.6028019350925196
4316.0,-0.8731168522795943
4317.0,-1.2117809812360052
4318.0,2.4816029613824795
4319.0,3.608740209445893
4320.0,1.7343798662998213
4321.0,0.1368058646004759
4322.0,0.630746353976423
4323.0,0.10770164251312787
4324.0,-0.5373160135123332
4325.0,3.2051561784421656
4326.0,0.42306768130270733
4327.0,0.5523557523163264
4328.0,-1.996354172826406
4329.0,2.820299755051951
4330.0,-0.8733296545085003
4331.0,4.853996505989459
4332.0,-0.20064765521749334
4333.0,2.161390903647848
4334.0,-1.6616552575453563
4335.0,1.4622059312991043
4336.0,-1.9878527266420198
4337.0,0.3363595672858834
4338.0,1.2467138959200836
4339.0,-0.6153946129295642
4340.0,0.7305833161090188
4341.0,-0.8050358367817505
4342.0,2.325310351775862
4343.0,-0.16502415800025091
4344.0,0.937302708005032
4345.0,-0.05320502271292744
4346.0,-1.9247944501819758
4347.0,-0.07453150291539865
4348.0,-1.365430187576319
4349.0,-0.14733667165972095
4350.0,-0.7236328694076468
4351.0,0.9283889632925474
4352.0,-0.22130703293142748
4353.0,-2.44758270014991
4354.0,0.7891826992146705
4355.0,-0.9382655301601958
4356.0,2.4599207365172746
4357.0,0.7496394951902179
4358.0,0.53950270165376
4359.0,0.43291115145312487
4360.0,0.6942340524913161
4361.0,-1.1660884486493912
4362.0,-0.7400685461439974
4363.0,-1.339284610284733
4364.0,2.178543426582266
4365.0,0.9023721034670285
4366.0,2.431568334691258
4367.0,2.4901755061089688
4368.0,-1.7874131662101826
4369.0,-0.1760341244243809
4370.0,-0.2760953776864587
4371.0,0.22861687416829365
4372.0,1.4936939172436965
4373.0,-4.780018478557308
4374.0,-0.9552159640253628
4375.0,1.6989487368246599
4376.0,-0.13816908954848178
4377.0,1.4613734385804336
4378.0,-0.2943809499919634
4379.0,0.19002626330464562
4380.0,-2.00726868311261
4381.0,3.8644007986095508
4382.0,-1.095810098062362
4383.0,-0.6587059390162285
4384.0,-0.4335426968194457
4385.0,1.1944251695510943
4386.0,-0.4964006796599386
4387.0,-0.4719636466302064
4388.0,0.550318361476664
4389.0,-0.43306902631889105
4390.0,-1.3020819097808105
4391.0,0.7842087670588471
4392.0,-1.1846125946745398
4393.0,-1.9757147571354203
4394.0,0.2673034152237605
4395.0,-1.3644269722924016
4396.0,-2.0943785701039834
4397.0,1.547190771114191
4398.0,1.2820523833548063
4399.0,0.47118378714173964
4400.0,0.8129574639461149
4401.0,0.8770852320125109
4402.0,-2.0032781542585067
4403.0,0.5006420008045411
4404.0,1.295168138915187
4405.0,-0.6484531372819283
4406.0,1.7928541049781452
4407.0,-0.8632065118304113
4408.0,-3.5213672908541938
4409.0,3.412889920123857
4410.0,0.6914645005160075
4411.0,-1.103003460675535
4412.0,0.709901576575812
4413.0,0.11765726860413794
4414.0,1.8580373909642296
4415.0,-1.9160786417453788
4416.0,-0.8273595922984336
4417.0,-0.05911658643049957
4418.0,0.3703221375959141
4419.0,-2.917574837134466
4420.0,0.5536191963197973
4421.0,0.28754140715504045
4422.0,2.242745441657187
4423.0,-1.7960784373891647
4424.0,-1.4950795494189177
4425.0,0.5402547295321661
4426.0,-1.4884376846488607
4427.0,-0.6523500337481765
4428.0,-3.235945485369027
4429.0,-0.8477752657374933
4430.0,-1.495257852700538
4431.0,2.2824339965653477
4432.0,-1.6723775794841647
4433.0,-2.5565566711079257
4434.0,-0.021675679682369053
4435.0,2.136147686250334
4436.0,-2.1421544673856086
4437.0,-3.1292795266514437
4438.0,0.889281864318676
4439.0,0.7826985015496194
4440.0,1.857359755434343
4441.0,-2.595625682919585
4442.0,1.9601326897793514
4443.0,1.14879734631196
4444.0,-1.1823304561557737
4445.0,-2.797214998844481
4446.0,2.784554269287631
4447.0,2.3529478627694225
4448.0,3.1745856865683044
4449.0,1.3787378637208427
4450.0,-0.6418302492921686
4451.0,0.5200688733034929
4452.0,-0.8170462463876723
4453.0,-1.7147046040104228
4454.0,2.209211554875486
4455.0,-0.831358597654561
4456.0,0.8270438963572679
4457.0,-3.7642370598612693
4458.0,-1.790590925328355
4459.0,-1.8729499534000702
4460.0,-0.5911448591102181
4461.0,0.33409823024740704
4462.0,-0.3990636484268623
4463.0,0.03116805543953944
4464.0,1.6741508336333644
4465.0,3.209804724365171
4466.0,3.1288252057811485
4467.0,0.4917495504808671
4468.0,1.8232882243493194
4469.0,-0.40926492868187975
4470.0,3.7673697512331703
4471.0,2.3933169167839456
4472.0,2.487014628194026
4473.0,-0.837548343676199
4474.0,0.6068672197702378
4475.0,-1.0681339586979295
4476.0,-1.2394627714213988
4477.0,-0.20644056079487208
4478.0,-1.5003233151952098
4479.0,-1.4930053968507135
4480.0,-2.0800771388707515
4481.0,0.06804626037025689
4482.0,-0.7889319924249131
4483.0,-0.4630553443802399
4484.0,3.901612044675957
4485.0,-0.6817753827010161
4486.0,-0.600025015781857
4487.0,0.06990821723328233
4488.0,0.48072600244009145
4489.0,0.7048245921050411
4490.0,0.28559293469901975
4491.0,-1.0918598482964665
4492.0,2.4812047623996585
4493.0,-1.2110597637307583
4494.0,0.8322578171395796
4495.0,-0.8013040289306976
4496.0,1.3887605066347926
4497.0,-0.734154096200564
4498.0,-0.44823593078218454
4499.0,-1.5443680467987262
4500.0,-2.208238503758163
4501.0,-1.365954138988847
4502.0,0.1359566632254956
4503.0,-1.454338896408208
4504.0,-3.0726290194960892
4505.0,0.287066392951126
4506.0,1.6624024297047482
4507.0,-1.4755132468371512
4508.0,0.044737664312407194
4509.0,0.07161568301246884
4510.0,0.742540596430716
4511.0,-2.0624921202185242
4512.0,-2.0666136848660863
4513.0,1.3520195226834555
4514.0,-2.228858331714521
4515.0,-1.281757547377085
4516.0,-1.5145202026796771
4517.0,-0.0918477243013019
4518.0,0.5715014028820967
4519.0,-1.2741586670549232
4520.0,-1.646545792263034
4521.0,-1.0576085972238005
4522.0,-0.5613843342303235
4523.0,3.907181866321241
4524.0,-0.39348000250340204
4525.0,-0.15536346402713913
4526.0,-0.49301474674416
4527.0,0.8862419287514894
4528.0,5.442835739438223
4529.0,-2.5525282258368494
4530.0,-1.4832352224172765
4531.0,-0.5261813870396641
4532.0,-1.1628185883551807
4533.0,1.2178637561641423
4534.0,2.3329281808552396
4535.0,1.6434331260158381
4536.0,-1.1415684013069503
4537.0,-1.5041424761482796
4538.0,2.0440214631482796
4539.0,0.005092201443295888
4540.0,-0.788351137853772
4541.0,-0.36795465599241856
4542.0,-0.721652523259014
4543.0,-0.20617361976979673
4544.0,2.939464248663769
4545.0,-0.19157385027392407
4546.0,-2.0399493452221273
4547.0,1.4577894525541766
4548.0,-1.877999668013042
4549.0,-1.9725173749522305
4550.0,0.6219608768473066
4551.0,1.0636792313613255
4552.0,3.4045358865523987
4553.0,0.9245909858857756
4554.0,2.373816138966461
4555.0,1.467201642201799
4556.0,0.7744692178341251
4557.0,1.1036186199770794
4558.0,-2.6201286713763574
4559.0,1.8753463334526834
4560.0,1.449531283871962
4561.0,0.43949163171258865
4562.0,-2.2657346810904992
4563.0,-0.5456734171831089
4564.0,-2.601213316061828
4565.0,-1.840439926701841
4566.0,-0.04520101841537169
4567.0,2.6523030869617146
4568.0,1.5922042259745433
4569.0,1.8794378458018999
4570.0,0.5671200300479623
4571.0,-0.25461190616121476
4572.0,0.463296544548926
4573.0,0.90507478090236
4574.0,-1.5351512599693908
4575.0,-2.2074184961934478
4576.0,-3.1151599342702996
4577.0,-1.3710357112950566
4578.0,1.9209782940917006
4579.0,-0.31077698744197885
4580.0,-2.1624615559040357
4581.0,-0.8370844102419118
4582.0,-0.34379218433430203
4583.0,0.4617990102295612
4584.0,0.4020483095240195
4585.0,-3.1390470951558678
4586.0,-2.026255416778577
4587.0,0.3601801751363892
4588.0,0.3949813247805621
4589.0,1.2632291815078769
4590.0,3.442617310184417
4591.0,2.3079354584292733
4592.0,-1.4563991105194949
4593.0,0.48348989413024257
4594.0,1.9750278848090457
4595.0,1.1121596130069855
4596.0,-1.2455364516808498
4597.0,-0.17061667879459286
4598.0,0.4578924847379205
4599.0,-3.416942067098522
4600.0,-3.8769560547529203
4601.0,0.11558089145331521
4602.0,1.4899905478882105
4603.0,-0.8943780556103881
4604.0,1.9553015843552592
4605.0,-1.3799048498334596
4606.0,-0.08222961832305152
4607.0,0.9550359020787027
4608.0,1.8397402690912288
4609.0,1.259728547629548
4610.0,1.0501216805059677
4611.0,-2.8898550293614242
4612.0,-0.34305163087016277
4613.0,-1.1376382411229609
4614.0,-0.34526496588237443
4615.0,-0.5658589690421736
4616.0,-0.4795447979535274
4617.0,1.3136086435178889
4618.0,-0.21370633803918168
4619.0,-0.44606258433298823
4620.0,0.06031747408296288
4621.0,-1.50847469053804
4622.0,-1.7260872318140208
4623.0,-0.7558294152557526
4624.0,-0.9837566066090292
4625.0,-0.06606049692423056
4626.0,2.363318766187638
4627.0,2.5489447302846076
4628.0,0.3985585649549929
4629.0,1.6487138463720201
4630.0,3.573195567012415
4631.0,1.1968785444265888
4632.0,0.8988851909156341
4633.0,-0.936784009462909
4634.0,-0.8121653795283539
4635.0,-1.5269270379383157
4636.0,-1.448592204999726
4637.0,2.9774752002833234
4638.0,-0.9738383699176534
4639.0,2.0349077243166356
4640.0,0.951947704192874
4641.0,0.9520735622743378
4642.0,1.4569671765375216
4643.0,-0.727633100021078
4644.0,0.16967068860459272
4645.0,-2.480910560521795
4646.0,-1.0817665106419212
4647.0,1.2920578894853127
4648.0,0.13420567960627022
4649.0,1.1302724232653452
4650.0,-1.2844962729626648
4651.0,-0.900527677599897
4652.0,-3.562881442120549
4653.0,-1.4573375804453668
4654.0,-1.242508410232745
4655.0,-0.03187194723456581
4656.0,3.6357501441791134
4657.0,-0.04752503857476041
4658.0,-0.38138613235916335
4659.0,0.464436328869461
4660.0,1.848081842220064
4661.0,0.5294710810641906
4662.0,-2.5939434346399444
4663.0,2.750393730531978
4664.0,-2.87724522365043
4665.0,-0.08537121142979338
4666.0,-0.24359239664855542
4667.0,0.12050815993701668
4668.0,0.9558244716319562
4669.0,2.201051449223966
4670.0,-0.20642233314349803
4671.0,-0.41665706411879416
4672.0,1.8154581385386381
4673.0,1.3252212023912366
4674.0,0.747044826142383
4675.0,-1.4501939009046656
4676.0,-2.6578232442379353
4677.0,-0.5684818975385248
4678.0,-1.7729609272566142
4679.0,0.628161003339094
4680.0,-0.3960522593326553
4681.0,0.14633228614854224
4682.0,2.145153402522917
4683.0,1.2933429149861362
4684.0,0.26546939719106677
4685.0,0.356162990169954
4686.0,0.8496511622656115
4687.0,1.1269848805768319
4688.0,-2.112889876982709
4689.0,4.1556062081868195
4690.0,-0.15182699136686598
4691.0,-0.1845284705986928
4692.0,0.03372933138087246
4693.0,-0.21327279315651873
4694.0,-0.028943038822889847
4695.0,-0.8930531099749973
4696.0,0.6261512681364041
4697.0,-0.7036964946094684
4698.0,-1.6121934807830132
4699.0,-1.127975063008871
4700.0,0.13253102413274398
4701.0,0.6816556220082828
4702.0,0.7046807290164087
4703.0,0.37835582731821454
4704.0,-1.7724236230877668
4705.0,0.6564651004911767
4706.0,-0.3993610587134492
4707.0,1.2368288345122702
4708.0,-1.4450698375258266
4709.0,2.57029979617812
4710.0,3.562522722800682
4711.0,0.30628794195651365
4712.0,-0.9152697506996551
4713.0,3.1387716225142026
4714.0,-1.8038810460436714
4715.0,-0.11829917248996996
4716.0,-1.7778356206032906
4717.0,-0.251366646922566
4718.0,-0.6815502680707385
4719.0,0.5043813443537456
4720.0,0.29654947036724455
4721.0,1.152634291816106
4722.0,-3.9615451012686953
4723.0,0.2642729732078671
4724.0,2.7047255522976763
4725.0,0.9969366688823272
4726.0,-1.463889161203813
4727.0,0.6895602535864177
4728.0,-0.4941880591283248
4729.0,1.210361482798007
4730.0,-0.025833507907151623
4731.0,-3.094556513258487
4732.0,-2.378765302617583
4733.0,0.18090013030096902
4734.0,0.34830313865249296
4735.0,0.18189770962990884
4736.0,2.697224485299957
4737.0,0.28521168750012854
4738.0,0.779722614341135
4739.0,-0.11977242765991974
4740.0,0.9648634122240742
4741.0,0.9709382727795417
4742.0,-1.0226976395288399
4743.0,0.26360933831226063
4744.0,-0.9692494820729064
4745.0,1.8007733293515278
4746.0,0.29241501524763464
4747.0,-0.17191048901028663
4748.0,-0.19419990939157422
4749.0,-1.516837229433592
4750.0,-0.17696706205645213
4751.0,-1.055317656094018
4752.0,2.0663898342142555
4753.0,0.9284762248000404
4754.0,0.6816422221446984
4755.0,-0.38022365558557697
4756.0,-0.8085391102925442
4757.0,2.7168555874057025
4758.0,-0.567917241392058
4759.0,-2.248619124934561
4760.0,-0.623302229482746
4761.0,0.7600162920693229
4762.0,1.1649625204639
4763.0,-2.3198059564920714
4764.0,-0.4330005186625328
4765.0,0.949522873675963
4766.0,2.0860252411370657
4767.0,0.6562250963570485
4768.0,-0.22387932481772976
4769.0,0.5673301556332278
4770.0,-1.2679830798374152
4771.0,-2.6036409827092517
4772.0,-1.0473807398055854
4773.0,-1.646506137338276
4774.0,2.4122050504445136
4775.0,1.53616401143862
4776.0,-0.5309778559018621
4777.0,-0.5729806818376701
4778.0,0.9354812341551048
4779.0,4.31276938173559
4780.0,-2.350355259274589
4781.0,0.23515859802536504
4782.0,0.3479328922420586
4783.0,-1.4788149744002046
4784.0,1.3832254566115674
4785.0,-0.8228700899659687
4786.0,1.1714742109196092
4787.0,-2.013902187619913
4788.0,2.157875081708173
4789.0,1.8894512255652023
4790.0,-0.33524249175267967
4791.0,0.18544602665285398
4792.0,0.2767198444339507
4793.0,-1.4515947206854425
4794.0,-2.222464727840997
4795.0,2.3184852190077185
4796.0,-1.2005538041640924
4797.0,0.014557786578350374
4798.0,3.125651266288427
4799.0,-1.4359135244471106
4800.0,-0.6952086933683288
4801.0,1.08342121929671
4802.0,0.36170020076514026
4803.0,-1.7276343721076013
4804.0,-1.6719827335850908
4805.0,-1.6084595624189182
4806.0,-1.2118395028255118
4807.0,-0.616413928392031
4808.0,-1.4799543041946408
4809.0,2.2500287920801725
4810.0,-2.3813427596858783
4811.0,1.0960669415952284
4812.0,1.3009011843003968
4813.0,-0.9473833785059205
4814.0,-0.6157027433938251
4815.0,0.885966271757428
4816.0,0.6999341521486048
4817.0,-1.3904337732086582
4818.0,-1.052348741584026
4819.0,1.2623141134087585
4820.0,-2.2904518832117406
4821.0,-1.1528059447341352
4822.0,-0.07469037659216587
4823.0,0.12358456615329809
4824.0,-0.7995271245692036
4825.0,-0.5563424906073983
4826.0,2.1210767830447113
4827.0,-1.3968002249358555
4828.0,-1.3200964085704439
4829.0,-0.0814162480787591
4830.0,2.990988248943726
4831.0,1.9274019852465418
4832.0,1.3547214285957299
4833.0,0.5714613437783271
4834.0,-2.1997294354830585
4835.0,2.4622177936972047
4836.0,0.4173238543059691
4837.0,-2.0667699963253785
4838.0,-1.8017328128499432
4839.0,-1.9793339966689232
4840.0,-1.423395666689484
4841.0,-0.3585111993993021
4842.0,0.19481685036151383
4843.0,1.7488398745738594
4844.0,-1.4642745371675983
4845.0,-0.6348346968357643
4846.0,3.2762079231240193
4847.0,3.1689102382727894
4848.0,0.10277297130953285
4849.0,-4.210433141202207
4850.0,0.8016750969818529
4851.0,-3.865514387764794
4852.0,0.5847057191714156
4853.0,-2.057482030061021
4854.0,1.604121217685265
4855.0,0.6365333660052541
4856.0,-0.6128016048929198
4857.0,1.9885641620816255
4858.0,1.4282466718537707
4859.0,0.7584769923433866
4860.0,-2.3759495358099563
4861.0,-0.50185620524595
4862.0,-0.32066521300374545
4863.0,0.4579127787971949
4864.0,2.1298762184495894
4865.0,-0.2402929243552761
4866.0,1.4124299323086464
4867.0,-0.44428732535138077
4868.0,-2.133344966744996
4869.0,-0.41954677017400643
4870.0,3.8772923526593117
4871.0,-0.4263436052989146
4872.0,-0.7116844440387226
4873.0,2.4245404671805058
4874.0,-1.5028474455231446
4875.0,1.6946891658881544
4876.0,0.019618588127095084
4877.0,0.5020440876179068
4878.0,0.9040030047082996
4879.0,-0.022972057770834668
4880.0,-2.9791820947996377
4881.0,-0.7175185869287445
4882.0,0.2082413348843628
4883.0,1.5699763065440393
4884.0,-0.608970881084514
4885.0,-0.9841910220677267
4886.0,-0.6380778635978752
4887.0,0.4286042670528057
4888.0,-0.5633701807372177
4889.0,-2.057731940196336
4890.0,-0.7539640217791809
4891.0,-0.40123220293251
4892.0,-2.108271560710479
4893.0,0.6891136831478308
4894.0,-2.544395850282462
4895.0,2.3505740095492205
4896.0,1.7400201811292835
4897.0,0.5160240396837569
4898.0,2.0026523741971975
4899.0,0.20878609261535563
4900.0,-0.13661924899921873
4901.0,1.8512834118095935
4902.0,1.3353174370781589
4903.0,0.8509300875443742
4904.0,-1.3540174383335353
4905.0,-0.6948063546356478
4906.0,2.2238390720971553
4907.0,-1.5444825493595418
4908.0,-0.6758471638851512
4909.0,2.101528013886053
4910.0,0.2674121988825329
4911.0,2.2566216410011366
4912.0,-0.3854070860692682
4913.0,-0.9663425665955827
4914.0,-1.4999428156250894
4915.0,-0.09974873747066748
4916.0,-0.07399497545672126
4917.0,2.1341147286055593
4918.0,2.0456059147359436
4919.0,-0.29543571172217553
4920.0,-0.17201989995462347
4921.0,0.4252312547140002
4922.0,0.9827078645330307
4923.0,-3.1094040019232194
4924.0,-0.9177123717497832
4925.0,-1.2578237497757714
4926.0,-0.6826682580572785
4927.0,3.048519000942581
4928.0,-1.390129262647881
4929.0,1.6102534787593483
4930.0,-1.4040745600981255
4931.0,-0.8243168309260985
4932.0,0.17797944867124782
4933.0,-1.8089239780975392
4934.0,-0.6224438663581501
4935.0,-0.23117758564752855
4936.0,-0.5757763353683011
4937.0,-0.8212833689641247
4938.0,1.6769361094493482
4939.0,-2.0778100561265895
4940.0,-0.8077326357507237
4941.0,0.7198698613547332
4942.0,-0.06996374296997093
4943.0,-1.1646148441810624
4944.0,-0.24901988575060072
4945.0,1.7077336186108374
4946.0,2.0592167707768083
4947.0,-1.066692855548297
4948.0,-0.4775108474033394
4949.0,2.160728615514407
4950.0,-0.7824351537232553
4951.0,3.0164194371907236
4952.0,3.532315784624263
4953.0,-2.304249474969533
4954.0,-2.9361339781629043
4955.0,-3.682818486947874
4956.0,-0.10391039440705564
4957.0,-1.5192452803517236
4958.0,0.4189403115995419
4959.0,0.8318657892096005
4960.0,-0.6617566943172961
4961.0,-0.4584602802295387
4962.0,0.9475193574485508
4963.0,0.76404952144583
4964.0,-0.1793168843893788
4965.0,1.0462452014505763
4966.0,-2.0747449972658
4967.0,2.092372900717166
4968.0,-0.21554927902694868
4969.0,0.43406551632688734
4970.0,3.713767517556304
4971.0,-2.3639466282587085
4972.0,-0.2312610770773667
4973.0,4.403462846122867
4974.0,0.25634085963058295
4975.0,0.6310691285375085
4976.0,1.1945756118125241
4977.0,-1.5707629657379112
4978.0,0.5680856414286426
4979.0,-0.2956809030534347
4980.0,-1.721774984966953
4981.0,-0.09152056835429094
4982.0,-1.501039984534005
4983.0,1.572663329743489
4984.0,0.8894263661810304
4985.0,1.3955893045634253
4986.0,-0.13619748949516985
4987.0,1.6376449435837042
4988.0,0.29630402684791957
4989.0,1.2977538305777996
4990.0,1.0323290288819875
4991.0,-0.8515114160146147
4992.0,-0.6244823128712907
4993.0,-2.104341935450918
4994.0,0.38817562054108445
4995.0,-0.5213305357607254
4996.0,-0.5324226468963831
4997.0,1.2170382363603058
4998.0,-1.629371867094962
4999.0,2.0193600388547406
5000.0,-1.2629345720584668
5001.0,1.8773855053883723
5002.0,-0.8330085515333274
5003.0,1.045174686623969
5004.0,-0.28430597088841836
5005.0,-1.0958401103504352
5006.0,-2.2029966633567555
5007.0,3.0803611760125684
5008.0,-0.037530343307143596
5009.0,0.5125133757178875
5010.0,-1.4301358435140445
5011.0,1.2020572552951605
5012.0,-1.5023447842643205
5013.0,1.5337892164375748
5014.0,-0.4087082413037199
5015.0,2.5746566914079
5016.0,2.3129851772370653
5017.0,0.6097064239407228
5018.0,0.37358860732612004
5019.0,-1.6058296856841636
5020.0,1.0254925618791395
5021.0,-1.7277434659308242
5022.0,-2.918600749314514
5023.0,-0.4680115404711114
5024.0,-1.1594702787157307
5025.0,-1.1308660010097007
5026.0,-1.0529295119443038
5027.0,-1.1153162795728173
5028.0,0.1507822809736335
5029.0,-1.080993652457226
5030.0,-1.1970043460263815
5031.0,-2.080973373520651
5032.0,-1.759536400948248
5033.0,0.9492646383362083
5034.0,-1.960498915558387
5035.0,1.1526596085954801
5036.0,0.6819067704510562
5037.0,1.0018932330356034
5038.0,-0.6111046558562049
5039.0,-1.0082581531895316
5040.0,-0.28121617252225856
5041.0,0.33675802458284165
5042.0,1.6200524813388835
5043.0,1.2997510837643953
5044.0,2.964005563598358
5045.0,-2.4143015628796274
5046.0,1.33901688289166
5047.0,0.8136256302449516
5048.0,0.23616386506897158
5049.0,2.9895404018880676
5050.0,2.7253361347169376
5051.0,1.0975420177325645
5052.0,0.9007826637633083
5053.0,-1.5077877093694025
5054.0,0.6830309308130921
5055.0,0.5670223522075062
5056.0,-0.334518658738743
5057.0,0.43135170129487616
5058.0,-0.444750618563985
5059.0,-0.58571797686526
5060.0,0.572197602909816
5061.0,0.44189627349881927
5062.0,-1.5684712728324925
5063.0,2.8824305260896157
5064.0,0.8584721017318034
5065.0,1.0774657808577395
5066.0,-1.1270300784931018
5067.0,0.7566059721050163
5068.0,-1.1308866042998829
5069.0,3.9698688386850765
5070.0,0.13781209495601116
5071.0,1.235168599897287
5072.0,-2.9137497665619954
5073.0,0.05823587538179481
5074.0,-0.6205123788225376
5075.0,3.04921759883814
5076.0,2.756189584308723
5077.0,-4.367647629450535
5078.0,0.020393906407358744
5079.0,0.12831955530060726
5080.0,0.8478195698130303
5081.0,0.78301487096565
5082.0,5.692205996151008
5083.0,0.32248078203685604
5084.0,1.265665083502719
5085.0,-1.4119956604924029
5086.0,-2.5154404197360285
5087.0,-0.4426195724113298
5088.0,-1.0499174027566862
5089.0,-1.138323470254097
5090.0,-0.8332453754215275
5091.0,-0.38125930800448504
5092.0,-0.569869983195221
5093.0,0.648062897766503
5094.0,-1.2658094050814817
5095.0,-2.2796592046736808
5096.0,-1.5601525362116677
5097.0,2.081232976788783
5098.0,-0.26635395504135567
5099.0,0.9735404662786948
5100.0,0.12565328085009858
5101.0,-2.1843686714232113
5102.0,-0.7908268642602009
5103.0,-0.6413561757164618
5104.0,-0.6411671396247668
5105.0,0.17455613222642807
5106.0,-0.10177479367265493
5107.0,1.5842651572039805
5108.0,-0.2646633791348092
5109.0,-0.2426277849139369
5110.0,0.6437317630989485
5111.0,0.3789997252439455
5112.0,-0.30102191618217433
5113.0,-1.997638192331978
5114.0,-0.9087554168315615
5115.0,0.16725134819153128
5116.0,1.356194029391088
5117.0,0.3702683145780461
5118.0,0.9997556854014773
5119.0,3.0483085208017786
5120.0,-1.653323329578751
5121.0,0.813435913991014
5122.0,1.3229004938240378
5123.0,0.8775136322113051
5124.0,-2.4488174511413563
5125.0,-1.399103003356839
5126.0,-0.2945832864002417
5127.0,1.3211661154541476
5128.0,-4.6476006524663775
5129.0,-1.0103506269828635
5130.0,1.6765695791845203
5131.0,0.1905167285421712
5132.0,-3.6901707356826163
5133.0,0.8322823966499908
5134.0,-0.12435708910209982
5135.0,-0.4554988019110472
5136.0,1.3938178375300945
5137.0,-0.25950041783244765
5138.0,-0.2631957961287899
5139.0,1.3149079994345687
5140.0,-0.6709918644564546
5141.0,0.6172670102042196
5142.0,-0.6342903805031974
5143.0,3.2763788516601027
5144.0,2.8079367573607126
5145.0,0.593271153696166
5146.0,0.5482799713234459
5147.0,1.2259458260555876
5148.0,-2.1057859086009314
5149.0,-0.16943935329936177
5150.0,3.815844417358182
5151.0,-1.7376541884535794
5152.0,-2.5458990684614418
5153.0,-2.205232626130387
5154.0,-4.596725444011188
5155.0,2.3396537417477625
5156.0,-0.6152949758031651
5157.0,0.15440611256035472
5158.0,0.5431206136694753
5159.0,-0.3174814023493984
5160.0,-0.8383377770495772
5161.0,-0.05960170010837774
5162.0,0.059678502284968994
5163.0,-1.14190348501609
5164.0,0.49242049170575125
5165.0,-1.3592235959965173
5166.0,-0.021489083117755006
5167.0,-1.2846908616489991
5168.0,1.8462706343739328
5169.0,-0.18538066410574605
5170.0,1.306480746204391
5171.0,-0.0808529992167779
5172.0,1.2395811552288543
5173.0,0.83924899839016
5174.0,-1.8084232389138222
5175.0,-0.1165553259701446
5176.0,1.293352240551778
5177.0,-0.14875726050591162
5178.0,0.623717520270663
5179.0,0.6504080769959866
5180.0,0.6748654521583843
5181.0,-0.9750887591562877
5182.0,-1.297820658032771
5183.0,1.2104266954266152
5184.0,0.7379908915125242
5185.0,-0.6357453201548299
5186.0,0.49259103771801166
5187.0,-2.46079132061496
5188.0,-1.0037212553658075
5189.0,1.7566898563101156
5190.0,3.672628750565072
5191.0,-0.05211562024364948
5192.0,0.3364391822670651
5193.0,-0.48948179058327446
5194.0,-1.2029532268401084
5195.0,-1.443586047888669
5196.0,0.6717461961905227
5197.0,0.29840314276084456
5198.0,0.5280349007617725
5199.0,2.6029567123319772
5200.0,2.6316767904850353
5201.0,-1.1285439072288639
5202.0,2.052926514046821
5203.0,0.3316797508118151
5204.0,0.4228616961060054
5205.0,2.866073074856467
5206.0,-2.162558172056464
5207.0,-0.9992198987119074
5208.0,-0.4097549517304013
5209.0,-1.2021485760060595
5210.0,-1.713951210040532
5211.0,-0.9027373054042572
5212.0,-1.6596901285058352
5213.0,-3.2191283071833365
5214.0,1.6899732777876986
5215.0,0.2667959322519811
5216.0,-1.7002677417141063
5217.0,-1.1055841248651346
5218.0,-0.9023024522798009
5219.0,2.638103738734388
5220.0,-0.7555505072432688
5221.0,1.6825726723090801
5222.0,-0.24063149348607915
5223.0,2.242526102951168
5224.0,-1.0134924751461873
5225.0,0.894879413108052
5226.0,-0.01116844300675544
5227.0,3.101406337345657
5228.0,-0.8744438375763782
5229.0,2.4476493709472997
5230.0,1.2050764507683305
5231.0,-0.2975461848257836
5232.0,-1.155071756750667
5233.0,0.5131752062229952
5234.0,-0.5782464472684584
5235.0,1.8969935454762215
5236.0,0.2848703038083951
5237.0,-1.306400957795018
5238.0,0.2549700301863352
5239.0,2.368969265995336
5240.0,-2.633353190919867
5241.0,-1.712024571754782
5242.0,0.5109041241283393
5243.0,0.21403527421261134
5244.0,0.6674811470697356
5245.0,0.19162757257837892
5246.0,-2.145365508244436
5247.0,-1.280637819257144
5248.0,0.5062524555202086
5249.0,-0.44021229151470576
5250.0,-0.033532357049628446
5251.0,1.0784146199552034
5252.0,3.583855687563292
5253.0,0.9797800608869819
5254.0,0.12671535145679522
5255.0,0.22250102514862088
5256.0,-1.2724740338612015
5257.0,-0.5392489868020949
5258.0,-0.0011609571457690574
5259.0,-0.6269512067056663
5260.0,1.7589624415200582
5261.0,-0.06052502229451752
5262.0,1.6837952979286301
5263.0,-0.5962664356129702
5264.0,-0.4390517038707584
5265.0,0.1324478848774316
5266.0,-0.45639909303540244
5267.0,0.5963842781670142
5268.0,1.368227223429687
5269.0,1.5588945631995696
5270.0,1.7932442032965998
5271.0,2.967337350052743
5272.0,-0.9207361275580415
5273.0,0.7631670863417536
5274.0,1.3219719373975694
5275.0,1.4788518145408944
5276.0,-0.08424657564525286
5277.0,1.95539652093215
5278.0,1.6995786192151052
5279.0,-0.17798293896101125
5280.0,0.8150384851110869
5281.0,-2.7051843603832917
5282.0,0.7187198172277139
5283.0,0.923691934656356
5284.0,-0.2443221790467039
5285.0,0.6215700156049537
5286.0,-0.4983589034596411
5287.0,0.8447946719163161
5288.0,1.9146711634523659
5289.0,-0.6570113598637278
5290.0,0.2419059362764829
5291.0,-0.13552758350235863
5292.0,0.1754451973827145
5293.0,0.47826513261460946
5294.0,-1.1243711331587534
5295.0,-0.9424196625960435
5296.0,0.20061761590965127
5297.0,0.03330945806593714
5298.0,0.6934955723072168
5299.0,0.637495423608375
5300.0,2.9491005325061783
5301.0,-1.7790203460562277
5302.0,1.5546294573357946
5303.0,0.9326892063980787
5304.0,2.655889084915455
5305.0,1.0371295407803673
5306.0,-0.8699766118581004
5307.0,-1.4151357254734402
5308.0,-1.1177718269504964
5309.0,0.6521604958022525
5310.0,-0.4859770305647513
5311.0,2.0536396433299022
5312.0,1.7573630515994603
5313.0,-1.5884602139980815
5314.0,1.5399496544137408
5315.0,-0.9502727937641987
5316.0,2.5731618987907066
5317.0,-0.0663422714075249
5318.0,0.4902964489638862
5319.0,2.164600803178016
5320.0,0.3743691697970047
5321.0,0.10419799501522116
5322.0,0.7519494597216623
5323.0,-0.661178127459178
5324.0,-3.0473077747504855
5325.0,-0.13134105440785296
5326.0,-0.35797407811648246
5327.0,2.481528241199511
5328.0,-0.03177581098931171
5329.0,3.652696651624367
5330.0,0.13335246444230328
5331.0,-0.02128592977077264
5332.0,-2.2115657855095705
5333.0,-3.134643374885051
5334.0,-0.6278612593047947
5335.0,-0.2018813630988195
5336.0,0.0763729921940456
5337.0,-2.8444820319158306
5338.0,0.18030583221457605
5339.0,-0.13628432455401018
5340.0,0.169056891071005
5341.0,-0.8161271172608339
5342.0,-0.16540170622760342
5343.0,0.08546311713874132
5344.0,1.4319651971201843
5345.0,-0.9892580326052569
5346.0,2.2270437813857518
5347.0,1.1742236147524079
5348.0,-1.6744810934183398
5349.0,-0.7606909216753788
5350.0,-0.03364387085044119
5351.0,0.4329906335776821
5352.0,-1.727618706179341
5353.0,-1.0548265075712533
5354.0,2.098650691951401
5355.0,-0.5584205893076089
5356.0,1.0515215867720582
5357.0,0.09616005730995664
5358.0,1.8060943373969494
5359.0,0.41157135597651423
5360.0,-0.7740622254774873
5361.0,0.6070063264105411
5362.0,-0.39149430406370633
5363.0,1.175334060943605
5364.0,1.3163715881801823
5365.0,-0.031266455052149415
5366.0,0.16761976117519262
5367.0,2.123200928452456
5368.0,0.19329896778716874
5369.0,-1.5240365122938182
5370.0,0.59557171465489
5371.0,1.6496266648456406
5372.0,1.8843795152267988
5373.0,0.3980679671129463
5374.0,1.228276677920714
5375.0,0.416696782205791
5376.0,2.6784578444636225
5377.0,-2.678878942363938
5378.0,1.445483076237872
5379.0,2.025144706165814
5380.0,0.01320134846596679
5381.0,0.6039118630439752
5382.0,2.9874422294061835
5383.0,0.5304979500974806
5384.0,-1.8951645141243922
5385.0,-0.24338325612071382
5386.0,-0.11740993487955616
5387.0,-1.4768870973811778
5388.0,1.3732301535736133
5389.0,1.944569243508587
5390.0,0.767870011499201
5391.0,1.6392895418028233
5392.0,1.5053049321729617
5393.0,-2.0034923000669753
5394.0,3.818109140419276
5395.0,-1.3776038937659432
5396.0,-0.7939664919930283
5397.0,0.8278106336448733
5398.0,-0.2992801173949501
5399.0,0.8546325821649721
5400.0,0.05697382614579139
5401.0,-1.2540582585235545
5402.0,1.9580777147752413
5403.0,1.7774362419496301
5404.0,-1.1812654404469252
5405.0,-1.2253425099367594
5406.0,0.6205192055071606
5407.0,-0.5837418598387819
5408.0,1.0465551019096855
5409.0,2.1658500034323067
5410.0,1.3441778976741947
5411.0,-1.2681950997190545
5412.0,1.7369855869262885
5413.0,-3.8090211047096925
5414.0,0.4716877919403443
5415.0,-1.3864363947545928
5416.0,4.427306369151067
5417.0,2.066268977140359
5418.0,2.546652270066944
5419.0,-1.2620045000265319
5420.0,-1.591422884491866
5421.0,-0.7672838446016722
5422.0,-1.415751430968907
5423.0,-3.0495600904486966
5424.0,2.4072013785421396
5425.0,-1.9307781161389865
5426.0,1.1294829985670183
5427.0,-3.8125001499789
5428.0,-0.6345635759881013
5429.0,-0.6476543926304108
5430.0,1.715232525089975
5431.0,2.046673545783979
5432.0,0.7192704760187294
5433.0,-0.5789492648968395
5434.0,1.496887750026097
5435.0,1.569362134581923
5436.0,-0.21190212770269082
5437.0,-0.5239291420939824
5438.0,-1.0866951460438756
5439.0,-0.2734603671996062
5440.0,-0.7764689928069916
5441.0,1.0535544964204213
5442.0,1.3888821160018916
5443.0,1.1027658748167433
5444.0,0.6422740692224846
5445.0,-2.292225934033977
5446.0,-2.669092181362297
5447.0,-0.36899130237573263
5448.0,-0.7283802336928744
5449.0,0.6796252641639934
5450.0,0.2962687239248215
5451.0,2.1346086970044493
5452.0,-0.9282750086900847
5453.0,1.1758034736724765
5454.0,-0.9106116832510622
5455.0,1.3170795985671204
5456.0,0.8175527979822245
5457.0,0.30119188284777193
5458.0,0.8408748311491432
5459.0,-1.0783136748547162
5460.0,1.0776396141111488
5461.0,1.49143667774546
5462.0,1.7139310809182107
5463.0,-1.6501846733804715
5464.0,-0.026893203386428883
5465.0,-2.7832338531452807
5466.0,0.5873818196821251
5467.0,-1.3314202315403887
5468.0,1.404886205951359
5469.0,2.1778068135260105
5470.0,-1.6269800868158568
5471.0,-0.32813321152494596
5472.0,0.9018668992902483
5473.0,2.1834705157862966
5474.0,-1.2958677972109618
5475.0,1.1434764119568293
5476.0,1.9895719281546551
5477.0,0.8159092595813999
5478.0,1.5423597020291608
5479.0,0.17628868599481903
5480.0,2.2381821954157357
5481.0,-0.5190085682892427
5482.0,0.03368393524380186
5483.0,0.09959706114831413
5484.0,-1.6021759673858784
5485.0,-0.571713331526388
5486.0,1.726435992242494
5487.0,-0.7576655210925166
5488.0,-1.0726551466247212
5489.0,-1.4653349688972601
5490.0,-0.5104709188742507
5491.0,-0.34732576463321635
5492.0,-0.3370514448836086
5493.0,-1.3632018626495712
5494.0,1.010649293447571
5495.0,1.952386283443752
5496.0,-2.909538958276257
5497.0,-3.2366846478501103
5498.0,1.172180668238381
5499.0,0.1379303816205781
5500.0,-2.5397092873056337
5501.0,-1.961586296223942
5502.0,-0.7368212890349093
5503.0,-1.4437891725807988
5504.0,-0.294467960975864
5505.0,2.5986482016786576
5506.0,0.6247571909380075
5507.0,-0.28174459814701885
5508.0,2.05587395626499
5509.0,-0.12182957125773998
5510.0,-0.40383417479512507
5511.0,-0.9024580985449573
5512.0,1.2949725035621016
5513.0,1.1128721470533174
5514.0,3.3131389655594705
5515.0,1.9900198861103608
5516.0,1.1102134946166218
5517.0,-2.12510754999082
5518.0,-0.7250341160689926
5519.0,-1.1476981219182876
5520.0,-0.28122774326902017
5521.0,0.7721153428377019
5522.0,1.324889442412079
5523.0,-1.7315262770824091
5524.0,-0.03309494542829188
5525.0,3.2637825112863634
5526.0,-1.1855509277548637
5527.0,0.19958495972968557
5528.0,0.447188976299813
5529.0,-0.1641664260582571
5530.0,-0.9298303781084806
5531.0,-0.1237464389438258
5532.0,0.5044228510061376
5533.0,2.1562351552166703
5534.0,1.6339032045291662
5535.0,-0.3348055496413795
5536.0,1.5116201779900154
5537.0,-1.1087898531901206
5538.0,1.3809158981908043
5539.0,0.3214130543695104
5540.0,-0.8691892205906928
5541.0,0.5872880918156873
5542.0,0.3422236510606206
5543.0,1.1131340793798594
5544.0,-2.2173654678544787
5545.0,0.63010247384009
5546.0,1.5934486007063262
5547.0,-0.7329619299882687
5548.0,1.1664864471806122
5549.0,-1.6655899103870313
5550.0,-0.6969664103789304
5551.0,-1.074860413707601
5552.0,-1.3371685441536734
5553.0,0.04713440389415166
5554.0,-0.05631347103835647
5555.0,1.8547173663046472
5556.0,-0.6559562022932318
5557.0,-1.1297174574868565
5558.0,-1.5073735045479673
5559.0,-3.0124693201680355
5560.0,1.7748408478529536
5561.0,-2.0112979886802274
5562.0,0.8414490586599905
5563.0,-0.9961274889712775
5564.0,1.9237956228505757
5565.0,0.5525735125360817
5566.0,0.12310340764136282
5567.0,1.619791995621479
5568.0,-0.5084408124445384
5569.0,1.0505422577427739
5570.0,0.3766295108355581
5571.0,2.6436569935434253
5572.0,-1.3853574037305103
5573.0,2.411702478829737
5574.0,-1.1549534742416343
5575.0,0.9735720811905301
5576.0,1.852694353337663
5577.0,2.0597075249879673
5578.0,-2.7547356445158155
5579.0,-1.7386996127377055
5580.0,-0.8026656857628435
5581.0,-0.023093813094382295
5582.0,-0.0649997547054737
5583.0,0.6520984162770231
5584.0,2.184488276978109
5585.0,-2.4209365576217197
5586.0,0.722638062872226
5587.0,-0.08395115441064516
5588.0,-1.45770735512652
5589.0,2.0557766695220816
5590.0,1.0295070967605877
5591.0,-0.49792941758436815
5592.0,0.19297366085840045
5593.0,-2.2094274776077434
5594.0,0.7629163556031738
5595.0,-0.8716875432405037
5596.0,1.1235834117480596
5597.0,2.682665937871734
5598.0,1.861443252034411
5599.0,-1.1743436227791446
5600.0,1.759872628745383
5601.0,-0.4397175660016716
5602.0,-0.44948052635113944
5603.0,0.41942740409350615
5604.0,-2.486727432138088
5605.0,0.5919600265178299
5606.0,0.22652485689550964
5607.0,-0.8517174013608685
5608.0,0.16996592683421902
5609.0,0.5559954053673436
5610.0,2.4957194385295463
5611.0,-0.14101131255544122
5612.0,1.2379126229933397
5613.0,-1.7686710819014675
5614.0,-0.4216121667288281
5615.0,0.6447781816820226
5616.0,-1.0885077692089014
5617.0,-1.2439188059988115
5618.0,-0.41747478900359003
5619.0,-1.153731679384621
5620.0,0.6594737466020371
5621.0,1.1386791849033737
5622.0,1.872722620605054
5623.0,-2.375849781596093
5624.0,0.579254011555741
5625.0,0.88559854771336
5626.0,-2.1360723766001963
5627.0,0.8706743931105363
5628.0,2.107798572554468
5629.0,-0.10520628511146303
5630.0,-1.8449965353047164
5631.0,0.42719746598541586
5632.0,0.0769083833164518
5633.0,-3.2274057320013707
5634.0,1.235218652196892
5635.0,-2.4647178488896704
5636.0,-3.046967512281349
5637.0,0.26650592731136447
5638.0,-0.2266569241869364
5639.0,0.28818412354724265
5640.0,0.14963869410597977
5641.0,-0.5260118132340258
5642.0,-0.8103110721554508
5643.0,-0.15005321804841976
5644.0,-0.3539267979613487
5645.0,-2.4772471927351996
5646.0,-0.7704753266282766
5647.0,0.2093224535243839
5648.0,-1.5933451889558043
5649.0,1.174870946869528
5650.0,-1.9837316705789392
5651.0,1.7173297743977811
5652.0,0.12205587502626059
5653.0,2.2952852202140948
5654.0,-1.7700966646616272
5655.0,2.053150673407048
5656.0,0.2646505975835675
5657.0,-1.670803867329008
5658.0,-2.4262564460059393
5659.0,-2.9956951433502526
5660.0,-2.407470788740758
5661.0,2.457463804695892
5662.0,0.823324252072359
5663.0,0.7518037752365291
5664.0,0.9635293580455555
5665.0,0.3902645238597723
5666.0,0.29854914049620673
5667.0,0.9008386780484224
5668.0,0.4520593021923242
5669.0,3.0287303952007556
5670.0,2.4417311286284344
5671.0,0.9724981176431944
5672.0,1.7198134775361342
5673.0,1.5648862658877467
5674.0,2.105733874984772
5675.0,2.3289882173442393
5676.0,-1.3574329586508784
5677.0,1.4643498331028941
5678.0,2.667126507461413
5679.0,-0.36073779938845874
5680.0,-0.01710905979627891
5681.0,0.2736108811852858
5682.0,1.5004510962457889
5683.0,2.828362844143549
5684.0,-0.28434338492336314
5685.0,-0.1880301307533411
5686.0,0.09978981684478727
5687.0,-0.7254036870975604
5688.0,-1.4263671477422104
5689.0,2.2170824218116536
5690.0,1.1963051692097373
5691.0,-1.523375275215537
5692.0,-0.7803646829860034
5693.0,1.738484529746317
5694.0,2.548796143910828
5695.0,-2.3753318385838615
5696.0,-0.959403970005499
5697.0,1.230422228759894
5698.0,-0.2182397159365743
5699.0,-3.08044008887562
5700.0,1.8831416820904732
5701.0,1.7276585819304786
5702.0,0.9979126299895219
5703.0,1.2584920878684414
5704.0,-1.778225515374686
5705.0,-0.18048928774473852
5706.0,-1.3021048075909216
5707.0,-0.09769552837990361
5708.0,-0.23320165216341096
5709.0,-2.0970993412763543
5710.0,0.2835313691892906
5711.0,-0.6048501131498588
5712.0,-0.9720639544193547
5713.0,1.1227532046995812
5714.0,1.3960195466167304
5715.0,-1.2385605104282646
5716.0,-0.36325489022664664
5717.0,0.3619768982641793
5718.0,2.190525982520754
5719.0,0.7671530837187545
5720.0,-3.32106568384985
5721.0,-0.2937581781377255
5722.0,-1.226643059242701
5723.0,1.801820091036719
5724.0,2.3789323961470576
5725.0,-0.40791119133417586
5726.0,-0.0291194372196575
5727.0,0.852979007612279
5728.0,-1.2132528911862275
5729.0,2.2268053778974664
5730.0,1.4530250980474757
5731.0,0.5271759548709446
5732.0,1.1327013205195946
5733.0,0.8538852039642854
5734.0,0.5198526977638568
5735.0,-1.7841337424301644
5736.0,-0.20240298715995317
5737.0,-1.8826691069458745
5738.0,-0.4526413530236774
5739.0,1.7240970758262497
5740.0,2.249102572560497
5741.0,-0.8838235544824247
5742.0,-0.8131582381010696
5743.0,-0.11137358814954133
5744.0,2.529648270594694
5745.0,-0.24825572913018348
5746.0,2.29587464166526
5747.0,-2.6027811960789835
5748.0,1.4063848035073323
5749.0,-1.5749676707460636
5750.0,-1.0639634798792796
5751.0,1.933495718482281
5752.0,-0.27973229616808926
5753.0,0.011834303851366818
5754.0,0.5645141033274517
5755.0,-1.486504649948619
5756.0,0.04925237631751792
5757.0,-0.08009026160631866
5758.0,-1.840235885887334
5759.0,1.327263488830524
5760.0,-1.5541854737886305
5761.0,-0.25929239833449735
5762.0,-0.03360239713310912
5763.0,-1.099895637673284
5764.0,-2.5829486827563457
5765.0,1.5914992970795225
5766.0,-0.3655814158198319
5767.0,-1.3652381603776242
5768.0,1.5246172236589033
5769.0,-0.24718533471019818
5770.0,-1.148393614873582
5771.0,-0.009505632557234288
5772.0,-1.2416829380424947
5773.0,0.3814918736926693
5774.0,0.7152730474580189
5775.0,0.6387766839251001
5776.0,1.333305681734511
5777.0,2.7431702176456123
5778.0,1.1313753256416028
5779.0,2.4815721380731386
5780.0,-1.3365196997684885
5781.0,-0.9479059920751717
5782.0,-0.7090023997992896
5783.0,0.8952232266567323
5784.0,-0.03846479675942363
5785.0,3.5332999560679386
5786.0,0.6595013536486732
5787.0,1.1000258177486069
5788.0,0.7596756421532025
5789.0,-2.626722300435298
5790.0,-0.8829113026221778
5791.0,3.0833307054915093
5792.0,-0.8130746229551623
5793.0,1.3243894535833152
5794.0,2.3825808679263325
5795.0,0.8184467858372506
5796.0,2.9440690513557355
5797.0,0.26133118794031696
5798.0,2.3102903837735065
5799.0,1.112711826227755
5800.0,0.896743499700734
5801.0,-1.3818325388592982
5802.0,0.6775301765236884
5803.0,-0.7338233087640201
5804.0,-2.5628423342758464
5805.0,4.275475453858274
5806.0,0.6189178432522625
5807.0,-0.2995696060879039
5808.0,-2.3373978909462294
5809.0,-1.6375807826729367
5810.0,0.2652579907188734
5811.0,-0.8045986107764089
5812.0,-1.5424345759508373
5813.0,2.227800892538774
5814.0,2.3917310039218824
5815.0,-0.2545806412542229
5816.0,2.23154563499032
5817.0,-0.8073563390529103
5818.0,0.6575961804392463
5819.0,-1.6739843340764566
5820.0,0.7753966327251454
5821.0,-0.6551111900202947
5822.0,0.19126320014432782
5823.0,0.03563635096008621
5824.0,-2.0986669599669923
5825.0,-0.031059052499232135
5826.0,-2.015089779373178
5827.0,2.1242724336365537
5828.0,-0.6837355197513211
5829.0,-1.3646656834141546
5830.0,0.9315896718954233
5831.0,0.21030985797707336
5832.0,1.8507382494239313
5833.0,0.5501342636403456
5834.0,-0.040991988123913144
5835.0,-0.5812362357937447
5836.0,0.15685514493893107
5837.0,-1.1253960458111496
5838.0,2.976129694498071
5839.0,1.4543106406573365
5840.0,-0.32736245004117837
5841.0,-1.4099984297688448
5842.0,-1.1533546684989802
5843.0,-2.4772147515888356
5844.0,-1.123613336288909
5845.0,0.11641708126269106
5846.0,0.8134395611811305
5847.0,-0.9333465615282486
5848.0,-1.6586802939213399
5849.0,1.914996332738063
5850.0,-0.20014107116099866
5851.0,-1.2432498874223923
5852.0,-2.1508926512113447
5853.0,2.9656089089764297
5854.0,2.8495238804369243
5855.0,-1.4702134093379893
5856.0,0.08890305349454208
5857.0,-1.3387317456735486
5858.0,-1.2321644935907403
5859.0,-0.9699966379263156
5860.0,1.9018910798224027
5861.0,-0.6261253015217817
5862.0,0.48999664327152725
5863.0,0.4458220731411003
5864.0,-2.452521048734509
5865.0,-0.2632524547355781
5866.0,-1.1223832307125055
5867.0,-0.9353548622250858
5868.0,0.622618593519008
5869.0,0.3248267545784903
5870.0,-1.5332916632934899
5871.0,-1.5283260508067142
5872.0,0.5774600545799351
5873.0,-0.3247264226897297
5874.0,0.71325707552006
5875.0,0.4192212850138701
5876.0,-2.624854585909878
5877.0,0.6091280433751649
5878.0,0.3992820925759383
5879.0,-0.058736965732344486
5880.0,-1.6926946360912916
5881.0,-0.5153545294333955
5882.0,-0.02706089491230673
5883.0,0.2888719482963032
5884.0,-0.22693079354059723
5885.0,0.9005624254002998
5886.0,-0.6282312829846323
5887.0,-1.6261762153357076
5888.0,-1.010107593522214
5889.0,0.2651937659067933
5890.0,1.2129367045375392
5891.0,0.8480534953008332
5892.0,-0.33890453697468914
5893.0,1.9137438989914541
5894.0,0.6165313635046465
5895.0,0.8442579409142522
5896.0,-2.7663823946677732
5897.0,-0.7660527589736853
5898.0,-0.00022749760583110634
5899.0,0.4179869152915784
5900.0,-3.9293661514394462
5901.0,1.06151234729956
5902.0,0.7226415752333891
5903.0,-0.22500475807448092
5904.0,0.32839640318027524
5905.0,0.8444663732473341
5906.0,2.3804399811375054
5907.0,1.2074271108643793
5908.0,-0.237056171912594
5909.0,-0.2512379593824945
5910.0,1.123521539995501
5911.0,-0.4334036545779173
5912.0,0.08386660187424057
5913.0,-0.2767150075213061
5914.0,1.5459245176206622
5915.0,2.8077153224221507
5916.0,-1.3905724563894655
5917.0,-2.4482546753267047
5918.0,0.16088083620668875
5919.0,1.7399983068381497
5920.0,-0.7664554549697642
5921.0,-1.2852170898197237
5922.0,1.2235671581579945
5923.0,1.1766905656888635
5924.0,-0.4759901272898338
5925.0,1.3785307629278765
5926.0,2.574037178648803
5927.0,1.570409743635483
5928.0,-1.5413008065244103
5929.0,-1.1056615760432411
5930.0,0.11069268477778123
5931.0,2.8203011662373174
5932.0,-2.212148860986435
5933.0,-1.642416949585439
5934.0,2.802430819469699
5935.0,2.0122575931591036
5936.0,-3.158633118843521
5937.0,1.0931128113368802
5938.0,0.4096690767497354
5939.0,0.7436554739313265
5940.0,1.9424562657080247
5941.0,1.027989616948274
5942.0,-2.072971439397876
5943.0,-0.9287941424993046
5944.0,1.3482378669426787
5945.0,-1.018037917322183
5946.0,-1.289880653300591
5947.0,-0.5961550489007901
5948.0,-0.34290191815118
5949.0,0.33168521334880297
5950.0,0.9698892609583988
5951.0,-2.3269258256034893
5952.0,-0.1839829276470063
5953.0,-0.5128849894114861
5954.0,3.0043897842533465
5955.0,1.4349590996155073
5956.0,-2.098689306594935
5957.0,0.2290478321171178
5958.0,-2.5472859630784472
5959.0,-0.4470399019624289
5960.0,2.8817479935734207
5961.0,1.110693316608999
5962.0,1.7412835492443342
5963.0,-0.22041231282055018
5964.0,0.21687836692662574
5965.0,-2.0563898372798652
5966.0,1.1386810040031423
5967.0,-1.052332580149754
5968.0,1.5866540855886302
5969.0,-1.6206381138146266
5970.0,-0.21579378769994065
5971.0,0.6831224583590166
5972.0,-2.819049047637155
5973.0,-2.679730089828354
5974.0,-0.30656371476219996
5975.0,0.6395209069005043
5976.0,-0.6700402242799904
5977.0,0.6763710916998346
5978.0,-0.5757313479275588
5979.0,-0.9081316177113111
5980.0,-2.668749349034265
5981.0,-0.2443099023049179
5982.0,0.4673606471050537
5983.0,-1.9605523669529563
5984.0,1.977020958225056
5985.0,-0.3583491231274418
5986.0,-1.493655074658061
5987.0,-0.8191324290854988
5988.0,-0.7114670888541031
5989.0,-1.1676129725929558
5990.0,0.1513914870683103
5991.0,1.2367665788447666
5992.0,-0.18951362317441742
5993.0,0.3245086626827585
5994.0,0.8180870376023499
5995.0,1.4952304006665253
5996.0,-0.830965143088864
5997.0,1.2702593113660554
5998.0,1.6328964161225197
5999.0,-1.0722105221486626
6000.0,-2.0129276294795018
6001.0,0.03588286351906112
6002.0,1.6673835171422418
6003.0,1.3551862324570216
6004.0,0.5211631862065025
6005.0,-2.109571167143366
6006.0,1.6052826292893478
6007.0,0.26107501617477025
6008.0,2.892797691726785
6009.0,-0.17592665414923275
6010.0,-1.2179231536178603
6011.0,-1.507722329031705
6012.0,2.6237864627237664
6013.0,0.33307416054595973
6014.0,0.691599051541967
6015.0,0.8363237645180515
6016.0,0.02793561274999202
6017.0,0.13030395066860684
6018.0,-0.5321375742573671
6019.0,-1.2831822076646506
6020.0,-1.0453065873512843
6021.0,0.21715223969013284
6022.0,1.0030845868100482
6023.0,1.3115084784208788
6024.0,0.9774392668266347
6025.0,1.0437450944054403
6026.0,1.3416744110189913
6027.0,-0.0682036907835163
6028.0,-1.507889105315819
6029.0,-1.676856677117746
6030.0,2.221887341472021
6031.0,-1.6228410215893845
6032.0,1.7384032018457976
6033.0,-2.3043046094254542
6034.0,2.082502887319423
6035.0,-0.3479831947076259
6036.0,0.44789780732866896
6037.0,0.694377991687113
6038.0,-0.32434040090372884
6039.0,-0.5959849512644078
6040.0,-0.10768574128319365
6041.0,-0.43354596890434033
6042.0,2.111011461859818
6043.0,0.2810927439700381
6044.0,1.4015681228760297
6045.0,0.00353636268413115
6046.0,0.7643294708628701
6047.0,-0.1281290300232038
6048.0,2.0467382662656406
6049.0,0.08873996600748739
6050.0,-0.5150031504299358
6051.0,-0.7200136288384962
6052.0,0.2862338932166573
6053.0,-0.5918958877194832
6054.0,1.680273824125072
6055.0,-0.4807099066085802
6056.0,0.4694495141859331
6057.0,2.3677576280024213
6058.0,-0.3504067901039049
6059.0,0.6368497025551411
6060.0,-0.1021412408302004
6061.0,-0.051435333737258525
6062.0,-2.096076681498797
6063.0,2.8102602959294822
6064.0,-1.0220847037349308
6065.0,-2.4926677354448885
6066.0,-0.19269453312613927
6067.0,-0.5626275095891411
6068.0,0.6023837361156184
6069.0,-1.643494485313713
6070.0,-1.3603838709085987
6071.0,-0.7191179200412213
6072.0,-1.2393460071506586
6073.0,0.8401102861748199
6074.0,1.2158552276858379
6075.0,1.1021508756430334
6076.0,0.7329745793543783
6077.0,1.1032016217348548
6078.0,-3.750106193389505
6079.0,1.6258579734990046
6080.0,-1.888660656925589
6081.0,-1.3457953990834632
6082.0,1.0718320488880662
6083.0,0.988058695648868
6084.0,0.9614535440500456
6085.0,2.6468468682235238
6086.0,-0.7760104232548389
6087.0,-0.8227657974775121
6088.0,1.935213159900562
6089.0,-0.07064819194925948
6090.0,-2.7901127050920556
6091.0,0.4100187549155576
6092.0,-1.0304312918919347
6093.0,0.5703337481550907
6094.0,-2.3860346628192928
6095.0,-1.4392731818695488
6096.0,1.4888338621512565
6097.0,-1.3200091887132919
6098.0,1.6675394308117473
6099.0,-2.6061092512306887
6100.0,0.9148270086322319
6101.0,0.003681357845866676
6102.0,-0.6991134426383905
6103.0,0.26630949251123437
6104.0,-0.019661847138778457
6105.0,-0.9197815081120898
6106.0,0.5829108436693928
6107.0,1.6572457805299716
6108.0,0.7060144636300157
6109.0,-1.2448838760174616
6110.0,-1.0518265114524015
6111.0,3.1369863258337536
6112.0,-1.3923607531421571
6113.0,1.2697691620617049
6114.0,-4.092868560364311
6115.0,-1.014462629712899
6116.0,-0.6949199392937305
6117.0,0.19038171049311364
6118.0,2.4218905143171474
6119.0,0.35726137653950407
6120.0,-3.617303914608886
6121.0,-0.4229633379044164
6122.0,0.15073313603487062
6123.0,-1.5262493415559535
6124.0,-1.4921943096755508
6125.0,-1.9082400236827464
6126.0,-0.6019428470383216
6127.0,1.0437806132718246
6128.0,1.827609563053037
6129.0,0.8123736661899894
6130.0,0.4669624507684775
6131.0,-1.6704077684639433
6132.0,-0.5945027936912316
6133.0,2.0491085251643764
6134.0,0.6315694879466691
6135.0,0.07123357833624462
6136.0,0.42622384709871575
6137.0,-0.34462946577885745
6138.0,1.825094313376353
6139.0,0.03507731266460141
6140.0,-0.1695249414156812
6141.0,-0.0881687288045327
6142.0,-1.4683149108082625
6143.0,1.349938384881501
6144.0,-0.35505328030847466
6145.0,1.2973313196372145
6146.0,3.1543560824564
6147.0,-1.9071289667246731
6148.0,2.27054257248588
6149.0,2.066996779755515
6150.0,-1.1626978783140354
6151.0,2.1741556442759324
6152.0,1.4706534609600384
6153.0,-1.1228862483491224
6154.0,0.14722810780705475
6155.0,1.8513581638379162
6156.0,-1.0165577683786375
6157.0,1.066549465983006
6158.0,-1.5520205051571578
6159.0,-0.7616102474214638
6160.0,0.4750972977808278
6161.0,-1.7287469363475443
6162.0,1.2339650115619023
6163.0,1.7516683870164105
6164.0,-0.7506428681427957
6165.0,1.705271664358949
6166.0,0.22163772693304135
6167.0,-1.6551147603253582
6168.0,-2.4352257642578095
6169.0,0.5012174089904847
6170.0,-0.7690164018580763
6171.0,-3.571431505180914
6172.0,2.2330092254304366
6173.0,-1.3485801226192187
6174.0,-0.18770070865927577
6175.0,0.47559175643341234
6176.0,-0.389398897105861
6177.0,-0.7995782793302373
6178.0,-2.393529694292095
6179.0,0.7355905254619706
6180.0,-0.6143191552087821
6181.0,2.730985949352481
6182.0,1.936579678804182
6183.0,1.0472710462935013
6184.0,-0.700644964399087
6185.0,-0.1262759646248392
6186.0,2.1236788291832913
6187.0,-0.07610064494129139
6188.0,-0.2831068891996182
6189.0,-0.0335843902498811
6190.0,0.33069315071403094
6191.0,-2.0979036798345727
6192.0,1.4572334471767292
6193.0,0.835193105507119
6194.0,-0.9561498827996823
6195.0,-0.5609222003270058
6196.0,-0.34887021759344705
6197.0,0.50470608296843
6198.0,-1.8848064196885068
6199.0,2.6870297182895144
6200.0,0.7052379769308007
6201.0,0.14983366578163768
6202.0,-1.2844361826043191
6203.0,1.4950532783524386
6204.0,1.2926356862049553
6205.0,-1.174542352804627
6206.0,-0.8124051622575555
6207.0,2.855815390542442
6208.0,-2.476452448557361
6209.0,1.569038509004396
6210.0,-0.6893585912911269
6211.0,1.1915689472957203
6212.0,0.8451170196575407
6213.0,-1.7637705364008138
6214.0,-0.9641728024592774
6215.0,1.379937703350544
6216.0,-0.5465874172900681
6217.0,0.742443595125195
6218.0,2.1891193680653447
6219.0,-2.209187518373094
6220.0,-0.6964530047652022
6221.0,-1.7601921200646633
6222.0,-2.0682155428139124
6223.0,1.18637313665447
6224.0,1.3353107359337473
6225.0,0.0215652953311087
6226.0,0.03911272537264039
6227.0,-1.1093543597492381
6228.0,1.1161590937901547
6229.0,-0.22539778152167098
6230.0,1.7475643243324368
6231.0,1.738189348749325
6232.0,0.48371485906461126
6233.0,1.3924955836679414
6234.0,1.64117153585879
6235.0,0.5241868894277674
6236.0,-1.5103586739890285
6237.0,0.7761637380058576
6238.0,0.858441069433923
6239.0,0.9962287957849032
6240.0,-1.982326862382859
6241.0,-1.2060628334561465
6242.0,0.3904918934572735
6243.0,0.9127292044527038
6244.0,2.4815756345419495
6245.0,-2.517905819159063
6246.0,0.7782719407115821
6247.0,-0.1167190847582931
6248.0,-0.4817254977337759
6249.0,-2.8714716926985386
6250.0,-0.4383084788031438
6251.0,-2.0768510095466337
6252.0,1.91463737229483
6253.0,1.291028807102853
6254.0,0.796065042305452
6255.0,1.1254534419377664
6256.0,-2.4511651884939285
6257.0,1.0907323620290192
6258.0,-0.7562077183756369
6259.0,-0.7310367008876019
6260.0,-0.9355631624385174
6261.0,-0.7773138374072665
6262.0,1.6559527016485072
6263.0,0.944005941694548
6264.0,-2.28180434536231
6265.0,0.1133215187341415
6266.0,0.18746533891090766
6267.0,1.3814535825696126
6268.0,3.311535343181648
6269.0,-2.115453323962654
6270.0,-0.6662638511606791
6271.0,1.5488768411766456
6272.0,1.8701433539596632
6273.0,-0.2629229301054015
6274.0,-2.759061164296877
6275.0,-0.4581432901876877
6276.0,1.258283074973788
6277.0,0.06537482766254632
6278.0,1.2148936588902033
6279.0,0.6523309866099734
6280.0,1.5453376162583066
6281.0,-0.9948368840762388
6282.0,-1.6776409903409928
6283.0,-2.5449279590099807
6284.0,2.4189585552114203
6285.0,-0.8188446374143515
6286.0,0.8398137025554083
6287.0,0.21344991682223435
6288.0,1.489440951020827
6289.0,0.8801635903893672
6290.0,0.13953701580543518
6291.0,3.6442770597356957
6292.0,-0.5574392549120797
6293.0,-0.06220770140405851
6294.0,-1.856848180546136
6295.0,-0.0726748012726382
6296.0,-0.4231270777246387
6297.0,0.5662468846296801
6298.0,-0.28953544951800225
6299.0,-1.8516044176305113
6300.0,-0.9956973720529237
6301.0,0.49800909129774235
6302.0,-0.5515680197321502
6303.0,-0.20122731649992345
6304.0,1.2247061114737274
6305.0,-2.164285882535521
6306.0,-0.9919483426054014
6307.0,0.8354971596071732
6308.0,-3.285934295883206
6309.0,1.1373107941965224
6310.0,-0.32659774435199085
6311.0,0.025851506237419983
6312.0,-0.696118949042055
6313.0,1.1840047944738836
6314.0,-1.143182122072464
6315.0,-0.18679297226131553
6316.0,1.277238597424668
6317.0,0.41820181554517905
6318.0,0.027450231455019083
6319.0,-0.12696917176998518
6320.0,-0.7108660232887684
6321.0,-0.981811352681958
6322.0,-0.05833006608013637
6323.0,0.0843585066954557
6324.0,-2.5839317676066385
6325.0,-1.721757003941676
6326.0,0.10062650571659752
6327.0,1.306949807661277
6328.0,0.26109912172148436
6329.0,-0.07684580698949604
6330.0,-1.8953549028152377
6331.0,-2.0515496954217127
6332.0,1.720504390028476
6333.0,0.6458518174004494
6334.0,0.9250897805877192
6335.0,0.627103926361285
6336.0,0.30954305819414507
6337.0,1.7559975515437103
6338.0,1.4436494967020694
6339.0,-3.22537101860186
6340.0,1.6744567815897773
6341.0,1.4769045561395635
6342.0,-1.3851788415611812
6343.0,0.8112924689101025
6344.0,-1.2319062984950362
6345.0,-1.295889885857657
6346.0,0.04544844158385236
6347.0,-0.841496906796757
6348.0,-0.36512104384928257
6349.0,0.615727794029051
6350.0,1.1927582005940989
6351.0,0.9239819271438372
6352.0,0.4953268200287643
6353.0,1.4481684029673942
6354.0,-1.8158431883510266
6355.0,-1.365285027708014
6356.0,-0.13259751825545
6357.0,-0.7235572008870773
6358.0,-0.5334887748199787
6359.0,0.6548038080859353
6360.0,-1.0564170477008172
6361.0,-0.5488695940332879
6362.0,1.7650128016348217
6363.0,-1.010999992950589
6364.0,0.5187583230531483
6365.0,-1.0242398167451643
6366.0,0.5628376140536406
6367.0,0.16397943003661877
6368.0,-3.7851691423594627
6369.0,1.5184178285857317
6370.0,0.2210801561188572
6371.0,0.7531379598145613
6372.0,-0.9531366227343475
6373.0,0.3683208104451717
6374.0,-2.03615587974636
6375.0,0.08257315487785441
6376.0,2.0510987128761142
6377.0,-0.8849610945550885
6378.0,0.5426252538761037
6379.0,0.7564822000689182
6380.0,-1.6103351665287877
6381.0,-1.9454770038266147
6382.0,1.2485971300726297
6383.0,-1.667475327599969
6384.0,-2.0100203312288993
6385.0,-0.8822986597444692
6386.0,1.4499350177085901
6387.0,0.6085595406210453
6388.0,1.460262461202731
6389.0,0.23349587006636233
6390.0,-0.43347456127602224
6391.0,0.09361575932979795
6392.0,-1.2006705160200375
6393.0,-1.7446850972627261
6394.0,-0.807703165840434
6395.0,0.17213204403200977
6396.0,-0.08999549737949325
6397.0,1.1811288379296627
6398.0,-0.3024946556039305
6399.0,1.60360943951207
6400.0,0.6018885894944566
6401.0,-0.0631455724728539
6402.0,0.06132151137366404
6403.0,0.6867566196780436
6404.0,1.2263216248773225
6405.0,0.3001555990477019
6406.0,1.2255992475281239
6407.0,-1.105404333069647
6408.0,0.10320439844887926
6409.0,-1.9021888045515793
6410.0,1.1820732350187955
6411.0,-1.402164049453092
6412.0,0.4447156507816312
6413.0,-0.7824078995603386
6414.0,-2.7100789601306237
6415.0,-1.8047987753791426
6416.0,0.8160280178793937
6417.0,0.3025708537344778
6418.0,-0.6626494382073894
6419.0,-0.1073840626119706
6420.0,0.7286747688253734
6421.0,0.7364683848943078
6422.0,0.21598660741141582
6423.0,-0.752652964087807
6424.0,0.3743412760591814
6425.0,-1.8302763655982344
6426.0,-0.6339947855883025
6427.0,-0.41480885771460285
6428.0,1.1067698314982097
6429.0,-0.45361192438230297
6430.0,-1.036674950022743
6431.0,1.2532300744464842
6432.0,-1.256909548467149
6433.0,-3.823150604302268
6434.0,1.9060450680503085
6435.0,0.814237452465557
6436.0,-1.1101659669361186
6437.0,-2.1552634013175864
6438.0,-0.8653999780211321
6439.0,0.9191296635406172
6440.0,-0.3167257291538062
6441.0,1.601519849336735
6442.0,2.1723238641512834
6443.0,-0.33726292297684796
6444.0,-0.5546752004244611
6445.0,-2.1097635865299864
6446.0,1.1884828796099667
6447.0,0.10959787728378874
6448.0,-0.45704065591605225
6449.0,0.9652513208222514
6450.0,-1.9317114315772572
6451.0,-0.7734006047297209
6452.0,0.8600264359745584
6453.0,3.009136940224357
6454.0,-0.5528283791423129
6455.0,0.7142518113373099
6456.0,-0.6343942715573225
6457.0,-1.285150095942855
6458.0,-0.01754680929497095
6459.0,-0.4075117013957005
6460.0,-1.0276120455567463
6461.0,0.5028316765477236
6462.0,0.10485850321112448
6463.0,0.19061995385508826
6464.0,1.9065156314832488
6465.0,0.5535814618748883
6466.0,0.6687758652291643
6467.0,1.7533495413687137
6468.0,-1.4332547541579117
6469.0,-0.12535662908451645
6470.0,1.0156527718817494
6471.0,-1.7032098575339156
6472.0,2.4036892707792825
6473.0,-1.3282213505662475
6474.0,1.879676915689456
6475.0,0.5113923179343085
6476.0,-1.5127408289259796
6477.0,0.7086934572754195
6478.0,-0.35565816486064367
6479.0,0.0017925796656644455
6480.0,1.0826412430605883
6481.0,2.7856686262551693
6482.0,-0.4131239250160371
6483.0,-2.4452351624466164
6484.0,-0.5521599800791173
6485.0,-2.7826705546436883
6486.0,-0.8868452938399989
6487.0,0.649263487031313
6488.0,0.9014262795855185
6489.0,1.3433296031663688
6490.0,-0.6502921028167813
6491.0,-0.702759776982991
6492.0,0.7471318043710579
6493.0,-0.22126474027650944
6494.0,0.19797702615965143
6495.0,0.8621929455850439
6496.0,1.9843104389833834
6497.0,-1.3676942205023117
6498.0,1.5722461513472545
6499.0,1.9874300880208675
6500.0,-1.3267012246499883
6501.0,0.683189170091682
6502.0,1.7713117723488998
6503.0,-1.1671716944204318
6504.0,-1.242472435478157
6505.0,-1.1068743019421454
6506.0,2.0707759247390407
6507.0,-0.6849670512856464
6508.0,-0.13503900038718086
6509.0,-1.4978217199896116
6510.0,0.3296259734625251
6511.0,1.2252742621394863
6512.0,-1.7213774675893845
6513.0,-1.5199899522964937
6514.0,0.9234820059911685
6515.0,0.2574982747552467
6516.0,1.864487991264037
6517.0,0.515335467908031
6518.0,1.4504768930157508
6519.0,0.1074308190219973
6520.0,0.3998578704700024
6521.0,1.3493499366784167
6522.0,-0.31372174830847466
6523.0,0.6418473192539613
6524.0,0.924605107911589
6525.0,-0.05098915959650969
6526.0,-0.9716151186499287
6527.0,1.1088817455153681
6528.0,0.07567955628063369
6529.0,-1.1568736508771813
6530.0,1.0185938158992425
6531.0,-0.7125414109722783
6532.0,0.9117919683082472
6533.0,1.9398538579021762
6534.0,-2.732618888008497
6535.0,-0.04578851396423764
6536.0,-0.18846069241408145
6537.0,1.0531791251615057
6538.0,0.011761540212980577
6539.0,-0.20040085757873258
6540.0,-2.849524919148204
6541.0,-1.9619323312826211
6542.0,-1.946838246274848
6543.0,0.8222449344046814
6544.0,1.2441947724232985
6545.0,-2.7776464590129777
6546.0,0.7122568598791855
6547.0,-0.27754293850898676
6548.0,-0.2587392048684256
6549.0,-0.47661715340325106
6550.0,-0.35339037316437943
6551.0,1.5401017017252459
6552.0,-1.3142806933997386
6553.0,0.9350760111529255
6554.0,-1.9143114290928658
6555.0,-2.968980210298556
6556.0,-0.24990399328744178
6557.0,3.257845117022287
6558.0,0.4836034771000157
6559.0,-1.299813731869133
6560.0,2.994649648253522
6561.0,1.7850206856954296
6562.0,0.5283597880495347
6563.0,-0.04326771179894852
6564.0,-2.489628196656196
6565.0,-3.1073315934093255
6566.0,1.122902349504952
6567.0,1.4527257994172553
6568.0,-1.8971602614571839
6569.0,0.7758782714500243
6570.0,-0.26139471091988
6571.0,1.5536644063375464
6572.0,1.74045539870787
6573.0,-0.4991387987492225
6574.0,-0.24388148626414113
6575.0,1.1970919024837492
6576.0,1.7514885189765441
6577.0,0.0406656165685035
6578.0,3.016756189053258
6579.0,-1.0931161906017564
6580.0,1.9491205503302371
6581.0,1.091049833404941
6582.0,-0.9716808673718859
6583.0,1.7974714236994027
6584.0,-0.9223130599927695
6585.0,1.389700270013835
6586.0,-1.3951447778327704
6587.0,-1.7391900895735766
6588.0,1.1193227765749838
6589.0,1.6360378032136769
6590.0,0.6948388712840607
6591.0,1.0460908440354997
6592.0,0.2725110834028517
6593.0,0.6400235643973997
6594.0,1.9178583020318318
6595.0,-0.6014477899280286
6596.0,1.0909446722100768
6597.0,1.5384932514222425
6598.0,-1.1615683563023447
6599.0,1.2238691743667298
6600.0,3.5974330370247034
6601.0,1.5757098688606992
6602.0,1.593224605628756
6603.0,-0.5062608397147759
6604.0,-0.5455323319163426
6605.0,0.6085784263823829
6606.0,-1.0905354438795771
6607.0,0.151111088249587
6608.0,2.2683504557314453
6609.0,-0.0684413473920792
6610.0,1.2215752787972434
6611.0,-0.6950945927052772
6612.0,-0.11194456241517386
6613.0,-2.2463360275052207
6614.0,0.38879473734207826
6615.0,-0.2068745309733653
6616.0,0.8868905153157531
6617.0,-0.5879343026206124
6618.0,0.9349086937672931
6619.0,-1.7779406084544471
6620.0,-1.7192208174831742
6621.0,-1.5245408050439644
6622.0,3.4419451740456872
6623.0,-2.142786651330534
6624.0,1.8626782188472946
6625.0,0.4284942823683764
6626.0,-0.38699634540983047
6627.0,2.040660557332401
6628.0,-0.4335970027627293
6629.0,0.487512291548673
6630.0,-0.7791526305676013
6631.0,0.4638428799425972
6632.0,0.7869711344650864
6633.0,0.3628888592784125
6634.0,0.18111102726897113
6635.0,1.0922922205634742
6636.0,0.46498174757348776
6637.0,-2.2663532910138664
6638.0,0.8371199009634651
6639.0,2.262976052342983
6640.0,0.11326998537324262
6641.0,0.12626213819491935
6642.0,-1.4484848569803852
6643.0,0.8674617193598749
6644.0,0.6576261292210416
6645.0,0.9550839759481583
6646.0,0.8071689265430202
6647.0,-0.2813624594305495
6648.0,0.9862350624614051
6649.0,2.685579502657777
6650.0,1.4217777902906912
6651.0,0.1240310343042178
6652.0,-1.5803068791986643
6653.0,2.3001110026706417
6654.0,-1.0357741907522986
6655.0,-0.24804110084683864
6656.0,-1.6215547613966534
6657.0,-1.902991532480422
6658.0,-0.38225915236369684
6659.0,-0.5497799859229231
6660.0,2.0078077368683562
6661.0,-1.4759379347074388
6662.0,-0.6939187755227603
6663.0,0.8062080929384469
6664.0,-0.6718753255553962
6665.0,-0.5347577874010061
6666.0,0.7841122231698582
6667.0,0.028902081416717258
6668.0,2.4040644501134305
6669.0,-0.921874342877312
6670.0,-0.733550052405359
6671.0,-1.7800155765701346
6672.0,1.6635246786215439
6673.0,-2.3313732638788105
6674.0,-1.7756286223141802
6675.0,1.7760580964554642
6676.0,-0.5035606991035283
6677.0,2.1313310800696716
6678.0,-0.9222126403825734
6679.0,1.0031936020492598
6680.0,4.460909923262259
6681.0,-0.3147820765868492
6682.0,0.7370378972450443
6683.0,1.6166946280411763
6684.0,0.39999235366708535
6685.0,-1.6337483297941862
6686.0,-0.8885593410565765
6687.0,0.16491300645467338
6688.0,0.1312334844762011
6689.0,-0.29438388695827433
6690.0,0.5283319988535863
6691.0,0.0398216814762795
6692.0,4.563583789204448
6693.0,-0.7983302693796577
6694.0,0.08140075994010987
6695.0,1.2331132157616784
6696.0,2.258266579209041
6697.0,1.3074893625329977
6698.0,4.240494821854279
6699.0,-0.4132940826794848
6700.0,-1.3898325271895358
6701.0,1.5903914670616304
6702.0,2.7444231962171144
6703.0,-0.8999475496033927
6704.0,0.9971702285373258
6705.0,-0.09092543850326609
6706.0,-1.0052546971445548
6707.0,1.2479108438906772
6708.0,0.5126860150376439
6709.0,0.17101556949242264
6710.0,0.922411878658457
6711.0,-1.4663428711291555
6712.0,-0.48782172645156635
6713.0,-0.8390818086218977
6714.0,1.9946965847897018
6715.0,0.3892020100548808
6716.0,0.2947988774530396
6717.0,-2.7405268240846574
6718.0,-0.5652128443383329
6719.0,0.8619766515908958
6720.0,-0.9508124438557954
6721.0,0.15846319471625717
6722.0,2.1022030369761042
6723.0,2.0919394134922014
6724.0,-0.5390460424045816
6725.0,0.5123438019157123
6726.0,-0.06377132368239712
6727.0,-0.7482941603604877
6728.0,1.0294227367366133
6729.0,1.5936895752011833
6730.0,1.1930230532414356
6731.0,0.9904827059099349
6732.0,-1.1096318101946667
6733.0,2.113453663820388
6734.0,0.8270003604327552
6735.0,-0.4349867680474353
6736.0,1.0121868701622567
6737.0,0.218614938912292
6738.0,1.9035596734658842
6739.0,1.2116939618421356
6740.0,-0.04349785768245384
6741.0,1.719310333084037
6742.0,1.1967664867737497
6743.0,1.9875855906664475
6744.0,-2.0313381125789762
6745.0,-2.238549810942009
6746.0,2.2134187064278654
6747.0,-0.8385082134146908
6748.0,0.3404277361387981
6749.0,-0.721397139981746
6750.0,-0.2961738088315386
6751.0,1.1817017175213256
6752.0,2.7935737536859113
6753.0,1.0226545636505495
6754.0,1.4681667634066387
6755.0,-0.4751959238545381
6756.0,-0.44375085893691935
6757.0,1.7100059072804876
6758.0,-0.7267730846130179
6759.0,1.6641108467470298
6760.0,1.157545320177389
6761.0,0.17311598305103065
6762.0,1.5062220687057535
6763.0,1.358743759549936
6764.0,-0.6102980983861526
6765.0,-0.9451154373179094
6766.0,-0.6458764071502536
6767.0,-2.344686876310969
6768.0,-1.3137363568368141
6769.0,1.4459915637774154
6770.0,-0.059306982046501235
6771.0,-1.6527606580133776
6772.0,1.9508752316957179
6773.0,-1.637375011325411
6774.0,-0.7416343204188839
6775.0,-0.35745410226370805
6776.0,-0.19638335216003497
6777.0,0.5410474471467525
6778.0,0.9095319960785728
6779.0,0.996540076850583
6780.0,1.390655426134483
6781.0,0.21733377023049935
6782.0,1.1500465052350544
6783.0,-0.9602684501817744
6784.0,-0.8790968365616242
6785.0,1.15115357297062
6786.0,0.8324679653736801
6787.0,-0.0934156311850612
6788.0,-0.6026381066210676
6789.0,1.4659793629018765
6790.0,-0.031180074820906237
6791.0,-0.34595675552483884
6792.0,-0.46276861121229346
6793.0,-3.1455665051302217
6794.0,0.3785409542460057
6795.0,-1.035649886693992
6796.0,-0.3681554149896923
6797.0,-0.4442596199747748
6798.0,-0.6194191836444765
6799.0,-2.2145116780800227
6800.0,-0.4335654832553849
6801.0,-0.4357147772337716
6802.0,-2.3614476830920976
6803.0,-1.6369641598354665
6804.0,-0.07251394637996618
6805.0,-1.5593236331425282
6806.0,0.6593261217300775
6807.0,2.923217223327921
6808.0,-0.223392580406564
6809.0,2.3107598822876634
6810.0,-0.7142383753010297
6811.0,-0.5629399414329017
6812.0,-0.29176577372209694
6813.0,1.8934740467896427
6814.0,-1.761509415386538
6815.0,-0.983691803854339
6816.0,0.102101315806047
6817.0,-0.9794340729873446
6818.0,-2.9114200721464543
6819.0,0.46952636107018775
6820.0,3.065473390724751
6821.0,0.7620101940169481
6822.0,2.1003102259104502
6823.0,3.1964981969204906
6824.0,1.6277773308969328
6825.0,1.0172758254185186
6826.0,-2.787158766047176
6827.0,-0.787289158258234
6828.0,-1.7061583881333426
6829.0,1.5496835215591245
6830.0,-0.08869380996512881
6831.0,-1.4932824079043299
6832.0,2.1109363411387925
6833.0,-0.05822539022553138
6834.0,0.6032620258746502
6835.0,-1.7604047342156361
6836.0,0.8866357944292589
6837.0,-0.23931915062783787
6838.0,-0.0011439089443318297
6839.0,0.4552312355449348
6840.0,1.2520942093195004
6841.0,1.0454596863030368
6842.0,-0.17897593253766655
6843.0,-1.3961802395228915
6844.0,-1.7666042408678366
6845.0,-0.4191670483625669
6846.0,-0.42025040072866626
6847.0,1.3496507815271492
6848.0,0.6368249175540943
6849.0,0.7881361891766692
6850.0,0.4517507929660404
6851.0,1.32093734597653
6852.0,-1.8634078338858886
6853.0,-2.342439971422646
6854.0,-2.847103415396122
6855.0,-1.8020881475219699
6856.0,0.5604959399930364
6857.0,-0.35787001511432226
6858.0,-0.9273660795489914
6859.0,0.8616079996637875
6860.0,-2.7013151228896737
6861.0,3.784226192520503
6862.0,0.6103434532079093
6863.0,1.1008161921693433
6864.0,1.396088921721462
6865.0,-1.6099619528251756
6866.0,-0.1544310766325086
6867.0,1.145985203681651
6868.0,1.1760657170239517
6869.0,2.5489338588772283
6870.0,-2.0827644590735788
6871.0,0.9644130934370729
6872.0,-0.3889438388050571
6873.0,1.142921285412218
6874.0,-0.5474694437548514
6875.0,0.26937508298648766
6876.0,1.1075268907460971
6877.0,-0.7503381397902831
6878.0,1.452465725860259
6879.0,1.2763887139331993
6880.0,-0.2900796994441576
6881.0,-0.5441987132166966
6882.0,0.5815550539544373
6883.0,0.00975076822157804
6884.0,2.889232727119194
6885.0,0.7357764335485479
6886.0,-2.019800525757415
6887.0,-0.1393632574822456
6888.0,-0.9185736804138129
6889.0,0.045977462152959614
6890.0,-0.4858589902919
6891.0,-0.7237579716590566
6892.0,0.6356643451107521
6893.0,-0.010688055646720644
6894.0,-1.1267967333643458
6895.0,-1.6664278383774827
6896.0,1.3536413310027164
6897.0,-2.1896177652156674
6898.0,0.8139900166919406
6899.0,-2.513778208821962
6900.0,2.028974512404179
6901.0,-0.043953987141514606
6902.0,0.7336777468134826
6903.0,-0.8650508046727037
6904.0,-1.6822610707838583
6905.0,0.0002048294279320226
6906.0,-0.22841473002851442
6907.0,1.4461597354796971
6908.0,0.42849984935994245
6909.0,-0.4426002062134288
6910.0,-1.053701245131907
6911.0,-1.200806201867309
6912.0,-2.0623726997491576
6913.0,0.9803178824577996
6914.0,1.0323971844696447
6915.0,0.5395311379553317
6916.0,-0.3727472354749697
6917.0,0.5896632482463207
6918.0,0.9990176431045998
6919.0,2.4183638074484475
6920.0,0.11750181596475211
6921.0,0.1679711622038341
6922.0,2.187199585194463
6923.0,-1.3863422667956549
6924.0,-1.0999933209406985
6925.0,1.2066165954860624
6926.0,1.4256844299360514
6927.0,1.1128431005807475
6928.0,-1.5897338724757986
6929.0,1.7164860033499385
6930.0,0.23112179786197895
6931.0,0.3432789870788799
6932.0,-0.8771287110773264
6933.0,0.16234384268281277
6934.0,0.032175200929995304
6935.0,0.08720369164979695
6936.0,-0.32969327205965687
6937.0,0.26389810170558303
6938.0,0.05546876685938544
6939.0,-0.6120347608321621
6940.0,0.8221441711027498
6941.0,0.0066661921546690905
6942.0,1.0654103460512856
6943.0,0.7199400067423147
6944.0,0.7003813118401242
6945.0,-0.47406301182845834
6946.0,0.10795355641112794
6947.0,-0.22226842301819294
6948.0,0.6031655205789996
6949.0,0.5988586299544033
6950.0,-2.451510619556883
6951.0,0.14777277978203077
6952.0,1.8197689023425696
6953.0,-0.9407296919084992
6954.0,-0.5156726093528522
6955.0,0.11919889768414496
6956.0,-3.634968095629971
6957.0,0.7805155890322345
6958.0,1.7591082273856908
6959.0,0.1563423347706114
6960.0,-1.3340913450366962
6961.0,-1.3668743022660135
6962.0,2.898195737212451
6963.0,3.116953679003991
6964.0,-0.48004050953977634
6965.0,0.06407348058658818
6966.0,-0.38919401430353334
6967.0,1.514448372784165
6968.0,-1.8691934551237488
6969.0,1.4352057825320998
6970.0,-2.73600280549565
6971.0,0.4921976655464158
6972.0,-1.6464223165438292
6973.0,-0.42218405747250143
6974.0,-2.745705917696505
6975.0,1.1169159201579288
6976.0,-1.4318580493201833
6977.0,-0.7299148297401196
6978.0,1.6035820672078234
6979.0,-0.7143533395929533
6980.0,1.0873185638105776
6981.0,-0.207714528322128
6982.0,-0.742760031572864
6983.0,2.1270662532410425
6984.0,0.4252962077803764
6985.0,0.6918825708217786
6986.0,1.9888282546478973
6987.0,0.8258831451955406
6988.0,-0.26240225140630374
6989.0,0.4881149982633825
6990.0,3.610270511157524
6991.0,-0.06050810487730892
6992.0,-0.8792266578443726
6993.0,-0.8460495389286742
6994.0,-0.975396619198167
6995.0,-0.7911483737683358
6996.0,-2.2075943731990035
6997.0,-0.37072451902705117
6998.0,-2.3536320609971155
6999.0,0.9570083314409221
7000.0,-2.739811587627812
7001.0,-0.8310364494859342
7002.0,2.476621526571583
7003.0,1.2416189932147597
7004.0,0.24901859380664088
7005.0,3.2985223672919983
7006.0,0.3527296319974485
7007.0,1.7279156790835684
7008.0,-1.5990669170600187
7009.0,2.144977070589396
7010.0,0.282248380051222
7011.0,1.1095875233816725
7012.0,-0.11463631421041658
7013.0,0.22624840543677752
7014.0,0.534629300678137
7015.0,0.9717571479061388
7016.0,-2.1290449663697384
7017.0,-1.0782827108425996
7018.0,-1.1715169101477516
7019.0,0.03714741881938367
7020.0,-0.443648851631957
7021.0,0.5368849417068107
7022.0,0.3333730424263417
7023.0,1.272277615712582
7024.0,0.15424753438581698
7025.0,-0.10705330081836527
7026.0,0.5764093721932673
7027.0,0.7689810098138639
7028.0,1.3593344580038527
7029.0,-0.04390975291103449
7030.0,2.0772735934469324
7031.0,-0.7464119665862222
7032.0,-0.6490129739723475
7033.0,-0.6601203192164672
7034.0,-0.1274127856917264
7035.0,-1.6344141541926345
7036.0,2.231038732738942
7037.0,0.361568615758458
7038.0,-0.0658003409500978
7039.0,2.3338984662853695
7040.0,1.8853933668688858
7041.0,0.04852597370381812
7042.0,0.9673739182040569
7043.0,1.6377719706782041
7044.0,8.272033633586097e-05
7045.0,2.0074063590853277
7046.0,2.000153653067369
7047.0,-0.0878093619270794
7048.0,1.0488367242594385
7049.0,-0.3668476607526692
7050.0,0.29682987741798583
7051.0,2.656390596587298
7052.0,-1.0176581439650103
7053.0,-0.6311084208050682
7054.0,-0.41319488839633134
7055.0,1.3426888371537116
7056.0,-0.8564215984203333
7057.0,2.3367670013462534
7058.0,-0.12361744721846102
7059.0,1.495373696854607
7060.0,0.21792827006024101
7061.0,0.7844693222023496
7062.0,0.6917577387555222
7063.0,0.025294476798053026
7064.0,-0.10834087054690428
7065.0,1.5188087423605996
7066.0,-0.525864277537833
7067.0,-1.4015531251775202
7068.0,-1.3135000403044672
7069.0,2.4215056188438417
7070.0,-1.3758429786683481
7071.0,1.6950042534165082
7072.0,-0.5915612817561738
7073.0,-0.6124145948219027
7074.0,0.2961509794128084
7075.0,-0.5724958400111556
7076.0,2.9664341631148656
7077.0,-1.2575918236892514
7078.0,-1.100059027712966
7079.0,0.11679957283218681
7080.0,-3.2110363103899915
7081.0,1.6512502560795317
7082.0,-2.94238168943904
7083.0,-0.6374565297905611
7084.0,-0.22300295003168824
7085.0,1.065573311701731
7086.0,0.519605977401511
7087.0,-2.1001351188578288
7088.0,-1.9955843781117752
7089.0,0.5543817124069005
7090.0,0.7488991008314417
7091.0,-0.7532059178066065
7092.0,1.0959539361085446
7093.0,-0.3349647138988365
7094.0,0.11488145004507193
7095.0,-0.2986366982341497
7096.0,0.3052956433890989
7097.0,2.559880266647375
7098.0,0.1377857927615609
7099.0,-1.068724055706138
7100.0,0.6803742146669177
7101.0,0.740654579493088
7102.0,-0.5745762893101009
7103.0,-2.935129201509862
7104.0,0.6414022086547542
7105.0,0.982979726821947
7106.0,-1.668451787898415
7107.0,-0.4980688908289146
7108.0,-0.3448408558226581
7109.0,0.08388348517874443
7110.0,0.2855839247428407
7111.0,0.04039702259952292
7112.0,-2.3225788958809472
7113.0,0.9204478267778836
7114.0,0.8434089196745853
7115.0,-0.8607291793264052
7116.0,0.8303336501516947
7117.0,1.6218670260236792
7118.0,1.752981771294881
7119.0,-1.8271727431873235
7120.0,0.8781362519521343
7121.0,-1.606042169980044
7122.0,-2.7770806801722525
7123.0,0.7463308190122898
7124.0,2.0589291224784296
7125.0,2.313196310720915
7126.0,2.093583426482062
7127.0,0.20601686682696624
7128.0,0.3997891581897868
7129.0,1.8711892142970474
7130.0,-0.9838760417296752
7131.0,-0.02757852668375618
7132.0,-0.24371048985962648
7133.0,0.877689968118075
7134.0,-0.15615747321850731
7135.0,0.016623907449321233
7136.0,-0.36322898117998015
7137.0,1.3830349130421749
7138.0,1.9895671351005781
7139.0,0.18017147441422793
7140.0,-0.7187433396849492
7141.0,0.7394628813997597
7142.0,2.0833419964104674
7143.0,1.5588476016708142
7144.0,-1.9732438998128263
7145.0,-1.373618812309979
7146.0,-1.4673503931229168
7147.0,1.3223139888360076
7148.0,0.6134317951933238
7149.0,0.5657649260696924
7150.0,0.4915297370603026
7151.0,-0.0820982366573703
7152.0,-0.5440116672767287
7153.0,-0.33644341402897227
7154.0,0.4610530040528595
7155.0,-0.3936503951229824
7156.0,-1.8395310591749776
7157.0,3.5636156115338324
7158.0,-0.17193358439650414
7159.0,2.059070206375754
7160.0,-0.01717558939400998
7161.0,-0.0362986813442624
7162.0,-0.22439837421262945
7163.0,2.7333571575936326
7164.0,2.342430821641406
7165.0,0.48078402987293556
7166.0,0.16655920297236604
7167.0,-1.6178517120490448
7168.0,-0.15225983193705123
7169.0,1.2470615806854446
7170.0,0.79954611015914
7171.0,1.6631218441983453
7172.0,-2.9097635294699815
7173.0,-0.7192239433378188
7174.0,0.360425326928471
7175.0,0.2152359215661725
7176.0,-2.55538844215141
7177.0,-2.7528266650905073
7178.0,-0.1901153419798789
7179.0,1.5481015897907777
7180.0,-1.2319172257422255
7181.0,-1.680254688951725
7182.0,0.0026402585665545606
7183.0,0.9045654525830888
7184.0,-0.9036949532660444
7185.0,0.711039653302432
7186.0,1.42306544736386
7187.0,-2.5061126309611343
7188.0,-1.3885512753677103
7189.0,-1.4889300758028245
7190.0,-0.5386044567666394
7191.0,0.38166356648885535
7192.0,0.5861584977677912
7193.0,-1.5203667197480752
7194.0,-0.9530948080900378
7195.0,1.3079748911980305
7196.0,0.7604710492474193
7197.0,-1.015555780183698
7198.0,-1.2595005816807872
7199.0,0.0027611508012500173
7200.0,0.40803547876259133
7201.0,0.28846646852302843
7202.0,0.860972455038422
7203.0,-0.6092322826925408
7204.0,-1.1373055976555355
7205.0,1.5991739805890688
7206.0,-0.04688385807155888
7207.0,1.8536939366876284
7208.0,0.6232700271062069
7209.0,3.049479837103785
7210.0,-4.521189963946483
7211.0,-0.9939124296505789
7212.0,-0.17256049973051546
7213.0,0.06804732419034253
7214.0,-2.4737338821053827
7215.0,0.27799086254666083
7216.0,-1.1248312108018126
7217.0,0.7650017990965226
7218.0,0.441183957140621
7219.0,-2.6183424490189573
7220.0,0.4750649195007884
7221.0,0.8106740557002385
7222.0,-0.32620082149008855
7223.0,-2.2552375345822244
7224.0,-0.4782359418121543
7225.0,3.489440936693165
7226.0,-1.101477075408826
7227.0,0.8190697773064772
7228.0,-0.10683990532753308
7229.0,0.5379492432812812
7230.0,-0.35678629355417
7231.0,-0.9924453883918105
7232.0,1.1021976527218367
7233.0,1.8023160558598996
7234.0,0.5463824078442363
7235.0,0.7211156583959555
7236.0,0.46728832770966633
7237.0,-0.8048546067169714
7238.0,0.07886670873588585
7239.0,1.0369652541886583
7240.0,-0.8793872630948545
7241.0,2.216734800814118
7242.0,0.15478372314014038
7243.0,-0.8185797061285842
7244.0,-1.2168046756145456
7245.0,0.7927208796690217
7246.0,-1.2128701791847578
7247.0,-1.0690035660661246
7248.0,0.8714431821322038
7249.0,-0.23085880333999917
7250.0,-0.0888017539530673
7251.0,0.11651068471206888
7252.0,-1.8551969052198567
7253.0,-1.5662385928708529
7254.0,-2.2171067033471488
7255.0,0.024469838142635605
7256.0,-0.08378189207673396
7257.0,-1.867506652070403
7258.0,-0.4352542800347264
7259.0,0.1750272818526606
7260.0,-0.14828647954226834
7261.0,-1.1752123182261875
7262.0,-1.574520653781085
7263.0,-0.4787910850493824
7264.0,1.3365598865743709
7265.0,-3.7390351742072747
7266.0,-0.7798468297785915
7267.0,-0.39747762171329
7268.0,1.54388936497112
7269.0,1.436961703163314
7270.0,-1.416397238685055
7271.0,1.1654804459467711
7272.0,0.1912240790524166
7273.0,0.19071211906557667
7274.0,-1.5249017656144213
7275.0,-0.5112058275618991
7276.0,-1.1612587951139897
7277.0,-1.7884570806197688
7278.0,-0.23557035405215065
7279.0,0.08530597712011925
7280.0,1.9180800456452376
7281.0,1.681563526978336
7282.0,-1.8948165465192313
7283.0,-0.682815155052877
7284.0,-0.94318381466343
7285.0,0.5859464703366094
7286.0,-1.1033630994751298
7287.0,-2.2085974369463965
7288.0,-1.5648797083423125
7289.0,0.994624447472568
7290.0,1.3095168341765837
7291.0,-2.497840290490667
7292.0,1.4354414015269101
7293.0,2.1878212131817394
7294.0,-0.1748266603854499
7295.0,-0.45123681698449675
7296.0,0.17243671854082132
7297.0,-0.47268763334139435
7298.0,-2.8665684332216794
7299.0,1.8328339087121428
7300.0,-0.2854169009488459
7301.0,-1.7439538268510009
7302.0,0.7639698863647124
7303.0,-0.9099322438624408
7304.0,0.5858145225236351
7305.0,0.9875162761488454
7306.0,-3.098985342702956
7307.0,-1.9077300393079577
7308.0,0.4405593925001282
7309.0,-2.172454105491162
7310.0,-0.7804240554651453
7311.0,-0.34112073189411096
7312.0,0.1205750428205195
7313.0,-1.6636556637692343
7314.0,-0.38373360689099234
7315.0,-1.0611998642899698
7316.0,0.4124001736634291
7317.0,0.1400030287689895
7318.0,0.5755471566397073
7319.0,-1.3446139495903613
7320.0,1.5078353761869396
7321.0,-0.36469437877374394
7322.0,1.5105712786688745
7323.0,-1.2674187570557556
7324.0,0.8230134335300779
7325.0,1.0128456799002188
7326.0,-1.9734673472602116
7327.0,1.7393428334911318
7328.0,-0.997889905968225
7329.0,1.7354950261959543
7330.0,-1.067669362399945
7331.0,-0.3904093792689892
7332.0,-0.3697032827293774
7333.0,0.547035138059845
7334.0,-0.6968221819950275
7335.0,0.6253558645150085
7336.0,-1.0765926156977266
7337.0,-1.222879367266914
7338.0,0.14788238857450758
7339.0,-1.202839609775892
7340.0,1.526171707405897
7341.0,-0.6231033271297312
7342.0,0.024789965441970704
7343.0,-0.4599834238827752
7344.0,1.7947108969976753
7345.0,0.3204277130774155
7346.0,1.2450061844595746
7347.0,-0.4883835897576949
7348.0,0.9292006353026853
7349.0,-0.9349751371287276
7350.0,-2.128133083028009
7351.0,1.1392917061290526
7352.0,0.10120066975870612
7353.0,2.1565735303916616
7354.0,-1.364730192600465
7355.0,0.6138630435250041
7356.0,-2.641960749528855
7357.0,-0.2770427038032314
7358.0,-0.5705275100890689
7359.0,-1.2712488114525096
7360.0,1.2853127225133913
7361.0,1.5166331476454344
7362.0,0.891346520018724
7363.0,1.0822612048373192
7364.0,-0.20701511593499386
7365.0,2.314220581213213
7366.0,0.8964356964111324
7367.0,2.2013917499806053
7368.0,1.1319228778181338
7369.0,1.871118012456206
7370.0,-1.1159927062970498
7371.0,-0.9359793956467508
7372.0,0.5012805129239165
7373.0,1.7635566658026003
7374.0,1.624564011906448
7375.0,0.4318750082153007
7376.0,-1.9532353415862227
7377.0,1.8159242806333795
7378.0,1.0695688361527425
7379.0,-0.9404823425887259
7380.0,2.6846413765516695
7381.0,-0.8119439572597829
7382.0,-0.39189580167740606
7383.0,0.5902851834595163
7384.0,-0.41450678199360946
7385.0,-1.756167467548077
7386.0,-0.8922072496000043
7387.0,-1.513653006984802
7388.0,0.9916955978811965
7389.0,-1.5402868207516343
7390.0,-0.9654504891640463
7391.0,-0.3612898115655658
7392.0,0.9524645145867742
7393.0,0.2849021745833445
7394.0,1.6745995879370195
7395.0,-0.8132098756019035
7396.0,-1.5290924392884406
7397.0,1.327673940859702
7398.0,1.1826950815503883
7399.0,-0.06951746009908417
7400.0,0.3217292764159456
7401.0,-0.2952240646933518
7402.0,0.5853588873992718
7403.0,0.9048355777114732
7404.0,1.6250676713985295
7405.0,1.3669244547060768
7406.0,-1.7259849891680437
7407.0,-1.0532782961273208
7408.0,0.22837975435216257
7409.0,-0.4390214936521911
7410.0,0.3582092939676373
7411.0,-0.6256866713563436
7412.0,-2.9822488799917264
7413.0,-1.0872028345835594
7414.0,0.44958001974924394
7415.0,0.7511354276528907
7416.0,0.5321695243654373
7417.0,-0.3135130629470755
7418.0,-0.7136508650149979
7419.0,2.6876235067666516
7420.0,-0.3710253341787751
7421.0,-1.072076542585908
7422.0,1.1645543387071542
7423.0,-0.6587851990639149
7424.0,-0.24338357591904305
7425.0,0.4193887345991227
7426.0,0.8551968038921222
7427.0,0.9045872201048885
7428.0,0.5779124281923986
7429.0,0.25147904649163416
7430.0,1.6393084347568656
7431.0,-0.608836854479037
7432.0,0.4675122328313862
7433.0,-2.864150881785774
7434.0,1.8400346669715584
7435.0,-1.6075109086101143
7436.0,-0.6135554089521456
7437.0,-0.00818415221323484
7438.0,-0.2859661493198899
7439.0,-0.9126509109155143
7440.0,-1.409862004682155
7441.0,-2.894652359892504
7442.0,0.30161745019008873
7443.0,0.47613823690855017
7444.0,0.3909012457709418
7445.0,0.0158613596579752
7446.0,0.3782134827955226
7447.0,0.549227628242176
7448.0,-1.4314039121937887
7449.0,-1.4778719148836734
7450.0,-0.8890203173125258
7451.0,0.5391042823130767
7452.0,0.38324870677302814
7453.0,-0.016762464404972557
7454.0,-0.3521990363286302
7455.0,-1.242221993523482
7456.0,1.4050611641739497
7457.0,0.87137697405907
7458.0,-0.6074646505599152
7459.0,2.0379541230489
7460.0,1.9881019563747697
7461.0,0.49799852089962526
7462.0,0.11657503676383056
7463.0,-0.43298235951622127
7464.0,0.03703277587387827
7465.0,-1.1850187243365917
7466.0,0.3823189438973418
7467.0,1.5361034050615476
7468.0,1.178053578740487
7469.0,-1.1100503724772899
7470.0,-0.38718169512427736
7471.0,-0.3074624849517843
7472.0,2.2783051724277064
7473.0,-1.563226411942946
7474.0,0.37925797446436826
7475.0,1.3128863246748057
7476.0,1.071456254792302
7477.0,0.28769595763789724
7478.0,1.1508808566002968
7479.0,-0.12136667570177358
7480.0,0.523179531425633
7481.0,1.7630813335916307
7482.0,-0.13969279993672412
7483.0,-1.5436607545625618
7484.0,-0.45201278354795926
7485.0,1.9854750081497778
7486.0,-1.3646642275389635
7487.0,-1.3858360889067933
7488.0,0.678724901409803
7489.0,-0.34096330293898275
7490.0,0.7415992190770361
7491.0,0.6090344842173037
7492.0,1.460034888218516
7493.0,1.7577970066913537
7494.0,-0.8043349656882687
7495.0,-0.8726618959468069
7496.0,0.7643125229311993
7497.0,0.8574973346027083
7498.0,0.4110551007560609
7499.0,-0.5075409420111695
7500.0,-1.3585601063917174
7501.0,2.2427824367679827
7502.0,0.05824843943448855
7503.0,0.7766552426492542
7504.0,1.447429831236879
7505.0,-1.5584550985398444
7506.0,0.15769329796133594
7507.0,-0.756512751892467
7508.0,0.28805785889459257
7509.0,0.9905768398803176
7510.0,-0.4828225443026816
7511.0,0.6877129493273856
7512.0,-1.6894827788380005
7513.0,-2.1753180336234683
7514.0,0.0072829935730426175
7515.0,-1.5379539286525612
7516.0,2.1133961644530608
7517.0,0.112261489167602
7518.0,-0.8140986535373369
7519.0,2.220422924815522
7520.0,0.41115458707378827
7521.0,0.07391533555680381
7522.0,-0.7930359319846484
7523.0,0.3040828473856464
7524.0,-2.6613661323680082
7525.0,-2.123074260669968
7526.0,0.9253738881634113
7527.0,1.9572340911841901
7528.0,1.4118375224263833
7529.0,0.35334587855910493
7530.0,-0.14709693694814016
7531.0,0.7133999686703281
7532.0,0.7635313842037416
7533.0,-1.270379599767092
7534.0,0.19430559072395634
7535.0,0.6961416013236472
7536.0,-1.8546272314028087
7537.0,0.5652229185515159
7538.0,2.8758055993377036
7539.0,0.715482816229901
7540.0,1.2442706080532282
7541.0,-0.8058770041419088
7542.0,-1.0507555589331965
7543.0,1.2090528812182457
7544.0,0.8543854625579707
7545.0,-0.7730523849942312
7546.0,-0.20921318205922979
7547.0,-0.25394710133340137
7548.0,3.145621791249167
7549.0,1.4153091445277053
7550.0,-0.36911252949986345
7551.0,-0.6747678258622983
7552.0,-0.5160385226341571
7553.0,-0.6007311643822095
7554.0,-2.7238740469917024
7555.0,1.0765399455311317
7556.0,-0.24967300938371195
7557.0,-1.5625285465546588
7558.0,-0.9059426358934285
7559.0,-2.3294573836365022
7560.0,1.1317810321265316
7561.0,-1.4150504487087436
7562.0,0.46350885114806517
7563.0,-0.009304819456984163
7564.0,-1.980267031835263
7565.0,0.8345915823887672
7566.0,0.7403991005126341
7567.0,0.8204466543153622
7568.0,2.302491807515575
7569.0,0.9763543227346789
7570.0,-1.2995964208262039
7571.0,0.10302004927723139
7572.0,-0.9093616476722671
7573.0,0.8287101651406433
7574.0,-0.03891566419312096
7575.0,-2.2324392329287304
7576.0,1.8072381907709334
7577.0,-0.9416915388700737
7578.0,0.05988284052145469
7579.0,-0.8852839520182626
7580.0,1.031478840923307
7581.0,-1.242946774850808
7582.0,1.0156462962673851
7583.0,1.6667627620735763
7584.0,0.3420910618458087
7585.0,0.3692643482891487
7586.0,-2.628904645566497
7587.0,1.0238611977788246
7588.0,1.9907066591240763
7589.0,-0.1285843920299634
7590.0,-0.01325297831323556
7591.0,1.2588004747677246
7592.0,0.3027365223897603
7593.0,-1.4381555741537246
7594.0,-2.46661784217951
7595.0,1.772363228355941
7596.0,1.661879787692769
7597.0,-1.8828388173465047
7598.0,-0.3128297474079182
7599.0,0.790912306792098
7600.0,1.9431267569443669
7601.0,1.5596402316953462
7602.0,-1.8516596065505064
7603.0,0.6308177881057832
7604.0,1.409413625847079
7605.0,3.648225396267819
7606.0,-1.9475237836723216
7607.0,-0.5143025402817804
7608.0,-1.9895435269575126
7609.0,-0.7979586952834341
7610.0,-0.9244823443527226
7611.0,-0.9130230091106684
7612.0,0.49567759924846705
7613.0,-0.5588239543400774
7614.0,-1.0441296307548433
7615.0,0.1819552435252411
7616.0,0.7115127668924427
7617.0,-0.7597156766536171
7618.0,-0.3083271828546122
7619.0,-0.39202133613768575
7620.0,-1.8121792215656274
7621.0,-0.19677936896007808
7622.0,0.7403077930183295
7623.0,0.8127362117245217
7624.0,2.1944144620106463
7625.0,2.6722826705248632
7626.0,-0.9276710708315863
7627.0,-1.07338945056634
7628.0,-0.1367415300146256
7629.0,1.7415607136549536
7630.0,-1.4715337755058218
7631.0,-0.6901584985699678
7632.0,-1.1381218112944371
7633.0,0.26909615910719115
7634.0,0.28020654341957824
7635.0,2.26062655523535
7636.0,-1.750134148688288
7637.0,-1.1187652793462346
7638.0,-0.22311479308024804
7639.0,-1.8933079744480157
7640.0,-1.7002800297989173
7641.0,-1.6012613205315445
7642.0,1.431991452073597
7643.0,-3.01466951105162
7644.0,-1.475639550858209
7645.0,-1.065277412172275
7646.0,2.2183426759212064
7647.0,1.0854027077478074
7648.0,-0.16604375335503418
7649.0,-0.38448646544089815
7650.0,-0.46432009511744254
7651.0,0.3885123657457025
7652.0,-0.5989595155616937
7653.0,0.4622040181567919
7654.0,-0.49827740961433137
7655.0,1.3294214300115423
7656.0,1.0140850140568816
7657.0,2.3418475120570217
7658.0,1.1006963434364074
7659.0,-1.1868028902190695
7660.0,-1.1128925329743609
7661.0,-0.5882713022699552
7662.0,0.35757356335396695
7663.0,1.4052938306420895
7664.0,-0.3149207313461772
7665.0,-1.1858858990389811
7666.0,0.21725407607246336
7667.0,0.015271304964577355
7668.0,-0.20414837844981693
7669.0,-3.2852399252196394
7670.0,1.0835582363465357
7671.0,-2.8356683049145466
7672.0,0.61236103539413
7673.0,-0.42293905718799846
7674.0,0.934721444728452
7675.0,-0.4756213009138107
7676.0,-0.920392260918409
7677.0,0.3639879760431054
7678.0,0.04076813421337785
7679.0,-0.7358967267848767
7680.0,-2.2562420107659147
7681.0,0.5437496713255953
7682.0,1.4037340719690894
7683.0,0.4336180489941
7684.0,0.11052825154981875
7685.0,-0.07252933757140417
7686.0,-2.1111854592035715
7687.0,0.5193825698924174
7688.0,0.07358732473084272
7689.0,0.25860038392917406
7690.0,1.2605725601854036
7691.0,0.4087380027518833
7692.0,-0.7581959543668628
7693.0,-1.345478485296529
7694.0,-2.0295178138806462
7695.0,0.23090484301625888
7696.0,-1.0008338137546524
7697.0,2.2809904843136106
7698.0,3.130823492123932
7699.0,0.4599714994172941
7700.0,0.8526614306950074
7701.0,-0.44461780723805056
7702.0,1.098549789181439
7703.0,-0.17133848818999545
7704.0,-0.23916082027329363
7705.0,0.2532487694041634
7706.0,0.7218311518608639
7707.0,-1.675824588858962
7708.0,0.016627546039178424
7709.0,-0.9719757393740591
7710.0,-0.8853131194630438
7711.0,0.016574982902502474
7712.0,0.6027399165553549
7713.0,1.97135879227186
7714.0,0.08073440998804264
7715.0,-0.6804106822228646
7716.0,1.122226036442556
7717.0,-0.06475030153264397
7718.0,-0.34763625296492273
7719.0,0.5054336793429394
7720.0,-0.17623926008288676
7721.0,0.5487959991395246
7722.0,-0.010879591618340623
7723.0,0.14900155804289378
7724.0,-0.37254112857130733
7725.0,-1.2516889508721474
7726.0,-0.13144728108031153
7727.0,-0.5546999937847314
7728.0,1.3479924775905743
7729.0,-0.7059891583113018
7730.0,-2.8606008436890376
7731.0,-3.29438660174007
7732.0,0.9875247865254945
7733.0,1.7155591207238208
7734.0,-0.8130278521001937
7735.0,0.2546430502127961
7736.0,-0.6498893760728663
7737.0,0.8386030446843926
7738.0,1.1001599869357563
7739.0,-1.1983714599648028
7740.0,-1.2666374488687093
7741.0,-0.2941411778232346
7742.0,-0.4660597419361262
7743.0,-1.441560069137139
7744.0,-0.728284420355215
7745.0,-0.13829936348352972
7746.0,0.8000964902507101
7747.0,-1.8685502001871528
7748.0,-1.6680509019719554
7749.0,-0.7592293915514312
7750.0,-0.4237242225703418
7751.0,0.09630978536555336
7752.0,0.23538670409570178
7753.0,0.6488720267995838
7754.0,-2.0031969466173
7755.0,-1.302614505841727
7756.0,-1.329370893358988
7757.0,-0.1639479287974554
7758.0,0.42299541054397155
7759.0,-0.7985496416480742
7760.0,0.9138078085538244
7761.0,0.33107369359042366
7762.0,1.099520457236569
7763.0,-1.5229493123924096
7764.0,-1.3580985670218368
7765.0,-0.7462897564319277
7766.0,0.692636759658609
7767.0,1.4152121918010236
7768.0,-0.1264074402402262
7769.0,1.2022379929734197
7770.0,-0.36490078279932936
7771.0,0.9510812450599941
7772.0,-0.5626241969677811
7773.0,0.34606382590814144
7774.0,3.4012459410533284
7775.0,-0.5270260464982481
7776.0,-0.7271614934622428
7777.0,-1.361777857782282
7778.0,-0.536884781912188
7779.0,1.5855988578160125
7780.0,1.247010655185962
7781.0,0.6945640618605179
7782.0,0.3434181915588587
7783.0,0.09559006629714449
7784.0,0.2409199992861526
7785.0,0.9354665363420949
7786.0,-1.8691134090954404
7787.0,0.14425053651616523
7788.0,-0.3132350933359121
7789.0,0.37005374257291657
7790.0,-0.12498353644588403
7791.0,-0.48065262780126033
7792.0,1.8844944759668645
7793.0,1.7523023976216225
7794.0,0.6428694265635057
7795.0,-1.7262539656047273
7796.0,1.5156144272481706
7797.0,-2.1673288328989537
7798.0,-0.6995899963823193
7799.0,-0.24688706062117155
7800.0,1.3324764804328384
7801.0,-1.0922530633152325
7802.0,0.19143130011771456
7803.0,0.9840285540534723
7804.0,1.2792038816195086
7805.0,-0.40592519629682594
7806.0,-1.6747133907268263
7807.0,-2.190421848545011
7808.0,1.6848059721835182
7809.0,-1.849336805513342
7810.0,-1.010327191777013
7811.0,-0.5657148393531108
7812.0,-0.5695463380403032
7813.0,0.37566140932260106
7814.0,-0.09550093659486415
7815.0,0.0412336781247372
7816.0,-0.667994629437875
7817.0,-2.089905986464942
7818.0,-1.8389983274892516
7819.0,-0.7551135685807312
7820.0,0.6281104387991274
7821.0,-1.9987679021700038
7822.0,-1.0962333706058565
7823.0,-0.8429534052975861
7824.0,0.03292309799316721
7825.0,-0.05569689259887202
7826.0,0.6509221809950219
7827.0,-1.3635182605128806
7828.0,1.2347124453923612
7829.0,-1.6072771720069747
7830.0,-0.15373924773320913
7831.0,0.7095113689630472
7832.0,-0.10953550784612125
7833.0,0.3870038040320378
7834.0,0.09438720688177224
7835.0,-0.5215660185341379
7836.0,-1.596230384032595
7837.0,2.317450846680907
7838.0,-1.5755032130765312
7839.0,0.40976419476703024
7840.0,-0.843884191888485
7841.0,-0.6151110673904046
7842.0,0.21765738022042894
7843.0,0.41420869169765206
7844.0,2.0377272731767686
7845.0,-1.2879709326013018
7846.0,-0.7860614080978965
7847.0,-2.278003307402006
7848.0,-1.3054461805374495
7849.0,0.9003365146786741
7850.0,0.3413778246123746
7851.0,0.19734005820892578
7852.0,1.8381261732486642
7853.0,-0.5495160259298115
7854.0,0.24840317692774905
7855.0,-1.4155228269842919
7856.0,0.5694319585793839
7857.0,-1.255475027924674
7858.0,-0.21752706679326553
7859.0,1.2808820087438746
7860.0,-2.5522966325778516
7861.0,0.8631273051282105
7862.0,-0.011916203629618935
7863.0,0.3187899998971443
7864.0,-0.9621495114384438
7865.0,1.6609796189075072
7866.0,0.9423008200598442
7867.0,-0.34036303281278585
7868.0,0.18075836527902245
7869.0,0.6087566603651248
7870.0,-2.7721439073196557
7871.0,1.4908597468029932
7872.0,-0.5079942468586408
7873.0,0.9541038541655523
7874.0,2.0227719997839975
7875.0,-0.17979885951789903
7876.0,0.4045404552468773
7877.0,1.445486903198123
7878.0,0.3345438213613453
7879.0,-1.4291580745102892
7880.0,0.3654824967604243
7881.0,-0.424680934052924
7882.0,1.1131888228867568
7883.0,-1.5575257008348082
7884.0,-0.768818146632425
7885.0,-2.6785731099761927
7886.0,1.5790569615289658
7887.0,2.6876003203894863
7888.0,0.38782262524286565
7889.0,1.676949792719664
7890.0,0.5793717060074085
7891.0,0.5480213921273289
7892.0,-0.5422470374770959
7893.0,-0.1656811516979863
7894.0,1.2388862672980288
7895.0,-0.2926985764823093
7896.0,-0.648210184060697
7897.0,-0.5486998045440691
7898.0,0.2317172817560368
7899.0,-0.8573343795394904
7900.0,0.795537665416848
7901.0,-0.2955004574290171
7902.0,1.227626193035057
7903.0,-0.337995212243384
7904.0,-0.9879689817388674
7905.0,0.34477087020377056
7906.0,-1.4963979264740557
7907.0,-0.6379070901547161
7908.0,-0.5108535120575365
7909.0,-0.05516999514866024
7910.0,0.5431353114958253
7911.0,-0.673507754263402
7912.0,-0.13512443696006596
7913.0,-1.1047907687074767
7914.0,0.6167909739624872
7915.0,-0.8461836914345513
7916.0,0.738939846874279
7917.0,0.9934440382660801
7918.0,-1.3573773460886709
7919.0,-1.3122612636223523
7920.0,2.2935425174518977
7921.0,-0.5593720382203109
7922.0,0.28492992856046523
7923.0,-0.6757830591980335
7924.0,0.250941286834552
7925.0,1.0872817580243088
7926.0,0.9227843949228035
7927.0,0.2963353081513392
7928.0,0.11473444332105946
7929.0,-0.26065938487386536
7930.0,-2.214646542988381
7931.0,1.1639679319003131
7932.0,0.3637007397949279
7933.0,2.661788009913779
7934.0,-2.7807280511378543
7935.0,1.8208490439919347
7936.0,-0.004666827367052017
7937.0,-0.15896226641358513
7938.0,0.6079649102976177
7939.0,-0.5691578735216897
7940.0,0.7922501150183904
7941.0,1.2219458185700407
7942.0,0.9582337810560474
7943.0,0.08109081904140446
7944.0,1.2173407018512779
7945.0,-0.4669236394657727
7946.0,0.010026177515468923
7947.0,-0.21015854416702529
7948.0,-1.7784469288631803
7949.0,2.7758626759661458
7950.0,-0.549868655084294
7951.0,-1.5088757045845942
7952.0,0.5751177720147858
7953.0,-0.5165944740746552
7954.0,-0.5424461192628667
7955.0,-0.2925822554379588
7956.0,0.030627357366003735
7957.0,0.8075775156135635
7958.0,0.18168456928801874
7959.0,-0.37667743452494085
7960.0,1.1676796954444733
7961.0,2.4211911762179317
7962.0,2.3716930256844013
7963.0,-1.5095172503516883
7964.0,-0.1670590908635269
7965.0,-1.0769115414761492
7966.0,-2.430923110536463
7967.0,0.09387500065002091
7968.0,0.9861622469979264
7969.0,-0.5126943978053793
7970.0,1.5821707439480928
7971.0,1.1777822168983851
7972.0,0.3456636407635453
7973.0,1.100801655090197
7974.0,-0.37362631662664836
7975.0,0.8788261905986785
7976.0,-0.7473356716896703
7977.0,-0.2755477780109668
7978.0,-0.9896670142688228
7979.0,0.3213468267693666
7980.0,1.042501763268565
7981.0,-0.7155567838555675
7982.0,0.6103896007077262
7983.0,-0.317396214509994
7984.0,-0.025520650950131188
7985.0,-0.20470392639210055
7986.0,0.15032913757705166
7987.0,0.42737879957908204
7988.0,-0.7899539379751349
7989.0,-0.9552797841680825
7990.0,1.259555156527117
7991.0,-0.168388157485975
7992.0,-0.8624071981970156
7993.0,-0.8299911496234414
7994.0,-1.991503261451569
7995.0,0.49917022750134615
7996.0,-0.5202806939762176
7997.0,-0.49702137010267505
7998.0,-0.34550973993415357
7999.0,0.4750758341641227
8000.0,0.7572402838629358
8001.0,-0.36650770263865734
8002.0,-0.7886406381242493
8003.0,2.709226099614332
8004.0,0.22756995601359292
8005.0,1.1175164366362125
8006.0,-1.3243848225423729
8007.0,0.6215806166692364
8008.0,-0.36936201332445295
8009.0,0.542540291793514
8010.0,1.7704687355424984
8011.0,-0.6368002004239822
8012.0,-0.28753744379100615
8013.0,1.3267665803458772
8014.0,1.1928708824735357
8015.0,-0.776364623396528
8016.0,0.9846630001777449
8017.0,1.1022692287398126
8018.0,1.139033039519795
8019.0,0.022592041048184887
8020.0,-0.2785145075947778
8021.0,1.3034733826306035
8022.0,-0.7647725539011025
8023.0,-1.1993334846458334
8024.0,0.4500226504246094
8025.0,0.9811452034499876
8026.0,1.3976939591045423
8027.0,1.270368031421089
8028.0,1.1398217795183025
8029.0,0.4217583221706825
8030.0,-0.45317819885699395
8031.0,0.24417838416321616
8032.0,0.6895667858841298
8033.0,1.5569022950516158
8034.0,-0.5551887278455927
8035.0,-0.8536169476505601
8036.0,0.18059029079729144
8037.0,-1.1451394433052604
8038.0,0.9495043657524026
8039.0,0.36262481034315686
8040.0,-0.7180571727951304
8041.0,-1.6728679519649743
8042.0,0.6022253860397784
8043.0,0.9862163019469175
8044.0,-1.1817091044309493
8045.0,-1.1426717213719337
8046.0,1.9910198807230761
8047.0,-1.4038527061032193
8048.0,1.093040030233039
8049.0,0.16415268497706134
8050.0,-1.0611842911750005
8051.0,-0.8281973024961733
8052.0,-0.2586670243281623
8053.0,-0.16331086199335196
8054.0,-1.816172045059648
8055.0,0.00990241078500289
8056.0,-0.26649659734196973
8057.0,3.075635666989116
8058.0,-0.6314458871113829
8059.0,0.2042125813941257
8060.0,-1.3883025837303324
8061.0,0.5812988135881871
8062.0,-0.8589997997514577
8063.0,-0.653870980583826
8064.0,0.9110214263601623
8065.0,-2.287033209325045
8066.0,0.5959777560992211
8067.0,1.257631430826262
8068.0,0.523701758356567
8069.0,1.3194558476083502
8070.0,-1.6727321639014041
8071.0,-0.3159833940898486
8072.0,2.3324828652518206
8073.0,1.7184742909732054
8074.0,-1.6941244016162689
8075.0,0.4024739279631201
8076.0,-1.3521454940778637
8077.0,-0.9279942173196478
8078.0,0.5700205303426324
8079.0,-1.0808729979464557
8080.0,0.3695967765274046
8081.0,0.7227698159524722
8082.0,-0.4447909252841097
8083.0,1.091412498609744
8084.0,1.3591563836564595
8085.0,1.0311289059375939
8086.0,-0.2362767523853551
8087.0,-2.2687184006163243
8088.0,-1.3085684308026828
8089.0,1.0092458185097584
8090.0,0.7626884995956842
8091.0,-0.01106580209921797
8092.0,0.4212508536361222
8093.0,0.3666186803855823
8094.0,-1.4700395976414806
8095.0,-0.1255154676374115
8096.0,-0.2499889349877421
8097.0,0.6974560289391418
8098.0,-0.051915443106929644
8099.0,1.0169837725244688
8100.0,-0.37263415962774465
8101.0,-1.1822579556168458
8102.0,-0.7636326212927601
8103.0,0.02930606978699125
8104.0,-2.2583531323999444
8105.0,0.023033645138902336
8106.0,-0.38125764135080725
8107.0,-1.258960500009367
8108.0,-1.0010213100626952
8109.0,1.5195499034372237
8110.0,-1.0511595279685189
8111.0,1.8187473070718798
8112.0,-2.1905406669765957
8113.0,1.9463114889577688
8114.0,-0.7632909963284009
8115.0,1.8661581089575872
8116.0,2.2571535638048217
8117.0,-1.9187982113723583
8118.0,-0.8951219575824542
8119.0,-1.269825972301532
8120.0,-1.5207367525072182
8121.0,1.8606457254963786
8122.0,1.21102039440246
8123.0,1.8508780210621736
8124.0,-2.1869591859321384
8125.0,-0.09489226172440884
8126.0,0.6618125975452553
8127.0,2.521516762822365
8128.0,1.8715104137291074
8129.0,-0.42628719607762683
8130.0,-0.885688302089239
8131.0,0.6188971338491158
8132.0,1.7412931837226961
8133.0,0.8445665730158775
8134.0,-1.1277007754840866
8135.0,0.17724868986532372
8136.0,0.952129070584095
8137.0,-0.36009943436072317
8138.0,-0.6454362794506422
8139.0,0.14746947355848802
8140.0,0.41511581617988097
8141.0,0.8715331628089577
8142.0,-2.3113056703875876
8143.0,-0.22708287095212862
8144.0,0.06848366072382975
8145.0,-0.43905682644210964
8146.0,0.8635412987888204
8147.0,1.822538105554232
8148.0,-0.5339700994404429
8149.0,0.617736166399863
8150.0,-2.631629279432915
8151.0,1.0932794147406986
8152.0,0.7360413162084027
8153.0,-0.9540886492315849
8154.0,0.326332994007824
8155.0,-1.1747409443058756
8156.0,0.17855810294648936
8157.0,0.7047099579101278
8158.0,-1.4867730786878584
8159.0,0.3790469592526001
8160.0,0.6267212315981968
8161.0,0.2978754937857765
8162.0,-1.8520391386503348
8163.0,-1.0547282217320775
8164.0,0.8953313460195403
8165.0,0.406521096670314
8166.0,-3.1609143104356874
8167.0,-0.7656614390576717
8168.0,1.4505076264079042
8169.0,-0.6271147229435055
8170.0,1.4182676893560118
8171.0,0.3924589625101268
8172.0,-1.4010270576372303
8173.0,-2.5468169882136156
8174.0,1.0505423320250658
8175.0,0.16801039902240075
8176.0,0.13621573132101433
8177.0,1.2155681840321542
8178.0,1.632437135739781
8179.0,0.7697433927323549
8180.0,1.1296342511959123
8181.0,-1.4086213004527233
8182.0,-1.261318150122182
8183.0,-0.9223144405153268
8184.0,-1.2621199331673536
8185.0,-2.081693796249794
8186.0,0.6228987617820638
8187.0,-0.964609811073295
8188.0,1.2391873771766237
8189.0,0.9163436637889678
8190.0,0.09115297539247995
8191.0,0.04671802950918983
8192.0,0.7723584138607148
8193.0,0.014690974359848586
8194.0,1.527089660403361
8195.0,-0.041867804166672344
8196.0,-1.3328951108118174
8197.0,2.2847850225317474
8198.0,0.7686984808059453
8199.0,2.174577897615787
8200.0,0.5804806688511301
8201.0,1.2201114455559965
8202.0,-1.3750014586914903
8203.0,-0.14935445691457425
8204.0,-0.9209343715594173
8205.0,-1.3927504620413689
8206.0,0.4387381687252446
8207.0,-0.7846441312675373
8208.0,-0.09362474085381846
8209.0,0.010469898494097397
8210.0,1.510567059933259
8211.0,0.6191737030204413
8212.0,-0.887000648419879
8213.0,0.38830422645153956
8214.0,-1.2840462351294675
8215.0,-0.5080220576375557
8216.0,-1.4324260978548662
8217.0,-0.40674058822857595
8218.0,-1.1960540761509422
8219.0,1.454547690136649
8220.0,0.7484978417325829
8221.0,-0.1591827438455795
8222.0,0.8138093059361842
8223.0,0.29335076501533397
8224.0,0.2263480807784788
8225.0,0.7419693782287226
8226.0,2.345076720225903
8227.0,-1.2364937126099833
8228.0,1.0943026240496574
8229.0,-1.252546820596329
8230.0,0.8943666219909513
8231.0,1.218789859026111
8232.0,-2.712992125406538
8233.0,0.8434939449250743
8234.0,1.365336304979324
8235.0,-0.8157782007175449
8236.0,0.7814147478821899
8237.0,1.5095524983885165
8238.0,-0.13749276044875983
8239.0,-0.6853448292465314
8240.0,2.1886838266008724
8241.0,-2.086396800114108
8242.0,-0.2277827643637783
8243.0,-1.231840018756336
8244.0,-1.0773280088255883
8245.0,-0.5237965700066758
8246.0,-0.6222693626807239
8247.0,0.531462253554558
8248.0,1.4844793008012216
8249.0,1.4247535097275563
8250.0,-1.2139909161154812
8251.0,0.3823631053748244
8252.0,-1.6358874692163634
8253.0,-1.5665143340041312
8254.0,1.804982460671728
8255.0,0.7929275243522826
8256.0,0.23435979597804585
8257.0,0.4445860720577607
8258.0,-1.8979342816177738
8259.0,-0.3667601840612964
8260.0,-0.17499309659766896
8261.0,-3.3002397461082125
8262.0,-0.09340294003106889
8263.0,0.0032244137220631543
8264.0,-0.8641763725891896
8265.0,-1.1373542405484285
8266.0,0.5975910264004848
8267.0,-0.09095943979079965
8268.0,-0.8072432898707781
8269.0,-0.22224245748405208
8270.0,1.499066733483223
8271.0,-0.3275422424308274
8272.0,-3.3180318946933784
8273.0,2.6495502161841005
8274.0,0.7419693606496881
8275.0,-1.3033662751628392
8276.0,-1.3809707951174142
8277.0,0.4982285038259263
8278.0,-0.6120314890217372
8279.0,0.7270908174724968
8280.0,0.5392422142383556
8281.0,0.046792216970254555
8282.0,2.4807459759151165
8283.0,-0.18060731423915546
8284.0,0.5598274441246485
8285.0,0.8020175852624732
8286.0,0.7300760726517664
8287.0,-0.292521129078166
8288.0,-0.20823559734238234
8289.0,-1.423842096789585
8290.0,-1.9628787863818633
8291.0,0.07700538068288135
8292.0,3.1127357742537107
8293.0,-1.457114512492333
8294.0,0.9586196860067349
8295.0,-0.9489545835379821
8296.0,0.27127260194562525
8297.0,1.0648646041047976
8298.0,-2.9931657445174173
8299.0,2.146243623283721
8300.0,-0.622569390281671
8301.0,0.6369249728021231
8302.0,-1.8520724681512113
8303.0,-0.18819993468749704
8304.0,0.04235833267588614
8305.0,2.440525733848346
8306.0,1.2629513928995935
8307.0,-0.6250590493345217
8308.0,-0.3285775596254188
8309.0,-0.8572414152178294
8310.0,-1.6112533746724065
8311.0,0.4515060086243157
8312.0,1.3621433038181316
8313.0,0.3463830126344983
8314.0,-3.0500408169386026
8315.0,2.651417250992884
8316.0,-0.874871431077348
8317.0,0.6732123943097851
8318.0,0.21522950010668018
8319.0,-0.23621001827486002
8320.0,-0.23468112871639205
8321.0,0.8960510810769821
8322.0,0.30657787146663995
8323.0,-0.9057099676581865
8324.0,-1.6718510769107053
8325.0,2.425235521674601
8326.0,-0.3079323778886071
8327.0,1.8198601815923527
8328.0,-0.547577040740049
8329.0,0.8635887754346507
8330.0,-0.04580261640212192
8331.0,0.34579732761695015
8332.0,-2.281022265374808
8333.0,-1.1597860059449
8334.0,-1.9289428319205537
8335.0,1.8987583118894888
8336.0,1.2710333885268914
8337.0,0.7148362442884683
8338.0,-0.04688978754747566
8339.0,0.10297694703580137
8340.0,1.5737381188703128
8341.0,-0.1836003983373089
8342.0,-0.4437578858672638
8343.0,0.7074538212642975
8344.0,0.5960355074083628
8345.0,-1.587812395616797
8346.0,0.6429095280290977
8347.0,-0.613889826679115
8348.0,0.663462675786092
8349.0,-0.974747813837767
8350.0,0.08616874379123632
8351.0,2.726240279439005
8352.0,1.4733435171260034
8353.0,-2.425864351768138
8354.0,-0.9443220363444815
8355.0,1.1778101979402928
8356.0,0.5149030116470104
8357.0,-2.4906140634377394
8358.0,-0.9941471642658023
8359.0,1.0354790524825632
8360.0,0.24330642847044553
8361.0,0.3745983429456509
8362.0,0.9945424995325528
8363.0,-1.241794716113003
8364.0,0.7542112364960658
8365.0,-1.5806167295077607
8366.0,-1.8235963472197174
8367.0,-0.3494546813600513
8368.0,-2.180095364933952
8369.0,-1.8422628654575917
8370.0,0.15278901809025322
8371.0,-1.2483240943498577
8372.0,0.35486550465918926
8373.0,2.1226634912502256
8374.0,-0.32577104454734673
8375.0,1.894352230061654
8376.0,0.5866059902441151
8377.0,-1.0606421470131027
8378.0,2.007283992711322
8379.0,2.18575387426189
8380.0,-0.8023822948522809
8381.0,0.2576587661667193
8382.0,-1.1969008402417207
8383.0,-0.5872123587825328
8384.0,1.7544045610249996
8385.0,0.6544426010230829
8386.0,0.11400638268981012
8387.0,-1.2001920961170804
8388.0,-0.1384663195721543
8389.0,-2.22306148001709
8390.0,0.6238979917001777
8391.0,-0.09185856466554164
8392.0,1.2746844568299507
8393.0,1.1108522865841657
8394.0,-3.0183871628161816
8395.0,-0.20420559642142
8396.0,0.8712552382684399
8397.0,1.201820063589242
8398.0,0.30224966787943475
8399.0,0.5942055692068811
8400.0,0.41496708228645174
8401.0,-0.46392308266408455
8402.0,2.151953298882182
8403.0,-0.6101136018296515
8404.0,0.4984059534287529
8405.0,-0.5237289925294231
8406.0,-2.0916254395537264
8407.0,0.02789492118452483
8408.0,2.1652754038597863
8409.0,1.8875794299557873
8410.0,0.0820023559825284
8411.0,-2.1671536465248917
8412.0,0.6971957585283171
8413.0,0.05112639167704612
8414.0,-0.0858172330386039
8415.0,-1.7547554307293962
8416.0,0.7265930526963653
8417.0,-1.535675747524525
8418.0,-0.8942904924748326
8419.0,-1.264929288903216
8420.0,0.7749741563062137
8421.0,-3.3341019385353983
8422.0,1.028905037254304
8423.0,0.6002065729605035
8424.0,0.20621012148442774
8425.0,-1.5463216629751255
8426.0,0.6718215659635765
8427.0,0.8532044356368282
8428.0,0.8306128011996331
8429.0,0.6379507910041928
8430.0,-1.070578923355311
8431.0,0.7821703257961428
8432.0,1.1235305833303268
8433.0,1.2978436651471748
8434.0,-2.510968190396437
8435.0,0.9058592737037295
8436.0,-0.6360694781652138
8437.0,0.5637533186525888
8438.0,-2.277602483951611
8439.0,1.3546473712962435
8440.0,-0.7144167776221603
8441.0,-2.004283698116941
8442.0,1.112099607407808
8443.0,-1.9110127876011342
8444.0,1.5160968254611664
8445.0,-2.3059331323397614
8446.0,-2.0847724254885827
8447.0,-0.15224039163507752
8448.0,-0.44595332920992686
8449.0,-0.7159093283267729
8450.0,-0.8350196922158786
8451.0,-0.1309539622780464
8452.0,-1.9534341431407665
8453.0,0.9939364031249633
8454.0,-0.5818711527667191
8455.0,-0.3948273961518699
8456.0,-1.1124076667568379
8457.0,-1.119787776668963
8458.0,-0.4920329369277594
8459.0,0.7679133272170161
8460.0,-1.0176311745968871
8461.0,-2.9884327428496174
8462.0,-1.5244504548570714
8463.0,-0.8122269014998409
8464.0,2.006169105753111
8465.0,1.218123150090991
8466.0,0.311712627541514
8467.0,-0.14092918628820397
8468.0,-0.1487938604080275
8469.0,1.343142930674872
8470.0,-1.1340686480636466
8471.0,0.02072704015876646
8472.0,1.8786928926405986
8473.0,1.094407247974525
8474.0,-1.1099526555026078
8475.0,2.0272207146910985
8476.0,-3.0877463950857824
8477.0,1.0690375186157912
8478.0,-1.0874243139962778
8479.0,0.9103055352549649
8480.0,0.47079344667574236
8481.0,-2.1316504646377346
8482.0,1.3454746074913353
8483.0,-0.9866041323489939
8484.0,-1.6078014011146606
8485.0,-0.10439185672088074
8486.0,1.3915721338757685
8487.0,0.8895150988414346
8488.0,-1.2358099312454618
8489.0,0.5953569422802567
8490.0,1.4807386797622943
8491.0,-1.3033533955135013
8492.0,-0.5139160526412819
8493.0,-0.20524788961986462
8494.0,1.9005543239982343
8495.0,0.7933631406869696
8496.0,0.9226437553996643
8497.0,-1.1603518249639275
8498.0,2.7027029975182137
8499.0,0.26066688546275274
8500.0,0.06108768660776993
8501.0,1.350749158793952
8502.0,-0.44917920410065654
8503.0,1.4798639179687547
8504.0,-0.6707045197425041
8505.0,-1.2750165362182053
8506.0,0.9586467326696
8507.0,1.1923553298875655
8508.0,0.2617133961499141
8509.0,0.4544881463912449
8510.0,-0.0494055301376225
8511.0,2.16570181948996
8512.0,-2.373944802571761
8513.0,2.7612511786459466
8514.0,1.2255555790997839
8515.0,0.7882999492015327
8516.0,0.16989953408684613
8517.0,0.04350885414267873
8518.0,-0.3679100332360424
8519.0,-1.4515285763208992
8520.0,0.7670708896024612
8521.0,-0.14034950708839716
8522.0,0.6074551608973114
8523.0,0.19427036428463448
8524.0,1.6611429524995556
8525.0,-0.7674486263106717
8526.0,-3.475725373045655
8527.0,-1.49822577724284
8528.0,-0.8924681922957785
8529.0,0.8128249974661073
8530.0,-1.6394528575436427
8531.0,-2.084599173757666
8532.0,0.3473098900407986
8533.0,-0.057644660707599174
8534.0,-0.4541569805390119
8535.0,1.0436052808178164
8536.0,-0.16255406797983923
8537.0,-0.11739573484441836
8538.0,-0.12268843418235177
8539.0,-0.2063346856570519
8540.0,-1.4528340924683854
8541.0,0.4540463002609883
8542.0,-0.9492137391355251
8543.0,0.8627885730570571
8544.0,0.5771346622936462
8545.0,-2.3159590908663654
8546.0,-2.3448721795178873
8547.0,1.2179137936270452
8548.0,-1.817010631354929
8549.0,-1.2257723513794896
8550.0,-1.3939578449394565
8551.0,0.9714650489674295
8552.0,-0.1771408673175812
8553.0,0.8178733643682187
8554.0,-1.957624802459216
8555.0,-0.7023293550474169
8556.0,-0.5010349740370628
8557.0,0.9823061351809581
8558.0,0.04699620174584638
8559.0,-2.6008239710842926
8560.0,-0.6945873232253584
8561.0,1.1286192862346787
8562.0,-0.7207336320507128
8563.0,-0.9065418026551754
8564.0,0.20235960255676322
8565.0,-1.9161741917223405
8566.0,-0.2594905886163852
8567.0,-0.9127302560466486
8568.0,0.3669157120672231
8569.0,2.242861517293886
8570.0,0.6362100804111529
8571.0,-0.5133107486942854
8572.0,0.2865840457749085
8573.0,-0.337133760620282
8574.0,0.2295913217137285
8575.0,-0.7523286861788309
8576.0,1.9167858081874705
8577.0,-0.6001664527101558
8578.0,-0.12933291507150102
8579.0,0.28240581280842386
8580.0,-0.2135797775274456
8581.0,-0.5718179983911398
8582.0,0.5591702829249336
8583.0,-2.2993859131985315
8584.0,1.7720779551409243
8585.0,0.6860733025414557
8586.0,-0.14296765181251436
8587.0,-1.2401694885615449
8588.0,0.17982499748325764
8589.0,-0.45863094346268535
8590.0,-0.18312507118782237
8591.0,1.5968475329608038
8592.0,0.7536719664128375
8593.0,0.26933711095324153
8594.0,-0.020944334576880316
8595.0,1.4688999838367016
8596.0,-1.2431058510383095
8597.0,0.8979259701747411
8598.0,-0.837749476154895
8599.0,-2.07731916703281
8600.0,-0.05010035760447499
8601.0,-0.5413879475055284
8602.0,-0.14370424559543887
8603.0,-0.19158010959192645
8604.0,-0.909698216988478
8605.0,-0.7099708143645125
8606.0,-0.8942802980051275
8607.0,-1.5759228144658417
8608.0,1.8721051948021739
8609.0,1.6395539552170901
8610.0,1.5310342945756308
8611.0,0.13645684805319738
8612.0,-0.3109933445116719
8613.0,-0.0204570551721366
8614.0,2.1206150273360675
8615.0,-2.013752356753202
8616.0,-0.41980058169350143
8617.0,0.6804654798117286
8618.0,0.2235660910711042
8619.0,-0.1089730226632988
8620.0,1.408552624724619
8621.0,-0.6718192973252313
8622.0,0.21166923523732248
8623.0,1.4805231444325349
8624.0,-1.9334133919583136
8625.0,0.5938380316979123
8626.0,-1.5606520073680548
8627.0,0.5825175583988067
8628.0,-0.23736697830244885
8629.0,1.0096966738589526
8630.0,-3.5059454806757784
8631.0,1.0780376124343154
8632.0,0.3077827668937204
8633.0,1.5097152418943154
8634.0,-2.232564741973664
8635.0,-2.3293271817771832
8636.0,-1.3219560284248482
8637.0,-0.4114179419288448
8638.0,0.5532253925253692
8639.0,-0.19768865520342896
8640.0,-0.9725556414764104
8641.0,1.105143821890473
8642.0,0.16357880090459334
8643.0,-0.5653259329329624
8644.0,2.0310803934365356
8645.0,-1.1251554257118657
8646.0,0.3580708756842485
8647.0,-0.5585101177289213
8648.0,-0.6818614711577975
8649.0,-0.792509742257281
8650.0,2.012515181171912
8651.0,0.5288451300338816
8652.0,1.0098600841433916
8653.0,1.244746665943137
8654.0,0.4042353452791868
8655.0,0.5608387768555966
8656.0,0.44404970402835403
8657.0,0.9114543155892697
8658.0,0.6190924733833678
8659.0,0.6923550328258152
8660.0,2.086953984973937
8661.0,0.19820141870379815
8662.0,-0.757805897777734
8663.0,-0.6208958767651573
8664.0,2.6809327422051608
8665.0,1.5831565622375885
8666.0,0.28778986773928905
8667.0,1.3640728911501974
8668.0,0.27060764145847505
8669.0,-0.027921610428803163
8670.0,1.1235854873552489
8671.0,1.3874106084160862
8672.0,-2.3439664197347017
8673.0,-0.09023090033845745
8674.0,-0.47314680017541083
8675.0,-1.419057648365017
8676.0,0.012196561238040533
8677.0,0.896905542026919
8678.0,1.229110652337152
8679.0,1.423408637702291
8680.0,-1.032283287636195
8681.0,1.8495065035866773
8682.0,-1.5055362780014312
8683.0,-1.2306921417549583
8684.0,-0.4179259459517937
8685.0,-1.1232572287598426
8686.0,2.2784115945148833
8687.0,-0.14619493372670098
8688.0,-1.3123607213093949
8689.0,-0.7544578140404048
8690.0,1.6890326286964161
8691.0,0.8196029655708987
8692.0,0.11637742626950996
8693.0,-1.547902591538653
8694.0,-0.4172587582175153
8695.0,1.7810327640612211
8696.0,-1.758231702368551
8697.0,0.18349184204744848
8698.0,-0.22400815290517476
8699.0,0.8715836295353003
8700.0,-0.8219143091134768
8701.0,0.3203780720839975
8702.0,-1.6025091147627113
8703.0,1.1390233326274628
8704.0,-0.7359223959234444
8705.0,1.0263017034911572
8706.0,2.068075260406813
8707.0,1.108159290519107
8708.0,-0.24039884019464117
8709.0,-0.6759071161520638
8710.0,-0.4978427682072806
8711.0,0.3190609261313313
8712.0,2.0061639011668935
8713.0,1.5622978912511627
8714.0,0.47467372466525526
8715.0,2.164876063264771
8716.0,2.916232118486969
8717.0,-0.23982169478317095
8718.0,-0.03581624357374822
8719.0,0.6927147419565592
8720.0,-0.5670316857725664
8721.0,-1.1579843035857715
8722.0,0.8831911595065474
8723.0,-0.870640502739175
8724.0,-1.9948210761928755
8725.0,-0.7531167964177324
8726.0,-0.3292484975730782
8727.0,-1.7046451060418815
8728.0,0.3140109989296706
8729.0,1.737545278732905
8730.0,-0.6923999228492669
8731.0,0.836955876760482
8732.0,-1.0701071369236046
8733.0,-1.7159678666033442
8734.0,0.7675695226463465
8735.0,1.559097303241413
8736.0,0.15112641571638108
8737.0,-0.9182744206787817
8738.0,0.10966590383602622
8739.0,0.9249707954225673
8740.0,0.37037902989543176
8741.0,0.03915612599892616
8742.0,-0.5669084532724744
8743.0,0.5373606465551306
8744.0,0.6331686897450391
8745.0,-1.097810687331117
8746.0,0.2606674499616573
8747.0,-1.1045559725634715
8748.0,0.04518966894975967
8749.0,0.8113459118565377
8750.0,1.2649890898902496
8751.0,0.4863801159260943
8752.0,-2.051024812599692
8753.0,0.6650987070468842
8754.0,-1.9418060734886649
8755.0,1.1499110910049808
8756.0,2.471727200550336
8757.0,-0.42384368933374167
8758.0,1.7546398649536623
8759.0,1.1410521296361247
8760.0,-0.9952001397120689
8761.0,1.875222556495981
8762.0,-0.9176835232860308
8763.0,1.4116680363490073
8764.0,1.5317956371552508
8765.0,0.6982477534161547
8766.0,0.12883161846415384
8767.0,-0.4865484762103565
8768.0,0.44123985712326824
8769.0,-0.7275153460622801
8770.0,-0.3370621733925893
8771.0,0.24900412109798759
8772.0,0.056523799034403466
8773.0,-0.2316456964358826
8774.0,1.8739416680130432
8775.0,0.811467745423062
8776.0,0.28031965281910964
8777.0,0.3486782059924728
8778.0,-0.899436232463148
8779.0,-0.8250058302630273
8780.0,0.9366910088579218
8781.0,2.407645609932727
8782.0,1.1880574122815966
8783.0,0.9102713318478342
8784.0,-1.1080527278013208
8785.0,1.3867967571598672
8786.0,-1.9779307015008725
8787.0,0.7957089980299924
8788.0,-0.9236232521727933
8789.0,0.33449834398187367
8790.0,0.08523410834428614
8791.0,-0.873786434378819
8792.0,-0.013467528527062862
8793.0,-0.7008062694234787
8794.0,-2.157644540410062
8795.0,3.605620494502823
8796.0,0.5012052570327137
8797.0,0.7735572999377877
8798.0,2.516733628773758
8799.0,-0.6970648635042217
8800.0,-1.4519717398464926
8801.0,0.4704404257339126
8802.0,0.5686151101659024
8803.0,1.50584107754789
8804.0,0.2095761431045329
8805.0,-1.2486255183091712
8806.0,0.8641617354593104
8807.0,0.9087143084504116
8808.0,-1.7762988318539523
8809.0,0.4784833084349392
8810.0,-0.3663773962918454
8811.0,-1.2912944715241659
8812.0,-1.2822104951611102
8813.0,-0.8742883377126396
8814.0,0.19205906087599056
8815.0,2.2317897448457225
8816.0,1.42940322860867
8817.0,-0.7049043294912124
8818.0,-1.8111722529821526
8819.0,-0.9016521765048058
8820.0,-0.26805780090607484
8821.0,1.4665058595789442
8822.0,-1.0766135868246955
8823.0,-1.6200327056575516
8824.0,-3.045197858148017
8825.0,1.4508015880171206
8826.0,-0.3642023374866594
8827.0,0.3401560068098738
8828.0,-0.9898285601158147
8829.0,0.7144181079284596
8830.0,0.03852798387541095
8831.0,1.463888451145415
8832.0,-0.29467007260228956
8833.0,0.06006196361351579
8834.0,0.32248402965387707
8835.0,0.4398068957386101
8836.0,0.6252135937428724
8837.0,0.5972411766162741
8838.0,-0.520327408334387
8839.0,1.1231521533707622
8840.0,-0.9885973954087884
8841.0,-0.08193531509486152
8842.0,-0.28787958295678967
8843.0,-0.14318870522026042
8844.0,-1.591947182766046
8845.0,-0.002114504224305808
8846.0,-0.05519298169142449
8847.0,-1.6462206513634703
8848.0,-1.0737818227369094
8849.0,0.5397519415399167
8850.0,-2.514272211679485
8851.0,-2.1196329376663114
8852.0,-0.8574102088808507
8853.0,-1.7287641889662377
8854.0,-2.7778988093169854
8855.0,-0.6809497348600831
8856.0,0.7908432069068163
8857.0,-0.08332492614551187
8858.0,-0.40718637319376244
8859.0,-0.8294032828875272
8860.0,-0.881124679848709
8861.0,0.10565493485897992
8862.0,1.407096620178198
8863.0,-0.6973380480163772
8864.0,-0.5457442173909889
8865.0,0.5033624902458842
8866.0,0.3386871019111798
8867.0,-1.8245989122201005
8868.0,-2.0497640447852326
8869.0,-1.7684878780554298
8870.0,-0.4053384410458476
8871.0,-0.7232428546260433
8872.0,-0.5788634335365673
8873.0,1.7167492371692163
8874.0,-0.9527223525388039
8875.0,1.3503288126494417
8876.0,0.03801373800263636
8877.0,0.592735857828591
8878.0,1.5741176789068256
8879.0,0.7848665007673643
8880.0,0.8167354871599555
8881.0,0.4449773059092455
8882.0,-0.11705705138984847
8883.0,0.09091774803352765
8884.0,-1.8531230888862593
8885.0,-1.3118050434660933
8886.0,-2.0753316598545735
8887.0,-1.806433278769886
8888.0,0.8709663252703563
8889.0,1.1708488928914043
8890.0,-0.1426931089793764
8891.0,-0.2927973249954141
8892.0,-0.8743199104486001
8893.0,2.8606123438057276
8894.0,-0.11614084904853435
8895.0,-2.3144029384956366
8896.0,-0.10701695530662937
8897.0,-1.2363375049455108
8898.0,0.5857495885239983
8899.0,1.5633290510612192
8900.0,0.45460229297489835
8901.0,0.43794291265962415
8902.0,-1.1120494114737978
8903.0,-1.0132291571431422
8904.0,-0.3703407004366842
8905.0,0.7176192256400028
8906.0,1.8539192243940967
8907.0,-0.42401043129153626
8908.0,2.2457739519995394
8909.0,0.8565872526481642
8910.0,0.7899387705452883
8911.0,0.6262916109923594
8912.0,1.5189662651721214
8913.0,0.5444378091919303
8914.0,0.9335690894879737
8915.0,-0.6495930086459241
8916.0,-1.4334798689366761
8917.0,-1.4737916385102436
8918.0,0.5774336291631319
8919.0,0.3551795134063681
8920.0,0.10149903559578503
8921.0,-1.7369617334290308
8922.0,-1.1483809294817167
8923.0,0.169219836205414
8924.0,0.5427695283757954
8925.0,-0.5436244865267742
8926.0,1.785032954739927
8927.0,-0.1659062910693797
8928.0,-1.8457105246184236
8929.0,-1.2361482917569542
8930.0,0.7647508837160495
8931.0,1.2859346831117662
8932.0,-1.2633966242586727
8933.0,0.2649086434801418
8934.0,0.5125176278860004
8935.0,-1.5353023393660754
8936.0,-0.7138616708492689
8937.0,-0.2822060619118564
8938.0,-0.3946523990014302
8939.0,0.4848976023924783
8940.0,1.5950714121207645
8941.0,-0.6123812727384871
8942.0,-0.5603855214977268
8943.0,-2.5634791024928503
8944.0,-0.47712146921144377
8945.0,0.03606743922309113
8946.0,-2.469506094112537
8947.0,-0.5921641213688892
8948.0,-0.8485013090225165
8949.0,-1.9251530628932243
8950.0,1.6386535096957648
8951.0,-0.09238143660786272
8952.0,-0.6960648608713902
8953.0,-1.6815533803949012
8954.0,1.117696695822551
8955.0,2.47806654137675
8956.0,-0.3312911378876122
8957.0,-0.20993403748044484
8958.0,1.3209353613467352
8959.0,0.48390080810567404
8960.0,0.3981820087873953
8961.0,1.393525933853808
8962.0,-1.0037267356669708
8963.0,0.20005277608355243
8964.0,0.26851031288356103
8965.0,-0.4794599085187535
8966.0,-1.2470175733657403
8967.0,0.36635753568155244
8968.0,-0.06117286853066126
8969.0,-0.3458363051875568
8970.0,-1.7626763597843222
8971.0,0.005469335363303442
8972.0,-0.3414250001574859
8973.0,1.1239477379516447
8974.0,-0.9662388079209511
8975.0,-0.14209265135673949
8976.0,-0.42235371555142653
8977.0,0.6585762951137992
8978.0,-0.0036998490848501363
8979.0,0.44139653900983
8980.0,-1.6047837197058017
8981.0,-0.9168774876336673
8982.0,0.3620504509061454
8983.0,0.8471956432826683
8984.0,0.33336677641687995
8985.0,0.5930598766195972
8986.0,-1.3580626741567643
8987.0,0.11103824674242571
8988.0,-0.11527391147288359
8989.0,0.030233141708376127
8990.0,0.33721127681129065
8991.0,-0.1930715574212533
8992.0,-0.9847961543057323
8993.0,0.3745293072863772
8994.0,-2.52796815119939
8995.0,-0.8262923185937658
8996.0,1.0671916621601014
8997.0,0.6555139462868713
8998.0,-0.4497286959898993
8999.0,-1.6039580577637191
9000.0,0.6749992550964402
9001.0,-1.6453754619896839
9002.0,0.7103901866424381
9003.0,-2.3176858687390895
9004.0,0.25426947194378646
9005.0,0.3827872096622275
9006.0,-0.23291005974956602
9007.0,0.5219337950092673
9008.0,0.5081466361307363
9009.0,-1.6739637079584742
9010.0,-0.10125191931845705
9011.0,0.510544440697639
9012.0,-1.45026895689127
9013.0,-1.6186486234288415
9014.0,-1.5467534366455138
9015.0,-1.2152456073568776
9016.0,0.2443301475668892
9017.0,1.437248020368335
9018.0,-0.23370119803003672
9019.0,2.121460365092641
9020.0,-0.37962437209055155
9021.0,2.053964103979257
9022.0,-0.04236515239600685
9023.0,0.032118234942669396
9024.0,1.0117891672220907
9025.0,0.029755206193886323
9026.0,1.3602143230648058
9027.0,1.3306974413158748
9028.0,-0.16836907793314662
9029.0,0.4793932712028601
9030.0,0.792305438305397
9031.0,0.8268535239883759
9032.0,1.4417008043710193
9033.0,1.6969901173315296
9034.0,-1.1052061998629996
9035.0,1.318395916764446
9036.0,-1.0533527388457424
9037.0,0.48193215747263574
9038.0,-0.6197478356790698
9039.0,-0.43673386825937827
9040.0,-1.019010732501621
9041.0,-0.07801695631999804
9042.0,0.3485540914787241
9043.0,-0.24767441168551238
9044.0,-0.33307286523719354
9045.0,0.6422971375611136
9046.0,-0.8231857182464825
9047.0,-2.115798843889694
9048.0,-0.28579500459547735
9049.0,-2.1260669292121404
9050.0,0.19185786245023717
9051.0,0.7393367116365085
9052.0,0.029737622429803757
9053.0,0.20520990839475758
9054.0,0.22713076900499019
9055.0,-0.9106110242543235
9056.0,-2.341896987518762
9057.0,0.3575014472136068
9058.0,0.08917556064878845
9059.0,-0.2842904400461839
9060.0,-1.0595296057805044
9061.0,0.5494984245494225
9062.0,1.7126472195081444
9063.0,1.6266940912740273
9064.0,0.2372382933686458
9065.0,1.2552962449299505
9066.0,0.10613901252154975
9067.0,0.4319669869200245
9068.0,-0.6486369649311878
9069.0,0.37782212378065333
9070.0,-1.1185159530524433
9071.0,-2.413298825871853
9072.0,-0.7164097914315989
9073.0,-0.22088226491538093
9074.0,1.0832586004613614
9075.0,-1.2087699463991144
9076.0,1.4324350738204055
9077.0,1.2279566468274359
9078.0,-1.5194454857763382
9079.0,1.5588045125744514
9080.0,0.03741938948528479
9081.0,0.6619188471772207
9082.0,0.4433204336261665
9083.0,0.930499234334249
9084.0,-1.662415102043066
9085.0,1.0279521887838503
9086.0,1.4963371159566614
9087.0,-0.30239944315521644
9088.0,0.42522284079158035
9089.0,0.2741927587515362
9090.0,0.9955424056908488
9091.0,-0.7695167043347155
9092.0,-0.39442780736873273
9093.0,0.0009485208544915856
9094.0,-0.6649298171870182
9095.0,0.4022864048349698
9096.0,1.967019816229186
9097.0,-0.14579790647743557
9098.0,1.1781790746820109
9099.0,-0.27659182676766947
9100.0,-0.4906635900138469
9101.0,0.3655994024237733
9102.0,-1.7439951244616174
9103.0,-0.328668345992209
9104.0,0.047562865222727804
9105.0,1.3530431621641514
9106.0,-1.7541130134030358
9107.0,-0.30486589796514124
9108.0,-1.8001941632988239
9109.0,-0.6685853781541127
9110.0,1.1440851207840923
9111.0,1.1388768833160434
9112.0,-0.2344776912454112
9113.0,-0.23498603481340075
9114.0,-0.778255397979371
9115.0,3.3677839266507457
9116.0,0.47865017370313845
9117.0,-2.9897950790767522
9118.0,-0.7334566612401978
9119.0,0.20082390882509335
9120.0,1.13653295235589
9121.0,0.11521545212295477
9122.0,-0.23196879636835316
9123.0,-0.053389102349090674
9124.0,-0.3214124029965441
9125.0,-0.5106306968875503
9126.0,0.928686213143304
9127.0,-1.3451685815637136
9128.0,1.1505410762749586
9129.0,-0.39118963348994756
9130.0,-0.49526638068595297
9131.0,-0.8350402936302298
9132.0,-0.8538413232411471
9133.0,1.3320603691942312
9134.0,-0.5836584219904546
9135.0,-0.2977502134988534
9136.0,-0.5758877454631217
9137.0,-0.13177541050792446
9138.0,-1.4210659511145065
9139.0,1.7723872720876381
9140.0,1.9522377837739484
9141.0,-0.8010806117127958
9142.0,0.37481114055083
9143.0,-1.1537944514971494
9144.0,-0.42084132538183344
9145.0,-1.7017124233177123
9146.0,1.1154622667450573
9147.0,-1.4979731344494847
9148.0,-0.18321640757702376
9149.0,-2.264718759850253
9150.0,-1.2734997925734584
9151.0,-0.6939789824754592
9152.0,-1.0047209807602948
9153.0,-2.2402024105783243
9154.0,0.02784645709859284
9155.0,-1.311886983710215
9156.0,-0.35180645020766993
9157.0,-0.18461650961905204
9158.0,0.9692077623124224
9159.0,2.240518968543932
9160.0,1.2912871084242674
9161.0,-0.21820087936747673
9162.0,0.5233760882476297
9163.0,-0.7631494714537802
9164.0,-1.4601831095119433
9165.0,-1.081866827335947
9166.0,-1.8920193836603512
9167.0,-2.0236320491423228
9168.0,-1.542385936634568
9169.0,-0.18714857020486422
9170.0,1.0842886394527593
9171.0,-0.4717518724657364
9172.0,-0.9206353109687295
9173.0,-0.691842136751866
9174.0,-0.8678919432319614
9175.0,-0.521984488531488
9176.0,-0.7854452418627383
9177.0,-0.9269006830145834
9178.0,0.0340525158152476
9179.0,0.21398314166170707
9180.0,-0.7431602956799269
9181.0,-0.0667688264171419
9182.0,0.7775547165278202
9183.0,0.5037944818872175
9184.0,-1.8825023472036624
9185.0,-0.033683942675700754
9186.0,1.5773674478816024
9187.0,-1.6476695816157396
9188.0,3.0324997441570787
9189.0,0.5846492518863339
9190.0,-0.6119091416500271
9191.0,1.0319193722503426
9192.0,-0.24055852880486622
9193.0,-1.3733276026307677
9194.0,1.4903825236989203
9195.0,-1.3775532551834428
9196.0,0.8459399845628264
9197.0,0.9295005811315482
9198.0,-0.7429324160417332
9199.0,-1.3063608367445723
9200.0,0.7743879613424085
9201.0,0.5658459279685122
9202.0,-1.076858022366864
9203.0,-1.3859103612741688
9204.0,-0.48936210903993843
9205.0,1.744769827447537
9206.0,-0.8790347769163376
9207.0,1.7119973644404671
9208.0,-0.8252380927052742
9209.0,0.01982086023663539
9210.0,-2.2159271933460656
9211.0,0.35259308845813925
9212.0,0.11625085262323823
9213.0,-0.5841584668330148
9214.0,0.12154101590175616
9215.0,-0.3611957140080655
9216.0,-0.7777770880187226
9217.0,-1.1282307316717277
9218.0,-0.4231505153014864
9219.0,1.4517529667849165
9220.0,-0.5731079750663534
9221.0,-0.08266257220512807
9222.0,-0.8905828434589231
9223.0,-2.4232228310217665
9224.0,0.038933583079170574
9225.0,-1.9963921350440617
9226.0,-1.732856487265845
9227.0,-0.08272208453117107
9228.0,0.46590905066537247
9229.0,0.7165390797816703
9230.0,-0.31158923494554347
9231.0,1.1949670158234782
9232.0,-0.9209671989527519
9233.0,-0.5937104181420488
9234.0,-0.7618247178532881
9235.0,-0.0016199658209812167
9236.0,0.8247978066395878
9237.0,-3.175586503422669
9238.0,-1.2852482503892002
9239.0,-0.5492294939665885
9240.0,-0.664860050128053
9241.0,-0.8685189092943592
9242.0,-0.8427869293883853
9243.0,2.190483082206745
9244.0,0.18233188478988843
9245.0,-0.7713190720806262
9246.0,-1.239308618215089
9247.0,-0.20413527495645498
9248.0,0.8721613904697157
9249.0,0.8454019286736074
9250.0,-0.854943269608081
9251.0,1.2102796540976861
9252.0,-0.3612943908363741
9253.0,0.9378588031026693
9254.0,0.25163093577141227
9255.0,-0.3291788052763936
9256.0,-1.9808687662410034
9257.0,1.2027333456011962
9258.0,-1.6446831807302384
9259.0,1.0149209384349984
9260.0,-0.33727363494126555
9261.0,0.7543765662534965
9262.0,1.9002002483854668
9263.0,0.14337547917629181
9264.0,1.3262834640440233
9265.0,1.21734142879049
9266.0,1.8269740440139
9267.0,-1.3004445024516238
9268.0,0.9927085001370991
9269.0,0.34248830746795755
9270.0,1.1064270878192841
9271.0,-0.18128310357888383
9272.0,-0.6613563556371855
9273.0,-2.354924257026411
9274.0,-1.0969693982327502
9275.0,-1.1963290850118993
9276.0,-0.7972910414345852
9277.0,-0.005500921837724815
9278.0,0.24618727775471969
9279.0,-0.0787691999501541
9280.0,0.7695957990202932
9281.0,1.4855314211558313
9282.0,2.381916899006928
9283.0,-1.3448360069919474
9284.0,0.3550811487205954
9285.0,0.6496086300650779
9286.0,-1.283825744602821
9287.0,-0.4743954716150127
9288.0,-0.36426237284132734
9289.0,-0.21724440247382823
9290.0,-0.9412378417045741
9291.0,-0.40979177851013
9292.0,-1.3642014175127148
9293.0,1.460627505711137
9294.0,-1.7959168365143028
9295.0,-0.7317734368502687
9296.0,-0.010460331717150289
9297.0,0.1494328682402713
9298.0,-0.25485716328442093
9299.0,1.2989775471400642
9300.0,1.9463017470212245
9301.0,0.9791720893925204
9302.0,-0.11692053913740454
9303.0,-0.9703328611064028
9304.0,-0.04998150397878854
9305.0,0.5466516614835107
9306.0,-1.7756890985415739
9307.0,0.7138780886875977
9308.0,-1.1375627709229132
9309.0,1.975942777362541
9310.0,0.1922483812316699
9311.0,-1.7687884555976694
9312.0,-0.4337266458293125
9313.0,0.25303336208986793
9314.0,0.8364666215437814
9315.0,0.9738482863044495
9316.0,-1.5550935255838862
9317.0,-0.11128054830775243
9318.0,0.7939220323142611
9319.0,2.1683068887777277
9320.0,-0.36401174161108596
9321.0,-2.4807735508009547
9322.0,-0.3212414226878576
9323.0,1.3895279183309994
9324.0,0.6921438370813852
9325.0,-1.2616361063211678
9326.0,-0.518332974359243
9327.0,1.4064511329227678
9328.0,-0.6378958759421381
9329.0,-0.5468591492494671
9330.0,1.417201319126939
9331.0,-0.028641456951052947
9332.0,-0.8870863238685155
9333.0,-0.6902511359270784
9334.0,0.453654273526069
9335.0,-0.9108079650598859
9336.0,-0.7678285079968796
9337.0,1.483503881203941
9338.0,1.5043975959462677
9339.0,-0.04519004568531784
9340.0,-1.2990332210230073
9341.0,0.8665090784332151
9342.0,0.4219290623656809
9343.0,-0.6363121487851594
9344.0,0.5510444841044245
9345.0,1.3605475146425208
9346.0,1.4642348625932484
9347.0,-2.0696953269692444
9348.0,0.7236782852974225
9349.0,1.297841080301401
9350.0,1.801763813980109
9351.0,-0.32413797779652337
9352.0,-0.1268696977506619
9353.0,-2.215241163376752
9354.0,0.6154187608119738
9355.0,1.2832068379865225
9356.0,0.48025055500705666
9357.0,-0.8263226074699483
9358.0,1.2952807904634227
9359.0,0.12684961445562548
9360.0,0.3005784205324321
9361.0,-0.7212741981050727
9362.0,0.237108535288582
9363.0,-0.016537280256497453
9364.0,-0.3518966101962848
9365.0,0.3462008209538635
9366.0,-0.3982956009084384
9367.0,-1.6688189221623428
9368.0,-0.22142635890876752
9369.0,-1.059923973154187
9370.0,-0.6767496106819664
9371.0,1.6096446436711536
9372.0,3.036365555720712
9373.0,-2.2694605987068917
9374.0,1.1831588647843774
9375.0,-1.7918534301364542
9376.0,0.7566884285462213
9377.0,-1.7948336649088574
9378.0,-2.4678499697090075
9379.0,1.809655134459036
9380.0,0.7628312687284735
9381.0,0.04511093548911998
9382.0,-0.20001262100012118
9383.0,0.7093901402179441
9384.0,-0.9155503185954491
9385.0,1.3109886808388571
9386.0,-0.2795626098094889
9387.0,0.808412047798098
9388.0,0.21624734899674464
9389.0,0.5033923026253497
9390.0,-0.9695572969231607
9391.0,-1.4533744780222184
9392.0,0.376906871112467
9393.0,1.24795935020439
9394.0,-3.1172625030986674
9395.0,-0.7376159554890205
9396.0,0.18744247085209653
9397.0,-0.9795373833761737
9398.0,-0.3929219702380188
9399.0,1.7696309181214047
9400.0,-0.6185275458374248
9401.0,1.9002830816558216
9402.0,-0.7529853489853705
9403.0,1.2329651439686513
9404.0,0.6797110728661335
9405.0,-1.7782789195414175
9406.0,0.7457379314402888
9407.0,-0.34279403739188985
9408.0,-0.47643470048172304
9409.0,-1.485530832492474
9410.0,0.2611057041748775
9411.0,-2.0824025777347397
9412.0,-1.4023806849558245
9413.0,0.1438481607136463
9414.0,-0.9553297312394722
9415.0,0.03035298582730893
9416.0,-1.494421060354206
9417.0,0.977414345246267
9418.0,-0.9564155762329324
9419.0,-0.8166136896079212
9420.0,1.1912727588232443
9421.0,-0.9626824437892489
9422.0,-0.4402706752664674
9423.0,1.4113615390037004
9424.0,-1.4947128728772345
9425.0,0.44713942769139947
9426.0,1.542329913274315
9427.0,1.5063960167911663
9428.0,0.8463827594058683
9429.0,0.1472366758766332
9430.0,1.2556877088014289
9431.0,2.517764452577916
9432.0,0.90497734654246
9433.0,-0.6116802648616576
9434.0,-1.184752877396181
9435.0,0.7175846074596153
9436.0,-0.35111324382446785
9437.0,1.279794340612899
9438.0,1.978347476735017
9439.0,1.4017266148339258
9440.0,0.46195347516707286
9441.0,-0.4953662065572404
9442.0,0.60505488374659
9443.0,2.2509168558747032
9444.0,1.1498527421237812
9445.0,1.759582659644251
9446.0,-1.3518944852954278
9447.0,-1.2111343531634458
9448.0,-1.1122453149984242
9449.0,0.985493540369715
9450.0,-0.6074802396636937
9451.0,-0.2718157357349089
9452.0,-1.038458235658995
9453.0,0.330609989324737
9454.0,0.9491235582021765
9455.0,1.4290411495227058
9456.0,-1.893631016756517
9457.0,1.6068559100305972
9458.0,-0.5456391366536034
9459.0,0.019204120924331644
9460.0,1.9233935002330098
9461.0,0.6930945450200956
9462.0,-1.4697508198159643
9463.0,0.3298113445205193
9464.0,-1.6623206426806956
9465.0,1.3204911259390233
9466.0,-0.5813175117563101
9467.0,2.428668035929938
9468.0,0.934629967615114
9469.0,-2.2566288617331383
9470.0,-1.3257849697767712
9471.0,2.0584096714334197
9472.0,1.9461131113601058
9473.0,-1.1034155471167053
9474.0,-0.577482471441471
9475.0,0.765146712689606
9476.0,-0.6137887655774178
9477.0,1.1543245725528575
9478.0,-1.2448958740332225
9479.0,-0.22823361654019936
9480.0,0.2864360032852467
9481.0,0.6590012336523313
9482.0,-1.2271178854158922
9483.0,0.7780959543627388
9484.0,0.715719089280238
9485.0,0.21272323531983958
9486.0,1.1015545988374171
9487.0,-0.12002874669062703
9488.0,1.540768625554287
9489.0,-1.249560709925306
9490.0,-0.4259030569117701
9491.0,-1.0521538773938188
9492.0,1.0270735959553567
9493.0,-1.2116768845155064
9494.0,0.8205276866810265
9495.0,-0.236384763014332
9496.0,-0.4800484259361274
9497.0,0.23515437323005975
9498.0,-0.6887613901533649
9499.0,1.1430177592776298
9500.0,-1.4261699434203041
9501.0,-0.169268255145428
9502.0,-1.1180351231337142
9503.0,-0.43970910012120007
9504.0,-0.9374381305313293
9505.0,-0.10893666724037711
9506.0,-0.4873312831508897
9507.0,-0.2229955975517263
9508.0,0.8127006289273058
9509.0,-0.22172943905571255
9510.0,-1.3066296602179681
9511.0,0.5639970890469375
9512.0,0.5558812087944405
9513.0,-1.6840478711774287
9514.0,0.2764911333249373
9515.0,-0.6077805027656832
9516.0,1.8665631513966205
9517.0,-0.17417410527222052
9518.0,0.783368415385193
9519.0,1.6298496694151543
9520.0,1.4907897864902533
9521.0,-1.5298161543988698
9522.0,1.146373842547502
9523.0,0.5768517227076507
9524.0,0.01842658547904847
9525.0,-1.5646152133268763
9526.0,-0.849098230386056
9527.0,-1.5798620750827204
9528.0,0.39588772148295287
9529.0,1.8427127956748683
9530.0,0.8292221837825903
9531.0,2.091998283791126
9532.0,-0.9124202568974237
9533.0,0.33966592049335237
9534.0,-1.7224926122548825
9535.0,2.5655864735338243
9536.0,0.019878344990170688
9537.0,1.5393275481487634
9538.0,0.42546031039875226
9539.0,1.4406859528911502
9540.0,-0.13464831444069095
9541.0,2.28227448777989
9542.0,0.8988822916526784
9543.0,0.1785276417129212
9544.0,-0.9444116456622205
9545.0,-0.18549682987527508
9546.0,-0.4901886764261174
9547.0,3.0851100602974824
9548.0,-0.8928421175884589
9549.0,3.076445218223438
9550.0,1.142658017965466
9551.0,0.05347493640490072
9552.0,0.3825442440255669
9553.0,0.4925454657544622
9554.0,-0.05332244171158535
9555.0,-0.06197171144315726
9556.0,0.8633640360604241
9557.0,0.6567899176762185
9558.0,1.2501806092039056
9559.0,0.47231702980867735
9560.0,1.7284844155325318
9561.0,1.878442399651635
9562.0,0.3068093966504949
9563.0,-2.098551620707501
9564.0,-0.19450996330272247
9565.0,0.31049761934352965
9566.0,1.1099443974092478
9567.0,1.4480691694883567
9568.0,0.43854263458566967
9569.0,-0.5123167490227111
9570.0,-0.522967585181032
9571.0,-1.1764381522316385
9572.0,-0.06689150784776886
9573.0,-1.3754308898669079
9574.0,-1.5686609861963654
9575.0,-0.36467293614329743
9576.0,-0.7151718696778837
9577.0,0.3844060704259907
9578.0,-1.6694575668811458
9579.0,0.42973871322635643
9580.0,1.9862754859426501
9581.0,2.525238908908835
9582.0,-0.10111727094620719
9583.0,0.8886816481804993
9584.0,0.6507813570926838
9585.0,0.5194057664175684
9586.0,-1.8147922350110437
9587.0,1.0602718372648137
9588.0,0.07968949804844663
9589.0,-0.8627098309090204
9590.0,0.07899953654139165
9591.0,1.5597171843785542
9592.0,0.7650797664951321
9593.0,2.0603571133230525
9594.0,1.5309179140478733
9595.0,-2.656928369155177
9596.0,-0.1347009612183543
9597.0,-0.5755088805654461
9598.0,1.4966393411083385
9599.0,0.15750141726253994
9600.0,-0.4012658197155845
9601.0,-1.3537157469697128
9602.0,-0.7989719828471302
9603.0,0.07095373072733356
9604.0,-0.25663229162575035
9605.0,-0.012657729568810751
9606.0,0.15449419804883374
9607.0,0.13372554965424188
9608.0,0.5205640693297869
9609.0,0.5875553233643497
9610.0,0.3203152711433035
9611.0,-0.28705339957969417
9612.0,-0.4895435910045548
9613.0,-1.4346099632697975
9614.0,-0.48981870237221015
9615.0,-2.582337621975419
9616.0,0.5673140591226618
9617.0,0.11150705271904275
9618.0,0.7041858367968279
9619.0,-0.9013219695845208
9620.0,0.8999660712111923
9621.0,1.20786653254015
9622.0,-1.1207413883907595
9623.0,1.0902264071163894
9624.0,-1.775193594039004
9625.0,-0.09785187389172605
9626.0,-2.2003840206647722
9627.0,0.5504422305822949
9628.0,0.862995497058797
9629.0,-1.4773838309790013
9630.0,0.8797638864552607
9631.0,-0.13074218472442997
9632.0,0.6179902218068278
9633.0,1.1716384616911848
9634.0,0.7466431601055563
9635.0,0.011197552605758184
9636.0,-1.6854830797578488
9637.0,1.7858915342184767
9638.0,-0.7866700065214635
9639.0,-1.0975264496489634
9640.0,-0.5444463793146612
9641.0,0.9873523048315342
9642.0,0.3585412135214563
9643.0,-1.622473278006376
9644.0,1.9241197762301867
9645.0,0.01743021323537309
9646.0,1.752554390918817
9647.0,-2.517001449656574
9648.0,-1.8405809091719358
9649.0,-0.6226975142892984
9650.0,1.4729495969503263
9651.0,-0.6773106168807757
9652.0,-2.66295228258792
9653.0,1.741741083433807
9654.0,-0.6116510032470668
9655.0,-0.805909653583496
9656.0,0.9192809429480382
9657.0,1.5672899729487269
9658.0,0.2789703590520535
9659.0,1.1823995323564422
9660.0,0.9961854281224091
9661.0,-0.8363939857710396
9662.0,2.2303201924143043
9663.0,-2.3922487390190743
9664.0,-0.7309459920411354
9665.0,-0.48077913334650063
9666.0,-0.28841525538017854
9667.0,0.43217494831193715
9668.0,-0.6609556657763425
9669.0,0.49252051408437864
9670.0,-0.7273123250020616
9671.0,-0.4808263262349199
9672.0,0.6515725607351593
9673.0,-0.8016946199068876
9674.0,0.4944996866597315
9675.0,0.6879552375694927
9676.0,-0.8948990099203141
9677.0,-0.3179005701284411
9678.0,0.8909706094117518
9679.0,-0.8878870126317197
9680.0,-1.186955957572628
9681.0,-2.359799727356038
9682.0,0.15034784581280136
9683.0,1.4041983021316582
9684.0,0.9846128995055854
9685.0,-0.5096234614229938
9686.0,-0.8014058069926587
9687.0,-0.873633769441547
9688.0,-0.6980397934426711
9689.0,-0.5647200409825485
9690.0,-0.3635523975468448
9691.0,0.04888382459529611
9692.0,0.8105633037169928
9693.0,-1.4796724436028135
9694.0,1.7133831459937818
9695.0,-0.9266959072085974
9696.0,-1.8999319877914043
9697.0,1.481426309239513
9698.0,-1.7757420192565243
9699.0,0.4667159540927045
9700.0,-0.23017114591129592
9701.0,0.7779516720995213
9702.0,-0.1321441604053862
9703.0,1.2799298955424707
9704.0,-1.8955527018081015
9705.0,-0.36342877987300126
9706.0,-2.804291974684847
9707.0,1.6847706598348102
9708.0,2.340815679008638
9709.0,0.45301330787906535
9710.0,0.137017416189351
9711.0,0.4326365766224636
9712.0,0.20983103157795827
9713.0,-0.194924971175901
9714.0,0.6139805189018516
9715.0,0.10820881887232152
9716.0,0.751364708603186
9717.0,-0.018795016740944685
9718.0,0.7492069914797153
9719.0,-0.7924254577559494
9720.0,-1.489161576881431
9721.0,-0.4242796209208711
9722.0,-1.9920470778094914
9723.0,2.3344238256968888
9724.0,0.3412760952639286
9725.0,-0.7725632775744086
9726.0,0.3266758273436891
9727.0,-0.7571443823162672
9728.0,-0.7379805410569488
9729.0,0.297839988077989
9730.0,-0.8193417430534021
9731.0,0.8296622168311025
9732.0,0.19664075202786524
9733.0,-1.7785290391614592
9734.0,-0.9937238942765324
9735.0,0.10736090842017453
9736.0,1.7269789106504767
9737.0,-0.7405081896923061
9738.0,1.4109867002328496
9739.0,-0.781109958859017
9740.0,0.6802274830366005
9741.0,0.3378755594224221
9742.0,0.6542982558815134
9743.0,0.6158121253926676
9744.0,-0.22747218619787038
9745.0,0.7658875280888376
9746.0,-0.4486877150270634
9747.0,-1.3295470198728803
9748.0,0.7485846575568899
9749.0,-1.3007454736689787
9750.0,0.3131929926037302
9751.0,-0.14357194819822794
9752.0,0.6545493370728063
9753.0,-1.445658430007587
9754.0,-1.4754824195723921
9755.0,1.8417909398897216
9756.0,-0.09702489342252765
9757.0,-0.35302468083334737
9758.0,0.3521928658811109
9759.0,2.526795607373971
9760.0,1.3046538461412047
9761.0,-0.2633529339962347
9762.0,-0.5371175765101789
9763.0,-0.8027955333248814
9764.0,-0.3756481153277788
9765.0,-0.4884987028695522
9766.0,0.3882327430077447
9767.0,1.7558242554187296
9768.0,0.03662595697367494
9769.0,0.6647770121231512
9770.0,-0.586439527837265
9771.0,0.7881651117509196
9772.0,-0.9503359813116551
9773.0,-0.6064432945205364
9774.0,2.551353900517535
9775.0,1.2378209795802044
9776.0,0.19869372506057012
9777.0,0.8692640929223805
9778.0,-0.5016684233902103
9779.0,1.0648533248998588
9780.0,0.9644670208981939
9781.0,-1.637962272150128
9782.0,0.4411035941017706
9783.0,0.6480708102712047
9784.0,-0.13123243622695166
9785.0,-0.20350340490794563
9786.0,2.036081729099847
9787.0,-0.25705016434484407
9788.0,-0.3305862908577231
9789.0,0.26562311243179026
9790.0,-0.012568347091066244
9791.0,-0.8436891323963286
9792.0,-0.26590289107835774
9793.0,-2.167705514725613
9794.0,0.5835724074641784
9795.0,0.07411887742386021
9796.0,-0.7387786852314002
9797.0,0.5496517992664618
9798.0,-1.3193174596319628
9799.0,0.5192817986413726
9800.0,1.1831132116827017
9801.0,-0.294994849007316
9802.0,0.15369312863599235
9803.0,-1.2259055252357907
9804.0,-0.31983067568770734
9805.0,-1.5449156498987795
9806.0,-1.2232873113097176
9807.0,-0.22522882437388275
9808.0,0.4406432695992739
9809.0,-0.3871081286555408
9810.0,-0.41910723388750626
9811.0,2.0797220252567308
9812.0,1.0884739126062128
9813.0,0.034599710216876745
9814.0,1.7229758963808912
9815.0,-1.8608573028566084
9816.0,-1.637724534487012
9817.0,-0.05892866695803611
9818.0,1.3028101404838899
9819.0,0.8127649398901176
9820.0,0.36626609536523513
9821.0,0.5737507689947862
9822.0,-0.7881133732510712
9823.0,1.424595882001076
9824.0,0.41948816110695003
9825.0,-0.2215904276889014
9826.0,0.8919820706281066
9827.0,-0.18830992150149367
9828.0,0.11829969560792612
9829.0,-1.5910980252595983
9830.0,-0.29282824469082325
9831.0,-1.4860165017076754
9832.0,-1.2201527866674897
9833.0,-0.5236318847528124
9834.0,0.3456078499582236
9835.0,0.8882325492320863
9836.0,2.381555462645835
9837.0,0.35558791513941856
9838.0,0.6983307734671976
9839.0,0.05499976581369676
9840.0,0.04240235296142075
9841.0,-1.896484046329039
9842.0,-0.679994908060291
9843.0,1.0179786277291278
9844.0,-1.8281462427953061
9845.0,-1.8397642806686507
9846.0,0.3090591778985572
9847.0,0.07237961688599429
9848.0,0.776565103976856
9849.0,1.0379292826587598
9850.0,0.31610816437781736
9851.0,-0.0644144733524422
9852.0,-0.5553705357828018
9853.0,0.1568894518039405
9854.0,-0.2460432365757635
9855.0,1.1640733347980436
9856.0,-1.0936524950089548
9857.0,0.2326189438028853
9858.0,1.1176281657531364
9859.0,-1.6619369518615426
9860.0,-1.6232674450283537
9861.0,-0.7504483403585804
9862.0,-1.2761532089794085
9863.0,-0.17700246231200056
9864.0,0.3968895717999788
9865.0,0.03151576570767501
9866.0,-1.0331496489093042
9867.0,-0.03921939222413351
9868.0,0.5918362798382265
9869.0,-1.2597568141620048
9870.0,-0.7170434680413683
9871.0,0.1328644886313404
9872.0,-1.4873918638720536
9873.0,1.2983251338345496
9874.0,1.2877816846604886
9875.0,0.034585761318945356
9876.0,-0.8266257095933262
9877.0,0.20353746990259494
9878.0,-2.421363277465659
9879.0,0.2680290191165199
9880.0,0.3990492352369387
9881.0,1.1099963675318318
9882.0,-0.020481242462539868
9883.0,2.4663875277158684
9884.0,-0.12895123221956276
9885.0,-0.24460719675423065
9886.0,-0.5226451522287354
9887.0,0.40434212703928124
9888.0,-0.07046097948780436
9889.0,1.1554257555606084
9890.0,0.47791811229175957
9891.0,-0.651813556833182
9892.0,1.3551048753890624
9893.0,0.8415990263308547
9894.0,0.36638970602101156
9895.0,-1.0974856012142025
9896.0,-0.6970890941314154
9897.0,-1.5757032408924063
9898.0,-1.0292268117138648
9899.0,-1.01896402090554
9900.0,1.3068938508006593
9901.0,1.8845419920661717
9902.0,1.4301749836761628
9903.0,-1.397823785649755
9904.0,1.1294573564032941
9905.0,0.4259904659898804
9906.0,0.001587908154800361
9907.0,2.9736126960135594
9908.0,-1.1349165579457385
9909.0,-0.9591137607535385
9910.0,-0.010854640122072068
9911.0,-0.5020126724276026
9912.0,-1.3993857400488254
9913.0,-0.48969540919372984
9914.0,1.0915621907495028
9915.0,0.24530716905962333
9916.0,2.006499886612071
9917.0,1.618957580341368
9918.0,-0.8063376363716861
9919.0,-0.9283425194636781
9920.0,-0.12210725351134222
9921.0,-0.23921340810313513
9922.0,-0.9239885998100587
9923.0,-0.7642827351328888
9924.0,1.6752175655358643
9925.0,1.1117649387535617
9926.0,-1.0038598437425745
9927.0,-1.2547608421496212
9928.0,-1.1918061526777504
9929.0,0.12736366235625812
9930.0,-1.2822712978507849
9931.0,0.6000706637062044
9932.0,0.5160730976632057
9933.0,-0.5381401497631588
9934.0,1.2331558844792707
9935.0,-0.3012261934388637
9936.0,-1.5762962612860343
9937.0,-0.3039650105954259
9938.0,1.3912055260940581
9939.0,2.474193793275164
9940.0,-0.8864024947797031
9941.0,-0.4530593692716557
9942.0,-0.1202154343193319
9943.0,-2.0944376808402225
9944.0,-1.4751295183403539
9945.0,0.4776935569077864
9946.0,-0.05403281590416956
9947.0,-0.7916131169070941
9948.0,2.70947033873032
9949.0,0.5309707193362734
9950.0,-0.6594706945767549
9951.0,-1.1136587667952822
9952.0,0.23121748433213116
9953.0,1.706034202360583
9954.0,0.8760558475240211
9955.0,0.49742532060895545
9956.0,-0.4068684892580013
9957.0,1.1748407334072277
9958.0,0.692306190906713
9959.0,-0.8534983304322492
9960.0,0.1581335145557687
9961.0,-0.7614418690235591
9962.0,-1.4463427225803733
9963.0,-0.16697501832393613
9964.0,1.6181194148401659
9965.0,-0.1422935576620874
9966.0,-1.177952421915984
9967.0,-0.699768140405083
9968.0,0.849923727142369
9969.0,-1.2655915114292418
9970.0,-0.08180348852635418
9971.0,-1.080792284400763
9972.0,0.42203531252462045
9973.0,1.2078004124515003
9974.0,-1.1346970876512221
9975.0,-0.023966248958809833
9976.0,0.4136625004230339
9977.0,0.8570067330760549
9978.0,1.2160927614157184
9979.0,-0.40039267759809044
9980.0,-0.655234527433867
9981.0,0.5043745652105937
9982.0,-1.9045561726204197
9983.0,0.4197668523127954
9984.0,-1.8935071256753104
9985.0,-1.0347504583081237
9986.0,-0.4524195431030868
9987.0,-0.4776949119535596
9988.0,0.056849238747448516
9989.0,-1.3232001922543521
9990.0,-0.5563695649652232
9991.0,-0.9526275288086098
9992.0,-0.2731259994151389
9993.0,0.03492281628373422
9994.0,1.4066434637093908
9995.0,0.41221624335122653
9996.0,0.10962514204275267
9997.0,0.7680727156400347
9998.0,1.4825130800593331
9999.0,-0.03815811470180479
10000.0,0.1279420321636253
10001.0,1.9422891285736887
10002.0,-1.115373384815156
10003.0,-1.4586856741609586
10004.0,0.4747775957772593
10005.0,1.1190720353602546
10006.0,1.8737477142118053
10007.0,-0.42897856652205646
10008.0,-0.6143389998294538
10009.0,-0.738526154231987
10010.0,-1.4062080375103
10011.0,-0.12722034719959224
10012.0,1.871448578319638
10013.0,1.1583701607188983
10014.0,1.0658984854746696
10015.0,0.45135343248431514
10016.0,-0.9188926573520689
10017.0,-0.3029536365588218
10018.0,-0.19517381045677673
10019.0,0.6255586155719368
10020.0,-0.12127728827656885
10021.0,1.1805931171036945
10022.0,1.512887648359757
10023.0,-0.6048967840308024
10024.0,-0.9931208596332566
10025.0,0.15641899566637585
10026.0,-0.7317525063644271
10027.0,0.9782565150175804
10028.0,1.3977450284010542
10029.0,-0.9959772386841362
10030.0,-1.8108786926207128
10031.0,1.2864103684690031
10032.0,1.7169856774668597
10033.0,-0.5940497313294572
10034.0,1.9573299287254031
10035.0,2.081895499195605
10036.0,-0.32693654657508314
10037.0,0.49653020523873326
10038.0,-1.3512016614384712
10039.0,-1.7698014108542366
10040.0,-0.533272977189577
10041.0,0.14293898414420586
10042.0,0.4154256559827606
10043.0,-2.166089175864942
10044.0,-0.7533353016995462
10045.0,-0.9325947452015756
10046.0,-1.1350569065421974
10047.0,0.014140771715057133
10048.0,0.24354153937535739
10049.0,-0.8094633206028825
10050.0,1.2004956065356276
10051.0,0.2346700091540266
10052.0,-0.3616836663047156
10053.0,-0.9523424004419808
10054.0,0.7593275725333379
10055.0,1.6253537616359066
10056.0,1.3391355413134334
10057.0,-0.2816433239291903
10058.0,-0.41349136725441976
10059.0,1.073552197249781
10060.0,-0.40144433744998925
10061.0,-1.3143645542298688
10062.0,0.3933941989076773
10063.0,0.6328076852978732
10064.0,-1.0645425493711251
10065.0,-0.2788489741141035
10066.0,1.4404529958393204
10067.0,0.04860846822762759
10068.0,0.9196002889918383
10069.0,0.5299591936513824
10070.0,0.1470856433541459
10071.0,0.19784054246928892
10072.0,0.9928617622726262
10073.0,0.8168282983758056
10074.0,3.44777181809098
10075.0,-1.3875365531897925
10076.0,-0.18818267678863784
10077.0,-0.5375353194458101
10078.0,-0.39004167944241397
10079.0,0.9733220140115687
10080.0,-0.22230410082146368
10081.0,0.2802622188036969
10082.0,1.2385866825935812
10083.0,-0.24170472776635263
10084.0,0.48142303638141515
10085.0,0.4909403105389243
10086.0,0.6882299921719325
10087.0,0.9628743069494778
10088.0,1.727589125974528
10089.0,1.517181733193687
10090.0,-1.7507847939639614
10091.0,0.9454004390467284
10092.0,0.08085785758284632
10093.0,-1.0217297364293247
10094.0,1.037497962509093
10095.0,0.725829880517175
10096.0,-1.038005535848647
10097.0,0.9834293366497746
10098.0,-0.4617814526756971
10099.0,-1.4686306133351472
10100.0,0.11212229205664337
10101.0,1.683065439899285
10102.0,0.523480868417278
10103.0,-0.09333555393797137
10104.0,-0.5233859207090927
10105.0,0.19914562993022356
10106.0,0.04827382133065132
10107.0,0.1086815020066096
10108.0,-0.6369379604401519
10109.0,-0.8196599061315375
10110.0,-1.2745080749051159
10111.0,0.12345096344957644
10112.0,1.5347474079623424
10113.0,-0.4813187408481633
10114.0,-0.6884947899623844
10115.0,-0.8944660547317507
10116.0,-0.6417550434155188
10117.0,-0.4716365667030064
10118.0,0.3343798174075407
10119.0,0.14191316339117593
10120.0,-0.8468545726084481
10121.0,1.1586090014381274
10122.0,-2.2935071453268288
10123.0,0.1584470839342206
10124.0,-0.4199405281818696
10125.0,-1.0947467057945206
10126.0,0.2346947507550927
10127.0,-1.0273266813902338
10128.0,0.3045717591163401
10129.0,0.9380787909846067
10130.0,-1.9723572844717718
10131.0,-0.41315950407903707
10132.0,-0.8377236471002073
10133.0,-0.22723650136951057
10134.0,-2.5946368173296586
10135.0,0.7369471925579446
10136.0,0.656297088622595
10137.0,0.7104101228175848
10138.0,-0.6810179389708915
10139.0,0.3488399166106234
10140.0,0.27420245076368976
10141.0,1.1595890145651058
10142.0,0.5132777864929808
10143.0,0.5646115188062776
10144.0,-1.6926459286407343
10145.0,0.2511926226187949
10146.0,-1.1228308723275007
10147.0,-0.46709243025352276
10148.0,1.346136515934492
10149.0,-0.8006512689925216
10150.0,0.9963729127584073
10151.0,-1.1273209320399056
10152.0,0.807887741423379
10153.0,-1.1526996667419491
10154.0,-0.9215926819361272
10155.0,-0.9698993324472001
10156.0,1.0947154888685495
10157.0,1.2951908210577103
10158.0,-2.0483968470457583
10159.0,-0.5282115610743279
10160.0,-0.6516603086465728
10161.0,-0.7418865889681773
10162.0,0.9624775036837689
10163.0,0.24634300880018586
10164.0,2.657825896086413
10165.0,-1.0975918340224289
10166.0,-0.9230450704786753
10167.0,1.6225549310954286
10168.0,-1.5008624095972716
10169.0,0.7666094438737638
10170.0,0.0025987006081972077
10171.0,-0.5250051432908281
10172.0,0.5157113423456695
10173.0,0.45845965095631314
10174.0,-1.167189713292214
10175.0,0.7140742877779057
10176.0,-0.6738902717500687
10177.0,-1.0243189583338668
10178.0,-0.0024504034298910176
10179.0,-1.3022063170570934
10180.0,3.4045600945233954
10181.0,-0.012046496466762056
10182.0,0.5224943128634165
10183.0,0.09513648541868906
10184.0,0.9612358652925603
10185.0,2.3716184222253425
10186.0,2.506906206466479
10187.0,0.38418815863474526
10188.0,-0.07740871434604925
10189.0,-1.7836012837862198
10190.0,-0.13268051668605468
10191.0,2.236068664697358
10192.0,-1.7318733849213521
10193.0,-0.8528526065232099
10194.0,-0.34444372352774233
10195.0,0.7931126338837052
10196.0,0.42050591103257823
10197.0,-0.8056257859397269
10198.0,0.8433802949666641
10199.0,-2.431579474144556
10200.0,-0.8712719760241767
10201.0,-0.20075026303236196
10202.0,-0.3936298029611943
10203.0,0.04286309741919081
10204.0,-0.17724890038804247
10205.0,0.27637552438332735
10206.0,1.0433474462543701
10207.0,0.19348602264361536
10208.0,-0.6647201932690009
10209.0,-2.2213240343067815
10210.0,1.473685665760635
10211.0,-0.325798684267382
10212.0,-0.9477874883346248
10213.0,-0.15984003429339755
10214.0,-0.4883548138872794
10215.0,0.6233166483295031
10216.0,-1.5743871960002933
10217.0,-0.29995534845750715
10218.0,0.5415412430258756
10219.0,1.1156028889649685
10220.0,0.1210549376625334
10221.0,1.2327408355757314
10222.0,-0.22271848737877006
10223.0,-0.7371487711766436
10224.0,2.330208200760342
10225.0,-2.331569501027124
10226.0,-2.605525570294543
10227.0,0.7979287246969754
10228.0,0.32256691395971276
10229.0,-0.5392432348389288
10230.0,-1.2397107234317948
10231.0,-0.2106155282674686
10232.0,0.8943229446310591
10233.0,-2.2546445809793845
10234.0,-0.336519928451097
10235.0,0.171512105555167
10236.0,-0.5189611322208938
10237.0,-2.6008685844745667
10238.0,-0.3510885333894132
10239.0,-2.0182991494226767
10240.0,1.1997804128312344
10241.0,-1.0587954140454752
10242.0,3.425018505592384
10243.0,0.676800829057758
10244.0,-0.8433984954081513
10245.0,-1.2400320626112717
10246.0,0.6320927968129016
10247.0,1.8547546312679573
10248.0,1.2867148849211665
10249.0,0.41207301566397786
10250.0,2.2387340599935612
10251.0,2.7891749126744707
10252.0,0.22355742618548213
10253.0,-0.039364441871613726
10254.0,0.6878453442061102
10255.0,0.0653602037324551
10256.0,-0.03606168848328101
10257.0,0.529418428152765
10258.0,-1.649565888168766
10259.0,0.8502809577167046
10260.0,1.2334860106687726
10261.0,0.8809549195366672
10262.0,-0.7144769494872467
10263.0,-0.8202271148704529
10264.0,-0.7689952126563341
10265.0,-0.5197120781839065
10266.0,0.035543387129362086
10267.0,-0.4014517929918626
10268.0,-1.3989209058322158
10269.0,-2.1959918417224236
10270.0,0.22268610319337084
10271.0,2.8316006748526052
10272.0,-1.2072644456278492
10273.0,0.5409401792600163
10274.0,-0.8092699688496433
10275.0,1.2842225400742082
10276.0,-0.9411265699213023
10277.0,-0.736362549719846
10278.0,-1.062144703017696
10279.0,-1.5361240977948867
10280.0,0.39183328900307335
10281.0,0.7054667019461969
10282.0,-1.2262587120330866
10283.0,-1.0798252589640507
10284.0,-0.4212605641320272
10285.0,-0.54838368846962
10286.0,-1.8581258919447559
10287.0,0.003699834705035618
10288.0,1.8164832094332297
10289.0,1.4680191245016747
10290.0,-0.771681568595132
10291.0,1.1876683292391532
10292.0,0.4367923546465911
10293.0,0.5173315130514053
10294.0,-1.1632272604350145
10295.0,0.5751337681983607
10296.0,0.7677334171041784
10297.0,0.394690030925332
10298.0,-0.7249314745371007
10299.0,1.5472721327925683
10300.0,-1.2364400984014343
10301.0,-0.5140357738476269
10302.0,0.08235157899648948
10303.0,0.19924778142861008
10304.0,-0.7444342761743011
10305.0,0.6890419901656453
10306.0,-0.8203664069714891
10307.0,-0.5154555140532006
10308.0,-0.2071084706083802
10309.0,-1.3617454566345575
10310.0,0.8756343095595384
10311.0,-1.3738440508164882
10312.0,-0.19916433284781893
10313.0,-0.9621634702997555
10314.0,-1.2108122094369536
10315.0,0.8826818176390009
10316.0,0.8905705516927122
10317.0,-0.8919982135320117
10318.0,0.40683484083652477
10319.0,-0.73399785617137
10320.0,0.2261522594153145
10321.0,-0.22089721328605033
10322.0,0.23387683571762724
10323.0,1.1732558363073353
10324.0,-0.2821452385433754
10325.0,0.332521170136329
10326.0,-1.530401118279135
10327.0,0.2202518967463537
10328.0,-0.1041427936421185
10329.0,0.9635817582976672
10330.0,1.0269955604006162
10331.0,0.26658168156624784
10332.0,-0.36661859744069375
10333.0,-1.6512525426839564
10334.0,0.5192257967427455
10335.0,0.7085827342968987
10336.0,-2.119230702586046
10337.0,-0.7507394357215738
10338.0,-1.3683569763864094
10339.0,-0.4561650109558609
10340.0,-1.3303060650071763
10341.0,-0.05283222107398761
10342.0,0.6361920689696797
10343.0,1.0652682458173512
10344.0,0.7039435565086667
10345.0,1.4546145512683135
10346.0,-0.3119661175098034
10347.0,1.6809934261674464
10348.0,-0.49507597142522963
10349.0,-1.5008019795671403
10350.0,-1.7005800479240247
10351.0,0.38747680370261844
10352.0,0.10850151105658176
10353.0,0.5141904206480882
10354.0,-0.2901106486806534
10355.0,-0.34626174702795054
10356.0,0.1949673812024112
10357.0,0.9263259527861105
10358.0,-1.7346980105510583
10359.0,1.4188963958616512
10360.0,0.7581544689441652
10361.0,-0.9542362493060603
10362.0,-0.22419861707304226
10363.0,-0.006393492341236607
10364.0,1.5207755853567386
10365.0,0.5103789208744576
10366.0,-0.2520942014046604
10367.0,3.568161990451515
10368.0,1.411116893531001
10369.0,2.0101324811748085
10370.0,-2.309238527161454
10371.0,0.9208835913680405
10372.0,1.0493133098037348
10373.0,-0.13903959644166103
10374.0,1.0299604796147848
10375.0,0.49763299865438876
10376.0,-0.5450554429778609
10377.0,-0.5328585320209824
10378.0,-0.41124300037853934
10379.0,-0.20601320225373826
10380.0,1.6024726381151926
10381.0,-0.8560041527053119
10382.0,1.201772897680221
10383.0,1.6213792297871223
10384.0,-0.7277015331099248
10385.0,-4.5295062209380665
10386.0,-0.9861483077655435
10387.0,-0.504261534993754
10388.0,0.908389994871478
10389.0,1.7121384224414806
10390.0,-0.8245853558993433
10391.0,-1.1864699458962118
10392.0,0.7813330310521102
10393.0,0.9385160647407721
10394.0,0.6118093100526052
10395.0,-1.3948666531399612
10396.0,0.3729519955736595
10397.0,-0.8428036986160359
10398.0,4.008625108750394
10399.0,1.112065222486302
10400.0,-0.03983043259424074
10401.0,0.16940805642096549
10402.0,0.1424748603712136
10403.0,-0.26067590924250655
10404.0,-0.9251853956741354
10405.0,1.2307833929758982
10406.0,0.46121869461547776
10407.0,0.5985369190889843
10408.0,1.7762831914835853
10409.0,0.33848914965890264
10410.0,-0.9720489251400892
10411.0,-0.2988365977410782
10412.0,-1.0453761396225743
10413.0,-0.32387727501326097
10414.0,-1.6445449178703395
10415.0,1.6327084541378991
10416.0,-0.48771200605663206
10417.0,1.0904558688732022
10418.0,0.07543967149323848
10419.0,0.2317161510459637
10420.0,2.0352554116878068
10421.0,2.2697677875136284
10422.0,0.05348578780535967
10423.0,-0.5208022300736822
10424.0,-0.5045118125249145
10425.0,-0.7506711403607585
10426.0,-1.3206593083664195
10427.0,-1.1245531015001293
10428.0,-0.7986567030582367
10429.0,-0.04790560972905984
10430.0,0.07895593490861784
10431.0,-0.4169554847465705
10432.0,-0.7995997406244041
10433.0,0.7114836599952049
10434.0,2.3793143362316633
10435.0,0.016843615461136167
10436.0,-0.5056121805656805
10437.0,0.47912729134641663
10438.0,-2.1856900854270984
10439.0,2.294711728390178
10440.0,-0.7806661176467329
10441.0,0.09474457976034445
10442.0,-2.1148450874524727
10443.0,-1.1950639575210031
10444.0,-0.3314190461581917
10445.0,0.06225651596825941
10446.0,-0.7383765330252636
10447.0,0.7285391330808625
10448.0,0.49076698846250477
10449.0,-0.7111913520927876
10450.0,0.19003357440143298
10451.0,0.8614696957411485
10452.0,-0.9965217652256264
10453.0,2.1464219475323896
10454.0,-0.22219318167773922
10455.0,1.0148136346552086
10456.0,-1.8394380793589575
10457.0,2.475716298253883
10458.0,1.5693362612056692
10459.0,0.25422417346990334
10460.0,-0.06660771140725547
10461.0,-0.24274225932041996
10462.0,1.2026361357978725
10463.0,0.8489539108955677
10464.0,-1.3733255595272789
10465.0,0.8003688237227438
10466.0,1.7942264223950464
10467.0,2.0229645688326703
10468.0,0.8776053102524111
10469.0,-1.0025006165387484
10470.0,-0.7757888614248728
10471.0,1.7185286384214145
10472.0,0.18420016306243858
10473.0,-1.7919950016799024
10474.0,2.323732804800542
10475.0,-1.5638195938697483
10476.0,1.175839103965283
10477.0,0.37430147049438484
10478.0,-0.5072125847036849
10479.0,0.7602515988256531
10480.0,1.0707839726515445
10481.0,1.5252270451134224
10482.0,-2.971991861657404
10483.0,-0.9073085505647971
10484.0,1.9632221572594932
10485.0,1.1503570750425844
10486.0,0.8122720859143812
10487.0,1.5983372122947084
10488.0,0.12506887180759968
10489.0,0.8319429838075182
10490.0,-1.576029491170926
10491.0,-1.002243706099635
10492.0,-1.0429065817996976
10493.0,0.47720627235648416
10494.0,0.06701973889074556
10495.0,1.11550274330821
10496.0,-1.8211330728606805
10497.0,0.7686275840405928
10498.0,0.05349049868464274
10499.0,-0.6752281258772486
10500.0,-0.48600019913321996
10501.0,-1.104036053384251
10502.0,-0.9221554724452973
10503.0,1.9787814425671642
10504.0,-0.22132048177250743
10505.0,-0.018390349099375616
10506.0,0.2275020421262628
10507.0,-0.33166567973739625
10508.0,0.41502904139222335
10509.0,0.39393768290032144
10510.0,1.5247420305387047
10511.0,-0.36210997381280413
10512.0,-0.8669797405233736
10513.0,0.31240363689367995
10514.0,0.14408344295921013
10515.0,-0.5240799725481302
10516.0,1.5076102527953907
10517.0,-0.33363952172026384
10518.0,-0.5328654364111564
10519.0,1.5297659034959168
10520.0,-1.6989555627463995
10521.0,-0.5814613094542292
10522.0,-1.0279676490712069
10523.0,-1.1498447601984756
10524.0,-2.0173406948746515
10525.0,0.544277518346186
10526.0,0.5771520543635047
10527.0,-0.7092238391149297
10528.0,1.8931413779544546
10529.0,-1.089278602247327
10530.0,0.10264861225156416
10531.0,-0.6281537649408488
10532.0,-0.055337738450598944
10533.0,-0.5634181640919875
10534.0,0.7963554968496201
10535.0,-0.2384269852194702
10536.0,-0.34325875095804675
10537.0,-1.3724916519660435
10538.0,0.3166792377368759
10539.0,-0.400113879441268
10540.0,-0.4841171294668552
10541.0,0.18568821308372593
10542.0,-0.4760014704937208
10543.0,1.1670037516747236
10544.0,0.2333884002135022
10545.0,0.24278948829825658
10546.0,2.668653056497197
10547.0,-0.08349642986175343
10548.0,-1.7367319578106546
10549.0,1.4611102322328187
10550.0,0.45367236770222624
10551.0,0.6513001189055154
10552.0,0.6706854506083493
10553.0,0.6022788116342657
10554.0,1.290238294976721
10555.0,-1.3749508432184863
10556.0,0.8896019980146032
10557.0,1.1331521496100383
10558.0,3.4895446440875864
10559.0,0.748134500974081
10560.0,-1.4640435462901444
10561.0,2.136670697824776
10562.0,0.3393578488849699
10563.0,1.5517862005657534
10564.0,0.06183408658708961
10565.0,0.09599933642482826
10566.0,-1.5773852281467076
10567.0,-2.399407212432833
10568.0,-0.8564960813303256
10569.0,1.11955136168673
10570.0,-0.20076177497825193
10571.0,-0.7777329560165838
10572.0,-1.1327589946359047
10573.0,-0.36239052824660256
10574.0,2.462524897426791
10575.0,-0.830766472918491
10576.0,-1.3856732100686873
10577.0,-0.8104156796738191
10578.0,0.4944642723632884
10579.0,0.01585269990299685
10580.0,0.08943236593877966
10581.0,-0.4708867071099337
10582.0,-1.3823549563094322
10583.0,-0.08784594342979764
10584.0,1.8534530214150136
10585.0,0.06845579312978085
10586.0,0.9777930489985462
10587.0,0.28446323244976646
10588.0,-0.6594452353545229
10589.0,1.4049852556704439
10590.0,-0.6514782808921079
10591.0,0.20678168102184227
10592.0,0.13872422645290824
10593.0,0.5589332832774643
10594.0,3.622335610973579
10595.0,0.054242837935918574
10596.0,-0.8663653299234805
10597.0,-0.1621679430064707
10598.0,-0.6117086859903075
10599.0,0.5446376843642561
10600.0,0.28567555118750165
10601.0,1.8232366248382743
10602.0,-0.8623065311731023
10603.0,0.45006020879915626
10604.0,0.7957702736530424
10605.0,1.2408885763651323
10606.0,-0.22520218965618105
10607.0,1.4540811850176412
10608.0,0.38241075677881897
10609.0,-0.730643226254539
10610.0,2.068881953956552
10611.0,-0.5449005730638323
10612.0,-0.6961731643240691
10613.0,0.5083801186896255
10614.0,0.033725549603463835
10615.0,-0.3691550898721438
10616.0,-0.9913770242987612
10617.0,-0.6320143935706332
10618.0,1.5815874299464447
10619.0,-2.168478085998144
10620.0,0.8536277084819889
10621.0,-1.6283266043667908
10622.0,1.489321450040261
10623.0,1.3457379275735848
10624.0,0.5585215921274477
10625.0,-1.495895911724139
10626.0,0.3444832635856611
10627.0,-0.272047462418329
10628.0,-0.37605078294480726
10629.0,-0.07584200469856106
10630.0,0.38431813177465507
10631.0,-1.7105931674701296
10632.0,-0.9445266590735774
10633.0,-0.9901602914369065
10634.0,-1.2049970013766826
10635.0,-0.20554956221213488
10636.0,2.8790523786785482
10637.0,0.7251868020543728
10638.0,1.0428427606539998
10639.0,-1.2057515853437484
10640.0,-1.7379209013373162
10641.0,-0.2377334413029817
10642.0,0.3280371176995662
10643.0,1.501113299155638
10644.0,-0.2235493842866977
10645.0,0.6942488790081618
10646.0,-1.1519054163076297
10647.0,1.70788668114501
10648.0,0.464208320279146
10649.0,-1.1172539419366883
10650.0,0.49510468642512845
10651.0,0.1752408540920893
10652.0,-0.7796933017022051
10653.0,-0.8493545440681428
10654.0,-0.7145949340038136
10655.0,-0.24715109545427882
10656.0,-0.45381915585085886
10657.0,-0.013831013331869297
10658.0,-0.5732481660540831
10659.0,-2.3962103712877605
10660.0,-1.6065563816096555
10661.0,-0.14748779054544145
10662.0,0.7643094943352863
10663.0,1.812213284462363
10664.0,2.281329104979722
10665.0,0.19859468266937086
10666.0,-0.08952697647659662
10667.0,-1.0350197995911468
10668.0,2.364259667330017
10669.0,-0.22381709633318606
10670.0,1.109312334751984
10671.0,-0.1354308343445638
10672.0,0.8896860205616605
10673.0,-0.792801421388165
10674.0,-1.5733320154085921
10675.0,0.1528569801832286
10676.0,-1.3906422491590864
10677.0,-0.7374775774796731
10678.0,0.3636248869585604
10679.0,0.6212171801465398
10680.0,-0.36485816093493145
10681.0,0.8111710235169298
10682.0,-0.5112475455073036
10683.0,-0.050893538631138546
10684.0,0.5477013088209749
10685.0,-1.548986558623851
10686.0,0.9467095705694032
10687.0,-2.1699535466347184
10688.0,-0.9626001363154996
10689.0,-0.6877885459194849
10690.0,0.8222348480418692
10691.0,0.8785899289997583
10692.0,-1.7850843156996758
10693.0,-0.7617269571812953
10694.0,2.8488311953304937
10695.0,-1.7898705419304877
10696.0,0.792214236945403
10697.0,-0.9085614901017786
10698.0,0.8624037652449396
10699.0,0.4770035967423192
10700.0,-0.037790817971134184
10701.0,-1.7116480620638062
10702.0,-1.0665359225728022
10703.0,0.33823891086775515
10704.0,0.6853768243425575
10705.0,0.2964936448602759
10706.0,-0.7888522998218226
10707.0,-1.2580193968174098
10708.0,0.3678446190451055
10709.0,-1.3440810013129196
10710.0,-0.27720480123787705
10711.0,0.8649254932553616
10712.0,-2.987037689574472
10713.0,-1.92273635169954
10714.0,-0.04666848802698584
10715.0,-0.607349636037989
10716.0,-0.38183885224316183
10717.0,0.04678288522809886
10718.0,-0.5602355439543011
10719.0,-0.8903390695298425
10720.0,-0.6439918885400173
10721.0,-0.9157684485479313
10722.0,-0.3683368763922141
10723.0,1.318091259596253
10724.0,1.827137343033211
10725.0,-0.3281694001108502
10726.0,-0.21512815830905543
10727.0,0.6553634088307733
10728.0,0.3117071899205748
10729.0,-0.21799333342223112
10730.0,-0.011101973022694058
10731.0,0.38781774752429526
10732.0,0.04146880332178346
10733.0,1.2007216386708466
10734.0,1.2101205471901466
10735.0,-0.1913855479200262
10736.0,0.3174118113872093
10737.0,0.6332411256291526
10738.0,2.6440590012979244
10739.0,-0.04747063225361415
10740.0,-0.9115223683416793
10741.0,1.5913531815754605
10742.0,-0.25105504826526204
10743.0,-2.4206614110748452
10744.0,0.44657884876661375
10745.0,-0.8262395300322788
10746.0,-0.6749863021922614
10747.0,-0.5426695478055904
10748.0,-0.47676963525729693
10749.0,0.5323732743611682
10750.0,1.3682104286787204
10751.0,0.5775958408902669
10752.0,0.4292118369491521
10753.0,0.7340704269096281
10754.0,2.57585409967056
10755.0,-1.1192814687960104
10756.0,0.6686902444894635
10757.0,0.9501145273701243
10758.0,-1.0224189395397019
10759.0,-1.5142387705492517
10760.0,1.5551712744170287
10761.0,-1.2683996630522993
10762.0,1.3632778646844494
10763.0,-1.4268779801681837
10764.0,1.5597849682249085
10765.0,-1.5319507929959726
10766.0,0.9460243840944915
10767.0,-0.14380534907083786
10768.0,-2.310676144637965
10769.0,-0.7185603359103886
10770.0,-1.2776956978631304
10771.0,1.0677013517149145
10772.0,0.14609130084082064
10773.0,1.708674056416189
10774.0,0.9605920532640828
10775.0,0.5632253875004314
10776.0,0.32996302734280586
10777.0,-0.8862733377787265
10778.0,-1.1071461153333182
10779.0,-1.9797564011589814
10780.0,0.5876056551475487
10781.0,-1.0262537113489203
10782.0,1.3572028858632899
10783.0,1.1274916676394091
10784.0,0.013986117107734107
10785.0,-1.8632857522746191
10786.0,1.1129680162064446
10787.0,0.20280987907713735
10788.0,0.686838193089894
10789.0,-0.9413181358466992
10790.0,-0.795554206004142
10791.0,-0.6613231863717363
10792.0,0.28040224391468827
10793.0,0.43801897746416324
10794.0,-0.9200774269868247
10795.0,-1.3076129047746474
10796.0,-0.6833783434721378
10797.0,-1.452673290179037
10798.0,-0.2649037497892192
10799.0,0.17015579842744508
10800.0,-0.16778455120286087
10801.0,-0.1678023935549344
10802.0,0.36510875854949165
10803.0,-0.7317709893318025
10804.0,-1.3826851649539784
10805.0,-1.1817701375464515
10806.0,-0.11487103861371531
10807.0,1.2175169543711475
10808.0,-0.18545232782313584
10809.0,1.8953539756596165
10810.0,0.16822862254552684
10811.0,-0.8736049765291267
10812.0,-0.6531062775266313
10813.0,0.6664705602998406
10814.0,0.407848386844355
10815.0,0.6972887726389599
10816.0,0.03437773101406009
10817.0,0.3712207908491845
10818.0,-0.14690767565641827
10819.0,-0.25102032759484993
10820.0,1.4907519533169034
10821.0,-0.46467810538870363
10822.0,-0.32000406477727755
10823.0,-0.5885188511805133
10824.0,-0.39876272795585277
10825.0,0.6814616086562463
10826.0,0.2694044915304152
10827.0,0.494956407115923
10828.0,-1.8608058742229736
10829.0,-0.4295835270227531
10830.0,-0.0952499972336303
10831.0,-0.7368696690471094
10832.0,-0.9902464158486948
10833.0,-0.8546603853780385
10834.0,-0.31586339492734455
10835.0,-0.5014292016030806
10836.0,0.7886486763497393
10837.0,0.42098882449594327
10838.0,2.255560859297024
10839.0,-0.6923496005443597
10840.0,0.7090702329907599
10841.0,-0.6322358106956001
10842.0,2.3517220654531976
10843.0,-1.6297159711072449
10844.0,0.5493343710605254
10845.0,-0.030124408064679642
10846.0,2.3190504608313476
10847.0,1.0147356483793117
10848.0,-0.01893427883820773
10849.0,1.5215817531056917
10850.0,-1.5777212610805935
10851.0,0.2737781976876682
10852.0,-0.6986802953011294
10853.0,-0.40148433874793316
10854.0,-0.8230575965696015
10855.0,0.08517481711613875
10856.0,-0.6597008700542509
10857.0,1.557631439321615
10858.0,0.4329768923011699
10859.0,-0.3864970102062073
10860.0,0.07903557708505075
10861.0,-0.3157806322955094
10862.0,1.0081751432089339
10863.0,1.83500638936528
10864.0,2.8831641371096897
10865.0,-0.11319849864181747
10866.0,-0.3517629499393903
10867.0,-1.3432299056126382
10868.0,0.7210735141151564
10869.0,0.9124313776440323
10870.0,-1.7614857760193028
10871.0,-1.2633062905435113
10872.0,1.9238755183720246
10873.0,-1.9379136149680327
10874.0,-1.6603496019141308
10875.0,0.6067730754342948
10876.0,0.5836957881245076
10877.0,0.5365198631269349
10878.0,0.3194559553586087
10879.0,0.7091839934507517
10880.0,-0.06634775017448936
10881.0,-0.5770529813278017
10882.0,1.285505984516115
10883.0,0.6253448690124832
10884.0,-0.8264528989307293
10885.0,-0.7075532607676165
10886.0,-0.3963860678789608
10887.0,0.5917205346006038
10888.0,-0.7971419287353906
10889.0,1.0610809843744795
10890.0,1.5659012905565677
10891.0,0.20761307617824015
10892.0,-2.7090691931956195
10893.0,-1.204736256141151
10894.0,0.2477752630620926
10895.0,-0.23958205573821117
10896.0,0.5874308460981605
10897.0,-0.3001103640828175
10898.0,-1.028452858002792
10899.0,1.243599326524277
10900.0,-0.44920641807944445
10901.0,1.0519422892540842
10902.0,-0.08422049579605495
10903.0,0.8366805608131446
10904.0,0.6397680737206409
10905.0,-0.6922352195748377
10906.0,1.905504640395747
10907.0,1.0426466972317714
10908.0,0.09506819792448858
10909.0,0.900225426424796
10910.0,-0.35610931001444796
10911.0,0.06669172876389547
10912.0,1.029893864863936
10913.0,-1.0999376145470274
10914.0,-1.5820639870366702
10915.0,0.02988507127757605
10916.0,-0.8128178191993232
10917.0,1.1382237166117743
10918.0,-0.39991166969392117
10919.0,0.9380174776569957
10920.0,1.611435687561664
10921.0,0.8641132638552955
10922.0,-0.17200846258986438
10923.0,-0.9890416316466064
10924.0,-2.106295356876729
10925.0,-1.3380804651726457
10926.0,0.9301006830775498
10927.0,0.14913820386452054
10928.0,-1.3608133273961531
10929.0,-0.18010767155801174
10930.0,1.1113858545208095
10931.0,-0.5845377376804527
10932.0,0.7855863489206336
10933.0,0.7617517420405999
10934.0,-1.12079204756386
10935.0,-0.507943430415261
10936.0,-2.044111853268462
10937.0,1.5238857936361159
10938.0,-0.5746415296354241
10939.0,0.1223505776500184
10940.0,1.7682024816747577
10941.0,-1.5380428274297961
10942.0,-1.3176264559026003
10943.0,1.77059172129441
10944.0,0.25899729096044166
10945.0,1.017880681839351
10946.0,0.05756083809942898
10947.0,-0.48494290884574276
10948.0,-1.926607832586675
10949.0,-1.2662857234933091
10950.0,0.9488646888492063
10951.0,1.314380902544005
10952.0,2.357601607998283
10953.0,-0.1983401866643274
10954.0,0.3116311315555318
10955.0,0.45284474747895576
10956.0,2.840699760154431
10957.0,-0.46404264596932693
10958.0,0.3247084858419597
10959.0,2.168718476788663
10960.0,1.7500230962475556
10961.0,-1.9904776354179685
10962.0,-0.27426738015274565
10963.0,1.1948459151068835
10964.0,1.180500194574195
10965.0,0.44024060586864294
10966.0,-1.084718280670974
10967.0,1.2390177987774291
10968.0,-0.45406136206932446
10969.0,1.17463292026731
10970.0,-0.1363623213590944
10971.0,0.0816432802589209
10972.0,-2.615091674452866
10973.0,-1.7931359232580653
10974.0,-0.39078151555714286
10975.0,1.0424783750729762
10976.0,-0.3908728057802478
10977.0,-0.9900105067988281
10978.0,-1.9371376501982958
10979.0,-1.1659492221235124
10980.0,0.502387063792729
10981.0,0.18144994790226915
10982.0,0.4610386505279236
10983.0,0.44462379264852775
10984.0,1.4759137426404394
10985.0,-0.008187187139932153
10986.0,-0.4703731837886499
10987.0,0.04218796091573853
10988.0,-0.3014769594128373
10989.0,0.8723704691101533
10990.0,-0.7925128516852612
10991.0,-0.5608398967312266
10992.0,-0.6288435301891445
10993.0,-1.503514318737395
10994.0,-1.2891764416739768
10995.0,0.3782048349843981
10996.0,-0.9756931144354675
10997.0,0.2317311686639961
10998.0,0.2815624250213942
10999.0,0.8256093250001281
11000.0,-0.5634387526351111
11001.0,1.6990330280932782
11002.0,0.6001922350164592
11003.0,1.2126825174192952
11004.0,-0.21737227762022177
11005.0,0.9444319444335366
11006.0,0.17155067972485177
11007.0,-1.1076836999921338
11008.0,0.16887705288076513
11009.0,-1.1101000200504407
11010.0,0.42134033808276805
11011.0,-0.6160267496798945
11012.0,-0.743848244024966
11013.0,-0.8758683420659401
11014.0,1.6696033783412727
11015.0,-0.8010945385052073
11016.0,0.42917688454967334
11017.0,-0.609467487380569
11018.0,1.2574922989228776
11019.0,1.8199185040418393
11020.0,-0.7572429163429503
11021.0,-1.2802201888274443
11022.0,-0.9924236294874015
11023.0,-2.6314358354780825
11024.0,-1.2482698443472955
11025.0,-0.45598236824112487
11026.0,1.4321695288041985
11027.0,-0.20869633895830553
11028.0,-0.7866215367994195
11029.0,0.17303124320164204
11030.0,0.7699381185418204
11031.0,-0.6325250620139777
11032.0,-0.9307208771569125
11033.0,-1.6565182653811474
11034.0,-0.17837627463323255
11035.0,0.35104514597434283
11036.0,-0.5262968074906176
11037.0,-0.6473101519895453
11038.0,-0.38384789390962815
11039.0,-0.6121028996527014
11040.0,-2.352871740964622
11041.0,0.44489890012944255
11042.0,-1.9250922733197195
11043.0,-0.19714612429601397
11044.0,-0.07775455118510942
11045.0,-0.20599808229574526
11046.0,-0.16285017561794748
11047.0,1.3879487650756699
11048.0,0.34902934013971915
11049.0,0.7729229681717409
11050.0,-0.8808175739925513
11051.0,-0.8939047597677087
11052.0,-1.6444436381390242
11053.0,0.3058481907251944
11054.0,-0.8849396396314796
11055.0,0.4581618903100409
11056.0,0.3565896235456744
11057.0,0.9034214119508669
11058.0,-0.12454721274070589
11059.0,-1.3540511571410987
11060.0,1.6729252948480189
11061.0,1.1486108981174639
11062.0,-0.14251608925119857
11063.0,-1.331571329295261
11064.0,0.039555886961734114
11065.0,-0.44895870463171667
11066.0,1.9406033935611826
11067.0,0.016440633808817245
11068.0,-0.0006483108222310957
11069.0,0.3997530947578063
11070.0,0.6569159920505596
11071.0,0.03610022540121897
11072.0,-0.19088021586780454
11073.0,-0.2664873915509522
11074.0,1.9294652373590426
11075.0,-0.47877600749499033
11076.0,-1.8131910682417645
11077.0,-1.0838656900833237
11078.0,-2.236356638311513
11079.0,-1.2107186283678706
11080.0,-1.0230838172495953
11081.0,1.0977818508989554
11082.0,-0.05604994663486754
11083.0,-1.4677164016993975
11084.0,0.47208990924873667
11085.0,-0.799101484909547
11086.0,-0.5399839949732167
11087.0,0.06725388178313137
11088.0,1.6776863140656706
11089.0,0.3690096038193437
11090.0,0.038322482986440316
11091.0,1.3162063370015276
11092.0,0.8401282976348123
11093.0,-0.5493506205443321
11094.0,-0.8212360890464431
11095.0,0.994736242734407
11096.0,-1.0633601877513714
11097.0,-1.8198798682223942
11098.0,0.004099146807823782
11099.0,0.13753693940023323
11100.0,0.1309703936683571
11101.0,0.39613679289560616
11102.0,-1.6635595702109163
11103.0,0.0688374111864604
11104.0,-0.4064104404164726
11105.0,-2.1778168709797012
11106.0,-0.4229603042577856
11107.0,0.37703424832470533
11108.0,0.8658148635821741
11109.0,0.5973815342083569
11110.0,-0.8545255909315642
11111.0,-0.18104611753206676
11112.0,-0.10057095447265356
11113.0,-0.7972672093880205
11114.0,0.7234322830057078
11115.0,1.1830032883565367
11116.0,-0.8312088787249803
11117.0,1.0703090700522697
11118.0,0.08846403172996198
11119.0,0.710804821905076
11120.0,1.7749152961643362
11121.0,-1.0486386061532462
11122.0,1.891302832089923
11123.0,-0.6414112770652066
11124.0,-1.7287853230106314
11125.0,1.8153952412379741
11126.0,-0.5853893577010847
11127.0,-0.9794029834118602
11128.0,-0.0265134218484175
11129.0,0.026416740980001234
11130.0,-1.7613843285011643
11131.0,0.13343144047347064
11132.0,-0.5317893216909618
11133.0,-1.3027896320248074
11134.0,0.07214098419295677
11135.0,-0.4324664857529316
11136.0,-2.09459680163453
11137.0,1.0752650782073134
11138.0,-0.09794702712014966
11139.0,-0.6945812115736928
11140.0,-0.442164849774001
11141.0,-0.4897049246244489
11142.0,-0.8409533159951251
11143.0,-1.0102418741099022
11144.0,-0.27374109395788726
11145.0,-1.1416850317728213
11146.0,0.08016931482574724
11147.0,2.0717858258268755
11148.0,-1.0032211909638373
11149.0,0.8848306036803208
11150.0,0.30157735728579255
11151.0,0.3542360665612743
11152.0,-0.07404651025747205
11153.0,-0.39909176517568584
11154.0,-0.6321483445535151
11155.0,1.6313488920822832
11156.0,1.094726052875228
11157.0,-0.7611367202934751
11158.0,1.4752576666604122
11159.0,1.1459616168220865
11160.0,1.6140449271554307
11161.0,-0.1810240972946877
11162.0,1.56384912369528
11163.0,1.4699759614292718
11164.0,0.6559129795846206
11165.0,-3.035947821556834
11166.0,-1.1600836336640485
11167.0,0.44076436223535304
11168.0,-2.228687126325786
11169.0,0.1707106344938018
11170.0,-0.492947377088433
11171.0,0.49981467885600156
11172.0,-0.9629036045400996
11173.0,-0.2500594369247182
11174.0,2.0045284697126897
11175.0,0.08288804173028028
11176.0,0.3080287516006007
11177.0,0.06682147120926607
11178.0,0.007746647462027043
11179.0,1.1842362437031275
11180.0,1.6367976262216475
11181.0,-0.802339310329471
11182.0,-0.9693821923755866
11183.0,0.052216593955079625
11184.0,0.9755193375576956
11185.0,0.5270493071390655
11186.0,-1.1262972565757694
11187.0,1.6177491876132972
11188.0,-0.35270590539627655
11189.0,-0.6526627182687661
11190.0,-1.7939175848520765
11191.0,-1.5419271986733052
11192.0,0.16971487301658675
11193.0,-0.12695750521969945
11194.0,0.5937196882559241
11195.0,-0.6213528359746323
11196.0,-0.5521295163187295
11197.0,0.016672026933633784
11198.0,0.10178136126844506
11199.0,0.17664873147434068
11200.0,-0.19716090834656652
11201.0,0.2579374794855658
11202.0,-0.9999266904860973
11203.0,0.19717847437690275
11204.0,0.11703428700937614
11205.0,-0.18007091505328227
11206.0,-1.63765174737201
11207.0,0.03993259832555559
11208.0,0.44274523354716183
11209.0,-0.5015682648379846
11210.0,0.049514849359528615
11211.0,-0.19445418279130638
11212.0,0.6943907500485438
11213.0,-0.3410698552626308
11214.0,0.6720362069221225
11215.0,-0.6836665363738039
11216.0,1.0284735544476231
11217.0,0.5043547934822347
11218.0,-1.5969878451145847
11219.0,1.2100617842674064
11220.0,-1.226983982714514
11221.0,1.9520432555844693
11222.0,0.8593944475841797
11223.0,0.14449159871464867
11224.0,-0.3701951136180596
11225.0,0.09520113649872855
11226.0,0.6907039161697458
11227.0,-1.199870818920587
11228.0,-0.02442332473190509
11229.0,-0.2641825831278609
11230.0,0.08971056083792724
11231.0,-0.7073100207334372
11232.0,0.31249157115988363
11233.0,0.36134453252133425
11234.0,-1.0163984602512732
11235.0,-0.8456722416858553
11236.0,0.39516977015678095
11237.0,-0.05563921328730694
11238.0,-1.052115285496499
11239.0,1.3539226580856474
11240.0,-1.7345796249072418
11241.0,0.3951591101705807
11242.0,-0.28120239846506395
11243.0,-0.8269159146813901
11244.0,-0.31462217888433064
11245.0,0.30826738282337857
11246.0,0.0744813032425309
11247.0,-0.6128966776329996
11248.0,0.9592359716713377
11249.0,-0.5195796645337268
11250.0,-0.18487348020491684
11251.0,-0.7376064874883549
11252.0,0.32151610244924556
11253.0,0.1713818151519819
11254.0,0.4969110728499515
11255.0,0.5400087099220892
11256.0,-0.779451735756273
11257.0,-0.13349476806611488
11258.0,-0.5040486687932907
11259.0,0.9719879468450515
11260.0,-0.35055924483336964
11261.0,0.797912523138728
11262.0,-0.5034581998336365
11263.0,-0.1798685886039865
11264.0,-1.1821051431373493
11265.0,0.7800555907500738
11266.0,-1.8493314591400107
11267.0,-0.6678802023174139
11268.0,0.21860033813444343
11269.0,-0.2935465234384545
11270.0,-1.015883553614169
11271.0,-0.15606342796666092
11272.0,-0.6293233975990876
11273.0,-0.1333258686935434
11274.0,-0.8631700731166739
11275.0,-1.009039866816646
11276.0,-0.7411239035841828
11277.0,0.7445477500075796
11278.0,-0.19238168720077992
11279.0,1.6625403016781661
11280.0,1.1361019343228662
11281.0,0.9143501124389541
11282.0,-1.4364447334741497
11283.0,0.14431824138392824
11284.0,-0.9171706247711183
11285.0,-0.18953196938893985
11286.0,0.06451605866550154
11287.0,1.1920122875629204
11288.0,-0.6682880186712473
11289.0,-0.15381801812695817
11290.0,-1.9507045817182196
11291.0,0.12760293046655005
11292.0,-0.3756139788035194
11293.0,-0.44165988368742765
11294.0,1.3443795148267343
11295.0,1.1999940906236826
11296.0,0.9112378136259138
11297.0,1.0427765180852793
11298.0,-0.6788317075528589
11299.0,-2.049585250112179
11300.0,-0.8815822863253867
11301.0,0.4974901890104452
11302.0,2.178559871102116
11303.0,1.839846457328245
11304.0,0.7808493069770321
11305.0,1.561084264065804
11306.0,-0.8621159525930748
11307.0,-1.2833132244678087
11308.0,0.996027421921157
11309.0,0.43214197074618704
11310.0,-2.592398524458019
11311.0,-1.1707313124432144
11312.0,-0.03321594796190952
11313.0,1.4288351536607058
11314.0,-1.6396604529225347
11315.0,0.8846085661840875
11316.0,1.9139517963224584
11317.0,-1.1647926010422918
11318.0,-0.42574347981143895
11319.0,-0.8682286557158507
11320.0,0.3335558912954674
11321.0,1.033506728553033
11322.0,0.6295192777437175
11323.0,0.7652817119688566
11324.0,0.0485963317001234
11325.0,0.24399353708373547
11326.0,0.16673634850531754
11327.0,0.1637996707672835
11328.0,0.5197077545566183
11329.0,-1.485905782451105
11330.0,2.331466334988257
11331.0,-1.3154911563858214
11332.0,-0.0016719978921684937
11333.0,-1.4645632284879655
11334.0,0.5143171423308609
11335.0,-0.6186980230049524
11336.0,-1.6979262747727883
11337.0,0.23314465976075102
11338.0,0.916132902147452
11339.0,-0.2723539413212698
11340.0,1.4673758577410492
11341.0,-0.5079753148350358
11342.0,0.8286417864725079
11343.0,0.35218863808755935
11344.0,-1.3930721810049274
11345.0,1.6661131594537941
11346.0,0.6347643738152594
11347.0,-0.6752647460179748
11348.0,1.1623701612546242
11349.0,-0.5188376142115682
11350.0,1.593763957746908
11351.0,-0.4250180668498707
11352.0,2.505189372137448
11353.0,-0.9603183810310721
11354.0,-0.3978412071818322
11355.0,-0.2565097741908963
11356.0,-0.32620893646823496
11357.0,-1.1493637616465548
11358.0,-0.04706320616800763
11359.0,-1.5678944117344698
11360.0,-0.729552986522909
11361.0,-1.1093958356883684
11362.0,-0.10935398737813946
11363.0,1.1206208554977062
11364.0,1.9055728997373105
11365.0,-1.9126978280276759
11366.0,-0.197211670991622
11367.0,-2.5270030055823436
11368.0,0.5895101763197647
11369.0,-2.0723111802440877
11370.0,1.6754993680124088
11371.0,1.1979347339492055
11372.0,-1.3607584718033672
11373.0,0.8165896161791291
11374.0,0.505081884241344
11375.0,-0.447154399562407
11376.0,-0.024917075694189744
11377.0,0.574652540163458
11378.0,0.6669643333057356
11379.0,1.0938847642461953
11380.0,3.8385326167565035
11381.0,-1.6050411292132576
11382.0,0.35067788829427343
11383.0,0.8063137964014472
11384.0,-1.8493485038112623
11385.0,-0.2032354476211109
11386.0,-0.7532692049103353
11387.0,0.1507082622993273
11388.0,0.04281444865049323
11389.0,-0.5890700713212997
11390.0,0.006685018838165226
11391.0,-0.19794640448759984
11392.0,-1.7634559679353672
11393.0,0.30946049192923775
11394.0,-2.2533405405147557
11395.0,0.3059663271548043
11396.0,0.45696801074815224
11397.0,1.301891012959885
11398.0,0.7979447931364132
11399.0,-0.48665958362453443
11400.0,-0.6716285739892464
11401.0,-1.1457830795932922
11402.0,1.923667794132276
11403.0,0.2841838895194472
11404.0,1.4422268975876562
11405.0,-0.40938689824390645
11406.0,0.9316496945616167
11407.0,-0.007084937907536002
11408.0,-1.730061262471995
11409.0,-0.9915033894047842
11410.0,2.825652841332689
11411.0,-1.1507348924400083
11412.0,-1.4158251263497288
11413.0,-0.12808687184660444
11414.0,1.2032743274020534
11415.0,0.27349205076633865
11416.0,0.7345786371262863
11417.0,-0.3315312366847287
11418.0,1.005547988884672
11419.0,0.4284979715028059
11420.0,0.47840413212129135
11421.0,-0.2663645478694513
11422.0,-2.761465676478066
11423.0,-1.7598485147195293
11424.0,-0.5251001594002386
11425.0,0.22389898135891748
11426.0,-0.0769868315674645
11427.0,-0.3254114484519179
11428.0,-0.5618920877522715
11429.0,0.05397401955749084
11430.0,-1.9109163124468118
11431.0,-0.8569480598105464
11432.0,0.4078191236483411
11433.0,1.1883033027598078
11434.0,1.9752230306808454
11435.0,-1.389587598226601
11436.0,-0.7241107729618004
11437.0,-1.541895701525529
11438.0,-0.044768074469058734
11439.0,0.7352276670017421
11440.0,0.13384570379819502
11441.0,-2.9101763044208417
11442.0,-1.1049125245602305
11443.0,0.05677940393326747
11444.0,0.11044023241301652
11445.0,0.5868370308100552
11446.0,2.223648148195424
11447.0,0.13683342705127985
11448.0,1.4112071599557583
11449.0,-0.39584499634414094
11450.0,-0.5446163383089394
11451.0,0.17691358929140616
11452.0,0.033693378068482174
11453.0,-1.167032247034458
11454.0,1.5395937698250837
11455.0,0.7397827436164605
11456.0,1.449999123930561
11457.0,0.9394710223966336
11458.0,-1.2706547244662656
11459.0,0.15699915501660888
11460.0,-1.1276719546784038
11461.0,-0.9294186020206988
11462.0,1.8343783141243433
11463.0,-0.035153635101586506
11464.0,1.3890326284656314
11465.0,1.6221717808363358
11466.0,-1.1977999322985438
11467.0,1.2478992639653501
11468.0,-1.143600286229981
11469.0,-0.22614172679804467
11470.0,0.104091245101217
11471.0,1.8844486307208634
11472.0,1.3857255147736731
11473.0,0.012132643393119051
11474.0,0.7629435150186517
11475.0,0.06260166359635454
11476.0,0.7242901239665026
11477.0,0.9694123517178919
11478.0,0.18260909009559548
11479.0,0.6220349873519669
11480.0,-0.2642461461203913
11481.0,-1.4440294843317918
11482.0,0.08645785265227708
11483.0,1.1489555537322977
11484.0,0.014879740103057742
11485.0,-0.10339477724770742
11486.0,-0.1950121645185692
11487.0,0.6880772933851783
11488.0,-0.003074821233234731
11489.0,-0.5176653843827229
11490.0,-0.5395431760015852
11491.0,0.8712264167506528
11492.0,1.9203601003737552
11493.0,0.22467730957258106
11494.0,-0.5137164798345643
11495.0,-0.25990990878580617
11496.0,0.09057410567257887
11497.0,1.9101351730590257
11498.0,-0.024001868426785356
11499.0,0.8543453548432256
11500.0,0.7407269185115652
11501.0,0.7092167579394656
11502.0,-0.11810993024736097
11503.0,1.5194794539977265
11504.0,0.680242317783352
11505.0,-0.9804594144287139
11506.0,-1.5420532604805566
11507.0,-0.9864767819687479
11508.0,0.7829516596114242
11509.0,-1.5543848816665977
11510.0,-0.5247205091437087
11511.0,0.06664403546775874
11512.0,-1.3338590353110356
11513.0,0.0016876600241214474
11514.0,-0.06661116009642165
11515.0,1.5408077247989318
11516.0,1.3122602047059486
11517.0,1.0163808931840979
11518.0,0.9162471586222904
11519.0,-0.6684785741074842
11520.0,0.8998855077469783
11521.0,-0.6389097965320567
11522.0,-0.38836341548523945
11523.0,0.20013434215379974
11524.0,0.37315493036558334
11525.0,0.9766385633916193
11526.0,0.06997014393877346
11527.0,-1.798022269184356
11528.0,-1.3587186455378943
11529.0,1.9659723577974544
11530.0,1.799642731426838
11531.0,0.3584236267436765
11532.0,1.7373307461837573
11533.0,0.6763914234779781
11534.0,-0.2728613627201978
11535.0,0.6136891186517696
11536.0,-1.1147544525045752
11537.0,-0.6936149039912491
11538.0,-0.07000546947388246
11539.0,-0.16386596867020073
11540.0,2.1686999257700807
11541.0,-0.3799126374207722
11542.0,3.111263820425522
11543.0,0.4085980142562949
11544.0,-1.2199645023615926
11545.0,1.2731496494053318
11546.0,1.5284781208229967
11547.0,1.8584510612609912
11548.0,1.5164264964805587
11549.0,1.173790919738142
11550.0,-1.1435139622268986
11551.0,1.1671608589355342
11552.0,1.5640213512925492
11553.0,-1.7157701891301023
11554.0,1.198903994177488
11555.0,-0.28690955172603205
11556.0,0.7507026280386448
11557.0,3.0241489554822114
11558.0,1.1856816278885574
11559.0,-0.6988436091254222
11560.0,0.02089780594790793
11561.0,2.4488527972657033
11562.0,1.373909293381013
11563.0,0.01332747331047089
11564.0,-0.19182108632664405
11565.0,1.2137592925601453
11566.0,-0.31545269141939125
11567.0,0.5624265668620266
11568.0,0.02265018605712915
11569.0,-0.8702483451465258
11570.0,1.5857970341821115
11571.0,1.1015394106545975
11572.0,-2.863545628827575
11573.0,-1.144582531314341
11574.0,-1.0069950231195215
11575.0,-2.1760676842238023
11576.0,1.266171742049936
11577.0,0.9450244200636398
11578.0,-1.2113020942490358
11579.0,1.3874480090074002
11580.0,-0.7960807621703918
11581.0,-0.36444991418289635
11582.0,-0.2553993395087618
11583.0,2.9923232024852164
11584.0,-1.3372033613249272
11585.0,-0.06197472957481618
11586.0,-0.523355004897163
11587.0,0.707606389266393
11588.0,2.202200762593125
11589.0,-0.7506068264330729
11590.0,1.0406613749578046
11591.0,1.5766237163247208
11592.0,-0.5274954820117032
11593.0,-0.4124819044980696
11594.0,-0.8163518886637557
11595.0,0.05890336679840832
11596.0,-1.395497433674858
11597.0,0.10936284533792036
11598.0,-0.5107570543624765
11599.0,-1.5039108839980866
11600.0,0.5542815758394231
11601.0,1.5014456327939276
11602.0,0.4303727001980179
11603.0,-1.7577978011329658
11604.0,-0.2380736829528132
11605.0,-0.3907038143533217
11606.0,0.4349014913523288
11607.0,1.5702050949713517
11608.0,-2.4102389411090437
11609.0,0.8747671999874763
11610.0,0.2502983777012173
11611.0,0.22373078413019679
11612.0,-0.239314216663069
11613.0,0.8242005958969113
11614.0,-0.08264835004413072
11615.0,-0.3161533264586338
11616.0,1.425103552006574
11617.0,-0.7302180892833725
11618.0,-1.1974597120986696
11619.0,0.8818505715287714
11620.0,0.06556356726351925
11621.0,-0.5742929590492332
11622.0,2.6039716733240805
11623.0,-0.5582719086792152
11624.0,1.2100216367939944
11625.0,-1.328780522937786
11626.0,0.18174513279734988
11627.0,0.3315160597717536
11628.0,1.1459824868413275
11629.0,-0.6484542420016449
11630.0,1.2617913926060456
11631.0,-1.095555627834921
11632.0,-1.3639726953400002
11633.0,0.20027039425208595
11634.0,-0.2604625731304021
11635.0,-0.20905412939450232
11636.0,0.05955060465611084
11637.0,0.8507669374927957
11638.0,1.9189472735425075
11639.0,0.6046030229446777
11640.0,-0.36479693141642316
11641.0,-0.419802361098683
11642.0,0.12289734076046122
11643.0,0.4371069785854159
11644.0,-2.132505353696226
11645.0,-1.17605925294357
11646.0,1.966836305904795
11647.0,0.49869858342782697
11648.0,2.0339934020022157
11649.0,-2.1196983336611663
11650.0,0.390796541463624
11651.0,1.9388197121377142
11652.0,0.8046460065409895
11653.0,0.35816814639610134
11654.0,1.2396539666817015
11655.0,-1.0277537947436115
11656.0,-0.7457766086098697
11657.0,1.0643605174425421
11658.0,-0.8753110575066684
11659.0,-0.3799051423596632
11660.0,0.1847780595336583
11661.0,0.467598355607499
11662.0,0.5577292067035086
11663.0,0.6474682911477653
11664.0,-2.6171192456687837
11665.0,0.4019583695145397
11666.0,1.1140972782542307
11667.0,-1.0261960089154174
11668.0,0.7770092376584565
11669.0,-1.0812011222889464
11670.0,-0.19327933645647755
11671.0,0.6863326457349912
11672.0,-1.2460922030335035
11673.0,-0.19586790980860472
11674.0,2.160941399538537
11675.0,1.479878229162779
11676.0,-0.08854648223786778
11677.0,0.4620068709184384
11678.0,0.9191635246488948
11679.0,1.401562537902465
11680.0,-0.5494313696873654
11681.0,0.47502489195959
11682.0,-1.1389698533943398
11683.0,0.6314649000976922
11684.0,1.0547281686074763
11685.0,0.5189935545079415
11686.0,-2.2626366955361554
11687.0,-0.2514277524589664
11688.0,1.2791502275804607
11689.0,1.5318059490312064
11690.0,-0.2331265862783799
11691.0,0.4064154123177914
11692.0,-0.6567395736023526
11693.0,1.1876804478823897
11694.0,-0.036145781412795355
11695.0,-1.5116265462109229
11696.0,1.103107759806228
11697.0,0.1730098615321571
11698.0,1.0031059315554722
11699.0,-1.290585152147425
11700.0,-0.5600298743765808
11701.0,-0.42063666950433387
11702.0,-0.017155019978540804
11703.0,0.7588964329698732
11704.0,0.8466340524528715
11705.0,1.5936280913323655
11706.0,0.5607389114885701
11707.0,0.9613167530380362
11708.0,1.2344691586008127
11709.0,1.3203644136482537
11710.0,-1.4090388048498863
11711.0,-0.5577398270549755
11712.0,-0.9677474962431792
11713.0,-0.1569312007843304
11714.0,-0.769543771237617
11715.0,1.6539911108783958
11716.0,1.267834771413547
11717.0,-1.6867546061156777
11718.0,1.6844339116802651
11719.0,0.2898136546755086
11720.0,0.5302138676555188
11721.0,1.3269688426862192
11722.0,-0.6355294427171707
11723.0,-1.511402355551627
11724.0,-0.9884502161421808
11725.0,-1.5496869920127252
11726.0,0.22842690793864523
11727.0,1.0443396064932786
11728.0,-0.41974931772015805
11729.0,0.3612524641462079
11730.0,1.2152161023193915
11731.0,-0.08729426081604373
11732.0,-0.5335728487172741
11733.0,0.21206486083573117
11734.0,-1.0545650165046387
11735.0,0.5263498206472911
11736.0,0.2606887830028577
11737.0,-0.42609621730514297
11738.0,1.0276198850666334
11739.0,-2.0396113624406564
11740.0,-0.9178608519454509
11741.0,0.8625127129012639
11742.0,-0.047561452487072296
11743.0,1.1818901561093442
11744.0,-1.200450631603491
11745.0,-2.016960982149414
11746.0,-1.7626426657934298
11747.0,0.5968989061876172
11748.0,-0.49931421442325014
11749.0,1.0137081714734766
11750.0,-0.4865395116544901
11751.0,1.0519179362913875
11752.0,0.030523808322101834
11753.0,1.0165346357313922
11754.0,0.42824655703277825
11755.0,0.4110749593319983
11756.0,-0.024162723804086128
11757.0,1.4612059940211446
11758.0,-1.5028939948578497
11759.0,-2.098526308241265
11760.0,0.1509594690499654
11761.0,-0.7069567131475828
11762.0,-0.8516625349663038
11763.0,-2.093671210980962
11764.0,0.30181768400224207
11765.0,0.07667338167043902
11766.0,-0.9984456491216783
11767.0,-0.3005948667454586
11768.0,-0.5130645889766324
11769.0,-0.014256676566012544
11770.0,0.38054005460159784
11771.0,0.5105104347285907
11772.0,0.01845176185890871
11773.0,1.9085774326310345
11774.0,-1.1747285876513545
11775.0,0.4015644296156998
11776.0,-1.3836420087810994
11777.0,-0.9323636980823065
11778.0,0.6142107348252981
11779.0,-0.38739819187384533
11780.0,0.12573933666790624
11781.0,-0.3199451037151005
11782.0,0.674914550433455
11783.0,2.140331227219698
11784.0,-1.1330918208713479
11785.0,2.0519777595896826
11786.0,-2.127009433746359
11787.0,0.1616829553872903
11788.0,-0.026852412820895465
11789.0,-1.6295103520761816
11790.0,-1.1530965530106154
11791.0,-0.26826874083216423
11792.0,0.41838892641190806
11793.0,0.6920703339309311
11794.0,0.36184854725883014
11795.0,1.8148519693666152
11796.0,0.21029286946816533
11797.0,1.4019256955065549
11798.0,-0.46927642166586786
11799.0,1.4088397766155842
11800.0,1.0426470081934704
11801.0,0.40147301727040213
11802.0,-1.0670268036564148
11803.0,-0.6040208875289163
11804.0,-0.7464301831487168
11805.0,-0.6149930031408097
11806.0,-1.7375174265226112
11807.0,-1.47897598127781
11808.0,-0.6334229076857522
11809.0,0.19302600101222958
11810.0,0.05889947926660085
11811.0,-1.3980191154947579
11812.0,0.675210907402211
11813.0,0.0055470453929580095
11814.0,-1.1664000367578782
11815.0,0.23874048183322366
11816.0,0.1761922602558817
11817.0,0.48063616612972115
11818.0,0.15261357798072947
11819.0,-1.4452798939843436
11820.0,-0.3770576326383786
11821.0,0.5543881557578767
11822.0,1.18876810221942
11823.0,-2.08199672200555
11824.0,-1.1021893873133353
11825.0,0.488127888549755
11826.0,-0.03279671183261023
11827.0,-0.05902652615601377
11828.0,0.6028275030141127
11829.0,3.6472221043605004
11830.0,0.10591318872973012
11831.0,-1.1994875476670677
11832.0,-1.819091058420743
11833.0,0.3473035461331505
11834.0,-1.4599175984276926
11835.0,0.638132422163926
11836.0,-0.9375297628504182
11837.0,0.720588162833342
11838.0,-0.1265725792478676
11839.0,-0.45505163304055374
11840.0,-0.5206671079712398
11841.0,-0.5385349966299128
11842.0,-0.14844815001433959
11843.0,0.8478392321284525
11844.0,-1.781809345927712
11845.0,0.4107941230490171
11846.0,1.385811066025619
11847.0,-0.47547884444760113
11848.0,0.4352675909797268
11849.0,1.2069221672860326
11850.0,-1.1131819874818643
11851.0,0.5495248030826543
11852.0,-2.0437410392696926
11853.0,-1.4844681897749767
11854.0,0.48569981863884276
11855.0,1.6044451191254867
11856.0,-0.749337481507529
11857.0,0.6862375884276739
11858.0,-0.1055022708072511
11859.0,1.2835206557857046
11860.0,1.484329969277336
11861.0,0.0873147199146963
11862.0,0.1945423575947586
11863.0,0.7979570057939261
11864.0,-0.7784329021178148
11865.0,2.2642584137100634
11866.0,0.6570173523226275
11867.0,1.489483905899786
11868.0,-1.3914336536908223
11869.0,-0.17234313361775466
11870.0,-0.4812967132103843
11871.0,0.7817998864010727
11872.0,1.7899427113120618
11873.0,0.5836933437078016
11874.0,1.9942352637547656
11875.0,2.0402817067786936
11876.0,0.07115311785208131
11877.0,-0.6410395118252628
11878.0,-1.1414730602095573
11879.0,0.5040437920650075
11880.0,-0.15895901945056268
11881.0,-1.1514560100774998
11882.0,0.24111940325464576
11883.0,-0.37474786716420666
11884.0,-0.05855453137868841
11885.0,1.7390019292443273
11886.0,1.0284134210454952
11887.0,-1.4746260685231243
11888.0,-1.186548173829352
11889.0,0.4616600649768918
11890.0,0.5491561156862252
11891.0,1.4692134174273803
11892.0,1.1727946650442653
11893.0,-0.06854137482003897
11894.0,-0.3169136177843477
11895.0,-1.3748123502901748
11896.0,-0.5417988202972223
11897.0,0.26100708918305554
11898.0,-1.1389066581203389
11899.0,-0.994220122941402
11900.0,-0.1670846770859443
11901.0,3.251722907954992
11902.0,-0.24235414187821916
11903.0,1.0309024767694226
11904.0,-0.34971255379439076
11905.0,0.5001211120914162
11906.0,1.0696781286195327
11907.0,1.1654760240350164
11908.0,-0.3299791299526428
11909.0,0.1867108921913382
11910.0,-0.339817265873223
11911.0,-0.05317971973616146
11912.0,0.7746062500756775
11913.0,1.172237914841935
11914.0,-0.05842958449378659
11915.0,0.4001722522983705
11916.0,1.4873965698997542
11917.0,1.0693181939549614
11918.0,0.8703265761828344
11919.0,-1.1329680645287374
11920.0,0.7886879254575845
11921.0,-0.8218309863540014
11922.0,0.40895132877999896
11923.0,0.43883984151945704
11924.0,-0.6195840796581522
11925.0,0.07250292747149094
11926.0,0.25238411543966105
11927.0,-2.120036087007905
11928.0,0.3230673480420116
11929.0,-0.4193146782540519
11930.0,-0.15284328049751333
11931.0,-0.5530568532076782
11932.0,0.36506406275411135
11933.0,1.140180200524564
11934.0,0.3040899520033303
11935.0,-1.0807124756622724
11936.0,1.3971498019092836
11937.0,-0.0003937808152472942
11938.0,-0.23453530779453233
11939.0,-0.940950804263286
11940.0,2.2448181101172047
11941.0,-1.4281013505102547
11942.0,-2.0955320367255696
11943.0,0.1830769105826266
11944.0,-1.103217872447457
11945.0,0.45123602519648875
11946.0,-0.18056303093326684
11947.0,1.088358110161321
11948.0,-3.1109873679319464
11949.0,1.8212229625384386
11950.0,0.12108990737577519
11951.0,-0.31881368055434345
11952.0,0.41423346947144835
11953.0,-0.19051931346854584
11954.0,0.8117658555422963
11955.0,-0.647630294979982
11956.0,0.9793458460356925
11957.0,0.5890277384439258
11958.0,-0.4055716877438695
11959.0,-0.46603036552172067
11960.0,0.9247717290823643
11961.0,0.9735550845139495
11962.0,-0.6441455753279595
11963.0,0.46038917040987526
11964.0,1.0816503142911655
11965.0,-0.7772958238448661
11966.0,0.25080533727898063
11967.0,-0.7929759879702849
11968.0,-0.9588279522144332
11969.0,-1.4209888539936513
11970.0,-0.09059495548520988
11971.0,-0.1419828138395743
11972.0,-0.17312204170653464
11973.0,1.2531743852748087
11974.0,0.34811823602981545
11975.0,-1.064500848655489
11976.0,1.170583837937051
11977.0,-0.41624331081788163
11978.0,-1.0059155994606659
11979.0,-0.9010244950917272
11980.0,0.7377540285845601
11981.0,0.04798072547631782
11982.0,0.8390482286081709
11983.0,-2.430813200042036
11984.0,-1.5502611553739662
11985.0,-0.5988019487286332
11986.0,0.5758760397684326
11987.0,-0.2697592039670824
11988.0,0.6422233083565325
11989.0,0.3644039592934118
11990.0,0.04233477593796806
11991.0,1.1169424818237046
11992.0,1.4262753307322933
11993.0,-0.4444623415776978
11994.0,-0.6760864774609091
11995.0,-0.6903862688212912
11996.0,-1.2631359983559782
11997.0,-1.0676418417654598
11998.0,0.644705393980419
11999.0,0.3734824183426261
12000.0,-0.32464165078881335
12001.0,0.43628171703911306
12002.0,0.3289005208581548
12003.0,0.15591012762717874
12004.0,-1.7669495673488715
12005.0,0.5208804397220351
12006.0,-0.8038168849163491
12007.0,0.8614865765744524
12008.0,-0.012855815128116756
12009.0,-1.352910594538279
12010.0,0.4238375473296524
12011.0,0.05775591408500743
12012.0,-0.08468758944748667
12013.0,0.7006395953170876
12014.0,1.3489617424700935
12015.0,1.5955173888162049
12016.0,2.365901572218757
12017.0,0.5317287949263901
12018.0,0.12470247000753783
12019.0,-0.30590708929776955
12020.0,-0.6340507158326569
12021.0,-0.08811052471642784
12022.0,-0.2715820859400589
12023.0,0.13940830944634983
12024.0,-1.864739283320733
12025.0,-0.15110771177003243
12026.0,-1.1481173103392417
12027.0,-1.1387711236072289
12028.0,0.799372007969153
12029.0,-1.7845089687836722
12030.0,-0.010341968655772756
12031.0,-1.3164906938405094
12032.0,-0.6627125809310093
12033.0,-0.5076631475901471
12034.0,0.2721174064443123
12035.0,-1.6395647971939
12036.0,-0.7095209862671668
12037.0,-1.093750939456316
12038.0,-0.27262825363921234
12039.0,0.8768851808229721
12040.0,-0.15972457210264396
12041.0,0.6005776888211994
12042.0,0.9041988397120093
12043.0,1.125912572521999
12044.0,-0.09753256800622868
12045.0,0.8942128109144157
12046.0,0.07619799006420405
12047.0,-0.22471558116485993
12048.0,0.11775599088238167
12049.0,1.298053382702807
12050.0,0.6912126749837656
12051.0,0.5916838584718831
12052.0,0.8675607840679312
12053.0,-0.18784710847917097
12054.0,-0.28999131870210515
12055.0,-1.9088266521599804
12056.0,-0.12640207176935264
12057.0,-0.3265762443657866
12058.0,2.6916589840288387
12059.0,0.1267037308382703
12060.0,0.06815149645911206
12061.0,-7.958429825664871e-05
12062.0,-0.8657870175794886
12063.0,-0.8352108220440911
12064.0,-1.979139469932844
12065.0,-0.2091057636368169
12066.0,0.15208684529430108
12067.0,1.3023543905045332
12068.0,1.357164943679341
12069.0,-0.5514949554242378
12070.0,0.1534028992405446
12071.0,-0.38927620805094737
12072.0,-1.1741370184443376
12073.0,-0.2917492627037098
12074.0,0.9022394610130269
12075.0,1.2236868776495993
12076.0,0.7422287117792112
12077.0,-0.8923894304998651
12078.0,0.7957082001008654
12079.0,-0.7462169725775138
12080.0,0.32477367262139945
12081.0,0.2670433692459763
12082.0,0.5402348266467936
12083.0,-0.03784148716885488
12084.0,-0.5374826808100851
12085.0,-0.1928191863619025
12086.0,-0.4785351146579339
12087.0,0.8220926480812429
12088.0,0.8871057825984912
12089.0,0.8963411703066211
12090.0,-0.9277047501113491
12091.0,-2.0945512003093176
12092.0,0.20028996491834106
12093.0,-0.4561493871891989
12094.0,0.4688523988457968
12095.0,1.2610752838058188
12096.0,0.9255844349775016
12097.0,1.0468565452009853
12098.0,-2.192951123570566
12099.0,0.2080947479777116
12100.0,0.6487264545506412
12101.0,0.9201722797039203
12102.0,-1.2729304910235109
12103.0,-0.5552880449202945
12104.0,1.9613915121916015
12105.0,0.369182221709466
12106.0,0.5940858463165696
12107.0,-0.7702249977265171
12108.0,1.2064223726888352
12109.0,-0.35610685617637705
12110.0,0.4745806513329681
12111.0,1.4976804043531051
12112.0,-0.1965076101796183
12113.0,-0.9450925439570722
12114.0,1.0627643139655267
12115.0,1.3416004077214265
12116.0,0.13374088625000982
12117.0,0.7342994964060915
12118.0,-2.2863108049859107
12119.0,1.904359371516167
12120.0,0.6590150167633928
12121.0,-0.12556788693165777
12122.0,-0.12824940777956956
12123.0,0.8134463997995433
12124.0,0.28787105523406215
12125.0,-1.1251310692113794
12126.0,-0.4996646905207062
12127.0,-1.9215079785287292
12128.0,0.43950490510442813
12129.0,-0.6029845551255923
12130.0,0.32035783523613953
12131.0,-0.44827684486585373
12132.0,1.2791268135386837
12133.0,-0.5108212940454446
12134.0,-0.836617136757004
12135.0,1.4113048212746842
12136.0,0.9020949723813777
12137.0,0.8550379639235501
12138.0,-2.038756812670698
12139.0,0.9112849346864886
12140.0,-1.3041966077312201
12141.0,0.48804683440376206
12142.0,1.8865490389034345
12143.0,0.6161256528058634
12144.0,0.10041895063999084
12145.0,-2.521014192462087
12146.0,2.626536043114622
12147.0,0.5664200071515761
12148.0,0.4139147661592895
12149.0,-1.0966856013781465
12150.0,-0.3324856619974094
12151.0,-0.13632435934920978
12152.0,8.13854887102607e-05
12153.0,2.248297529567732
12154.0,-0.8003448393977094
12155.0,-0.04048034312673374
12156.0,0.826273223329479
12157.0,0.6256615870205263
12158.0,2.4110342293264093
12159.0,-1.5887086310173497
12160.0,-1.0683403716988216
12161.0,0.11214472969069814
12162.0,-1.2889850824777336
12163.0,1.3597924791925846
12164.0,0.11933595605487542
12165.0,-0.42624228071136017
12166.0,0.09463120099960365
12167.0,-0.5793522981637674
12168.0,-0.8137830416343357
12169.0,0.8649130537938111
12170.0,0.15997103035307614
12171.0,0.34842711935988174
12172.0,-1.1588285156588332
12173.0,-0.20411685544051938
12174.0,0.183370057233225
12175.0,-0.3198757858855375
12176.0,1.3120830836049104
12177.0,-0.12719362867545672
12178.0,1.03841590637808
12179.0,0.9808905486138556
12180.0,-0.4368005687575684
12181.0,-0.04268685555267474
12182.0,1.5011245550919836
12183.0,0.26611074453208816
12184.0,0.6645475213662773
12185.0,-0.0936809088928563
12186.0,1.9200191625170782
12187.0,-0.42239846753983745
12188.0,-0.1760093293704588
12189.0,-0.6708546483466237
12190.0,0.5356675264467656
12191.0,-0.9654014996424575
12192.0,1.7845382517578512
12193.0,1.4235475189405418
12194.0,0.4971813945431418
12195.0,0.0027296823016551277
12196.0,0.609506066556991
12197.0,-0.7888353216310309
12198.0,-0.8169296763432364
12199.0,0.360841201357473
12200.0,0.5189363760440266
12201.0,-0.1014711216230366
12202.0,0.35379293434828424
12203.0,-1.311875592286878
12204.0,-0.48151782907265933
12205.0,-0.5689383962211796
12206.0,0.43002027220582706
12207.0,-0.8467241725854286
12208.0,1.4412102365430788
12209.0,-0.15440324817452014
12210.0,0.9544715171654399
12211.0,0.918194462510401
12212.0,0.3433281842408322
12213.0,0.914585357019368
12214.0,-1.3946933998240154
12215.0,1.8123841960222562
12216.0,-0.46167717961199906
12217.0,0.11139254652759786
12218.0,-0.33804599627836235
12219.0,-1.424776486433042
12220.0,-0.6878861462702538
12221.0,-0.6138255347705902
12222.0,0.7260423677045992
12223.0,0.22058634564929835
12224.0,0.12659406456755976
12225.0,0.5254325276099843
12226.0,-0.7367610367044513
12227.0,-0.9587415234616423
12228.0,-1.1457667825397246
12229.0,-0.27896396665127715
12230.0,1.3768018669649134
12231.0,-1.386786190464646
12232.0,-1.4836617078369816
12233.0,0.09003483038141612
12234.0,-3.253433694068518
12235.0,0.2746400199499678
12236.0,-0.8804860417468595
12237.0,-0.2155872109474422
12238.0,-0.0632573429333028
12239.0,0.5696969009832108
12240.0,0.41867604291941796
12241.0,-0.27641685212183864
12242.0,0.5043878220422476
12243.0,0.21761743873128725
12244.0,-0.5510647467477182
12245.0,1.8632643732248244
12246.0,-0.6577401198848064
12247.0,-1.650967393403219
12248.0,-0.492238838025757
12249.0,0.459890534724246
12250.0,-0.9602966391834726
12251.0,0.04691329189162527
12252.0,-1.4129376344629496
12253.0,-1.4411989559790375
12254.0,0.8997411733101293
12255.0,0.542002123161914
12256.0,-0.005283625032382347
12257.0,0.5107827635537184
12258.0,-1.0965450466121325
12259.0,-0.26723209644814777
12260.0,0.45472637888499434
12261.0,-0.04227467045458695
12262.0,1.3887416888921316
12263.0,-0.8465917738413034
12264.0,-0.36442116861704354
12265.0,-0.6998081452627964
12266.0,0.1129413092922964
12267.0,0.9559141439225595
12268.0,1.2320067259506953
12269.0,0.7847064077562902
12270.0,0.5001218216184563
12271.0,-0.7030853007266498
12272.0,0.6153749055544839
12273.0,0.8183986582728785
12274.0,0.7465295077902497
12275.0,-1.7093962944107937
12276.0,-0.8083659507256384
12277.0,0.22748484172847266
12278.0,-0.057870433699600494
12279.0,0.8557615781098155
12280.0,0.8837742390072778
12281.0,-1.1795099053204368
12282.0,-0.6570695608131353
12283.0,0.813953685964743
12284.0,0.7992175437550805
12285.0,-0.3890062261771255
12286.0,2.3296836971670505
12287.0,1.2403600755590134
12288.0,-0.6930635997058548
12289.0,-0.43056885881353135
12290.0,0.6545179188880994
12291.0,0.1141964767383298
12292.0,-0.4770865483590524
12293.0,1.4667464389251696
12294.0,0.026118433924207676
12295.0,-0.9773460156127274
12296.0,0.9403363334216064
12297.0,0.8237619228056302
12298.0,-0.29858679141857103
12299.0,0.3843333618330932
12300.0,-0.4610752045674238
12301.0,1.2395072507233011
12302.0,0.8666251890048479
12303.0,-0.4291043410047764
12304.0,-0.7622070235622206
12305.0,-0.28957938131631605
12306.0,-0.18356176773053465
12307.0,-0.6170708064197794
12308.0,1.2054501237902158
12309.0,-0.6436622426582939
12310.0,1.1705649979460488
12311.0,-0.7568621798203462
12312.0,-0.7059453970083372
12313.0,1.276470920385526
12314.0,-0.7626907617399339
12315.0,-0.1770816554029153
12316.0,0.4701170248762493
12317.0,0.8318926595657128
12318.0,-0.5371802138237008
12319.0,-0.22936643816684565
12320.0,-1.0509129212584
12321.0,-1.531253879725313
12322.0,1.6907698417824502
12323.0,0.16043344979590812
12324.0,1.6207007780666312
12325.0,-0.9086789237685345
12326.0,1.4254680776075241
12327.0,1.4700138994827334
12328.0,0.3806350784715828
12329.0,-1.8178229655251692
12330.0,1.0624352645307562
12331.0,0.43800324061744544
12332.0,1.6179479942335926
12333.0,1.243935518361027
12334.0,-1.318547479379705
12335.0,-0.17366408923501575
12336.0,-0.7384156244595338
12337.0,-0.6994190075458342
12338.0,0.587028261282153
12339.0,0.9062920364199418
12340.0,-0.3294785525067538
12341.0,0.7927761040800931
12342.0,-0.5650790939742035
12343.0,2.2852717133972402
12344.0,0.6631463975084407
12345.0,1.5749432236173815
12346.0,-0.5840795106520394
12347.0,1.0497587243139792
12348.0,-0.8244916034931545
12349.0,2.1850079304769774
12350.0,-0.4780313454964068
12351.0,1.9465752693982177
12352.0,1.342067764521566
12353.0,-0.5228621139586213
12354.0,0.29237160036263793
12355.0,-0.4623914274043049
12356.0,-1.1326160521514166
12357.0,-0.27270000477420625
12358.0,-0.6694603537257875
12359.0,-1.4515512762752463
12360.0,-0.22201953281329942
12361.0,-0.42045299145942866
12362.0,-0.5487292574022452
12363.0,0.2633032953127039
12364.0,3.1446264936735813
12365.0,-0.3875914330955339
12366.0,1.016812030676927
12367.0,-0.34163532921448775
12368.0,0.8180646345448559
12369.0,1.4942150549634337
12370.0,0.42902977808306825
12371.0,-0.839090405185514
12372.0,1.1969580923511922
12373.0,0.250739463690071
12374.0,1.2627594184635305
12375.0,0.19596073006488224
12376.0,-2.3614571617882185
12377.0,-1.7361774489698023
12378.0,-1.769045481108447
12379.0,-1.9538624487583178
12380.0,-2.579727520481312
12381.0,-1.2871638489548054
12382.0,-1.7310605356216093
12383.0,1.2710089532324698
12384.0,3.3800562039299327
12385.0,0.24331797529235902
12386.0,1.1369920449986146
12387.0,0.8244064242401123
12388.0,1.219247518628792
12389.0,1.3848859142289387
12390.0,-1.6759366113254563
12391.0,0.12686555739682062
12392.0,-0.8253175413658248
12393.0,0.3014380842982917
12394.0,0.89865812039571
12395.0,-0.09376776603781095
12396.0,-1.4501832326014108
12397.0,-0.584838354261438
12398.0,1.3924522121209315
12399.0,-0.08536383988953397
12400.0,0.8753067709106007
12401.0,-0.21781917334909146
12402.0,0.1983567038793222
12403.0,-1.0485946604318854
12404.0,0.39598069209956344
12405.0,0.07418948822871459
12406.0,-0.9515194384633705
12407.0,2.932476712437554
12408.0,0.27469020650324794
12409.0,2.6902649788184902
12410.0,-0.20163758772242663
12411.0,-1.0543336720372891
12412.0,-0.48724324458653745
12413.0,0.9736615463269307
12414.0,0.23838422130304734
12415.0,0.8599560994657693
12416.0,0.5506275806496257
12417.0,2.259800093205036
12418.0,0.34708420685233454
12419.0,-1.2427582297146977
12420.0,0.12761407728126398
12421.0,-0.4437982362454207
12422.0,-0.6939269850029065
12423.0,-0.6932925684950315
12424.0,-0.6067645693481194
12425.0,0.9344932066576459
12426.0,2.1197990388270225
12427.0,0.39620731723560454
12428.0,-1.6109529209507416
12429.0,0.6844272186078807
12430.0,-0.3008836429794993
12431.0,1.5978024710379977
12432.0,0.6214988896554986
12433.0,-1.8291713018698224
12434.0,1.180061968113981
12435.0,-0.4762530744735311
12436.0,-1.0546155232640542
12437.0,2.2433699743436266
12438.0,-1.4789058172203176
12439.0,-1.0071381475659251
12440.0,0.34087606876220583
12441.0,-1.2576365879478635
12442.0,-1.8783148427564942
12443.0,0.1639177692127546
12444.0,-1.1415208264448133
12445.0,0.1561876783226129
12446.0,1.3452996573900782
12447.0,0.0168086337923564
12448.0,-0.509312392078599
12449.0,-0.2282562830389944
12450.0,-2.0486482048011
12451.0,0.21042013423672895
12452.0,2.181979135264904
12453.0,1.433711480969975
12454.0,0.7552273824032298
12455.0,0.1723708962598929
12456.0,-0.30795932214676863
12457.0,0.016675560240695376
12458.0,-0.5082029776976521
12459.0,0.9792744647258445
12460.0,0.6926130953421393
12461.0,1.8018235251103942
12462.0,0.8796743915393728
12463.0,0.6441731144801541
12464.0,-1.474364499221971
12465.0,-0.14164763912873524
12466.0,0.2350013097822218
12467.0,-0.6938691684352675
12468.0,0.2473923976491017
12469.0,-1.1412716208346732
12470.0,0.9112303396170714
12471.0,-0.4093030704623172
12472.0,0.30386882798389286
12473.0,1.2077715520283416
12474.0,-1.4387545311357102
12475.0,1.63742386304314
12476.0,0.22104810487460033
12477.0,-0.878880979484553
12478.0,0.24039645191230283
12479.0,-0.9394461748424126
12480.0,-2.6881740149018474
12481.0,0.8096213670180221
12482.0,-0.014504416532923257
12483.0,-0.9644085187129715
12484.0,0.8129782116202264
12485.0,0.24765265568135875
12486.0,2.044602390954282
12487.0,0.1909969541183844
12488.0,-0.8918966804842022
12489.0,0.23256090798850096
12490.0,2.09681417005342
12491.0,-2.2484294167365206
12492.0,0.5490532349365492
12493.0,-0.24438075800754183
12494.0,-0.0886149237982304
12495.0,0.6455143245944769
12496.0,-0.19694787339000772
12497.0,0.3929722122275547
12498.0,0.6233981945266494
12499.0,-1.2342520772121865
12500.0,-2.5337442791319327
12501.0,-1.0128354457390865
12502.0,1.1041539964237315
12503.0,0.5055315435063656
12504.0,-0.21499468610403433
12505.0,0.075598581513892
12506.0,0.6912540738443934
12507.0,-0.5906137423728577
12508.0,-0.31190434763011327
12509.0,1.0265668542281738
12510.0,2.4341175660701255
12511.0,1.0499994762137161
12512.0,0.670545916111919
12513.0,0.381414560507803
12514.0,0.8125462348122883
12515.0,0.4544157458677039
12516.0,0.32617786848886016
12517.0,1.621413262767261
12518.0,-1.3691735126430977
12519.0,0.39266216230172296
12520.0,1.6652291422875711
12521.0,-1.7262436550129567
12522.0,-1.6673328753859722
12523.0,0.1323490489662818
12524.0,-0.5431951189830553
12525.0,0.09099909180944453
12526.0,-0.1530495439003053
12527.0,-1.4569895495631076
12528.0,-1.7437121990725812
12529.0,-0.18102867113599455
12530.0,-0.26379047156192276
12531.0,-1.0977739914992533
12532.0,-0.6811443294371615
12533.0,1.44998197246273
12534.0,-1.1935069405483707
12535.0,-2.3568276587280894
12536.0,1.3305288123344017
12537.0,-0.2696594021368763
12538.0,0.21793997298187448
12539.0,0.45148828162641813
12540.0,-0.512032511481676
12541.0,1.952206305114554
12542.0,0.6954342890431163
12543.0,-1.228387466212692
12544.0,-0.09441682650901843
12545.0,-0.9023337599694333
12546.0,-0.8435759462441488
12547.0,0.3682112533883755
12548.0,-1.8474030808922788
12549.0,0.22819331134133222
12550.0,-2.0512897081338357
12551.0,0.8538183119541749
12552.0,-1.2678250520679564
12553.0,0.31637934737322815
12554.0,0.41018855646497154
12555.0,0.8487179758387241
12556.0,1.630234847934306
12557.0,-0.16609825811612197
12558.0,1.5715469447756556
12559.0,0.5502255278977355
12560.0,-0.832363053239679
12561.0,-1.6484433327954484
12562.0,0.9809431530482261
12563.0,1.6862982732091647
12564.0,-1.2773602958399866
12565.0,1.9249878568467398
12566.0,-1.0620956047698074
12567.0,-1.538782172232648
12568.0,-1.2372103653310744
12569.0,-1.092696535916093
12570.0,0.7425468323891582
12571.0,0.42575275189843353
12572.0,0.2548845625272917
12573.0,1.1794606964555885
12574.0,-0.33452453098960894
12575.0,0.4270061966001933
12576.0,-0.9868271449496322
12577.0,1.2021600557239516
12578.0,1.4629556804762782
12579.0,-1.2776906420844765
12580.0,-0.3626268934578489
12581.0,0.5595714921121795
12582.0,-0.05796799702920959
12583.0,-0.3926955366012182
12584.0,-0.5835720993570758
12585.0,0.8186461195440036
12586.0,1.0766638835444855
12587.0,-0.16361240695147514
12588.0,0.41893198581140684
12589.0,0.5448746105640089
12590.0,-0.31621252920321463
12591.0,-0.705142054912926
12592.0,-0.8350708810712801
12593.0,0.15327657410162399
12594.0,2.026307783903597
12595.0,-0.24834591112443527
12596.0,0.7052876938285237
12597.0,-1.2883043544410062
12598.0,0.7150294379819295
12599.0,1.1415207593589098
12600.0,-2.396060821405823
12601.0,1.3088097380189936
12602.0,0.05492173109128723
12603.0,1.3134016904916765
12604.0,0.7708371853482441
12605.0,0.5048268665890331
12606.0,-0.04766269545429061
12607.0,0.1481578445363579
12608.0,-0.7979513823906373
12609.0,0.2939207569880852
12610.0,-0.3036517110782344
12611.0,1.5890741727806463
12612.0,-3.049413136003878
12613.0,-0.2807639814989573
12614.0,0.09790915896795978
12615.0,0.6084232571687693
12616.0,0.7238440735629383
12617.0,0.6630274824295612
12618.0,0.8593892308964699
12619.0,1.2887135247271428
12620.0,0.5087452795456042
12621.0,1.2167274811645172
12622.0,0.7693000866497792
12623.0,-0.7811246597863652
12624.0,1.7032441748891591
12625.0,-1.8040172439767472
12626.0,-3.5663979008162356
12627.0,-1.0588692294360804
12628.0,1.0742990140146809
12629.0,0.1409096465348792
12630.0,0.357112661589439
12631.0,0.368784966109851
12632.0,1.533393278435175
12633.0,-0.573135220006821
12634.0,2.4441769410224574
12635.0,2.4603393758821532
12636.0,-2.562161114941814
12637.0,-1.124069052478003
12638.0,-0.6691429388097171
12639.0,1.8893462605082347
12640.0,0.7093835904136608
12641.0,-0.08099134146313643
12642.0,-0.22919881681151236
12643.0,1.222333803727089
12644.0,0.47389460885070056
12645.0,-1.2561600440055978
12646.0,-1.983430935248319
12647.0,1.8104864513321595
12648.0,0.41784202608334625
12649.0,0.5710398992077561
12650.0,-1.302093037010824
12651.0,-1.3430135055306491
12652.0,1.1924348537457277
12653.0,-1.1979598126240738
12654.0,1.8378626685237789
12655.0,-0.08434116676187257
12656.0,0.2665341792858608
12657.0,-1.01836013222724
12658.0,0.42756360047995307
12659.0,0.8088246195299207
12660.0,0.20438921161839327
12661.0,0.4214812079719587
12662.0,0.28939284850938046
12663.0,0.6703808878632148
12664.0,-1.205440274453595
12665.0,1.5853439780130016
12666.0,1.4787866749772276
12667.0,-0.9924731581863493
12668.0,0.3194134977401981
12669.0,0.1655753107816602
12670.0,-0.7213895557079777
12671.0,-0.06528789656136492
12672.0,-0.3615564998288361
12673.0,-1.858070675709663
12674.0,-1.5816108527576505
12675.0,-1.2022990869365213
12676.0,-0.1178780335343571
12677.0,-2.5954847743300875
12678.0,-1.6768790260707511
12679.0,0.7579943747271395
12680.0,-0.5936669356827537
12681.0,-1.138462490683875
12682.0,0.3668149350310655
12683.0,0.8764878142226838
12684.0,2.0650078099373723
12685.0,0.20198033608802127
12686.0,1.6088839252995362
12687.0,2.478165460559635
12688.0,-0.9251308016301452
12689.0,-0.7710290141179991
12690.0,0.7819835294923358
12691.0,1.685262516330583
12692.0,2.335363972725866
12693.0,-0.7700524514876854
12694.0,0.42720366921977637
12695.0,0.6382473457396092
12696.0,0.4349449751104671
12697.0,-0.9105251737056553
12698.0,0.6201537062476384
12699.0,-2.085013198898692
12700.0,0.508473610169872
12701.0,-0.8108994986777964
12702.0,1.0168894808883766
12703.0,0.8047482052794447
12704.0,-1.5801133190944727
12705.0,-1.0419161248888031
12706.0,-1.681553451359371
12707.0,0.4224107601722017
12708.0,0.10229425063461876
12709.0,0.06986293000375203
12710.0,0.688424787872306
12711.0,1.7620237005111248
12712.0,-0.6039548691374023
12713.0,1.6470761491176236
12714.0,-1.438545557353243
12715.0,1.8166546391035758
12716.0,-2.7123555367582632
12717.0,0.06948597604222519
12718.0,-0.8084475971846177
12719.0,1.6222314643955946
12720.0,2.325128383522028
12721.0,-1.648644324250789
12722.0,0.083907689347503
12723.0,-0.23440376105747604
12724.0,0.8540513942947024
12725.0,-0.8500261713225661
12726.0,1.2965222361490065
12727.0,2.005424279902243
12728.0,0.8255643959176271
12729.0,-0.30528448817545645
12730.0,0.6684271139357375
12731.0,3.0825832840094876
12732.0,-2.870267128095721
12733.0,1.5209203555345348
12734.0,-1.140983937767953
12735.0,-0.3562440879166246
12736.0,1.8936662607853831
12737.0,0.39103426715435746
12738.0,-0.8597455970628235
12739.0,-0.2527618889587436
12740.0,-0.5345444367700254
12741.0,1.1900086216152321
12742.0,0.7601274074804893
12743.0,0.1275706805259601
12744.0,-0.47601245375813284
12745.0,0.8447333876274332
12746.0,-1.6077733935936134
12747.0,1.713434193029002
12748.0,-1.1837472682055779
12749.0,0.5701041642460353
12750.0,-1.4219544861319149
12751.0,0.4781012277381704
12752.0,-1.4237703981404448
12753.0,-1.8671828147787313
12754.0,-0.49905115553809054
12755.0,-0.049077669999366684
12756.0,0.3822523200028392
12757.0,0.5842699987129462
12758.0,0.6263594408473664
12759.0,-0.5760230177812947
12760.0,-1.9217255942771057
12761.0,0.1776183516475769
12762.0,-1.6081680238590192
12763.0,-1.7548848817375737
12764.0,0.32310328139543176
12765.0,0.6677655359541724
12766.0,-0.048458356090020534
12767.0,-0.7429115681746437
12768.0,0.6653547842273467
12769.0,-0.06271212507185649
12770.0,0.6291092473617415
12771.0,-0.062222847544788934
12772.0,1.13710876889083
12773.0,0.7314999902419318
12774.0,2.7221377005402982
12775.0,0.6623034599124608
12776.0,1.0236189689231832
12777.0,0.05317119695260897
12778.0,0.8023425807321364
12779.0,-0.8136542960062455
12780.0,0.15180993508666574
12781.0,0.6227576851495521
12782.0,-1.239606554173816
12783.0,0.8745426753107476
12784.0,-0.3017579268698259
12785.0,1.0729225553136348
12786.0,-0.7510396567592444
12787.0,-0.14620438778548428
12788.0,0.5913883413881028
12789.0,-0.20993393766211918
12790.0,1.3971991163679889
12791.0,-0.9783615423106001
12792.0,0.14576519923810669
12793.0,-0.17423682162749546
12794.0,0.7858415897458976
12795.0,0.9561578641617965
12796.0,0.1963706422355835
12797.0,0.31891928144777637
12798.0,-1.4522443221902088
12799.0,-0.10323264045976575
12800.0,0.6002359165464239
12801.0,-0.14661978959365124
12802.0,-1.581842448690839
12803.0,0.6874530918657751
12804.0,0.5204818368620966
12805.0,-0.5010807180430306
12806.0,0.29625859125371257
12807.0,0.6894623323462508
12808.0,1.3001607820904293
12809.0,1.2863828632122223
12810.0,1.1174483103477275
12811.0,-1.9954215138934084
12812.0,-0.4525698799906398
12813.0,0.2908303825841434
12814.0,-0.8107496447696849
12815.0,-0.37508330387256994
12816.0,-0.4053233549372589
12817.0,1.2865077870542179
12818.0,1.1269088170974084
12819.0,-0.273133200020663
12820.0,0.1811772866601285
12821.0,-0.9944849552727028
12822.0,2.042230084737242
12823.0,1.7866452014496246
12824.0,-0.19196896566606853
12825.0,0.4840683326415844
12826.0,1.560364340887555
12827.0,2.509559875312824
12828.0,0.05529176468776943
12829.0,0.8467002356985697
12830.0,-1.0377801796390258
12831.0,0.45538504268912827
12832.0,-0.9505046664004194
12833.0,0.5119471943143806
12834.0,-0.6355921738927365
12835.0,2.334219408919519
12836.0,0.7878681346570965
12837.0,-0.12691081073243507
12838.0,-0.18717303894174242
12839.0,0.08831150073519388
12840.0,0.2955780025587724
12841.0,-0.805358857504147
12842.0,-0.5567502169582386
12843.0,0.99060989043041
12844.0,-1.3612797257825517
12845.0,-1.4046816914230495
12846.0,0.32886955554852343
12847.0,-0.8357727911610321
12848.0,0.3226188989333509
12849.0,-0.46442842251637373
12850.0,2.207539506518606
12851.0,-0.6017392549824805
12852.0,-1.5111896335131068
12853.0,-1.69606294010036
12854.0,-0.20378502525233325
12855.0,0.11132237106919617
12856.0,0.2615456988168334
12857.0,-0.8891917374644368
12858.0,-0.03260255193903569
12859.0,1.2258865262417482
12860.0,0.9631389164336788
12861.0,0.6859288585113649
12862.0,-0.7315789174360285
12863.0,1.0826972323553121
12864.0,0.5663349518707455
12865.0,-0.8530277610277831
12866.0,-0.8668506463237056
12867.0,-0.3212359310797906
12868.0,-1.1986106109821864
12869.0,-0.24086037295631027
12870.0,-0.4074294709891793
12871.0,0.754458821764565
12872.0,-0.8692809330568877
12873.0,0.75240755432309
12874.0,-0.09218428620095757
12875.0,1.4795878519792216
12876.0,-1.0073209351644787
12877.0,-0.037727821785131795
12878.0,-0.19885948792818647
12879.0,1.8072303442454614
12880.0,-0.708840050295211
12881.0,0.15871144865643497
12882.0,0.03471232473279842
12883.0,-0.25614593381899936
12884.0,-0.09079071745310636
12885.0,-0.6193850686189861
12886.0,-0.7539410309486136
12887.0,0.7706332991936762
12888.0,0.4241764849930539
12889.0,0.024281941961204093
12890.0,0.7386515854283752
12891.0,0.047719497574646955
12892.0,0.24532055255273177
12893.0,-0.3872906546059687
12894.0,-1.3358631457200894
12895.0,1.9154973371652173
12896.0,-0.34766644074239794
12897.0,-1.3442430418453897
12898.0,-0.6073433809307319
12899.0,1.8106736033610629
12900.0,-0.20147684634242882
12901.0,1.479186415512826
12902.0,-0.5989385011567943
12903.0,-2.22579434196735
12904.0,-0.7089048643365667
12905.0,0.07311083869861407
12906.0,1.9082369738070812
12907.0,0.8538571217059203
12908.0,-0.5537480057278571
12909.0,-1.8803178475092566
12910.0,-0.7112668641827067
12911.0,0.795056750687167
12912.0,0.26667994565281483
12913.0,-1.2543120022616168
12914.0,-0.3388325517510126
12915.0,0.4900941865877908
12916.0,1.340022416391014
12917.0,-0.5369670420606268
12918.0,0.16846121211152945
12919.0,-0.8124152693205233
12920.0,-1.4284044706019103
12921.0,-1.0685139842975442
12922.0,0.21098622443473303
12923.0,-0.4494459669139678
12924.0,0.5100886257277425
12925.0,1.5937586364277851
12926.0,-0.5741236279919343
12927.0,1.013518756766081
12928.0,-0.04117976775329308
12929.0,0.619896773965572
12930.0,0.2478196347707814
12931.0,0.7528442367051515
12932.0,0.41015954947407257
12933.0,1.134406088069189
12934.0,0.1137052465507838
12935.0,1.3400424312754804
12936.0,-0.10851883636249744
12937.0,-0.5266232543093797
12938.0,-0.41331301161857853
12939.0,0.6781405868299677
12940.0,1.86394607228098
12941.0,-0.6255213701053668
12942.0,0.5144247287853855
12943.0,-1.1006478493420744
12944.0,1.8453290909739477
12945.0,0.7069873571451203
12946.0,0.10376218774047583
12947.0,0.5387888019786378
12948.0,0.2206936231607368
12949.0,0.24244872439752427
12950.0,0.7101024567017113
12951.0,0.750199453849523
12952.0,0.4995928740812694
12953.0,0.24054076878911612
12954.0,1.8554838550854222
12955.0,0.02596861725479628
12956.0,-0.985634373744475
12957.0,-0.4750550852530278
12958.0,-1.474007064498875
12959.0,-1.1946767161119212
12960.0,-0.046743638260353784
12961.0,-1.362857527701675
12962.0,-1.6123868930478793
12963.0,-0.9954343175998017
12964.0,1.1640534577666246
12965.0,0.3057074058794498
12966.0,0.9797656577276818
12967.0,0.8464007355152152
12968.0,-0.6211392429286051
12969.0,1.7100554905991234
12970.0,0.7943091673838988
12971.0,0.054327768098324174
12972.0,1.129933945153548
12973.0,-1.2972875791855663
12974.0,-0.9956692971834464
12975.0,1.8151235579045168
12976.0,-0.17703576142812102
12977.0,1.2614186586655187
12978.0,0.9691594379673735
12979.0,0.13909157226521
12980.0,1.4100189669396548
12981.0,1.5922728550685699
12982.0,-0.5307414974906594
12983.0,-0.11907291855085109
12984.0,-0.4956215975935562
12985.0,2.089719774218738
12986.0,1.1535589960388413
12987.0,-0.8733129158015464
12988.0,-0.32682588355981373
12989.0,-1.8372752692903367
12990.0,0.9708434204105106
12991.0,-0.6356043493373098
12992.0,1.202721513278851
12993.0,0.5965512595375231
12994.0,0.9271884515794481
12995.0,-1.3222102682319052
12996.0,1.309824954749777
12997.0,-0.38435316138470144
12998.0,-2.0615126867567577
12999.0,-0.12127582633654062
13000.0,-1.100227772952958
13001.0,-0.9112825015961596
13002.0,-0.6412330583658253
13003.0,0.20209577277936497
13004.0,0.8220856979478347
13005.0,-1.151039123196764
13006.0,-0.35702484415792124
13007.0,2.161325619004787
13008.0,1.8226515454689516
13009.0,-1.2557557248414257
13010.0,0.16818823241347855
13011.0,0.31188034713644913
13012.0,1.0358501086715703
13013.0,0.8307134350768042
13014.0,0.9418648691647669
13015.0,1.0123230009219446
13016.0,0.371987563463014
13017.0,-0.8342069751632557
13018.0,2.0181859778689146
13019.0,-0.8038652901110657
13020.0,-2.674496699562648
13021.0,1.0541711571684922
13022.0,0.18508711316355667
13023.0,-0.33402142606565205
13024.0,-1.564967174827086
13025.0,-2.149318664011371
13026.0,0.07268857528777779
13027.0,0.769287246688546
13028.0,-0.968651265331273
13029.0,-0.1662948343230299
13030.0,-1.2332231087880836
13031.0,0.5977995066067527
13032.0,0.09623614523126552
13033.0,0.1577959481976752
13034.0,-0.2390813871010289
13035.0,2.1108450623861215
13036.0,-0.36739413842995405
13037.0,-0.3982798865482851
13038.0,0.04354672629835591
13039.0,0.26749285516552385
13040.0,0.9669761261477384
13041.0,-1.9436020067594706
13042.0,-1.7238721129967367
13043.0,-0.9503274468919604
13044.0,0.23202586942892897
13045.0,-0.2684994787892288
13046.0,-1.178945406805615
13047.0,1.431635239256005
13048.0,-2.0174433966687504
13049.0,-0.45870487916037345
13050.0,-0.6286022817016184
13051.0,0.8816705999159268
13052.0,0.4428905586354782
13053.0,0.3397659586150794
13054.0,0.4880412374906457
13055.0,1.2734087480672875
13056.0,0.2612135195689835
13057.0,-1.2046442459538416
13058.0,0.1328229004235762
13059.0,0.24142444342111014
13060.0,0.2693687219626609
13061.0,-0.41616771790026225
13062.0,-1.3033475487384623
13063.0,0.3988542662424773
13064.0,2.0388366463228236
13065.0,0.27558984380389456
13066.0,-2.389110946275597
13067.0,1.4516977731488276
13068.0,-0.6047397796266134
13069.0,1.1374403312357817
13070.0,2.02743230261483
13071.0,-0.7458428581477654
13072.0,0.6295937800829403
13073.0,0.7027930376418072
13074.0,-0.3455979561263692
13075.0,0.3001426834389408
13076.0,0.4195012739440954
13077.0,0.22973570558956583
13078.0,-0.19291921526862302
13079.0,-0.054181927689791146
13080.0,-1.0346202106494649
13081.0,0.2958730878206896
13082.0,-1.6448229601881579
13083.0,-1.0474035941190167
13084.0,0.478826051594522
13085.0,-1.6307348204792256
13086.0,0.005007357202857089
13087.0,1.3360204391798252
13088.0,-0.21333266574239645
13089.0,1.872744288531871
13090.0,1.9180534238466436
13091.0,-0.2792538123256844
13092.0,-0.7191068145802673
13093.0,0.5913591358324793
13094.0,-0.14740950677286094
13095.0,-0.3906959772025016
13096.0,-0.01387234020787809
13097.0,-1.8147944880506683
13098.0,1.4162344509589155
13099.0,-0.0003686574785105869
13100.0,-0.31996505478478415
13101.0,-1.9109146197316231
13102.0,0.7054725205845004
13103.0,-1.235909702876478
13104.0,-0.36045507570947843
13105.0,-0.9577249479581298
13106.0,0.17830897679272517
13107.0,0.4914807877081989
13108.0,-2.699414514106669
13109.0,-0.18300643768779495
13110.0,-1.263419631720695
13111.0,2.9446442383712137
13112.0,0.8713779258315993
13113.0,1.477095856629177
13114.0,0.5724615753287068
13115.0,-0.49435787868011466
13116.0,0.20179357170434464
13117.0,-0.37942200422884476
13118.0,1.6947581779952647
13119.0,-0.5294923021793292
13120.0,-0.38239746597583374
13121.0,-1.5616917678074054
13122.0,0.604948345708507
13123.0,1.3380690809359328
13124.0,-0.4723918361988283
13125.0,-0.6504276972317982
13126.0,-0.3787876593594811
13127.0,-0.6341727424301195
13128.0,1.7752939447636755
13129.0,-1.871275326845758
13130.0,-1.2525622758589392
13131.0,0.7789687703660344
13132.0,-1.0270821556947218
13133.0,0.5264904361962112
13134.0,0.24964418938851476
13135.0,-1.366769875415081
13136.0,0.1590094424002175
13137.0,-0.06955508619476104
13138.0,-1.0616681493216067
13139.0,0.25140644555061725
13140.0,-0.45860517324730593
13141.0,1.5084018423961183
13142.0,0.30843970528797
13143.0,2.838209860549374
13144.0,-0.8192957227442703
13145.0,0.7910300292658917
13146.0,-0.2932303241846709
13147.0,1.1603824069446729
13148.0,1.1217591018240523
13149.0,-1.7279972498760354
13150.0,0.32187061932717675
13151.0,-1.3719110671547592
13152.0,0.712938905074749
13153.0,0.7964097632272443
13154.0,-1.7383644618124536
13155.0,0.66927103754919
13156.0,2.299623667576346
13157.0,0.18317464940621456
13158.0,1.1551426558508722
13159.0,0.4681347861499328
13160.0,-0.3656201537547188
13161.0,-0.6078042762221135
13162.0,0.805229781077357
13163.0,-0.7731449571901966
13164.0,-0.2575398168993627
13165.0,1.8990146122226315
13166.0,0.8166468282637797
13167.0,-0.4386607115758624
13168.0,-0.037411824276258096
13169.0,-1.2498334903419586
13170.0,-0.018333968344237367
13171.0,0.2558652307271873
13172.0,-0.8196788107776836
13173.0,-0.6321026850024972
13174.0,0.4955888716202364
13175.0,-0.42560693334087224
13176.0,-0.8792327726526936
13177.0,-1.3332869863771777
13178.0,-0.6887146189808949
13179.0,-1.184668760568493
13180.0,0.12230001895888037
13181.0,-0.16035364801221477
13182.0,-1.2627943241520012
13183.0,0.281092867596197
13184.0,0.6502173926309236
13185.0,1.0559582077375254
13186.0,1.9653990856974863
13187.0,-0.3648936312550759
13188.0,0.22688057826531408
13189.0,0.062316992979912424
13190.0,-0.11340904918036827
13191.0,-0.7070238657005139
13192.0,-1.8336039453919264
13193.0,0.5291060228491908
13194.0,0.6972533939502853
13195.0,-0.45721789022184717
13196.0,1.2215811741452038
13197.0,0.3203577420459627
13198.0,-1.0825833834540937
13199.0,1.0576578711596933
13200.0,-1.1055734080316972
13201.0,-1.5905402667059996
13202.0,-0.7169837546462411
13203.0,0.16864622770373616
13204.0,-0.5460518064807854
13205.0,1.0181454354492623
13206.0,-0.4290757388121409
13207.0,-0.2664909297001353
13208.0,0.28221823069326146
13209.0,1.097459137652011
13210.0,-0.6817754728166596
13211.0,-1.7551404610392742
13212.0,-0.12286535343634468
13213.0,-0.1911853938149155
13214.0,0.6573254777334779
13215.0,-0.5580007162187375
13216.0,0.7171378806064622
13217.0,0.03856623080742651
13218.0,-0.5457233848193974
13219.0,-0.36068041108309834
13220.0,1.2975678304944944
13221.0,0.5466822765642253
13222.0,0.966141780389421
13223.0,2.726751977412972
13224.0,-0.16574212148127773
13225.0,0.07463393222150476
13226.0,0.7541156640983026
13227.0,-0.8564217418889765
13228.0,-1.2703501410647307
13229.0,-0.24995631246841254
13230.0,-1.0793842942898024
13231.0,1.1982711212825303
13232.0,-0.9407577868745189
13233.0,-0.36079307794883003
13234.0,-0.33388522664663506
13235.0,-0.6220251992139556
13236.0,-0.6325290336410668
13237.0,0.8562495640969616
13238.0,0.3294582352603875
13239.0,-0.6664346727531341
13240.0,0.20635619617161932
13241.0,-2.0367936829598188
13242.0,-0.8082937922656758
13243.0,-0.08201381375845919
13244.0,-1.4907800071531252
13245.0,0.4095931825448461
13246.0,0.30931513589541504
13247.0,0.29514701743585314
13248.0,0.9488185964002703
13249.0,1.018725630331755
13250.0,-1.578742508823817
13251.0,-1.280870960032084
13252.0,0.24103470464871538
13253.0,-0.8874885859661512
13254.0,1.2733069210376766
13255.0,-1.5822018215951856
13256.0,1.0954892317626146
13257.0,2.023425744067091
13258.0,-1.6336165689292788
13259.0,-1.2975380721184004
13260.0,-0.7212512189004737
13261.0,1.050937237825269
13262.0,-1.2493164787795066
13263.0,0.6275141523396885
13264.0,-0.6150854325435645
13265.0,-0.320280294404435
13266.0,0.15098195915269705
13267.0,-1.0859201433750043
13268.0,-0.7650176474839142
13269.0,-0.6003776880419888
13270.0,-0.49873548761155534
13271.0,1.068117979908562
13272.0,-0.5158176175114704
13273.0,-1.7527243210017245
13274.0,-0.5285498385534163
13275.0,-1.0562754799019711
13276.0,1.793610970741091
13277.0,-0.0062472780940367074
13278.0,-0.13007872728847372
13279.0,-1.3714949043146372
13280.0,0.765277614795181
13281.0,0.9919413359978866
13282.0,-1.2413028563708512
13283.0,1.2542094354771394
13284.0,-0.7933838626697964
13285.0,-0.3541384389794195
13286.0,1.4684623816640778
13287.0,0.13044352824944852
13288.0,-0.30352073182588174
13289.0,1.8080115153816934
13290.0,-0.46250938068729347
13291.0,1.967535539987539
13292.0,-0.6097330381843384
13293.0,2.907280043825151
13294.0,0.6673782954067842
13295.0,-1.3791213906823399
13296.0,0.5570109865920391
13297.0,0.3921977692661647
13298.0,0.5104127646757655
13299.0,1.542735388692705
13300.0,0.3157686735510485
13301.0,1.6729756932381596
13302.0,2.1726891150505496
13303.0,0.4841178736270229
13304.0,0.9945435771812609
13305.0,0.6028020237302392
13306.0,-1.551279998131007
13307.0,-0.4789323758773311
13308.0,0.04125286318975038
13309.0,1.1961636485032754
13310.0,-0.9400049605804108
13311.0,1.5515411354753725
13312.0,-2.1115273205956577
13313.0,0.2666245658282694
13314.0,-0.4828704269371661
13315.0,-1.4334646987235802
13316.0,1.3619177673407854
13317.0,-1.0197275400923127
13318.0,-1.2614796073198358
13319.0,0.36360743577627974
13320.0,0.09476672232853192
13321.0,0.4355635368935965
13322.0,1.5838346867537811
13323.0,-0.7544731010914498
13324.0,0.5781847404660303
13325.0,1.47633444902745
13326.0,-3.066852845071309
13327.0,1.1136378827162872
13328.0,0.35280609695549314
13329.0,1.4547089841794423
13330.0,2.361963338824155
13331.0,0.34718125027479596
13332.0,-0.13712321511522327
13333.0,-1.4951343711848566
13334.0,0.5204332258902752
13335.0,0.10235657839690235
13336.0,-0.10446908796068476
13337.0,0.9731554804811523
13338.0,0.964591059610052
13339.0,1.4404607088776678
13340.0,1.665544492221544
13341.0,0.23421478886888414
13342.0,1.1893746647243995
13343.0,1.1105561177963414
13344.0,-0.22561708907338718
13345.0,-0.48234636133128905
13346.0,-2.1998869475438596
13347.0,0.045705726889812795
13348.0,0.7649579497068804
13349.0,-0.7283237819943936
13350.0,0.8215311211756479
13351.0,-1.7575333909813247
13352.0,0.20642717195108382
13353.0,-1.5889078382733033
13354.0,0.5812041208057389
13355.0,-0.5697761599988238
13356.0,-1.9240245734865464
13357.0,0.2882080939356868
13358.0,0.8292444258056402
13359.0,-1.1786012590716288
13360.0,0.28754995479927664
13361.0,1.7606163112567146
13362.0,-0.5680822283982088
13363.0,0.06440305059037374
13364.0,-0.4711862351621553
13365.0,0.5262841119577462
13366.0,-0.582164787760496
13367.0,-1.5910381874813233
13368.0,2.300349448877543
13369.0,0.2005675105279311
13370.0,1.5199044893111726
13371.0,2.5242631762080805
13372.0,0.05864016321466163
13373.0,0.8122203343861066
13374.0,0.07423522177492597
13375.0,-1.5714081799665203
13376.0,0.5425737646960574
13377.0,0.8084978492313669
13378.0,-0.3787241608847562
13379.0,-0.27477555575879736
13380.0,1.6901945548749366
13381.0,0.7203520022833789
13382.0,-0.28909379147492564
13383.0,0.4883724918891975
13384.0,0.2886791544053097
13385.0,-1.4187627074189133
13386.0,1.2461698029495656
13387.0,-1.183763190823052
13388.0,0.2442058920673028
13389.0,-1.4958866097486372
13390.0,-1.8019864575377404
13391.0,-1.1704462536616869
13392.0,0.5933414554942555
13393.0,-0.7454402087619775
13394.0,0.7065222790317203
13395.0,-0.786799537653487
13396.0,1.850370781671989
13397.0,0.6484269821291155
13398.0,-0.3228998101763145
13399.0,1.4336927639303207
13400.0,0.4967878408742534
13401.0,-0.3048704249534893
13402.0,-2.687057574849827
13403.0,-0.7267952593978729
13404.0,-0.573535991055128
13405.0,-1.1881653671157055
13406.0,-0.03451268611727744
13407.0,0.3981788044982908
13408.0,-1.8627936773181093
13409.0,0.7538286270200827
13410.0,-1.1777208343178909
13411.0,0.7769547558018763
13412.0,-1.3456429756028139
13413.0,0.34560713217190187
13414.0,-0.11070376100287468
13415.0,-0.7270763680101293
13416.0,-0.9281810219549957
13417.0,1.065171530263138
13418.0,1.476635456922082
13419.0,-1.0116834504203152
13420.0,0.852013140773668
13421.0,0.5183391339105303
13422.0,-1.7333748708862657
13423.0,0.9759404122930889
13424.0,2.174302526066278
13425.0,0.5941689630685081
13426.0,0.6467380036145534
13427.0,-0.7534075235185318
13428.0,0.8309629155649878
13429.0,-0.32790244103304256
13430.0,0.03697779756326393
13431.0,-0.14223384882321377
13432.0,0.46048014875295384
13433.0,1.054355289858865
13434.0,-0.582420201532999
13435.0,-1.2153101470567111
13436.0,0.1388952821314712
13437.0,-1.2308707400173466
13438.0,0.6729631756896555
13439.0,2.0087951163736126
13440.0,-0.6873413781112436
13441.0,-0.03020627299971626
13442.0,-0.14608913638304444
13443.0,0.3615748756687868
13444.0,-0.28351652791909154
13445.0,-1.502883014655167
13446.0,0.039845451968346386
13447.0,-1.6054332770907436
13448.0,2.0684230718417416
13449.0,-1.8553983899186801
13450.0,0.27079381258364865
13451.0,1.0462445234103235
13452.0,-0.22760260781110203
13453.0,-0.8350592875656552
13454.0,-1.6602997046737784
13455.0,0.4480843971490331
13456.0,-0.30797857760681463
13457.0,0.299709388837639
13458.0,0.054107385797877515
13459.0,-0.32134570415932595
13460.0,-2.040226164844392
13461.0,0.669015609770915
13462.0,0.7633307383281065
13463.0,-0.8479786040869843
13464.0,1.9980776032975722
13465.0,1.5286629100718416
13466.0,1.143609203750942
13467.0,1.6037564615706028
13468.0,1.9816725647263278
13469.0,-0.8294929383998693
13470.0,-0.3429016578044549
13471.0,-0.4051441486428588
13472.0,0.687300999822112
13473.0,-0.2788375081046995
13474.0,-0.45446649250460874
13475.0,-1.1800992550289118
13476.0,1.26909607072066
13477.0,0.9005210018201167
13478.0,-1.32836953465218
13479.0,-0.3022610086531765
13480.0,1.0251281733631799
13481.0,0.997952537357873
13482.0,-0.44921764735409
13483.0,1.1860561991222345
13484.0,0.5421090448048113
13485.0,1.9174990803223684
13486.0,0.009283895994982062
13487.0,-1.090313259965663
13488.0,-0.8178306600811759
13489.0,-0.8520214864455888
13490.0,-0.0526063762629504
13491.0,0.3636545744752524
13492.0,0.5678104792633429
13493.0,-0.5862086450001851
13494.0,-1.099718915035001
13495.0,1.2586432466802153
13496.0,0.5166143996097117
13497.0,0.19231603848938578
13498.0,0.6895362618143421
13499.0,0.6562881087311465
13500.0,-0.09602460151502552
13501.0,-1.685427532770038
13502.0,0.38344577127110846
13503.0,-0.16406027815413785
13504.0,-0.7461502666823765
13505.0,1.3522921045649303
13506.0,1.6332349432128723
13507.0,0.07840388085513969
13508.0,0.8214296304653546
13509.0,0.26357400570699585
13510.0,0.9090142139677544
13511.0,-0.17661676212648444
13512.0,0.6381979008354319
13513.0,-0.6225167389558115
13514.0,0.012937480002291966
13515.0,-0.4325566271168378
13516.0,0.23578202313260627
13517.0,1.0800969501564592
13518.0,-1.0665699900561123
13519.0,0.8916543349192991
13520.0,-1.0100014370712005
13521.0,0.8253428749446073
13522.0,1.036757937106437
13523.0,1.2789529204113403
13524.0,-0.4249164884093063
13525.0,-1.2122890999399671
13526.0,0.20278601624827344
13527.0,-1.3325579468594804
13528.0,-2.11981582763673
13529.0,0.8100708174561904
13530.0,-0.7484135687414377
13531.0,0.42058152924887793
13532.0,1.7724067942967974
13533.0,0.4957322536008742
13534.0,0.9695954352451874
13535.0,0.08421314335718941
13536.0,-0.4307001907165996
13537.0,-0.8624409981642924
13538.0,-0.0737204210625331
13539.0,1.1308962370044149
13540.0,-0.14351207391298418
13541.0,0.8199981340463799
13542.0,-0.9546997447490972
13543.0,-0.8260953662465377
13544.0,-0.4595444535406456
13545.0,-0.18768478153745233
13546.0,-1.473371888974126
13547.0,-0.451988682998716
13548.0,-0.41761916997860055
13549.0,0.8394546022272822
13550.0,-0.2569319751197956
13551.0,1.498468111563051
13552.0,0.18224467827362467
13553.0,-0.548365433208468
13554.0,0.9143647159835862
13555.0,0.5023198812932458
13556.0,-0.832627300823259
13557.0,0.613539714476194
13558.0,1.072673802078628
13559.0,-0.8867602434557099
13560.0,-0.6736513985605935
13561.0,1.446495649535924
13562.0,-1.7569646113070747
13563.0,0.08209340232867622
13564.0,0.038084076315888886
13565.0,-0.19887122112498637
13566.0,0.21668707016772107
13567.0,-0.8903801552642521
13568.0,-1.024737848890432
13569.0,-0.7661971396898131
13570.0,0.3497695903613347
13571.0,-0.28754610802500175
13572.0,0.6405627484059094
13573.0,0.9701614297902734
13574.0,-0.7330678288758058
13575.0,1.5444182252982361
13576.0,1.330688848255643
13577.0,-2.564115380125639
13578.0,0.562382874714351
13579.0,0.460557388073827
13580.0,-0.45713778777595465
13581.0,1.372619279599701
13582.0,1.8681130278772515
13583.0,0.1300935779566137
13584.0,-1.4334242382774718
13585.0,0.4609406154996091
13586.0,-0.5138856774569192
13587.0,0.6278188917229184
13588.0,0.5768947009894031
13589.0,0.549261550968745
13590.0,0.29050774926502065
13591.0,-0.10175385172009538
13592.0,1.1439100472477595
13593.0,-0.7470019174273388
13594.0,-0.03858080525840257
13595.0,0.7344503244189411
13596.0,-1.015066190370277
13597.0,-0.8866520374697527
13598.0,-0.6732429074297529
13599.0,0.2244645171238635
13600.0,0.08648736327814205
13601.0,1.2274226469969893
13602.0,-1.610493214091715
13603.0,-2.025442347753029
13604.0,-1.7160555221126725
13605.0,-0.21579903204185236
13606.0,-0.14637280524300925
13607.0,0.12254928070994557
13608.0,-1.1876240685207877
13609.0,0.04360648510173259
13610.0,0.6395148618673291
13611.0,0.9155745849444786
13612.0,-0.2930513086823476
13613.0,-1.2357288708222633
13614.0,-1.7980951457576804
13615.0,1.0563506661732056
13616.0,-0.0790895041928536
13617.0,-1.6000615926535506
13618.0,1.1264002893336045
13619.0,0.5410435282649733
13620.0,-0.8535849024090129
13621.0,0.05306205633814557
13622.0,2.807886686317556
13623.0,-1.1035331380156017
13624.0,1.438301378140032
13625.0,0.8421832362629907
13626.0,-1.067722846590575
13627.0,-0.9805051811448731
13628.0,0.12023231411029854
13629.0,0.6743240990654589
13630.0,-0.3079771997729965
13631.0,1.8363451942558386
13632.0,-1.1844595332941807
13633.0,-1.8532611013506077
13634.0,-1.2849792592736107
13635.0,-0.13893726212786364
13636.0,-0.47516584584065896
13637.0,-1.2823320868540513
13638.0,-0.15999197570315155
13639.0,-0.3722524484788481
13640.0,0.14451633072015715
13641.0,0.8951901644681735
13642.0,1.2893725628969297
13643.0,-0.17123270825537426
13644.0,0.7112379131692792
13645.0,0.40509437586653685
13646.0,0.11636981926032973
13647.0,0.7909438846840783
13648.0,-0.30382828325801703
13649.0,-0.5392288447891989
13650.0,-0.8161985507420016
13651.0,-0.34035606368867494
13652.0,-0.9306192633682215
13653.0,-1.1978818852840993
13654.0,1.0176553971709057
13655.0,0.7015428361561439
13656.0,-0.6504559455171036
13657.0,0.5893299107790149
13658.0,0.3715782645346398
13659.0,2.1396362879388127
13660.0,1.4249333226935457
13661.0,0.4116280425963977
13662.0,-0.12032765460499673
13663.0,0.7787496646460806
13664.0,-0.3110853810519323
13665.0,-0.5253053731906748
13666.0,1.3267835735489644
13667.0,0.07762438156215043
13668.0,0.2019703644706225
13669.0,-0.33738261046000695
13670.0,1.653762335172023
13671.0,-0.0985401491418579
13672.0,1.0604029926854006
13673.0,0.29520960862259027
13674.0,-0.6122313185185314
13675.0,-0.1532959502722559
13676.0,0.38910217161102006
13677.0,0.7644259996689744
13678.0,-0.47101924533512657
13679.0,0.9305075629766767
13680.0,1.6119494526390636
13681.0,0.2188409460640328
13682.0,-0.5071739675936987
13683.0,-1.3842031384109845
13684.0,0.4701330341564179
13685.0,-0.4773328931762676
13686.0,-0.9077305247459999
13687.0,-0.47067441270001065
13688.0,0.5621885944133582
13689.0,1.2157819366546343
13690.0,1.0025800465919101
13691.0,-0.12392707850849384
13692.0,0.813710140701315
13693.0,2.6986018090316914
13694.0,-0.03124657420680908
13695.0,1.650322359404555
13696.0,-0.14295807753968173
13697.0,-3.2810122770330783
13698.0,-0.3588314601487384
13699.0,1.2448105195833028
13700.0,0.15335368536115818
13701.0,0.4911355784392682
13702.0,-1.3405901440600936
13703.0,0.6576578041897002
13704.0,1.3031492360537351
13705.0,-1.3062006776864994
13706.0,-1.2782847245356102
13707.0,0.0789782240413211
13708.0,-0.1534440988602209
13709.0,-1.3437216341470448
13710.0,0.355439214860976
13711.0,1.0329524842095614
13712.0,0.5662236319046953
13713.0,0.004126171525232798
13714.0,-0.6638533529256625
13715.0,-1.5165565638785736
13716.0,0.11568294828646462
13717.0,0.43146515163338495
13718.0,1.1710825823554236
13719.0,-0.2496057066758667
13720.0,-1.4215323086651968
13721.0,-1.2616071022445992
13722.0,0.8003274384550648
13723.0,-1.1109895723019307
13724.0,1.3890262022096518
13725.0,1.295072021586415
13726.0,-0.019852206677207718
13727.0,-0.5222706986689082
13728.0,-1.671700265449879
13729.0,0.27610824075082985
13730.0,-0.019832670010394026
13731.0,1.031901918743661
13732.0,0.2344093709267477
13733.0,-1.0941041782923349
13734.0,1.5784066040764164
13735.0,0.5424296142336662
13736.0,2.9497887448158524
13737.0,-0.451801882660174
13738.0,-0.06967691385969506
13739.0,1.0058712012501945
13740.0,-1.1287448915148228
13741.0,-1.8748504183044874
13742.0,-0.5706240388544928
13743.0,-1.9443347002010376
13744.0,-0.25630873819191896
13745.0,-0.027554143358351556
13746.0,-0.5018223499434681
13747.0,0.38470196074719837
13748.0,0.43242324434323387
13749.0,0.3377562625084157
13750.0,1.3847431420372283
13751.0,-0.6791241534105678
13752.0,-0.49370490303594533
13753.0,-0.7008532300292701
13754.0,-0.8988925779524497
13755.0,-1.3795016679885264
13756.0,-1.6869275098486554
13757.0,1.1369732868109217
13758.0,-0.5146973053998873
13759.0,-1.1903918514572922
13760.0,0.8445275026781559
13761.0,0.0743104911560019
13762.0,0.04373051322942013
13763.0,1.7038266086696536
13764.0,-0.8004656530855011
13765.0,0.15255520849772838
13766.0,0.6550390200379875
13767.0,-0.8869205606045438
13768.0,0.5119268130030065
13769.0,-0.9497842726735606
13770.0,1.4858383259885282
13771.0,-0.6467230456171553
13772.0,-0.1813189813673525
13773.0,1.5906286848358822
13774.0,-0.016590865234817745
13775.0,-0.7503635424662968
13776.0,-0.6922466812790348
13777.0,0.4868484826974216
13778.0,0.0319419133558652
13779.0,-1.0676992397228808
13780.0,-0.33849242075953595
13781.0,-0.46467797101117664
13782.0,-0.9888065226200935
13783.0,-0.048168173667983157
13784.0,0.5737009977630301
13785.0,0.5788386549886799
13786.0,0.9193152105702845
13787.0,-0.7775279293534197
13788.0,0.5388214243311698
13789.0,0.5016784743804626
13790.0,0.4063405240182796
13791.0,2.025953875586718
13792.0,-0.8973915065447751
13793.0,1.2219863907953419
13794.0,0.0871385974176463
13795.0,0.024454602559066077
13796.0,-0.24686006086774095
13797.0,-0.9656616787966158
13798.0,0.7622038940950157
13799.0,-0.5689887718428871
13800.0,-1.282907737193833
13801.0,0.5450554428829719
13802.0,0.8875613486824842
13803.0,0.682919867124545
13804.0,-1.2744795951185022
13805.0,-2.9863557256167406
13806.0,1.4424568118121022
13807.0,-0.38122271623375653
13808.0,0.6270549887888517
13809.0,-0.8025977448881833
13810.0,2.2861799036904795
13811.0,0.637973783728301
13812.0,-0.1939283476906719
13813.0,0.11036851379112357
13814.0,0.018546990503709285
13815.0,-0.6340788993480215
13816.0,-0.718424876950527
13817.0,2.813075481820495
13818.0,0.6749012424583898
13819.0,-0.19252086080577538
13820.0,-0.37361705371109777
13821.0,-1.172037138496583
13822.0,-0.437056112693963
13823.0,0.15964303615154224
13824.0,1.358277512459221
13825.0,0.33444706236518246
13826.0,0.2405334620755796
13827.0,0.5141633460480104
13828.0,-0.3603198490793828
13829.0,0.29037069897272066
13830.0,0.40533474682334003
13831.0,-0.6591325316082349
13832.0,-1.238618575335712
13833.0,-0.24140198078825217
13834.0,-0.2901954679231658
13835.0,0.6851363692354723
13836.0,0.41622612368217227
13837.0,-0.24464974812301402
13838.0,-0.972039275074747
13839.0,0.4957033323247038
13840.0,0.9431754841171278
13841.0,-0.6188931432011803
13842.0,-2.2375069819142985
13843.0,0.7269666469567554
13844.0,0.6384223592866188
13845.0,0.2715558208153439
13846.0,-0.7678573739704472
13847.0,-1.6252930546100162
13848.0,-2.0148915771454243
13849.0,-2.116597655526117
13850.0,0.8665116777151269
13851.0,2.2380382534681273
13852.0,-0.5622086544817824
13853.0,3.44010197478884
13854.0,1.3697392718337755
13855.0,0.3853607914497173
13856.0,1.5678179715546627
13857.0,0.19565420892020133
13858.0,0.23335924725291757
13859.0,0.16088356733905138
13860.0,1.2915809488919576
13861.0,-2.9263316765715395
13862.0,-1.877481894811695
13863.0,0.5530388773240213
13864.0,0.13765334730783815
13865.0,0.026394330436703885
13866.0,0.28849870186751486
13867.0,-0.2709732418182171
13868.0,0.949513565761273
13869.0,-0.4604426543640457
13870.0,-0.591137982309256
13871.0,0.2622252904247321
13872.0,-1.8346006270509347
13873.0,-0.27706222688257637
13874.0,0.8311411314290087
13875.0,-1.117218333014575
13876.0,-2.3289601429816202
13877.0,-1.697583806354894
13878.0,0.45273791966016685
13879.0,0.09893974637705036
13880.0,-0.9085555374879266
13881.0,-0.21944998113150752
13882.0,-1.3515680350116774
13883.0,0.6084140993154472
13884.0,-0.8446126094749532
13885.0,0.7343407068340808
13886.0,0.8837124210836494
13887.0,-0.2758922176818973
13888.0,-0.35501796391484686
13889.0,0.1867366197881409
13890.0,-0.5263410315056056
13891.0,0.5461197106350782
13892.0,1.0475271033827416
13893.0,-1.7440248456378418
13894.0,-0.8849740412004337
13895.0,-0.5893693500643666
13896.0,-2.146441175247793
13897.0,-1.3071992081094719
13898.0,0.683212911185258
13899.0,0.5362540395737017
13900.0,-0.26715477834988244
13901.0,0.6632350051360136
13902.0,-0.6977034362265632
13903.0,0.20386966326383038
13904.0,-2.0428117207028698
13905.0,0.7160675822641022
13906.0,0.20812406734016248
13907.0,-0.46698370491062063
13908.0,0.18448653695968711
13909.0,0.6407620996952503
13910.0,-0.09717601925899526
13911.0,0.14788595013878542
13912.0,-1.8196187524621195
13913.0,1.0294909836927424
13914.0,-0.09537396480140045
13915.0,1.27677563608093
13916.0,-2.4776853661942098
13917.0,-0.7479374178198269
13918.0,-1.1588627056793916
13919.0,1.725795093357838
13920.0,0.23379942009335344
13921.0,-1.1277959877264905
13922.0,0.5835618968249231
13923.0,0.566332370555164
13924.0,-2.9593212804910474
13925.0,0.23900773154712288
13926.0,1.1608294783959952
13927.0,1.7178814327572727
13928.0,0.6269183300237997
13929.0,-1.218485446067747
13930.0,-0.9731999938728184
13931.0,-0.5205473453737224
13932.0,0.39167053359071735
13933.0,-0.661861105864217
13934.0,0.3418041208061301
13935.0,-1.6297901413547156
13936.0,-1.3416969582288882
13937.0,-0.05970952269041622
13938.0,1.892227062035483
13939.0,0.022338727998525095
13940.0,-0.7547217590833079
13941.0,-1.0268295992774918
13942.0,0.7320515271177883
13943.0,-0.41422687816955817
13944.0,1.2909267446594956
13945.0,1.3126387635914045
13946.0,0.32378227585767727
13947.0,-1.6664137619072683
13948.0,-1.3052964086282417
13949.0,-0.2962448596194783
13950.0,-2.031609000428301
13951.0,-0.20468914329449905
13952.0,0.2614683537765738
13953.0,1.5715384719022052
13954.0,0.22142353132783044
13955.0,-1.0750330306017908
13956.0,2.20032103552672
13957.0,0.28158917443586357
13958.0,-1.0455159626584245
13959.0,1.0175416984518584
13960.0,0.9160888028855865
13961.0,0.2489614783715617
13962.0,0.5687974318115563
13963.0,1.0515325049322304
13964.0,-1.1747827735292056
13965.0,-2.882101097254658
13966.0,-0.9576330171008863
13967.0,0.6400159836371901
13968.0,1.4399065400669375
13969.0,-0.3302436843619969
13970.0,2.0375895279768956
13971.0,-0.8925723463489366
13972.0,0.05130354447361648
13973.0,0.6387463196041013
13974.0,1.2529749413990792
13975.0,0.9874267440304334
13976.0,-0.48214263218216524
13977.0,2.496296330520707
13978.0,0.6454344453803155
13979.0,1.7358829230531523
13980.0,1.2891392452847434
13981.0,1.2271612321637977
13982.0,0.782968115474378
13983.0,1.1289891637431786
13984.0,0.3217408330917934
13985.0,-0.5328074363990939
13986.0,-0.7354841857178872
13987.0,0.2934330615329529
13988.0,1.6459678063746157
13989.0,-0.8718467599721739
13990.0,0.18345355985038053
13991.0,0.20980434587221553
13992.0,0.8336878744350692
13993.0,-1.2537078955904168
13994.0,-0.452493909323391
13995.0,-0.9623211198067081
13996.0,-2.643861767839708
13997.0,0.13720409698316466
13998.0,0.9553685349533841
13999.0,-0.7522087098430795
14000.0,-0.6553128012556209
14001.0,0.8910390584386169
14002.0,-0.4571541521086926
14003.0,0.5501803312091337
14004.0,-0.042824945610108335
14005.0,0.19096296578372574
14006.0,-0.3781848525621335
14007.0,1.8417763124259527
14008.0,0.9523761024719578
14009.0,-0.17509543859243387
14010.0,1.7845103672791427
14011.0,0.9289103088674132
14012.0,-1.3665910532713053
14013.0,-0.7388250589714214
14014.0,1.229456041655786
14015.0,-0.15068942352194234
14016.0,-0.5809757330338086
14017.0,-1.0396820626656873
14018.0,0.04512848483587291
14019.0,0.5107329942683635
14020.0,-0.6101093082590272
14021.0,-2.090709859299736
14022.0,-0.46974724580622557
14023.0,-0.507529404970447
14024.0,0.8182293505900924
14025.0,0.4199595044446815
14026.0,0.19275297989471454
14027.0,-1.3944007718947455
14028.0,-1.3547910949972988
14029.0,-0.974946687112093
14030.0,-1.875990872417126
14031.0,-0.31870192925311897
14032.0,2.688142372151763
14033.0,0.6206658650243095
14034.0,1.436345076796157
14035.0,-0.765698726422813
14036.0,0.4827557390289931
14037.0,-0.7521382838779801
14038.0,0.145428766422912
14039.0,-1.191538478895718
14040.0,-1.422624877678935
14041.0,0.21057659583443267
14042.0,0.7207669130224028
14043.0,1.7076930239572334
14044.0,0.8340201939637011
14045.0,-0.20368148217766655
14046.0,-0.5685871529056982
14047.0,-0.7465419225324057
14048.0,1.5903422444595563
14049.0,-1.204856127381307
14050.0,-1.8986046344936038
14051.0,0.8534767307680603
14052.0,-0.3890070645214915
14053.0,-0.3498317333818222
14054.0,-0.7022424952661531
14055.0,-1.6368150986405683
14056.0,-0.7343397254005365
14057.0,0.28725659170719586
14058.0,-1.1964857038592163
14059.0,1.0083346429433027
14060.0,1.0037356927502818
14061.0,-0.983534035831582
14062.0,-1.7920311367974064
14063.0,-0.07404207752651897
14064.0,1.1297051772820403
14065.0,-1.3702650623206585
14066.0,-0.8032169474270939
14067.0,-1.6091333183570753
14068.0,-0.39095251657800967
14069.0,1.754656140955237
14070.0,-0.8385661884939645
14071.0,-0.6515315106566637
14072.0,0.4317787905713401
14073.0,0.6543602821354839
14074.0,-1.1965978707786886
14075.0,-1.0495991856543818
14076.0,0.17431346997116418
14077.0,0.07245624349075197
14078.0,3.1858790758319415
14079.0,1.1018038169533348
14080.0,-1.1234176136760021
14081.0,-0.2284233262053913
14082.0,0.7717246621475667
14083.0,-0.928682321923359
14084.0,0.2242052181481301
14085.0,-0.1670212150681695
14086.0,-0.1071338176409494
14087.0,-1.144996254582216
14088.0,-0.8926619071479068
14089.0,-1.7033359401165458
14090.0,-2.04735869430177
14091.0,-0.3921800392604316
14092.0,0.1120210155961565
14093.0,0.013965048116300647
14094.0,0.8476452860705982
14095.0,-0.3499342022735415
14096.0,-0.4058974808145198
14097.0,0.7043920015844011
14098.0,-0.17490975469311393
14099.0,0.17759908894172824
14100.0,-1.4098328842017012
14101.0,0.29169539919637044
14102.0,-0.6388363336020448
14103.0,-0.4501375773499473
14104.0,1.2535446146724585
14105.0,-0.4506655842175115
14106.0,-0.6012197163095353
14107.0,0.6324641312920491
14108.0,0.9257158061248236
14109.0,-1.7987049410253337
14110.0,-0.11125810741434741
14111.0,-0.481748827909371
14112.0,-0.2846785666219471
14113.0,0.5422370474117318
14114.0,0.9278940796837316
14115.0,-1.5088100882061175
14116.0,0.4968199969066963
14117.0,0.5971225601302673
14118.0,-0.7773883377413286
14119.0,1.076935894325902
14120.0,-0.937662624936618
14121.0,0.15759000952796245
14122.0,0.2861418123544554
14123.0,-0.7260480532357015
14124.0,-1.3253551846591516
14125.0,-0.18821427316116313
14126.0,-1.470929940065116
14127.0,0.3138770013170085
14128.0,0.46126475406378353
14129.0,2.0731225384825818
14130.0,0.24720373069863805
14131.0,1.957700976276652
14132.0,0.12833528656723872
14133.0,-0.2500799581855643
14134.0,1.468196635067147
14135.0,0.3270047564110633
14136.0,0.10852133777472016
14137.0,-0.8828833344817467
14138.0,-1.0149422373316366
14139.0,1.9679956310549467
14140.0,-1.4961152230699688
14141.0,0.2931305565115103
14142.0,0.0508615017520074
14143.0,-0.3899944896794796
14144.0,0.7304426863904959
14145.0,0.4794862172198755
14146.0,-0.37064281292599527
14147.0,0.038409776463194094
14148.0,1.2575974022864307
14149.0,-0.6084612286646296
14150.0,-0.756180185839257
14151.0,0.014720922350525389
14152.0,-1.1022325803016462
14153.0,1.5755035870232428
14154.0,0.16535816064778577
14155.0,-1.446538619796449
14156.0,-0.7009847245265883
14157.0,0.5033251658773307
14158.0,1.3476877349515886
14159.0,0.6314571693170441
14160.0,0.9194957161656544
14161.0,1.3275808652311323
14162.0,-0.09410730129510285
14163.0,1.3281394706003176
14164.0,-0.555426053621147
14165.0,0.8617582942562162
14166.0,0.13919641359025162
14167.0,-0.478049207657633
14168.0,0.47272168502381573
14169.0,0.6859023235435048
14170.0,-0.01510798551880571
14171.0,0.47893707093864707
14172.0,0.5692735667151803
14173.0,0.6143545742358394
14174.0,-1.3389771513226476
14175.0,0.5524525268555198
14176.0,-0.6896179072656164
14177.0,-0.858085395848993
14178.0,-0.7076276313032323
14179.0,-0.6434204757432953
14180.0,0.6631694742625456
14181.0,2.2805396187215923
14182.0,0.9872771517292522
14183.0,-0.38090167731176927
14184.0,1.3168313083343774
14185.0,-0.3038208060208168
14186.0,-0.5907368763588882
14187.0,-0.013021095294963892
14188.0,0.4059635103884416
14189.0,1.5738172039710427
14190.0,0.9106137461678753
14191.0,1.5650496233676745
14192.0,-0.3330043801437688
14193.0,-1.7486436091071835
14194.0,0.44448365297933734
14195.0,0.16525564481994323
14196.0,-0.960117783743562
14197.0,1.6963242065150106
14198.0,-0.30495708667915267
14199.0,-1.0181550109328223
14200.0,-0.5251341718764124
14201.0,0.897807585741577
14202.0,2.124784768195904
14203.0,0.9713090694162086
14204.0,0.530801940654101
14205.0,-1.0388742784091087
14206.0,1.029299121223978
14207.0,0.8489884502234016
14208.0,0.5671896194751176
14209.0,-0.016253839151000257
14210.0,0.735918950964353
14211.0,1.434149238354342
14212.0,0.7768834103953572
14213.0,-2.2962791804452642
14214.0,-0.12145765480265168
14215.0,-0.5763091774670193
14216.0,1.169707580969729
14217.0,-0.16864029502324646
14218.0,0.19463906574840648
14219.0,0.1136846663566903
14220.0,1.5504291536393764
14221.0,-0.18906060118118387
14222.0,-1.0931000653516962
14223.0,0.4741925382012605
14224.0,-0.11516392611777687
14225.0,0.3733949056658163
14226.0,1.1950942770629494
14227.0,0.7050642886320573
14228.0,-0.3730898096511953
14229.0,-0.2978423146136765
14230.0,0.7674324434234726
14231.0,1.2232574691694738
14232.0,0.67987747705346
14233.0,-0.702915528757177
14234.0,0.08795611345101204
14235.0,-0.5377327031560223
14236.0,-0.08077118386950667
14237.0,-0.22563012038646932
14238.0,-1.1879568449333788
14239.0,-0.7375872859862429
14240.0,0.36733377448496063
14241.0,-0.4744572205206117
14242.0,-0.24430375894697356
14243.0,0.6323508545515589
14244.0,-0.11955896458842331
14245.0,-0.04151305527621161
14246.0,-0.25539511285841787
14247.0,-0.4339788950091081
14248.0,-0.41926419657831326
14249.0,0.4703566790807053
14250.0,1.4045196058047313
14251.0,0.23625195332813273
14252.0,-0.4676233967076816
14253.0,0.9499807634692372
14254.0,0.04495188236043733
14255.0,-0.946138780057782
14256.0,-0.805709175603689
14257.0,-0.4275538998402589
14258.0,1.3010628050044173
14259.0,-0.44054362128310687
14260.0,2.280817010713088
14261.0,-1.5918822915780233
14262.0,0.76264422920921
14263.0,0.08110310392503
14264.0,0.5952720145623123
14265.0,-0.9223725575971256
14266.0,-1.4314919243693212
14267.0,-0.20301442585825877
14268.0,0.05600579619082683
14269.0,-0.297592071571424
14270.0,0.7024067886505518
14271.0,-1.3204558532465784
14272.0,-0.22176800783596043
14273.0,0.3362575410248299
14274.0,0.3674600923003957
14275.0,0.0455919389710216
14276.0,-2.0659914910649473
14277.0,0.036964794382396374
14278.0,-0.07207635788336851
14279.0,0.9329683767375846
14280.0,1.3441512599987058
14281.0,-1.3577303345387992
14282.0,-1.1270794653618499
14283.0,0.41287456699350034
14284.0,1.2247957661920763
14285.0,0.1677348157984851
14286.0,-0.591672707292499
14287.0,-0.810893496312351
14288.0,-0.7527219100397792
14289.0,-1.6044095610278029
14290.0,-0.24749310684349649
14291.0,-0.5319365966239077
14292.0,-1.7482871340761599
14293.0,0.5572278551389234
14294.0,-1.856253659181201
14295.0,0.3588034572339681
14296.0,-1.1520567601790144
14297.0,-0.07958316933858367
14298.0,-0.48662519488778416
14299.0,-0.08871673946638894
14300.0,-1.0710723951045251
14301.0,-1.0055005825021155
14302.0,2.6586262514177736
14303.0,0.9118128460779628
14304.0,-0.7438078279327139
14305.0,-0.956942331925516
14306.0,-1.0436639817313136
14307.0,-1.530449631115805
14308.0,-2.474890767298342
14309.0,-0.4134244321999048
14310.0,-1.310951234344568
14311.0,-0.3673453702911943
14312.0,-0.9250760716948181
14313.0,-0.7552901701157437
14314.0,-0.3052375714474042
14315.0,-1.2512951960190057
14316.0,0.6296220580357397
14317.0,-1.7115819726640553
14318.0,-0.19564398271970657
14319.0,0.5243667056693968
14320.0,0.9101467957721634
14321.0,0.37361074452663035
14322.0,-0.9800801329350759
14323.0,0.6767619809714577
14324.0,1.0424241449369611
14325.0,-1.2834097567768203
14326.0,0.6263727980707774
14327.0,-0.8785667091111147
14328.0,-1.0493817727699588
14329.0,-0.39774036822466186
14330.0,1.1330147272732702
14331.0,-0.46186306267581134
14332.0,0.887285704909372
14333.0,0.5921433235734685
14334.0,-0.28047619344465136
14335.0,0.8097872344665242
14336.0,2.09752709035643
14337.0,1.0905365865691372
14338.0,0.902750955268019
14339.0,0.35723600851209825
14340.0,-0.49200388292608094
14341.0,0.4315576471568846
14342.0,0.45280599275239786
14343.0,-2.0920609823830087
14344.0,-0.9680396438251909
14345.0,-0.09868905120971065
14346.0,-0.3310828191916734
14347.0,-2.096811478512199
14348.0,0.38102945561377777
14349.0,0.3673443213530677
14350.0,-0.3839976995566716
14351.0,0.864984383895076
14352.0,-0.12475927515220896
14353.0,-0.01070347923416731
14354.0,0.8572578742697455
14355.0,-0.5152205561751485
14356.0,-1.1068706060621312
14357.0,-0.3367842431084078
14358.0,-1.696739485411222
14359.0,-2.2417702002370357
14360.0,-0.7149839384604149
14361.0,-1.564738364858048
14362.0,-1.8361228929904139
14363.0,0.5648222951229472
14364.0,-0.5790639787640114
14365.0,0.7963699915967318
14366.0,-1.0089707068438833
14367.0,0.5521016349964245
14368.0,0.591452756313886
14369.0,0.6178432342284641
14370.0,1.1105564394085656
14371.0,-0.9580127962989311
14372.0,3.1502129849811076
14373.0,-1.0917756758825774
14374.0,-1.525616372075243
14375.0,0.6032276869446784
14376.0,0.8772002401251402
14377.0,0.1975396679436929
14378.0,0.34760850824751666
14379.0,0.5639306421393777
14380.0,-1.3110365715457772
14381.0,-0.34222791608770176
14382.0,-0.03926844301349307
14383.0,-0.07459936891394792
14384.0,-0.30262122538400954
14385.0,-0.793929148258639
14386.0,-1.0474023007771156
14387.0,1.1965067733186532
14388.0,1.2636707030591225
14389.0,0.9753914116911033
14390.0,0.5929169280907195
14391.0,-0.4033139062963535
14392.0,0.10949715539851118
14393.0,-2.7701733677727947
14394.0,0.1634895667174589
14395.0,-1.1661234965517038
14396.0,-1.1246201225801835
14397.0,-0.42970044048390305
14398.0,0.9488708444168644
14399.0,1.2391402671566853
14400.0,1.022090878568948
14401.0,-0.11792409068864303
14402.0,0.203941730102378
14403.0,-1.2857485422663846
14404.0,-1.302824636418769
14405.0,0.5595159819147902
14406.0,-0.7996455475133076
14407.0,0.10981582968102334
14408.0,-0.9768057179058446
14409.0,-0.8301474948018351
14410.0,-0.4271084184881871
14411.0,2.472171906399482
14412.0,0.3634779595282354
14413.0,-0.263794786192664
14414.0,0.06346420168234149
14415.0,-0.6422197891669389
14416.0,0.23019987867273692
14417.0,1.154535351558784
14418.0,-0.6634795065522677
14419.0,-0.01708167743378703
14420.0,-1.2267888468762238
14421.0,1.1190427128385119
14422.0,-0.669776672579483
14423.0,1.1202876628391532
14424.0,-0.07332142917876205
14425.0,-0.2603585130528809
14426.0,1.525631552937385
14427.0,1.0576148780066899
14428.0,0.6125087941151484
14429.0,-1.2718827166391715
14430.0,-0.6213517738575557
14431.0,1.7865325971073434
14432.0,0.3922869894426557
14433.0,0.6021632423402251
14434.0,-1.432875382225405
14435.0,-0.48727399490439466
14436.0,0.5455391439464222
14437.0,-0.24062637756066238
14438.0,-0.06728646779015048
14439.0,-0.42430648941976995
14440.0,-1.0883980282136498
14441.0,1.1249170296084312
14442.0,0.1651877741549529
14443.0,0.1365460140228315
14444.0,-0.9187748772640594
14445.0,1.6372271917377474
14446.0,-1.618515282579553
14447.0,0.4036194878752274
14448.0,-0.2732187107277951
14449.0,-1.1552589115500695
14450.0,-1.5214111221870927
14451.0,0.862497618141431
14452.0,-0.05223169761866551
14453.0,0.0010776991849995277
14454.0,1.8295695129128264
14455.0,-0.549844483826687
14456.0,0.2756040030125949
14457.0,1.291484760808435
14458.0,0.8746959420609012
14459.0,-0.9095828541414264
14460.0,-0.993888259986435
14461.0,0.9391438049689798
14462.0,-0.4079057553970215
14463.0,0.5408574905221795
14464.0,-0.587948576287764
14465.0,-0.7736082736323033
14466.0,-0.2817933369847736
14467.0,-0.27754506410635704
14468.0,-0.5704369215151847
14469.0,-0.1423359723604866
14470.0,-0.26814428763770026
14471.0,0.4237946433909358
14472.0,-1.0732332867822842
14473.0,-0.42394216431726306
14474.0,0.771308577795898
14475.0,-0.728587306943782
14476.0,-1.331048712158207
14477.0,3.0549320315635096
14478.0,1.6320458350862328
14479.0,1.3562099359148692
14480.0,-0.05737048136847293
14481.0,-0.1785035119767674
14482.0,0.5029769022146505
14483.0,-0.896234676136869
14484.0,0.21457913687850422
14485.0,-0.029477648614247526
14486.0,-0.6109990283821394
14487.0,-0.9870980411575306
14488.0,-0.029425954003410502
14489.0,0.8406967007817877
14490.0,-3.4651177814818075
14491.0,-0.16884255867620435
14492.0,0.15054701679598873
14493.0,-1.124038465557692
14494.0,-0.42805881121740075
14495.0,0.011479313123886177
14496.0,-0.6618332971394054
14497.0,0.06783074543297515
14498.0,0.2537642913438987
14499.0,-1.066975972584259
14500.0,2.4110374130949004
14501.0,0.6661780138201739
14502.0,0.39439622262925444
14503.0,-0.4430155132861705
14504.0,-1.484021725280579
14505.0,0.1714981500707112
14506.0,-1.457345862628172
14507.0,1.4511296904845528
14508.0,0.7577078664687741
14509.0,-0.6534981864152752
14510.0,-0.8964530304135835
14511.0,0.6153501962371052
14512.0,-0.2872469508330795
14513.0,-0.386284102087481
14514.0,-0.9006304615370615
14515.0,0.692874034053331
14516.0,-0.17094617009848068
14517.0,1.0054476235880954
14518.0,0.0025733643878185575
14519.0,-0.8005456826722015
14520.0,0.3024751090682458
14521.0,0.6516583459850813
14522.0,1.7681327143350976
14523.0,0.8623073359723589
14524.0,-0.47888888292484394
14525.0,-0.6703444432506173
14526.0,1.1733157306548276
14527.0,-0.4745209005921494
14528.0,0.42367142470842156
14529.0,-0.9605410157827814
14530.0,-1.6928972350384417
14531.0,-0.15626347820228528
14532.0,-1.5930424862025248
14533.0,0.6415932634116975
14534.0,-0.003964484592428875
14535.0,-0.6876128257407834
14536.0,0.3156389680802968
14537.0,-0.011393783290152535
14538.0,0.7348643033326792
14539.0,-1.3114885372802574
14540.0,-0.6480771116072743
14541.0,1.5059282019197493
14542.0,2.6168668412232345
14543.0,1.1430674578693942
14544.0,-0.05465879193040558
14545.0,0.5358211668215226
14546.0,-0.6643077234924737
14547.0,-0.4190120861429004
14548.0,-1.3317964229387602
14549.0,0.7344045209070718
14550.0,-1.0633871858896555
14551.0,-1.2941538542854516
14552.0,1.3764853408641333
14553.0,0.1996036151831522
14554.0,0.16928797635682058
14555.0,1.3286467914447673
14556.0,0.6648268066866575
14557.0,0.8177220264979662
14558.0,-1.5693640862549332
14559.0,0.4503370257570197
14560.0,-0.4264273611363416
14561.0,2.2649109204496005
14562.0,-1.5573804800073332
14563.0,0.04683449758184933
14564.0,0.1331133768891283
14565.0,-1.6867242159466953
14566.0,0.3727720010284132
14567.0,-0.8422583448407154
14568.0,-0.6524439831574929
14569.0,0.04415378320806018
14570.0,0.867103666995695
14571.0,0.8899172786254742
14572.0,0.9873978071056305
14573.0,-0.0722409600895182
14574.0,0.21458715207244822
14575.0,-0.9746707835958507
14576.0,-0.4964039768336678
14577.0,1.4663647742247923
14578.0,-0.08636047984282466
14579.0,-0.7679024545360131
14580.0,-0.6234681109964632
14581.0,-2.6435000082406748
14582.0,-0.11775934784242559
14583.0,-0.3954532984422511
14584.0,-1.8083805958391377
14585.0,-0.6749954250661164
14586.0,-0.05016676620395926
14587.0,-0.39880061525584243
14588.0,0.8842226658647888
14589.0,0.5524976237802882
14590.0,0.6597204342160672
14591.0,-0.5959734146622042
14592.0,-0.08615477125998618
14593.0,1.3777999700744699
14594.0,2.0058144927398396
14595.0,0.83232548800072
14596.0,-1.300648028699757
14597.0,0.07957926582430527
14598.0,0.6124141991626828
14599.0,-0.6050302699471889
14600.0,-0.11893674776884285
14601.0,-0.6347064934275244
14602.0,-0.5917454761715331
14603.0,0.17778330057722008
14604.0,0.37312142455200265
14605.0,1.472623469061676
14606.0,-0.5443970637470347
14607.0,0.6528561865453721
14608.0,0.42248578389613894
14609.0,-1.0072145769527399
14610.0,-2.0740798847997706
14611.0,0.8615237162998342
14612.0,0.09161644016500559
14613.0,0.11510306050196173
14614.0,-0.06920002221975229
14615.0,0.4762679945946266
14616.0,0.9002416098019064
14617.0,0.0889790384297811
14618.0,-0.7652407260316887
14619.0,0.05237282128448585
14620.0,1.066424067931678
14621.0,-1.2658383402870328
14622.0,1.097627214349512
14623.0,0.47902898486628653
14624.0,0.9235492893122109
14625.0,-0.995241158296875
14626.0,0.240120822506489
14627.0,1.4165511280577516
14628.0,0.16075240548731956
14629.0,0.5141563007620625
14630.0,0.25768207272157073
14631.0,0.866706635427005
14632.0,0.4168064699625656
14633.0,0.19672734129088265
14634.0,-0.43812667330836086
14635.0,0.5485037556187704
14636.0,0.1393526965231983
14637.0,0.9476920993027202
14638.0,-0.22521421805030648
14639.0,0.927490287129237
14640.0,1.196109928062703
14641.0,0.9240602848644434
14642.0,-0.5240453147635447
14643.0,0.3189029240045055
14644.0,0.9428615170709741
14645.0,0.9629114008210631
14646.0,-1.3366996245753124
14647.0,-0.3936842573520076
14648.0,-0.3766932005757988
14649.0,2.323388662852079
14650.0,0.12634687414931484
14651.0,0.07010357400401641
14652.0,2.1877080184694075
14653.0,0.3277742286993181
14654.0,1.866799450837208
14655.0,-2.5875344255832493
14656.0,0.7933237734809873
14657.0,0.2601045459611662
14658.0,-0.5842694706944005
14659.0,1.2067142134798567
14660.0,-2.3156472786300313
14661.0,0.16956482774897513
14662.0,0.4278163038585134
14663.0,0.4039889809422242
14664.0,-0.21981282085868167
14665.0,1.1978233803536757
14666.0,-0.8789137234374048
14667.0,-0.7649079428734267
14668.0,0.17564301212606245
14669.0,-0.40067716216790666
14670.0,0.9850323980095679
14671.0,-0.7697590258755462
14672.0,-0.45547409971688096
14673.0,1.1125421077312798
14674.0,-0.3666399384613582
14675.0,-1.0984034574183719
14676.0,-1.8070066256300004
14677.0,-0.30998694344818545
14678.0,-0.6915654037716249
14679.0,1.0426866357695066
14680.0,2.204876045414089
14681.0,0.6509130966940588
14682.0,0.39909398314588557
14683.0,1.1113748950772069
14684.0,0.7040562381608487
14685.0,0.5988588132482829
14686.0,1.4057874084413076
14687.0,1.8604322969047902
14688.0,1.0207228620868294
14689.0,1.7269314361628296
14690.0,-1.7740618326922222
14691.0,0.6269544196423898
14692.0,-0.2781077076793768
14693.0,0.802678616804703
14694.0,-1.4650276428232059
14695.0,0.6962260097135685
14696.0,0.3254455598626857
14697.0,0.31383447868941294
14698.0,-0.14338994088880244
14699.0,-1.5115253282944623
14700.0,1.251316897918199
14701.0,-0.10479594816193613
14702.0,-0.3117359547229633
14703.0,1.7378149753978134
14704.0,-0.2823610967666451
14705.0,0.4182563929637555
14706.0,-1.2630413064478214
14707.0,0.49758642709712914
14708.0,0.5095388637331262
14709.0,-1.7189057536331656
14710.0,-0.07582501927027756
14711.0,-1.537204122983162
14712.0,-1.5421043979757423
14713.0,-0.8206015478118385
14714.0,1.1811898846755122
14715.0,-0.1975357798262096
14716.0,-0.0662858649766881
14717.0,-1.0478932785779616
14718.0,0.8661564241511555
14719.0,-0.37002748330381596
14720.0,-0.3711990643161579
14721.0,0.004521824593427726
14722.0,0.012330560859931786
14723.0,-1.0464037462004694
14724.0,-0.568849616978399
14725.0,0.7380563381620546
14726.0,0.2860592618849484
14727.0,0.3497219538579487
14728.0,-1.4768027660413603
14729.0,-0.4388126357914659
14730.0,0.7656125009416315
14731.0,1.2005907567002418
14732.0,-0.16941448209640939
14733.0,0.06310800660149009
14734.0,0.6622002421584746
14735.0,-0.30728981544989376
14736.0,0.6782962521103526
14737.0,1.5715583285346297
14738.0,-0.0009991699173850321
14739.0,1.445460390873469
14740.0,0.08054278901129616
14741.0,1.3670163918524283
14742.0,0.41677893918306413
14743.0,1.464175246458934
14744.0,-1.7484765154568542
14745.0,0.19219471309068914
14746.0,0.20180037652814964
14747.0,1.7228964595484404
14748.0,1.6959886022821922
14749.0,0.42580375682768196
14750.0,-1.1866559617917187
14751.0,0.11391453991632382
14752.0,1.9641385731480667
14753.0,-0.7210119363432892
14754.0,-0.6521140726679752
14755.0,1.606331630703386
14756.0,0.1245075961925782
14757.0,0.8300251535814823
14758.0,0.3578807579626676
14759.0,0.024211196837576703
14760.0,1.2000896010977453
14761.0,-1.4428504243741753
14762.0,-2.39573371074091
14763.0,1.012222084371456
14764.0,0.7390600875100434
14765.0,0.2934419298824085
14766.0,-0.12170712839785115
14767.0,-1.3427583799264733
14768.0,1.3028000478029131
14769.0,-1.1771020189173977
14770.0,0.11370412379718406
14771.0,0.8179285615426091
14772.0,-0.5060916164915775
14773.0,0.2149172150000549
14774.0,-1.7640843100921488
14775.0,-0.9186278883189976
14776.0,-1.1097624522628962
14777.0,0.7681177477601471
14778.0,-0.44903245238276757
14779.0,-0.5101596965207755
14780.0,-1.2467459155581282
14781.0,-1.8183438879292884
14782.0,0.7895460213227594
14783.0,-1.2195539441604357
14784.0,0.7965383457774445
14785.0,2.266450078599041
14786.0,1.1391627759924723
14787.0,-0.07898282677319321
14788.0,-0.4075440806249678
14789.0,-0.9594820879169642
14790.0,0.16612283078582918
14791.0,0.24810044950175722
14792.0,-0.7419132600210682
14793.0,1.863702132668603
14794.0,0.45923593203569546
14795.0,-0.1316164146281583
14796.0,-0.3628155717551114
14797.0,-0.20000561874351222
14798.0,-1.4498153724587297
14799.0,-1.3983748774712705
14800.0,0.3484265248827127
14801.0,1.54562062375875
14802.0,0.8491968957631879
14803.0,-1.6787874803696599
14804.0,0.3703704628826961
14805.0,0.03486022314216103
14806.0,1.621729550484125
14807.0,-1.2487162281021391
14808.0,-0.1437339285634567
14809.0,0.07954011210544153
14810.0,0.1646570484157288
14811.0,-0.14255405634469182
14812.0,1.2302678310982091
14813.0,0.680310218164389
14814.0,-0.33107256122824325
14815.0,1.1392817698969209
14816.0,-1.1383745420985287
14817.0,1.3875467865231943
14818.0,0.47161310639273035
14819.0,-0.45978610916737955
14820.0,1.1761141607594952
14821.0,-0.48201187444288257
14822.0,0.431424570320629
14823.0,-1.5186095327141802
14824.0,1.8700501316927478
14825.0,-0.27195283452761027
14826.0,0.5277400533477572
14827.0,-0.3065447598145083
14828.0,2.213792842981837
14829.0,-1.5366614388369986
14830.0,1.335385985640959
14831.0,0.5834755261634
14832.0,-0.2531414951924167
14833.0,0.16558512191768193
14834.0,0.5645046466043591
14835.0,-0.6953613198936778
14836.0,1.5471038900524534
14837.0,0.44249090548753656
14838.0,-1.377138070259005
14839.0,-0.29079331681731996
14840.0,1.697077431681223
14841.0,-0.9104796119695614
14842.0,-1.967412257814081
14843.0,0.9988200944181358
14844.0,2.1830417490983858
14845.0,0.33509395288333477
14846.0,-0.16905565684710253
14847.0,-0.5532914575594007
14848.0,-1.0820669307795863
14849.0,-1.4272966284645154
14850.0,0.3059983044394023
14851.0,-0.9102835818440321
14852.0,-0.877675897407866
14853.0,1.2783976144725995
14854.0,0.25230192147843755
14855.0,0.28455642142099097
14856.0,0.9355893705365674
14857.0,-0.026020488767870283
14858.0,-1.098172572657919
14859.0,0.018338122512090556
14860.0,-0.339283291634775
14861.0,0.37053989501115897
14862.0,-0.9032947802110939
14863.0,-1.49629689001568
14864.0,-1.4411753427202478
14865.0,0.38426498821145316
14866.0,-0.09537606877598236
14867.0,-0.6370828528173202
14868.0,0.2508572128303472
14869.0,-0.5792967610477229
14870.0,0.1560398650769847
14871.0,-1.355569208510145
14872.0,0.47299080210097016
14873.0,0.31885876179307937
14874.0,1.7642325606055798
14875.0,-0.46956948112814306
14876.0,-0.38896446859175904
14877.0,-0.08909419576633895
14878.0,0.81502181838163
14879.0,-0.86543889987742
14880.0,-0.37770726856958786
14881.0,1.2214431940218329
14882.0,-0.6263816109057618
14883.0,-0.21511147954510704
14884.0,0.07820161635785322
14885.0,0.27219363410686187
14886.0,-2.3249639799521944
14887.0,-2.2619601303205847
14888.0,0.7851709519303056
14889.0,0.8274439101692175
14890.0,-0.6686772609102167
14891.0,0.942220733681502
14892.0,-0.21810914443825652
14893.0,0.22300102484355802
14894.0,-1.258264065009684
14895.0,-0.468565478972491
14896.0,0.7042285496315609
14897.0,-0.4118814827027368
14898.0,0.4964255319244973
14899.0,-0.5615952488449646
14900.0,0.0019069082510299858
14901.0,0.8119104935159895
14902.0,-0.8971980227583537
14903.0,1.0009292574944617
14904.0,2.122865781366955
14905.0,0.8709054322340117
14906.0,2.250293930283041
14907.0,-0.2187367277696818
14908.0,-1.5004729754039123
14909.0,0.311510367514536
14910.0,0.04375243897321243
14911.0,1.0092514226933387
14912.0,-0.9165506488754736
14913.0,0.7972575683234969
14914.0,1.178530954618383
14915.0,0.5316591636640418
14916.0,0.10874762939678735
14917.0,0.8500244154868652
14918.0,-2.2604317714607602
14919.0,-1.8076707281135072
14920.0,0.2827755637143203
14921.0,-1.4165243670954144
14922.0,-0.3157957976783731
14923.0,1.1459708946372007
14924.0,0.8738424598126416
14925.0,-1.3980263594213176
14926.0,1.9247218701754227
14927.0,-1.0433546614337246
14928.0,0.2540856980078001
14929.0,-0.051290209611974315
14930.0,-0.04778110786648244
14931.0,0.16723047428340682
14932.0,-0.43023679123630776
14933.0,-0.526535391369843
14934.0,0.5481601476258258
14935.0,0.13603500103840174
14936.0,1.2120958348034687
14937.0,0.2960110391445489
14938.0,-0.1800024243916416
14939.0,0.6571388151770391
14940.0,-0.274394058153484
14941.0,0.11313153757345239
14942.0,1.2752938020395657
14943.0,-0.6933470378867742
14944.0,-0.5650827772402186
14945.0,-0.2687343818809287
14946.0,0.10768428994243065
14947.0,1.555572442731127
14948.0,-0.446102064511885
14949.0,-0.03281289130691744
14950.0,-1.0340434576675774
14951.0,-0.8606362173870319
14952.0,0.6688126016153517
14953.0,-0.9313764610724689
14954.0,-1.7382451420845328
14955.0,0.8050616910581961
14956.0,-0.6693145761435931
14957.0,-1.6782636978570877
14958.0,1.2157375933711578
14959.0,-0.5970003438761337
14960.0,-0.4933231038343278
14961.0,0.019500139163905802
14962.0,0.00978571907274499
14963.0,1.5751903977288526
14964.0,-1.254909207553592
14965.0,0.3162843214205616
14966.0,-0.8665370745740204
14967.0,0.2934388517995863
14968.0,1.195700376850021
14969.0,0.334247581426339
14970.0,-0.7377456302737211
14971.0,-1.613166861094088
14972.0,-0.3756764965443883
14973.0,0.7278724320357345
14974.0,0.47749109928320155
14975.0,0.2771860625480566
14976.0,-0.07037967418960955
14977.0,-1.0609124720726084
14978.0,0.7950231055010287
14979.0,-0.20270873484316554
14980.0,0.6564832895326617
14981.0,0.29962000976737907
14982.0,-1.6288162366584997
14983.0,-0.10121563540143844
14984.0,-1.0925261459551816
14985.0,-0.08367958722943422
14986.0,-0.696517266910919
14987.0,-0.08359748630368785
14988.0,-0.5934696660362901
14989.0,0.22927566813653905
14990.0,0.44803772150678156
14991.0,0.4353613152830681
14992.0,0.16950557336721297
14993.0,0.20634661583388886
14994.0,-0.05996650415255106
14995.0,-0.8776854278304531
14996.0,1.1140977372181717
14997.0,0.3822321344044368
14998.0,-0.5944602825541337
14999.0,-0.4005364533740364
15000.0,0.045375511192616146
15001.0,0.49816055584217256
15002.0,0.12822946629734755
15003.0,-0.09848494684363418
15004.0,-0.2069840505028717
15005.0,0.45344478375829045
15006.0,1.3683062243536512
15007.0,1.0330436699509802
15008.0,0.4597372056052467
15009.0,0.09331016815060486
15010.0,2.428266989028917
15011.0,2.0086036523681448
15012.0,0.3112174329060029
15013.0,1.6808032901399164
15014.0,0.7107916933969007
15015.0,-0.45161783513064485
15016.0,-0.5114996419106731
15017.0,-0.4384782261695183
15018.0,1.3368381181092563
15019.0,-1.9467623326166392
15020.0,-0.5027736257576824
15021.0,-1.5793156291270956
15022.0,0.5029026558927882
15023.0,0.565486292745935
15024.0,-1.0584187923126143
15025.0,-0.5528371546253491
15026.0,0.6625579389868699
15027.0,1.6266890601000545
15028.0,1.1540731417067978
15029.0,0.9666943232312395
15030.0,-1.0168248823155113
15031.0,-0.6552516662696248
15032.0,1.1760249758011605
15033.0,2.5311540674968036
15034.0,0.01088167787685184
15035.0,0.052201539865494265
15036.0,0.918798342398069
15037.0,-0.35486114208655034
15038.0,-1.808716433684241
15039.0,-1.7889207707570884
15040.0,0.30327523824623276
15041.0,0.28739193394390955
15042.0,-0.6639563734877031
15043.0,0.17280808448507495
15044.0,0.7076124857632536
15045.0,1.138116939142362
15046.0,0.3953807530561996
15047.0,-0.2970777963943113
15048.0,-0.8310355996027102
15049.0,-0.8435269562558475
15050.0,0.735201865138223
15051.0,0.6075427472932557
15052.0,2.8545338736669232
15053.0,1.3541226808562334
15054.0,0.001026898163118744
15055.0,-0.591507493264968
15056.0,0.27424099032645644
15057.0,-0.02863702097867593
15058.0,-1.6171139135842403
15059.0,0.25970479289483867
15060.0,-0.8519622223723193
15061.0,-0.9418193491178841
15062.0,-1.827630507230595
15063.0,-0.28700399841464436
15064.0,-1.4478689641937168
15065.0,-1.5149872760141911
15066.0,-0.31724239235300294
15067.0,1.367327181654935
15068.0,-0.2491822587850091
15069.0,-0.6767372876946463
15070.0,0.022776642595639027
15071.0,0.5292507046228184
15072.0,-0.15478600516550045
15073.0,0.3663745450287534
15074.0,-0.06335972756194817
15075.0,-0.0031971998914308063
15076.0,-0.9949377483148311
15077.0,-1.78350592990442
15078.0,-0.720595051667659
15079.0,0.05599293103983151
15080.0,0.4065364478171366
15081.0,-0.4501680299017818
15082.0,-0.8291832763744115
15083.0,-0.13055877862262036
15084.0,0.2726574407716958
15085.0,2.479290411489399
15086.0,-0.04048794553165692
15087.0,-0.40836851438072597
15088.0,0.10920585656515415
15089.0,0.468370709745083
15090.0,1.9086532288877505
15091.0,-1.948114339363054
15092.0,0.6786630416783952
15093.0,0.1223725466466747
15094.0,-0.3233698643776495
15095.0,-0.5002658154029502
15096.0,1.976878279600212
15097.0,-0.4539974059794405
15098.0,0.894716911870566
15099.0,1.3057555998417936
15100.0,-0.22216566893976863
15101.0,0.6448965434212464
15102.0,0.03542302549738558
15103.0,-0.9256836934499081
15104.0,0.2323260649277497
15105.0,-0.47796291861840706
15106.0,-0.7346966830670367
15107.0,1.2549236213459576
15108.0,1.2777649089300902
15109.0,-0.2834510751678611
15110.0,1.0851586590830269
15111.0,-0.6714646421239518
15112.0,0.5477255070120667
15113.0,0.29582959338851245
15114.0,0.44249952557963024
15115.0,0.7848159352539729
15116.0,-1.246109018787621
15117.0,-0.6031343464212698
15118.0,2.6014593469819722
15119.0,0.6686058172572238
15120.0,0.6547565432955633
15121.0,1.6873383413352574
15122.0,-0.8882950376494102
15123.0,-1.5519801479604078
15124.0,0.9376783553577569
15125.0,-1.0976007050981618
15126.0,-0.6876575315745941
15127.0,-0.7394103059431121
15128.0,-0.005268886952970483
15129.0,2.009346177870715
15130.0,-1.0446187936713163
15131.0,0.6772847331339432
15132.0,0.3794047980173088
15133.0,-0.40679334635670583
15134.0,0.6896547313202543
15135.0,0.14021677078272243
15136.0,-0.4721148148372024
15137.0,0.05781790949744599
15138.0,0.002302596343129753
15139.0,-1.0226607920086443
15140.0,-0.753278492560829
15141.0,0.20753658491572952
15142.0,-0.40444713073615385
15143.0,-1.2480926051256078
15144.0,0.7258048094714276
15145.0,1.6100509088211714
15146.0,0.43816318281330524
15147.0,0.2526981736056265
15148.0,0.017998467401105687
15149.0,3.0479914437892
15150.0,-1.056119967905664
15151.0,-1.7495277569051522
15152.0,-0.42192497332415696
15153.0,-0.21733910443741283
15154.0,-0.0728561741886179
15155.0,0.4541955374986477
15156.0,-0.8739903769359211
15157.0,-0.15783870107995138
15158.0,1.4081190097513268
15159.0,2.3159780322481978
15160.0,-1.5697482326870615
15161.0,0.17486745251847047
15162.0,-0.5258374118406003
15163.0,0.06754421421501816
15164.0,0.6282092701494643
15165.0,-1.5595578969877475
15166.0,-0.38116596873119174
15167.0,1.7037852806222908
15168.0,1.7274026440366568
15169.0,0.888285804885027
15170.0,-0.15577161849566462
15171.0,-0.6204948190297732
15172.0,0.014900899690489647
15173.0,1.743460990199865
15174.0,0.7340992896219343
15175.0,-0.7830491767075498
15176.0,-0.38624951614270164
15177.0,1.4968968232002389
15178.0,0.2967311550609244
15179.0,-0.32591416542750584
15180.0,1.015054454594292
15181.0,0.012245516441377684
15182.0,0.6761003185747045
15183.0,-0.21981945201116215
15184.0,0.8008712897797866
15185.0,0.39085971192458585
15186.0,0.7793442370295353
15187.0,-0.41381195895165923
15188.0,-0.3594455465158886
15189.0,-0.05880952076399417
15190.0,-2.5359071509532187
15191.0,0.7215302513013127
15192.0,-0.6947473441163667
15193.0,0.1100891943013809
15194.0,-0.7332859650735214
15195.0,-0.0014099400606473918
15196.0,1.4729672035973063
15197.0,0.023371486007530622
15198.0,-1.4524193527105687
15199.0,-1.8308566310538126
15200.0,2.3166643440483954
15201.0,0.4450716193794525
15202.0,0.048317009701185375
15203.0,0.7690798984963966
15204.0,1.2544610819567348
15205.0,-0.32516864867355916
15206.0,0.22277483128797748
15207.0,-1.3037062955676437
15208.0,0.402100879249298
15209.0,-0.7795873530671952
15210.0,-0.08657708149852905
15211.0,0.019048911907971013
15212.0,-0.025321185583351436
15213.0,1.1852166843676601
15214.0,0.20974605923378362
15215.0,0.5958972792914059
15216.0,-0.7476008742511996
15217.0,-1.7702822665148257
15218.0,-0.6444118602263698
15219.0,-0.2834242825590857
15220.0,-0.2644323548261683
15221.0,1.7708816585923601
15222.0,-2.6194180327060934
15223.0,-1.203218041265525
15224.0,0.21216184495424928
15225.0,0.03599178065442488
15226.0,0.6139382135939022
15227.0,-0.15198391286879037
15228.0,0.6654256757545534
15229.0,0.4321434233345921
15230.0,0.16931995261087493
15231.0,0.15631668601442747
15232.0,0.5634706999421023
15233.0,-1.2909459724481165
15234.0,-0.40141417263728346
15235.0,1.9445948765114036
15236.0,-0.4051545116691039
15237.0,0.4982575946212048
15238.0,1.0399035261545213
15239.0,-0.7117406209440396
15240.0,2.089066281047018
15241.0,-0.8159352703504786
15242.0,0.37517349659003035
15243.0,-0.12552864902503713
15244.0,-1.2550487990593726
15245.0,-0.4429965115601529
15246.0,-1.3702725354504242
15247.0,-1.3767326262018016
15248.0,1.1706778116164358
15249.0,-0.49877637414457204
15250.0,-0.6893693650624613
15251.0,1.7265444317659993
15252.0,-0.342941279789979
15253.0,-1.7613097454133695
15254.0,0.8708459973336619
15255.0,1.2108262920953188
15256.0,-1.2100072821674714
15257.0,2.2725840042855867
15258.0,-1.2785540380112814
15259.0,0.5302706605478652
15260.0,0.9555842771551271
15261.0,-0.7693524061715598
15262.0,1.5994660199347104
15263.0,1.0851968243949666
15264.0,1.1308621423248026
15265.0,-0.30845218447193007
15266.0,0.2721742974804319
15267.0,-0.9756178360109615
15268.0,-0.030092453942758318
15269.0,-0.13745388928360983
15270.0,1.2909963055778122
15271.0,-0.7038463431912312
15272.0,-0.9939874326941776
15273.0,-0.474246525795852
15274.0,-0.3257439768468704
15275.0,-0.7514051520175186
15276.0,0.613193828142728
15277.0,0.1336495561368078
15278.0,2.1883592418766487
15279.0,0.09857376785348404
15280.0,-0.7383989943213664
15281.0,-0.47655419939522176
15282.0,1.9238005911164273
15283.0,-0.6319686802679386
15284.0,0.9891722213096311
15285.0,-0.10667455318662072
15286.0,-0.71469865130581
15287.0,-0.35693048648339576
15288.0,0.026258055926219038
15289.0,-0.12332937401364266
15290.0,0.7118823296856939
15291.0,-1.0753472192465912
15292.0,-0.3742783398322072
15293.0,1.2194508831114428
15294.0,0.4888489211040985
15295.0,0.17680309089293522
15296.0,-0.4769696045618767
15297.0,-0.34175555278743736
15298.0,-0.8209650756651461
15299.0,-0.46112238623046237
15300.0,-1.5718549708328182
15301.0,-0.2964655070921971
15302.0,-2.6815138702922154
15303.0,0.7784731406160568
15304.0,3.73924305437531
15305.0,-2.022436738508022
15306.0,0.07978081652425219
15307.0,0.2047364484874973
15308.0,0.854839838688037
15309.0,2.25251286605936
15310.0,-1.560156347153962
15311.0,-0.7341069212971304
15312.0,0.983484766030084
15313.0,0.8545404278096822
15314.0,0.48607230104601856
15315.0,0.11690525211520894
15316.0,0.2805145560636905
15317.0,2.2914680522499355
15318.0,-1.0599431158533204
15319.0,1.599899618637902
15320.0,0.7817039836332832
15321.0,1.3822800403872955
15322.0,-1.9523625291986157
15323.0,0.21141491549910357
15324.0,-0.28714933628544487
15325.0,-1.3446315477857558
15326.0,-0.29009660993555736
15327.0,-0.50375909781187
15328.0,0.7248133922633562
15329.0,0.17955919993160016
15330.0,-0.6668814989641176
15331.0,-1.686966446206117
15332.0,-1.957883248839557
15333.0,-0.061692225578069894
15334.0,-1.130301309500177
15335.0,0.11957696090156243
15336.0,-0.5772071487721284
15337.0,2.767301271018536
15338.0,-1.065758589150152
15339.0,-0.018018195064942465
15340.0,0.7273117163144694
15341.0,-0.12850233399403616
15342.0,0.13344589102308635
15343.0,0.8478974025134636
15344.0,-0.40474640981331883
15345.0,0.011612107416473944
15346.0,-0.1439138139357292
15347.0,-0.3364026254353181
15348.0,0.60791072664435
15349.0,-0.38636076629486243
15350.0,-0.45375415422553184
15351.0,-1.6664339514503348
15352.0,0.28952763304619145
15353.0,-0.6786199596779636
15354.0,1.060957291622906
15355.0,1.1655851712526712
15356.0,1.0683696849161246
15357.0,0.24320516536753534
15358.0,0.659796286231485
15359.0,-0.4098089947546829
15360.0,0.387239038881758
15361.0,-0.024433489938049405
15362.0,0.4195491877029055
15363.0,1.389670957852446
15364.0,-0.8954608748637598
15365.0,1.3083486772606399
15366.0,1.6599601162639914
15367.0,-1.22496854599121
15368.0,-1.1240075112325558
15369.0,0.13023662756008222
15370.0,1.6144037618130036
15371.0,1.1781819396168345
15372.0,0.10864330047761846
15373.0,1.2590424040941173
15374.0,1.2978958612195455
15375.0,0.8712194037079324
15376.0,-0.9340482277706853
15377.0,2.0940990648459126
15378.0,0.4241655994519801
15379.0,0.212293271006079
15380.0,-0.7718447168943757
15381.0,0.42684803551356193
15382.0,1.1369045659649475
15383.0,0.07258858625262186
15384.0,0.10876930844627887
15385.0,-1.1699177164928796
15386.0,1.7529428490344836
15387.0,-1.0661370610429144
15388.0,0.3424174771470229
15389.0,0.5745921462721405
15390.0,-0.7882726777722502
15391.0,-0.15391998294023385
15392.0,-1.284034275739775
15393.0,-0.5292764726264615
15394.0,0.945975125850247
15395.0,1.1221393850509385
15396.0,1.448539915780336
15397.0,1.527344038887247
15398.0,-0.4420787128699713
15399.0,0.4346325555660819
15400.0,-0.18731465820413973
15401.0,0.5140156155842938
15402.0,1.1861070907591607
15403.0,0.38534722407220023
15404.0,0.5873454139273853
15405.0,-1.0778615052115947
15406.0,0.5654263193141307
15407.0,-0.7279454115140234
15408.0,0.31711643135612827
15409.0,2.107892730344106
15410.0,1.4340372390490166
15411.0,-0.3863380465181604
15412.0,0.12202501301676563
15413.0,-0.12330043202146161
15414.0,-0.6901224912560248
15415.0,3.136593008688816
15416.0,0.03978292953712727
15417.0,-0.672894443861271
15418.0,-0.3011782409593108
15419.0,1.0529719459139353
15420.0,-0.1953534820897383
15421.0,-0.2468506601169104
15422.0,-0.4684563498164389
15423.0,-0.39578752094951997
15424.0,0.5883504114269
15425.0,0.4849594630680473
15426.0,1.114388376880459
15427.0,-0.21514454148339907
15428.0,-0.5161155507147811
15429.0,0.2062566465031913
15430.0,-1.414784747386497
15431.0,-0.17040415545513132
15432.0,-0.8125701402649632
15433.0,-0.494093665434585
15434.0,0.13988186086109083
15435.0,-1.415104011002111
15436.0,0.3188978687354837
15437.0,1.4180805284709601
15438.0,1.1455897855812425
15439.0,0.13122549195573652
15440.0,-1.5544354915142888
15441.0,0.40450660352382106
15442.0,-0.62765619886103
15443.0,0.5089744524288916
15444.0,-0.32725483946785894
15445.0,1.4607517023556895
15446.0,0.777852091989878
15447.0,1.118495155416636
15448.0,-0.6848251528686873
15449.0,-0.9942173259152259
15450.0,-1.3535722468944398
15451.0,0.5506137656439993
15452.0,-0.3082105124408669
15453.0,-0.5459623220551596
15454.0,-1.550026193558881
15455.0,1.262062861785566
15456.0,1.045465516090105
15457.0,-1.712127867975424
15458.0,-0.4486075584749958
15459.0,-0.1586515613315496
15460.0,-0.7541405900889296
15461.0,-0.5713197388089143
15462.0,1.7316045853971191
15463.0,-0.6278413203351155
15464.0,0.24659096860941676
15465.0,-0.6592644496153747
15466.0,1.2979702963131954
15467.0,1.1983177265179568
15468.0,-0.04524826241580409
15469.0,-0.007280828587025906
15470.0,-1.1133316956242938
15471.0,1.2071425992458502
15472.0,-0.771223698195566
15473.0,0.9456849763586702
15474.0,1.8291958629868463
15475.0,0.48473540287044936
15476.0,-0.6397499646904776
15477.0,0.31315103330657673
15478.0,-0.5713920876503825
15479.0,-1.972190672052662
15480.0,1.0702989801680345
15481.0,-0.5722029069714181
15482.0,0.23206831547482124
15483.0,2.796324015278016
15484.0,0.7210360840171366
15485.0,0.28867082985687903
15486.0,-0.6884362175018925
15487.0,-0.297542011153363
15488.0,2.8768901163866176
15489.0,0.19457250845157628
15490.0,0.6486719769592321
15491.0,0.8184268952539608
15492.0,-1.5809318214491956
15493.0,-0.05436458364158751
15494.0,-1.5657728180389383
15495.0,1.2063308665215413
15496.0,0.028686740376476158
15497.0,0.3378063708369459
15498.0,0.740705971929844
15499.0,-0.7306057079811928
15500.0,-1.7682330414727387
15501.0,-0.32424191481856124
15502.0,0.10901488712810499
15503.0,0.3730179461131915
15504.0,0.3970894761970357
15505.0,-0.33294678525656923
15506.0,0.10592798481382337
15507.0,-0.7986679593228718
15508.0,1.16014057037213
15509.0,-0.42576207933346893
15510.0,-2.1166269945997365
15511.0,-0.23328631224637641
15512.0,0.6143218452013375
15513.0,-0.07672251234822566
15514.0,-0.697497290418227
15515.0,-0.23282527524613678
15516.0,0.7996313921884582
15517.0,0.25147963449482325
15518.0,0.7940192841223188
15519.0,0.2758649689487366
15520.0,-1.115532811134281
15521.0,0.6738236287841857
15522.0,1.7626117763667013
15523.0,-0.3185660353424967
15524.0,0.6909504185015963
15525.0,2.083038339797963
15526.0,-0.9989728767379394
15527.0,0.830095533107917
15528.0,-0.7353659537778748
15529.0,-0.29973767188154465
15530.0,-0.8511208340382799
15531.0,-0.20155298710395714
15532.0,1.7153813321800337
15533.0,-0.32409492168092185
15534.0,0.565813290778039
15535.0,0.9956179755600854
15536.0,-0.6565022098012646
15537.0,-1.3550965151747825
15538.0,-1.404820093523215
15539.0,-1.3739499808148723
15540.0,-1.1529667630034501
15541.0,-1.3801995528178947
15542.0,-0.6808486240618963
15543.0,0.7313997175867251
15544.0,2.359839345527719
15545.0,1.1440018234668143
15546.0,1.7160196994729637
15547.0,1.4266502100805454
15548.0,0.632333482627456
15549.0,0.6655722295807457
15550.0,0.7805286680832109
15551.0,-0.05149764998777369
15552.0,-0.7448450094703785
15553.0,-0.5810290058543257
15554.0,0.3741987649558585
15555.0,2.077892644033596
15556.0,1.033014009006966
15557.0,-2.008746840379261
15558.0,1.4672608252132469
15559.0,0.46567702605102235
15560.0,-0.8069582775516871
15561.0,0.15892879758048176
15562.0,-0.26706341916668724
15563.0,0.15497138600521218
15564.0,-0.6213737028668435
15565.0,0.42304225779427124
15566.0,0.08840810226787056
15567.0,-0.4676574375143095
15568.0,1.8517754795805141
15569.0,-0.8816686319157289
15570.0,-0.26225774835451615
15571.0,0.10475007750037023
15572.0,-0.3239299403818987
15573.0,0.3553440444265803
15574.0,-0.5586556380444144
15575.0,-0.6722200297586162
15576.0,-0.23354158771918312
15577.0,-1.9857708714226177
15578.0,1.2755956824764603
15579.0,-1.0353704869222875
15580.0,-2.1493788004681167
15581.0,-0.18006548919763588
15582.0,1.1834877242115818
15583.0,-2.3847295774123918
15584.0,-0.4751422287897693
15585.0,-0.08017425296847991
15586.0,-0.010677615042674844
15587.0,-1.9928263213445612
15588.0,0.7019210199012269
15589.0,0.10658467342451375
15590.0,-1.635697693144503
15591.0,0.008168366055324942
15592.0,1.103848628886617
15593.0,-0.9317179915047737
15594.0,0.2175888722534071
15595.0,2.4340696324382307
15596.0,-0.9600662141841438
15597.0,0.0007688173110734293
15598.0,1.4425631436003243
15599.0,-0.35798004760972235
15600.0,-0.5317623818518472
15601.0,-1.3458809179033389
15602.0,0.558558554046058
15603.0,-0.5196982927516163
15604.0,0.057380295921507896
15605.0,1.7385290761236099
15606.0,1.012721357879673
15607.0,-1.1730252103781993
15608.0,-1.8031742489388616
15609.0,-0.46261190951942716
15610.0,0.49034565779318195
15611.0,0.3432185413852654
15612.0,-0.15741780948150463
15613.0,-0.6306668457444202
15614.0,-0.23750299617237497
15615.0,1.1145853594992712
15616.0,0.9890816079851259
15617.0,0.7987279812033276
15618.0,0.4699818902081771
15619.0,0.9258597126119381
15620.0,0.6697628500649115
15621.0,1.2492012358218234
15622.0,1.2790420705153804
15623.0,0.5714696068908607
15624.0,-0.6268368232602131
15625.0,0.9210227977467171
15626.0,-1.4407309054928232
15627.0,-0.5796118386710195
15628.0,0.20361351812221148
15629.0,0.18865917358322
15630.0,-0.23209675318878015
15631.0,0.3538539540241863
15632.0,-1.4355727598148578
15633.0,2.1475991918791273
15634.0,1.2682207950793176
15635.0,-0.5739221037379392
15636.0,0.9375011219629953
15637.0,-0.02625848915120329
15638.0,0.989816184121375
15639.0,0.9476735040897475
15640.0,0.4321767329440412
15641.0,0.0730697695026769
15642.0,-0.6017150365218449
15643.0,-0.6934888298116716
15644.0,-0.8942231040804421
15645.0,-0.7066616493602371
15646.0,1.905217535928833
15647.0,-1.2158230971376363
15648.0,-0.7585949120569729
15649.0,0.49467517728167165
15650.0,-1.8769824890362008
15651.0,-1.1736621473227076
15652.0,1.0171003817791757
15653.0,0.4610863870220944
15654.0,0.4501724072188822
15655.0,2.0414995997682146
15656.0,0.9845683021385607
15657.0,-0.028761221618665705
15658.0,-0.10250874785331096
15659.0,0.2812775457881899
15660.0,0.9200256051416001
15661.0,0.19321691402918356
15662.0,-1.8600172361914264
15663.0,-2.1907193810659376
15664.0,0.3712802549443808
15665.0,-2.6911404933865133
15666.0,-0.4861772975329472
15667.0,0.8113838681204546
15668.0,-0.16935530742703925
15669.0,1.940608353790913
15670.0,1.0702148928681603
15671.0,-0.5801864762691655
15672.0,1.1658877087085204
15673.0,0.08410654149423885
15674.0,0.7569481769302053
15675.0,-0.6484844617512405
15676.0,0.3458249003880123
15677.0,-0.3039240559876783
15678.0,0.609433648910359
15679.0,0.9804402006474806
15680.0,-0.5927104956055744
15681.0,-1.3400302901483045
15682.0,0.37768973873406764
15683.0,-0.32343126859825
15684.0,1.9872017274638836
15685.0,1.129418424407845
15686.0,-0.24043982982952095
15687.0,0.6903934365419084
15688.0,0.8533759482351159
15689.0,-0.16846605806632808
15690.0,1.3386259871286206
15691.0,-0.2206818660422783
15692.0,-0.6259750273291931
15693.0,-0.10771557202969212
15694.0,-1.138624642737955
15695.0,-2.257639325826175
15696.0,1.2257031646444236
15697.0,0.7928045045835334
15698.0,-1.2548689177328436
15699.0,-1.0564093231827978
15700.0,0.449781686224811
15701.0,0.29449531621419145
15702.0,0.061699305683208965
15703.0,-0.9737231053526614
15704.0,0.2770970134366814
15705.0,0.8413706236598895
15706.0,0.6736898190994189
15707.0,0.9673941375789785
15708.0,1.574882061333632
15709.0,-1.1544485743447563
15710.0,0.9499993530393803
15711.0,1.3645626061130218
15712.0,-1.4308545642651778
15713.0,-0.142765340407452
15714.0,2.0891021920461226
15715.0,0.38190088693400975
15716.0,-1.808751166877734
15717.0,0.663554652409327
15718.0,1.662084070744228
15719.0,-1.136770030425665
15720.0,0.5984837171321501
15721.0,-1.6782308352879605
15722.0,0.6464452396483498
15723.0,1.9674268491467721
15724.0,-0.06818585605888479
15725.0,-0.8606438422158416
15726.0,-0.20136880316323255
15727.0,1.4124499076760726
15728.0,-0.09338111468231014
15729.0,-0.5607086156302777
15730.0,-0.007349141420623225
15731.0,-1.5361248737982933
15732.0,0.12624975643133668
15733.0,-0.6865540311027979
15734.0,-1.2487945711948603
15735.0,0.6110511902499861
15736.0,-0.18994158013957646
15737.0,1.2245696775132207
15738.0,1.168748986145285
15739.0,0.14124977895556237
15740.0,-0.02843873461724972
15741.0,-0.26133602482296897
15742.0,-1.9159100128139455
15743.0,-0.6503035395378188
15744.0,-1.2018269544207252
15745.0,0.11573111702522303
15746.0,-0.02291340819164183
15747.0,-0.3493869578051774
15748.0,-1.537396060514478
15749.0,0.07068057928162427
15750.0,1.3933642511231719
15751.0,-8.94446933844675e-05
15752.0,-1.3261639201461406
15753.0,-1.4798268467065838
15754.0,1.0379336927999472
15755.0,0.30909378564573214
15756.0,0.7864492377744876
15757.0,0.8983279633742687
15758.0,0.986096758487371
15759.0,-0.8227246778858294
15760.0,-0.28945916646996755
15761.0,-0.24418134499760902
15762.0,-0.46292481402713126
15763.0,0.416341159571771
15764.0,-1.3791347714778839
15765.0,-0.3796503422744943
15766.0,0.9584101538110772
15767.0,0.8130665804267138
15768.0,-0.10565133461266264
15769.0,-2.587390921761455
15770.0,1.1187916517099408
15771.0,0.5110532381031182
15772.0,1.9734410655167909
15773.0,-0.08666779038403868
15774.0,0.6020093063305545
15775.0,-1.8602457247330384
15776.0,0.1620637807615403
15777.0,-0.12097422479479712
15778.0,0.8944628538152545
15779.0,0.9135137675244669
15780.0,0.4230133732152153
15781.0,-0.4692326502323352
15782.0,-2.256406211414101
15783.0,-0.06064549832557656
15784.0,-0.23152038968523297
15785.0,0.15984064218294672
15786.0,0.10269323764575848
15787.0,-1.707613933681116
15788.0,-1.5164710763308884
15789.0,-1.0705821053911537
15790.0,-0.015915379663113172
15791.0,0.4664744828340397
15792.0,-0.3385581821691563
15793.0,-0.13673565234134394
15794.0,-0.07270500546289191
15795.0,-0.3295305906488292
15796.0,0.2815308776177067
15797.0,-1.0379403003334928
15798.0,1.0100456841597367
15799.0,-0.8620443363257951
15800.0,-1.3643076745285774
15801.0,-0.1963495429348828
15802.0,-0.25218288443662995
15803.0,0.1949713694012472
15804.0,-1.3302285790074584
15805.0,1.3785055847378103
15806.0,-1.0127639284323415
15807.0,-0.7789802169530683
15808.0,0.3912873763477529
15809.0,1.142910920822559
15810.0,0.6203093478940788
15811.0,0.3287199332485596
15812.0,1.4731280678312972
15813.0,0.6061911692277566
15814.0,-0.45815396342666337
15815.0,-0.3636563401996291
15816.0,0.07089867050700543
15817.0,-1.447002148767296
15818.0,-0.1426095152943106
15819.0,-0.7551883856305577
15820.0,-0.01867118649875524
15821.0,0.13608802589879188
15822.0,0.48555919329051195
15823.0,1.0721569022376247
15824.0,-1.2497667350459638
15825.0,-0.5415590592760444
15826.0,0.5386101445574136
15827.0,-0.168044332792392
15828.0,-0.35670792135941704
15829.0,1.2580509397923507
15830.0,-0.49451096001448214
15831.0,-0.5310518838579642
15832.0,-0.2057838082053705
15833.0,-0.40718117231252676
15834.0,0.6933869724645336
15835.0,0.2720281795798277
15836.0,2.1769543640701334
15837.0,0.41218155752223745
15838.0,-0.019644156512273643
15839.0,-1.2804136501479277
15840.0,1.5365452354765639
15841.0,0.07564384363029975
15842.0,0.41444367717479125
15843.0,-0.4021667862678771
15844.0,0.09987639418288408
15845.0,0.6752223736315138
15846.0,0.3869888715795522
15847.0,-0.21935256127060074
15848.0,0.16374013199817114
15849.0,-1.3744607933799058
15850.0,2.046117580183442
15851.0,0.24111587980635404
15852.0,1.282322531114195
15853.0,0.7532061674750701
15854.0,0.627741337540509
15855.0,0.16263740461656703
15856.0,1.9153253051617933
15857.0,-1.1444421579566464
15858.0,-0.8113253916409456
15859.0,1.7303642827446004
15860.0,-0.45354773310872654
15861.0,-0.23625243243334612
15862.0,1.6374668846263603
15863.0,-1.241506060124499
15864.0,0.3974544097253865
15865.0,-0.385078442866336
15866.0,-0.7582804612025096
15867.0,0.21316359609506033
15868.0,0.23361679631750487
15869.0,2.0842273223260563
15870.0,0.3058107843946702
15871.0,0.47727657913470445
15872.0,-0.7291591855333612
15873.0,0.7067511803631494
15874.0,-0.1477163485116486
15875.0,0.5141574271248075
15876.0,0.2920485437719056
15877.0,1.2625630091644582
15878.0,0.48274732132844905
15879.0,-0.703126094214812
15880.0,-0.43079941825704565
15881.0,0.14778508673788318
15882.0,1.043221549850968
15883.0,-0.17482117563317323
15884.0,1.570474650224222
15885.0,0.37520430936381904
15886.0,-0.36735129272842
15887.0,1.5463161323802515
15888.0,-0.7780148012930698
15889.0,-1.9892696345565677
15890.0,-0.8792332615538577
15891.0,-1.568592166256401
15892.0,1.0269358500674743
15893.0,1.0832126115707188
15894.0,-1.3470591269479932
15895.0,0.446317941758287
15896.0,0.5335798679014648
15897.0,-1.7227708255251977
15898.0,-1.040186239282395
15899.0,-0.6012263542657258
15900.0,-0.2327476960340247
15901.0,-1.017659596325455
15902.0,0.6243795529530374
15903.0,-1.636532296091268
15904.0,0.7773789816431187
15905.0,0.6087858746148127
15906.0,-0.06913835416173382
15907.0,-0.6052490467679227
15908.0,-1.6909991902504056
15909.0,0.1472084539809537
15910.0,1.1971338622099879
15911.0,-0.7190300591491886
15912.0,1.7085415079469723
15913.0,0.36870926057190656
15914.0,0.6296133970562926
15915.0,-3.0997163064375814
15916.0,-0.4852717130376766
15917.0,-1.7890206993474511
15918.0,-0.2846610193942162
15919.0,-0.8028605315391073
15920.0,0.7605613350892809
15921.0,0.3901551853154576
15922.0,-0.703098118324907
15923.0,1.908662842568675
15924.0,0.29447881774305995
15925.0,-1.1974748296945839
15926.0,1.4467143475567803
15927.0,0.021938293052974428
15928.0,1.2233716231824034
15929.0,-1.0460405381493871
15930.0,0.223611964889501
15931.0,0.8301959090917513
15932.0,1.1342020176125513
15933.0,-0.5588430935563822
15934.0,0.08826724256344691
15935.0,-0.37275206872726485
15936.0,0.9878561239249501
15937.0,-0.07006499576381157
15938.0,1.0385837860125244
15939.0,0.13986118506393408
15940.0,0.9017767957791266
15941.0,0.5819696525859747
15942.0,4.027901809581586
15943.0,2.13604321321927
15944.0,1.694406690632811
15945.0,-0.27820456263585913
15946.0,1.3920138934477226
15947.0,-1.3878425445850644
15948.0,-1.450629890001851
15949.0,0.62024897653802
15950.0,-0.03106650950498846
15951.0,-0.4045604256429686
15952.0,0.26903827200603725
15953.0,0.14806618761305837
15954.0,0.5278261704280215
15955.0,1.5773264958214137
15956.0,0.35777078919870153
15957.0,-1.0841491104636283
15958.0,-0.8734348574821859
15959.0,1.0675543656091648
15960.0,-1.0135979467720855
15961.0,0.1280033264414325
15962.0,-0.1011125404538989
15963.0,0.6276011017566933
15964.0,-0.618962841805065
15965.0,1.7108191546087046
15966.0,-0.9025216486024233
15967.0,1.0197163382109244
15968.0,-0.6662328896196407
15969.0,-1.2030879914840715
15970.0,-2.3432782366093994
15971.0,0.09858484365105558
15972.0,-1.2346305349729034
15973.0,-1.644091825985466
15974.0,-1.460158286140974
15975.0,0.17214745687619148
15976.0,-1.413250834120644
15977.0,-0.9446077180999576
15978.0,0.5650323419984971
15979.0,-0.6239344707163581
15980.0,1.5456379052491607
15981.0,-0.1632503476171607
15982.0,1.0218450451471024
15983.0,-0.7223763081641863
15984.0,-0.8115508481882698
15985.0,-0.03611312825906547
15986.0,-0.07497595845903461
15987.0,0.6991555766614129
15988.0,-0.0890876602384575
15989.0,-0.1460738556367949
15990.0,0.49825604309814553
15991.0,0.1671487603233259
15992.0,-0.0952143203732799
15993.0,-0.9141438750985733
15994.0,-0.3681764009402061
15995.0,0.21762713623690977
15996.0,0.06242932349808033
15997.0,-0.561509625116496
15998.0,-0.31334591766989117
15999.0,0.9462347942594908
16000.0,-0.3132807050115921
16001.0,0.9497000936876656
16002.0,0.3354903463511754
16003.0,0.6410436643241642
16004.0,-0.26105117273302647
16005.0,1.3971694416482427
16006.0,0.5317894181201711
16007.0,0.3839988160491373
16008.0,-0.6385006435766366
16009.0,1.4244244569878202
16010.0,0.30837982591618857
16011.0,-0.16157542857027404
16012.0,-0.5837710648743671
16013.0,0.720631907588726
16014.0,-0.4320827903714086
16015.0,1.5044147072967573
16016.0,-0.32032401581669295
16017.0,0.210129444189315
16018.0,-1.529591792372471
16019.0,-0.6705704882234163
16020.0,0.24984842377940017
16021.0,0.6209960631797208
16022.0,0.7752000843694425
16023.0,0.6964642278434113
16024.0,1.1705015663586626
16025.0,0.5336435370176096
16026.0,0.38012713170723567
16027.0,-0.884728552967554
16028.0,0.9311919070689819
16029.0,-0.049041932017044175
16030.0,0.5495435286943773
16031.0,0.09424305347851225
16032.0,1.3691116061162856
16033.0,1.2760147039460874
16034.0,-3.1540014934512373
16035.0,-0.4226394449771885
16036.0,1.7139090796820549
16037.0,-2.0846765779280134
16038.0,-0.2573655850371081
16039.0,1.7692026384312047
16040.0,1.3768925150401552
16041.0,0.8371319250312605
16042.0,0.05018396602558286
16043.0,-0.3402825005415122
16044.0,-0.06343023006758167
16045.0,-1.4358109720079106
16046.0,-0.680950418903265
16047.0,1.3822671112991998
16048.0,-0.35000237298309766
16049.0,0.4312489760105688
16050.0,-1.2403471229299252
16051.0,-0.8607631710915739
16052.0,1.032405162599773
16053.0,-0.514089308528723
16054.0,-0.6483260829463984
16055.0,1.2353524858612936
16056.0,-1.9774274468971988
16057.0,-0.3491529769969262
16058.0,0.6210629836045806
16059.0,-0.6693756439241444
16060.0,-0.08305390282100704
16061.0,0.07013277638237085
16062.0,0.28755422690739213
16063.0,0.3383918937945653
16064.0,-1.838697184632094
16065.0,0.27955828128823657
16066.0,-0.08561585988462439
16067.0,-0.9023036035586472
16068.0,-1.239081099832839
16069.0,-1.5582080888329142
16070.0,1.401303479344736
16071.0,-1.2447937853240816
16072.0,0.3526878054249423
16073.0,2.8059076769262026
16074.0,1.0495385805347488
16075.0,-0.2080688781918929
16076.0,1.5795734270685289
16077.0,-0.8954650478632056
16078.0,-0.11190677938951886
16079.0,-0.9771622514889579
16080.0,0.42601950776267256
16081.0,0.6108301662305877
16082.0,0.551934026010623
16083.0,0.29924342819750654
16084.0,0.2321166534237407
16085.0,0.8931419715372517
16086.0,-1.076782857308589
16087.0,-1.0909847613347368
16088.0,-1.001078020684327
16089.0,0.3058737529249244
16090.0,-0.9104769366538557
16091.0,-0.9509305383307864
16092.0,-1.7518210541048254
16093.0,-0.8011143418531805
16094.0,0.04913849820813069
16095.0,1.7675807031227793
16096.0,2.1465245912580664
16097.0,1.485386114187924
16098.0,-0.8186554430066258
16099.0,-0.8589436344465157
16100.0,0.1306095364712588
16101.0,0.6598886732609188
16102.0,0.9448252844898976
16103.0,-1.7906025850595693
16104.0,0.48071167468481185
16105.0,-0.053526754252277556
16106.0,-0.36254551204742974
16107.0,-0.7460135534639103
16108.0,-0.14638101114496305
16109.0,-1.0013730618697299
16110.0,-0.3106422350135034
16111.0,0.8098930023581443
16112.0,2.1359711569071123
16113.0,0.914633167991025
16114.0,-1.3057483962527008
16115.0,0.30667376689772313
16116.0,0.09211140466362905
16117.0,2.1716122702926337
16118.0,2.230726891476072
16119.0,0.6585598355297109
16120.0,-0.4460265477899897
16121.0,0.38549514024210685
16122.0,-0.36070206519160875
16123.0,-1.007714282575712
16124.0,0.1152413006477466
16125.0,0.6446675747365235
16126.0,-0.39835041735567966
16127.0,0.7187344168690872
16128.0,1.282502165580413
16129.0,-0.8752938509761822
16130.0,-1.0633393251878915
16131.0,-0.5138550050829015
16132.0,0.4948370538596035
16133.0,-0.49143005452188776
16134.0,0.2776801741004405
16135.0,0.5531948489574497
16136.0,0.04999667191382822
16137.0,1.0117366546731883
16138.0,2.308074274356827
16139.0,-1.2100803766752937
16140.0,0.5220762188758039
16141.0,0.09744010904998815
16142.0,-1.725780396579316
16143.0,-0.629415123808075
16144.0,0.5844507027404185
16145.0,-0.3288516676677525
16146.0,-0.7918945202654952
16147.0,0.3533183992720194
16148.0,0.16184443344517693
16149.0,0.395626932652695
16150.0,-1.4494658166134682
16151.0,0.7448055244040112
16152.0,-1.330517326111197
16153.0,0.513476234591912
16154.0,-1.9480059930091613
16155.0,-0.37767042602656437
16156.0,0.9314328733931456
16157.0,-0.5364561553817496
16158.0,-0.6396256312249671
16159.0,-0.5875677383763388
16160.0,1.8894869571902284
16161.0,-1.2156683047863737
16162.0,1.8131614127222866
16163.0,-0.8939034432683346
16164.0,-0.5702277883190886
16165.0,0.6371385043855327
16166.0,-1.1997621353985797
16167.0,0.598202645802634
16168.0,-1.820220921253294
16169.0,-0.22431998963724317
16170.0,0.23434695005306708
16171.0,-0.6656710989566791
16172.0,-0.4335858483401915
16173.0,-0.5468133227614993
16174.0,-1.3973404855077067
16175.0,1.5145395643049868
16176.0,1.7874729192175973
16177.0,1.5511790843366218
16178.0,0.040125689022290266
16179.0,0.7767436201533583
16180.0,-0.9678402675456251
16181.0,2.53487597714818
16182.0,0.6273681647199834
16183.0,-0.23724297643304135
16184.0,-1.469174182174424
16185.0,0.25769312686900264
16186.0,0.010679126083170822
16187.0,0.7422837690404825
16188.0,0.7040828014138614
16189.0,0.04218108074848964
16190.0,-1.3448250102073478
16191.0,0.21929092978092846
16192.0,0.7683154184111405
16193.0,-1.9322306001428875
16194.0,-0.018234608722833362
16195.0,1.6426611250561878
16196.0,-0.6980494718525981
16197.0,-1.0876095122419671
16198.0,0.0786547274902459
16199.0,1.5092067436311147
16200.0,1.1001305237014753
16201.0,0.014502626722087818
16202.0,1.887421937428051
16203.0,1.7210541416438174
16204.0,0.8585377077638835
16205.0,-1.7548935766409495
16206.0,-0.8802225361960676
16207.0,1.1697785128971256
16208.0,0.7259970327328665
16209.0,2.118983924537619
16210.0,-1.235412096238678
16211.0,0.9016397589069022
16212.0,0.8512961518555016
16213.0,1.6269968328498843
16214.0,-1.5629465203578456
16215.0,-2.0202343022231357
16216.0,0.6387648670341748
16217.0,-1.412676279229505
16218.0,-0.054962294711396874
16219.0,0.26818764056871125
16220.0,-1.402803946247863
16221.0,-1.8208059451434901
16222.0,-0.43410916576239145
16223.0,0.2410798779987143
16224.0,0.42560790704382717
16225.0,-0.02389403850572273
16226.0,-0.10381263333517424
16227.0,0.053494367976481695
16228.0,0.3787236140230596
16229.0,-0.06487296850754887
16230.0,-0.8022921551059502
16231.0,-1.421044085376135
16232.0,-0.21024069066431636
16233.0,0.9775700311835174
16234.0,0.8729490378253434
16235.0,0.48378261996225597
16236.0,-1.3893382788159576
16237.0,0.22342362665935447
16238.0,-1.1048950006708174
16239.0,1.3535683025137157
16240.0,1.1274804895565387
16241.0,-0.46462790156209893
16242.0,-2.568728266946215
16243.0,-0.649237355318673
16244.0,-1.3519505205907443
16245.0,-1.656595683714787
16246.0,0.8450938243746979
16247.0,-0.6019859913082282
16248.0,0.12725106401273303
16249.0,-1.2938419938148031
16250.0,-1.670428913935099
16251.0,1.8713709962653813
16252.0,1.0936157874651256
16253.0,-1.3243487571617951
16254.0,-1.1277920087102378
16255.0,1.2922985449561515
16256.0,-1.1983138395845352
16257.0,0.13329583172208012
16258.0,-0.8488314477124848
16259.0,-0.9900280180845442
16260.0,-0.736877494073851
16261.0,-0.6656056603292411
16262.0,1.1639814653687526
16263.0,1.7085700985642192
16264.0,0.8824839738842212
16265.0,1.2746586529512618
16266.0,-0.20092736998856628
16267.0,-1.4575908554326376
16268.0,-1.085700223458023
16269.0,-0.7150193415764917
16270.0,-1.4067074316527262
16271.0,1.5550591059508296
16272.0,-0.48569809239452993
16273.0,0.9095001116051539
16274.0,-2.198173598306425
16275.0,0.7655632067912786
16276.0,0.1190609492872812
16277.0,-0.8842806388792005
16278.0,-0.5908271791882195
16279.0,0.38577087228890833
16280.0,-1.039379105395922
16281.0,0.22499349504465838
16282.0,-2.384535323967646
16283.0,-0.8173384160292847
16284.0,-1.6818479188892133
16285.0,-0.37416112372029314
16286.0,-0.4066594962589102
16287.0,-0.049429075779313256
16288.0,1.1667463109571916
16289.0,-0.17180527480897392
16290.0,-1.0780577667706361
16291.0,0.2477558621896168
16292.0,0.2552411731260634
16293.0,-0.11374150777318125
16294.0,-0.021445422465159514
16295.0,0.7003695171872913
16296.0,0.24553948704159528
16297.0,0.5800482471726296
16298.0,-0.2843896093107429
16299.0,1.4030054601860547
16300.0,-1.0797708565922455
16301.0,1.3717940999090363
16302.0,0.5226603514541605
16303.0,-0.4777101236949821
16304.0,0.9126088430282686
16305.0,1.1362150572005287
16306.0,2.3212110675540143
16307.0,-0.18659018488640255
16308.0,-3.361044584680767
16309.0,-1.0523931417956036
16310.0,1.2731780141546456
16311.0,-1.5468419464016987
16312.0,1.281714043139282
16313.0,1.0087596515891235
16314.0,0.5281393044147031
16315.0,0.582506491808806
16316.0,1.7629454338899195
16317.0,1.5935571988918256
16318.0,0.8976452795784333
16319.0,0.470347843802888
16320.0,-2.322261614319873
16321.0,-1.7030739006816937
16322.0,0.3185035015731482
16323.0,0.8478483250413905
16324.0,1.436218316719954
16325.0,0.1825632506749626
16326.0,-1.3490012599282426
16327.0,-1.3997043604507606
16328.0,1.4993567158074308
16329.0,0.954340620302943
16330.0,-0.22100493399702145
16331.0,0.7144277248274705
16332.0,0.5996236296682834
16333.0,-0.6197289246972515
16334.0,2.3964795982829794
16335.0,0.5384032795321263
16336.0,-0.2302728295247304
16337.0,-0.8578342272939644
16338.0,-1.275724541317191
16339.0,-0.5588357199938228
16340.0,2.9632560100408467
16341.0,-1.0326049845279839
16342.0,0.2892626008003866
16343.0,1.0274445494964204
16344.0,-0.02151720173357528
16345.0,-1.491927293998098
16346.0,1.1366530225665605
16347.0,-0.2116999543509665
16348.0,2.8832847460111815
16349.0,0.2408041211008763
16350.0,-0.07052913649116883
16351.0,-2.4709131577682655
16352.0,0.0922233350692596
16353.0,-1.1906815531354977
16354.0,1.7683741813576794
16355.0,-1.1145835726269184
16356.0,1.1298170646224257
16357.0,-0.3873302668834792
16358.0,-0.4488391676863012
16359.0,1.6915840643090023
16360.0,0.9413885530475095
16361.0,-1.5291751395026218
16362.0,-0.4942574944082901
16363.0,-0.43245505947797586
16364.0,1.1071490284503775
16365.0,0.5086947221028484
16366.0,-1.2428528042945415
16367.0,0.2628937352037443
16368.0,0.45216478383958647
16369.0,-0.6082858211839776
16370.0,0.3017985150337361
16371.0,-0.18661710350410846
16372.0,-0.670165468026556
16373.0,0.9686545689653003
16374.0,1.0701231494705907
16375.0,-0.21042300286884197
16376.0,1.6093430578810826
16377.0,-1.0030075995132632
16378.0,-1.045042298875979
16379.0,1.7736690151467256
16380.0,-0.8636015048842268
16381.0,0.35099323002677835
16382.0,0.8430565195266098
16383.0,0.5173406516860745
16384.0,-0.5288627156525603
16385.0,-2.7932063914859047
16386.0,0.506155659185558
16387.0,-0.6520056372826507
16388.0,-0.6265314262430957
16389.0,-0.4389407726433347
16390.0,2.008033132740862
16391.0,-1.3087226722440328
16392.0,-1.20381501498102
16393.0,0.4556869149343694
16394.0,0.513608328911708
16395.0,0.05361341867853306
16396.0,0.3467074483078641
16397.0,-0.8043176302394963
16398.0,0.11779728005847821
16399.0,-0.744960801435638
16400.0,-0.24017919675799212
16401.0,0.5484341133520378
16402.0,0.2494373244427048
16403.0,0.28607041593617644
16404.0,0.09079353663742556
16405.0,1.6563277672031997
16406.0,1.8702266490443755
16407.0,-0.09094266839271678
16408.0,-0.7357359994848052
16409.0,1.3688906722344047
16410.0,0.161356527619658
16411.0,-0.7786796324188404
16412.0,0.06758070487880251
16413.0,0.3676404587391488
16414.0,-1.0701264832914268
16415.0,-0.2910048579099333
16416.0,-1.2430441620383208
16417.0,0.2307710485049547
16418.0,1.8313952620615395
16419.0,-2.0498844825580798
16420.0,0.3072993400909335
16421.0,-1.7996280187605123
16422.0,0.7730617813516701
16423.0,-0.6243756755056666
16424.0,0.7873032529624022
16425.0,-1.100987585736836
16426.0,-0.36125961044205634
16427.0,-0.5264484855176913
16428.0,1.0784322650836713
16429.0,-0.5965089680950014
16430.0,0.304601828502199
16431.0,-1.5587863990790969
16432.0,1.1849869760137586
16433.0,-2.3479184997357003
16434.0,0.4915959866882545
16435.0,-2.0228101397119063
16436.0,-1.160706593024136
16437.0,-0.9467872816491341
16438.0,1.4506608179991227
16439.0,0.7327299595915845
16440.0,1.421727209927435
16441.0,1.0460548129450933
16442.0,0.4730832349343147
16443.0,-0.24328335585297584
16444.0,-1.419480350722673
16445.0,0.3281552888327206
16446.0,-0.6854178504006606
16447.0,1.2180609449950341
16448.0,-0.801616488869138
16449.0,0.201829935178987
16450.0,0.5685326524916007
16451.0,-0.4485302499509289
16452.0,0.12199395069355255
16453.0,0.3519926338599389
16454.0,-0.6688810444046678
16455.0,0.8469951899085664
16456.0,0.6043856438009058
16457.0,1.146300779995967
16458.0,-0.3929584487147088
16459.0,1.4779807684145827
16460.0,1.0980557585330701
16461.0,0.3247141720046465
16462.0,-2.746325306506488
16463.0,-1.2953282062054
16464.0,1.1399105634256634
16465.0,0.3755737129506175
16466.0,-0.33179167225376854
16467.0,-1.2877032173903808
16468.0,-0.4776459850149058
16469.0,-0.1475555834468632
16470.0,-0.7688192783283171
16471.0,-1.2853153179526826
16472.0,0.7277450628028883
16473.0,-0.05245501298350848
16474.0,-0.29188881943315725
16475.0,-1.1494917502106077
16476.0,0.07716284314563948
16477.0,-0.31488584019594756
16478.0,-1.5254005775399442
16479.0,1.30924961072345
16480.0,-1.286543813735976
16481.0,1.486887546824302
16482.0,-1.0517534493137053
16483.0,-0.019643112112441824
16484.0,0.12994627642114262
16485.0,-0.6124131106375175
16486.0,0.7057421730026445
16487.0,-0.2901694918665763
16488.0,-0.4521198345513884
16489.0,-0.8367904746474057
16490.0,0.4769382353637367
16491.0,0.37855834006441585
16492.0,0.9258547345531717
16493.0,-0.7951308605661388
16494.0,0.8775120154700159
16495.0,-1.200328494538224
16496.0,-0.31663197278157856
16497.0,-0.10955432665887548
16498.0,-1.18750236985777
16499.0,1.1970778211836766
16500.0,-0.9204479847378338
16501.0,1.7493785787468763
16502.0,-1.9018647105441484
16503.0,0.8395985059109115
16504.0,-0.8627940072265703
16505.0,1.8137353059264607
16506.0,0.24751914417670423
16507.0,0.39029213406487856
16508.0,0.7805583923280874
16509.0,-0.3882053374659895
16510.0,-1.467560032181052
16511.0,-0.35415374733670146
16512.0,0.6827292241136798
16513.0,-1.0728528851317616
16514.0,1.5192799341169028
16515.0,0.625604334955042
16516.0,-0.4717997659997236
16517.0,0.8643990723432424
16518.0,-0.06275006303609061
16519.0,0.4820051590693601
16520.0,1.3209151662514624
16521.0,-0.5311466677193193
16522.0,-0.38989827199226124
16523.0,-0.705040007065049
16524.0,-0.8157440705721328
16525.0,1.366480112500797
16526.0,-0.9556388589204905
16527.0,1.3404073127781726
16528.0,-0.31924955336784216
16529.0,-0.3498130910139193
16530.0,0.7015478249634008
16531.0,-0.4375128594512186
16532.0,0.017471995189094248
16533.0,0.8874307360362794
16534.0,-1.2228533647388897
16535.0,-0.7783006987649493
16536.0,-0.16654978463850859
16537.0,0.06782710687368448
16538.0,2.152241957783681
16539.0,-0.025616184145922486
16540.0,0.5121180996656312
16541.0,-0.5019536288927428
16542.0,-0.9105128831100997
16543.0,-0.24291187288296517
16544.0,-0.2900051219615249
16545.0,-1.8624761433434283
16546.0,-1.1468156576498085
16547.0,-0.6202969267616849
16548.0,1.1999108403299517
16549.0,0.41768954694958543
16550.0,0.7723405235829972
16551.0,1.5182262010073457
16552.0,0.984936707582516
16553.0,0.8010613945512952
16554.0,1.802801642711443
16555.0,-0.6368636768512708
16556.0,0.7920206543690833
16557.0,0.773740331292598
16558.0,0.6522961614825539
16559.0,-0.8895205157266213
16560.0,-1.811140905978991
16561.0,0.22250300383974672
16562.0,1.62635675843103
16563.0,3.4368929655389246
16564.0,-0.9802373283986833
16565.0,0.09433040411674047
16566.0,0.7089703056134472
16567.0,-0.391439740334747
16568.0,-0.8794289550537746
16569.0,0.46616984145022433
16570.0,2.229143960286197
16571.0,-0.7593838230692529
16572.0,-1.134073955531315
16573.0,0.02445155904828591
16574.0,-0.48174682773274274
16575.0,-0.01461249096133141
16576.0,-1.0148462651302528
16577.0,1.682848400616185
16578.0,-0.6188966970349412
16579.0,-0.4118719683600452
16580.0,0.5208477978862172
16581.0,1.6338777272726688
16582.0,0.21646101291229142
16583.0,0.7081965959413852
16584.0,-0.7258434593483656
16585.0,-1.7639757863594856
16586.0,-0.7220958363504503
16587.0,1.5240173471605873
16588.0,1.1499956017749686
16589.0,0.9539971940645869
16590.0,0.852794374792183
16591.0,-1.5321306077992995
16592.0,0.08932450654760465
16593.0,1.3222756048775806
16594.0,-0.4414054902585551
16595.0,-0.6841645853923749
16596.0,-0.6132061616284216
16597.0,-0.1354608880110458
16598.0,-0.4612781570850776
16599.0,0.9907138452631834
16600.0,-2.0351771840725146
16601.0,-0.49033604217311605
16602.0,2.6193679311608573
16603.0,-0.08980108490297396
16604.0,0.045093834382832536
16605.0,-0.4924863181965059
16606.0,-0.6065428652239806
16607.0,0.5081220166933659
16608.0,-0.11638274623535286
16609.0,-0.7148122167077406
16610.0,1.2789500171272732
16611.0,-0.6756936847997742
16612.0,1.0763640172037565
16613.0,-1.1648070618728243
16614.0,-1.2040661222562568
16615.0,-0.5065744532971204
16616.0,-0.39085268940135687
16617.0,-1.6116285768267167
16618.0,-1.0857580565346092
16619.0,-0.7005378135146133
16620.0,-0.600778113983061
16621.0,-0.6398554459079373
16622.0,2.508082176856857
16623.0,1.3002334894303567
16624.0,-0.25501795356706103
16625.0,1.8265742877939986
16626.0,0.5037930779479173
16627.0,0.1312047654582871
16628.0,0.500603802194054
16629.0,0.532080424060238
16630.0,1.371568672678341
16631.0,1.3442248587825456
16632.0,-0.36398295780167744
16633.0,-0.5965981036909794
16634.0,-0.07870643395864865
16635.0,0.36178234236926093
16636.0,2.5069474713176243
16637.0,0.18582967978752665
16638.0,0.578441837939925
16639.0,1.7636551639241222
16640.0,0.8384171487657032
16641.0,-1.681749009068625
16642.0,0.8496448930653451
16643.0,1.4878321894521915
16644.0,0.8446455446712398
16645.0,0.668865691472456
16646.0,-0.723425868583168
16647.0,0.7859712751530371
16648.0,1.1995623957744566
16649.0,2.5205348011178055
16650.0,-1.1448614643617927
16651.0,0.09611347344074717
16652.0,0.7545159005319441
16653.0,1.3796482198163647
16654.0,-0.03458161836424825
16655.0,1.0471678098818282
16656.0,-0.056828118731038664
16657.0,-0.3904629054846097
16658.0,0.15332968070112077
16659.0,1.9439038372246018
16660.0,0.3174157201440915
16661.0,-0.19563945003596817
16662.0,-0.8936938772416829
16663.0,-0.102564035910543
16664.0,-1.7331041319057607
16665.0,1.348498194033258
16666.0,1.5404577349769257
16667.0,1.3573358207784467
16668.0,-1.6694017996164219
16669.0,1.8859480980917216
16670.0,-0.5764835483565364
16671.0,0.11278087826462407
16672.0,-1.0555403473283893
16673.0,-0.20200611999324708
16674.0,0.1371251682421664
16675.0,0.23599175523966356
16676.0,0.508565783075564
16677.0,0.07567786963812179
16678.0,0.7456448438698473
16679.0,0.2423465799794305
16680.0,0.3493248917947909
16681.0,0.05708386223179769
16682.0,0.5954144310049612
16683.0,0.08936328581301588
16684.0,-0.6948284021421027
16685.0,-0.04433312842425189
16686.0,0.6967601479934633
16687.0,0.03721605056336169
16688.0,-0.42044839784714433
16689.0,-0.13418228786229042
16690.0,1.2629423363216092
16691.0,-0.8999377592364465
16692.0,0.7886569374141252
16693.0,-1.114710956104972
16694.0,-0.14879999263304133
16695.0,0.5554027422852887
16696.0,-0.5811740377348146
16697.0,0.428765272972439
16698.0,-0.6035196237694408
16699.0,-0.8209404770184245
16700.0,-1.1498381648472393
16701.0,-0.5862480570037101
16702.0,1.0012787505029028
16703.0,-1.8803355737331102
16704.0,-0.3162083692324692
16705.0,-0.0717442180664583
16706.0,1.34848540031177
16707.0,-0.9936950089797382
16708.0,1.0819777435537008
16709.0,0.6170355020731916
16710.0,1.8484923818858545
16711.0,-1.5124884191144266
16712.0,-0.9226376077271415
16713.0,0.4195970352778006
16714.0,0.49699587481617674
16715.0,-1.1438090083341101
16716.0,1.253011398123543
16717.0,-0.07975043665149349
16718.0,-0.7102625385269641
16719.0,-1.3412531230006595
16720.0,-0.4351623516219684
16721.0,2.0809300762883103
16722.0,0.5571614677915121
16723.0,0.53572699505455
16724.0,0.9082742108162866
16725.0,1.9863372441840896
16726.0,1.5895117219706867
16727.0,0.5390151038166457
16728.0,1.65441770752593
16729.0,-0.17301014083093125
16730.0,-0.3864755897842992
16731.0,0.21911910700950665
16732.0,1.9180546363283064
16733.0,0.6414116518943596
16734.0,-1.1893144076339799
16735.0,-0.4068967392192464
16736.0,-0.24926357535500618
16737.0,0.11031821550724377
16738.0,-1.2763166153658316
16739.0,0.5039702184481799
16740.0,-1.7887081300610062
16741.0,-0.014747880123040423
16742.0,-1.0350805038232125
16743.0,-2.4961678373465452
16744.0,0.06957391146812064
16745.0,-0.2888891749331109
16746.0,0.6181338846022523
16747.0,-0.523753582730131
16748.0,2.717386846445185
16749.0,1.3012107152506969
16750.0,-0.1364683288887614
16751.0,-0.4299124575808971
16752.0,0.4479379866383935
16753.0,2.51811317378495
16754.0,-0.7762946924871865
16755.0,1.726233241374356
16756.0,-0.8338462103975222
16757.0,0.08294776063776034
16758.0,-2.0326492583200233
16759.0,0.9232552182835919
16760.0,0.0718523825586188
16761.0,-0.3999498239831797
16762.0,0.08703381720392153
16763.0,-1.1856077081823357
16764.0,-0.9243389505380928
16765.0,0.26934669890787416
16766.0,-0.025401170945771573
16767.0,-1.1724451389642698
16768.0,-1.06280074092407
16769.0,1.085377935970572
16770.0,-1.898710140106124
16771.0,-1.0818305386862135
16772.0,-0.11974411262805941
16773.0,-1.493104109192092
16774.0,-0.13358173004737128
16775.0,0.9374340804658317
16776.0,-1.0886974024348002
16777.0,1.0488326277677227
16778.0,0.05067438300974365
16779.0,-1.0621473169378381
16780.0,0.6360941078211484
16781.0,-2.1624389462400084
16782.0,0.060865591617237716
16783.0,2.377910249335576
16784.0,0.4044202564702298
16785.0,-1.0785180519999813
16786.0,1.7876598420183396
16787.0,-0.6526282187845333
16788.0,-1.4295947116182213
16789.0,-0.2993121200420324
16790.0,-0.9918658631353464
16791.0,-1.222894359324586
16792.0,0.21275420672704987
16793.0,0.3250939633071224
16794.0,-1.677104864529373
16795.0,-2.3133392620713584
16796.0,0.07099975590886269
16797.0,0.6796457236359411
16798.0,0.12562128216431445
16799.0,-0.15090606259384529
16800.0,0.20335374591692296
16801.0,-1.9442457087956002
16802.0,0.1675568659041328
16803.0,-0.03133235459384538
16804.0,-1.636483739709455
16805.0,0.4431105716256471
16806.0,0.246467332830507
16807.0,0.24468050017645296
16808.0,-1.1038629324497238
16809.0,-0.33881391202349165
16810.0,-2.417546757704249
16811.0,0.2339479475977967
16812.0,-0.436321927782614
16813.0,-0.3119390400085526
16814.0,-0.8447647778873753
16815.0,2.7916967297266466
16816.0,0.5669836638114736
16817.0,1.3728863882999258
16818.0,0.6396598761526326
16819.0,-0.605972790275345
16820.0,-1.0410638176132592
16821.0,-0.4888300837390943
16822.0,-0.7931255782097879
16823.0,0.560320145862109
16824.0,-1.0123657786133082
16825.0,0.6119110104561916
16826.0,1.1235767067462343
16827.0,1.1127080393208308
16828.0,-0.4982582532106775
16829.0,1.521534271494091
16830.0,1.1766508188272822
16831.0,0.458330944071936
16832.0,-0.8062150784352213
16833.0,-1.5655999520060984
16834.0,0.2928579142341991
16835.0,-0.5976625335303163
16836.0,0.8768201653621088
16837.0,-1.1699707737763667
16838.0,0.2532317219331547
16839.0,-0.34709244558741814
16840.0,-0.1367874313808802
16841.0,-2.841256785055952
16842.0,-1.2243982263017579
16843.0,-1.9806624256733432
16844.0,0.2947405439209453
16845.0,-1.4740426578964172
16846.0,-1.2448826389368555
16847.0,1.3660111309735992
16848.0,-0.5901845881771515
16849.0,1.2263206605643662
16850.0,-2.212925895581899
16851.0,2.386036420942188
16852.0,-0.2968779063557148
16853.0,-1.188628051480353
16854.0,0.8133661984449881
16855.0,0.4479708274620441
16856.0,-0.9742140164012134
16857.0,1.3239328175814358
16858.0,0.3231501228493162
16859.0,-0.37278020769589953
16860.0,-0.017830448198234424
16861.0,0.7875421185402532
16862.0,-0.008721543102319769
16863.0,-2.1517393737822283
16864.0,2.4301141783810647
16865.0,0.31897812174571477
16866.0,-2.025322370705664
16867.0,0.9237977701109068
16868.0,0.8675185321349762
16869.0,-1.5747297198578631
16870.0,0.057395979296638165
16871.0,-0.3980859561061309
16872.0,0.41555630558236184
16873.0,-1.3517819432730922
16874.0,0.34511622473179204
16875.0,0.040227632341494034
16876.0,1.0797812652546959
16877.0,-1.9090729887667164
16878.0,-0.008895661730757603
16879.0,-0.2639228937779319
16880.0,-1.5794010753204046
16881.0,-2.586277565935193
16882.0,-0.4468328600265954
16883.0,-0.05038408948760698
16884.0,0.9637971233907284
16885.0,-1.818855619297923
16886.0,-1.474940769974433
16887.0,0.6280863406288466
16888.0,-1.884394269328127
16889.0,0.022625284531836057
16890.0,0.3181361506459548
16891.0,1.7122497080487897
16892.0,-0.5783904214901404
16893.0,1.227785615731903
16894.0,0.06260872639153058
16895.0,0.9820353559927468
16896.0,-0.38868378960680255
16897.0,0.010949624774850269
16898.0,0.35894395272486734
16899.0,-0.10082644874307596
16900.0,0.9829011273778514
16901.0,1.1799893073209982
16902.0,-1.287740910633604
16903.0,-0.4548354711462236
16904.0,0.9374677626356559
16905.0,0.5468390137172074
16906.0,0.5891916316209249
16907.0,1.5168369281759269
16908.0,-0.43026941925735307
16909.0,0.6922514289856343
16910.0,-0.34962748996018933
16911.0,-0.33827694346061743
16912.0,-0.24610119784367945
16913.0,-1.1166660891181757
16914.0,-0.4510766361966208
16915.0,-0.17573085773881236
16916.0,-0.5970341649771559
16917.0,-0.2843408595086385
16918.0,-2.371678187508514
16919.0,-0.21756994959079892
16920.0,0.7630512719539662
16921.0,-0.44375776107497894
16922.0,-0.2818902268388721
16923.0,-0.4234403761355238
16924.0,-0.1281062556926293
16925.0,-0.8827323107696325
16926.0,1.0079387969921223
16927.0,-0.44080866586183265
16928.0,0.2067648884241223
16929.0,-0.8689478552667169
16930.0,0.14473955851699952
16931.0,2.3152829998108624
16932.0,1.2889961729558526
16933.0,-0.03214952061613971
16934.0,0.2796029636076192
16935.0,-0.19482191564475737
16936.0,0.6376297746194305
16937.0,0.12526070868575012
16938.0,-0.38875175901439396
16939.0,0.031812963495181486
16940.0,-2.7544911616512113
16941.0,1.1735564387022812
16942.0,0.4780429979449728
16943.0,1.9021958793426872
16944.0,1.5464466964884935
16945.0,-1.951183383994467
16946.0,1.2610664992927791
16947.0,-0.479965945072148
16948.0,0.3166609418883042
16949.0,0.156793036618627
16950.0,0.9656106908671175
16951.0,0.3076257189036011
16952.0,-0.9086688876658048
16953.0,-0.023685266738741374
16954.0,-0.12259257223643687
16955.0,1.21746690909766
16956.0,-1.003047772790578
16957.0,1.1060333037102128
16958.0,1.0456864365177414
16959.0,-0.6482095496952962
16960.0,0.4044570432270689
16961.0,-0.4960873516098727
16962.0,1.8274490227601698
16963.0,-1.0466099689925024
16964.0,1.0864803130125333
16965.0,0.7545727465043442
16966.0,0.2122451955768287
16967.0,0.6582695054017145
16968.0,1.643579695287637
16969.0,-0.1455453774926668
16970.0,1.1827954289745568
16971.0,1.1098135448727515
16972.0,-1.370210343752978
16973.0,-1.3935020651953591
16974.0,0.9360782725342822
16975.0,1.2849560665498685
16976.0,-0.14368490799295328
16977.0,-2.2686522230330017
16978.0,0.06386113926347348
16979.0,-1.8305726140412362
16980.0,0.0713287642902172
16981.0,0.23004705076669085
16982.0,-0.24649628982906926
16983.0,1.698248038493801
16984.0,0.41654061864294395
16985.0,0.768320159798186
16986.0,-0.10673430093937203
16987.0,0.3593306692559186
16988.0,-0.0037734942637616185
16989.0,-1.3001517109020229
16990.0,1.5830103344507143
16991.0,0.14656328615388758
16992.0,-0.4439173796183527
16993.0,0.9340296641704157
16994.0,-0.39992596325965835
16995.0,1.2826327469783958
16996.0,0.690230068228941
16997.0,0.415517366233314
16998.0,0.46109204213060123
16999.0,0.5376174109911122
17000.0,-0.48542039203311593
17001.0,0.3299419796464222
17002.0,0.9163230706570183
17003.0,0.6627600238048956
17004.0,1.5719689221054753
17005.0,0.7187521773039822
17006.0,1.1928865532873656
17007.0,0.7928842361496619
17008.0,-1.9204560638524484
17009.0,-1.0064159090119542
17010.0,-0.9104608856592906
17011.0,1.0647247936132935
17012.0,-1.1052314466187747
17013.0,-0.8846325790716332
17014.0,0.05334657103972849
17015.0,-0.10086228479657498
17016.0,-0.7819432754971096
17017.0,1.6490628254439974
17018.0,-0.48486265892904995
17019.0,-1.245217769387922
17020.0,1.284113089068919
17021.0,-0.8334377303231236
17022.0,0.7348590041520084
17023.0,0.09144866031271262
17024.0,-0.1639777693709846
17025.0,-0.9713934078844181
17026.0,0.5195843521133905
17027.0,0.1045100270394957
17028.0,-1.8500138092025862
17029.0,1.6887378039619085
17030.0,0.8772159734138401
17031.0,-1.8868274123281112
17032.0,1.222143575151827
17033.0,-0.3301989477809733
17034.0,0.6835834157709338
17035.0,-0.19376400377194616
17036.0,1.636213906943489
17037.0,0.2809829881943763
17038.0,-0.19461470136356493
17039.0,-0.48338893424231777
17040.0,0.5347919985776575
17041.0,-0.7483761988144924
17042.0,-0.1889971379080012
17043.0,0.49283651305284143
17044.0,0.6990371358050169
17045.0,2.085340473363431
17046.0,1.1959979661950209
17047.0,1.9419790303887638
17048.0,-0.43689122227096994
17049.0,-1.1895659796982563
17050.0,-1.3578620347548889
17051.0,0.9950195952624202
17052.0,0.8743774361412855
17053.0,0.12241811231284354
17054.0,1.3667644685182756
17055.0,-0.7979584687214423
17056.0,0.34593905441271855
17057.0,1.6187335351601537
17058.0,-1.0071311460712258
17059.0,-1.1915938939059507
17060.0,0.09463673555330791
17061.0,0.647957570353288
17062.0,-0.8585400109605732
17063.0,0.20704657461634687
17064.0,0.05421409353256275
17065.0,-0.6150966944056745
17066.0,-0.3708047013085383
17067.0,-0.8024874594369477
17068.0,-0.7825816883762631
17069.0,-1.4063185794259372
17070.0,-2.338148947291545
17071.0,-0.4440716889598495
17072.0,0.3120875783719911
17073.0,0.9591545148243764
17074.0,0.14327129819294385
17075.0,0.4338125157951753
17076.0,-0.46139794334357404
17077.0,0.47494960033938527
17078.0,-0.09016212816765169
17079.0,0.4222815260559646
17080.0,1.1999772216462254
17081.0,-2.2516868410382846
17082.0,-1.3719593738176104
17083.0,1.0293070693214297
17084.0,-0.795200035570095
17085.0,0.766886740548475
17086.0,2.158461420060181
17087.0,-0.924965980304035
17088.0,-0.0433197876163525
17089.0,1.1749775463237797
17090.0,-1.6273728191922163
17091.0,-0.2524180654144537
17092.0,2.39400712338544
17093.0,-1.0556193909314244
17094.0,1.0207504379558274
17095.0,-2.035505451165289
17096.0,-1.64337997119041
17097.0,1.3630577509721298
17098.0,-0.23579207212421685
17099.0,0.4358848512164948
17100.0,1.4821806490422635
17101.0,-1.5149243323468033
17102.0,0.9025865612202315
17103.0,-0.6850653539766373
17104.0,-0.237790948072546
17105.0,0.45292218330854217
17106.0,-1.29659597054095
17107.0,-0.5110578753995941
17108.0,0.01617249962557605
17109.0,-0.6404940898446139
17110.0,-0.4748471373014407
17111.0,0.9505669508181869
17112.0,1.0770678418312136
17113.0,-1.1315411961489366
17114.0,-1.7883161099632086
17115.0,-0.6673601336419623
17116.0,0.7914254726839054
17117.0,1.1562606424139739
17118.0,-0.29138416130130146
17119.0,0.02229881076684657
17120.0,-0.28799685274917025
17121.0,0.6387937209907888
17122.0,-0.7121808278411377
17123.0,-1.1994997173842703
17124.0,-1.1180546620309246
17125.0,-1.0262312984006918
17126.0,-0.6393024077192431
17127.0,0.611454331868418
17128.0,1.8955968917332322
17129.0,0.0008025568537144037
17130.0,0.8097375704652795
17131.0,0.36257663517305
17132.0,1.4718169398073515
17133.0,-0.4024704621444344
17134.0,2.1221341274388243
17135.0,0.6633103274342654
17136.0,0.5306066093805869
17137.0,-2.111982566805967
17138.0,0.5951623014713067
17139.0,0.7421146317587052
17140.0,0.367514777740492
17141.0,0.237502767929558
17142.0,-0.2526499771664768
17143.0,1.1484984147634014
17144.0,0.4519073663340514
17145.0,-2.2506896398379794
17146.0,-1.6176596000920864
17147.0,-0.39642429593087014
17148.0,0.2136681904498262
17149.0,-0.4849006089317798
17150.0,0.7892309941610948
17151.0,1.1691376264683404
17152.0,1.0118394003997364
17153.0,1.3166287116426667
17154.0,0.9696303638559676
17155.0,-2.5393353435982817
17156.0,0.6144531726384697
17157.0,1.2687588589427738
17158.0,-0.6497382791758872
17159.0,-0.4820631104970159
17160.0,0.04476386514666909
17161.0,-1.4465642372445373
17162.0,0.17786695290198606
17163.0,1.8324101934342492
17164.0,1.6207536835919907
17165.0,-0.4186850220116169
17166.0,-1.1531745513167952
17167.0,-1.7201179613941653
17168.0,2.2954619301143557
17169.0,0.6399688265503881
17170.0,1.1536123030633916
17171.0,0.7233265834997001
17172.0,0.5162172322363721
17173.0,-0.49888925177713944
17174.0,-0.21729697575052798
17175.0,0.06840938844729183
17176.0,-1.447607524713965
17177.0,-1.6179045774178888
17178.0,0.5840859415553717
17179.0,0.4121258858015997
17180.0,-1.6147882052028433
17181.0,-0.7376444528447437
17182.0,-1.372751189310204
17183.0,0.14604892943708278
17184.0,0.6459527158170958
17185.0,1.4762850456884584
17186.0,1.057440744503088
17187.0,1.1009101900207088
17188.0,0.04365766348384624
17189.0,-0.38934685182246204
17190.0,-1.1798089993108458
17191.0,1.1125400408715709
17192.0,-0.06567603042742359
17193.0,-1.048885136839813
17194.0,2.255426379505064
17195.0,-1.9908991498015083
17196.0,0.3786991423004186
17197.0,-2.303006656280619
17198.0,-1.369292374664862
17199.0,-0.40702286227349327
17200.0,-0.6153194433146969
17201.0,-0.7378366068892361
17202.0,0.09463892590463122
17203.0,-0.6292391767919194
17204.0,0.5290813776684303
17205.0,0.16366421846265905
17206.0,-0.3714806064177514
17207.0,-2.3701803870350546
17208.0,-0.028803892163051466
17209.0,-0.5225594024478731
17210.0,0.35478354446947696
17211.0,-0.5184334458878379
17212.0,-1.575655802593898
17213.0,0.0229405278274313
17214.0,0.8546934221911944
17215.0,1.708484524712861
17216.0,-0.6486315017166138
17217.0,0.413773719245444
17218.0,1.2971138745026765
17219.0,0.618393108052677
17220.0,-0.2591791310044855
17221.0,-0.8636843353356306
17222.0,-1.7105024346129254
17223.0,0.6103040486153052
17224.0,-0.7044052922744883
17225.0,2.6340991321343648
17226.0,-0.4980159926064905
17227.0,-1.941349073466883
17228.0,-0.2834757665451075
17229.0,0.26770859698570104
17230.0,0.043369495626705154
17231.0,-0.5548199326946034
17232.0,-0.4043545469178098
17233.0,0.4201645195533057
17234.0,0.09547226591024509
17235.0,0.8850963685481444
17236.0,0.8961098791397484
17237.0,-0.5888501667852718
17238.0,0.5398972351039882
17239.0,0.24775139028185608
17240.0,-1.361410529827705
17241.0,-0.0831281609468504
17242.0,-0.11166897105760273
17243.0,-0.4566776632556563
17244.0,-1.9710416431948798
17245.0,0.7537980757458516
17246.0,-0.09446269404247536
17247.0,-0.8039487412094517
17248.0,0.24424827992391013
17249.0,0.7308805949012106
17250.0,1.5424973824874202
17251.0,-1.3750886292022764
17252.0,0.7865921406153427
17253.0,0.356250080317059
17254.0,-0.7203672043521252
17255.0,0.7661603963471916
17256.0,0.10430933010672097
17257.0,2.079153305570937
17258.0,-0.9729899266190547
17259.0,0.2168432820850585
17260.0,-0.9284884752661995
17261.0,-0.47912500276224984
17262.0,0.20631365776895108
17263.0,0.1912667690995298
17264.0,-0.6710025967863479
17265.0,3.071890901875335
17266.0,-0.6944589661863235
17267.0,1.0114358743324303
17268.0,-0.591167028195797
17269.0,1.889912559248317
17270.0,1.0642287161000503
17271.0,-0.7557882371745108
17272.0,0.7623084818527094
17273.0,1.4039936749913786
17274.0,0.5141627429480088
17275.0,2.339210969574173
17276.0,-1.3067790660136946
17277.0,-0.19265798106206103
17278.0,-0.5649417218581346
17279.0,1.2271763585013236
17280.0,-1.6372230909274845
17281.0,0.6455700863678996
17282.0,-0.7424366483757809
17283.0,-1.4261018996791777
17284.0,1.4870097842457817
17285.0,-0.058997739598574864
17286.0,-0.3944112904825077
17287.0,-0.05908924634911252
17288.0,-0.9254930711009176
17289.0,0.4353867004883568
17290.0,-0.5660394408353037
17291.0,-0.18300355969254917
17292.0,0.4431323303651954
17293.0,0.9106872957768218
17294.0,3.518428665777088
17295.0,-0.8400844326116087
17296.0,0.5197213250044508
17297.0,2.6139439432838123
17298.0,-1.6460236620478226
17299.0,1.2626989716477497
17300.0,0.37082595282475495
17301.0,-0.16172174088192975
17302.0,-0.33083916315817424
17303.0,-0.254528512566678
17304.0,1.09089604454907
17305.0,-0.7375788927524437
17306.0,0.9116779216406034
17307.0,0.15965185001540855
17308.0,-0.9561860255503958
17309.0,0.9281801620655592
17310.0,-0.41096298763002687
17311.0,-0.17257021609948778
17312.0,-1.3811237004517278
17313.0,-0.8308922504959292
17314.0,0.5728621622717027
17315.0,1.231919660628626
17316.0,1.4779815952012063
17317.0,-0.8195843237489723
17318.0,0.9770862455100393
17319.0,0.03848295709335954
17320.0,1.8236851276305055
17321.0,-1.0039729956271752
17322.0,0.4196861379809019
17323.0,-0.11038842196496948
17324.0,-0.5914676743661809
17325.0,-0.7601806288544599
17326.0,0.018885369117487064
17327.0,-1.7546150213400995
17328.0,-1.1143738141864494
17329.0,-0.044546170482189396
17330.0,-2.184406490267223
17331.0,-0.4875534707193867
17332.0,0.23494378873343985
17333.0,0.42300086064581566
17334.0,1.0070240128358028
17335.0,-0.9262702773585754
17336.0,-0.5004521493545576
17337.0,1.0360550814965406
17338.0,-0.16555511703350836
17339.0,-1.7050818983770062
17340.0,0.3784629920974731
17341.0,3.4328728908570243
17342.0,-0.6908907352112775
17343.0,-2.0232627091055644
17344.0,-0.5454250971138735
17345.0,-0.15162600135442617
17346.0,0.2756678939639356
17347.0,-0.5017566993970294
17348.0,-0.887677356717315
17349.0,1.3840876896300067
17350.0,-0.22181676996011374
17351.0,-0.7734550121474704
17352.0,1.8841012250004405
17353.0,0.05769600282195009
17354.0,-0.6322908898396714
17355.0,-1.0355368113705146
17356.0,0.3747939949199191
17357.0,-0.9906648750321367
17358.0,0.6685001573277854
17359.0,1.4395793669067596
17360.0,-0.9994026022574161
17361.0,-0.725762730842259
17362.0,0.16465410361695618
17363.0,-3.3721702140588814
17364.0,-1.304618579577944
17365.0,0.6039902724419611
17366.0,-0.5621746584932871
17367.0,-0.46027753842649416
17368.0,-1.0987950427620272
17369.0,0.9876035449150653
17370.0,-0.3454703728773215
17371.0,-1.0220884064995377
17372.0,-0.7187869706832948
17373.0,0.5246783846994554
17374.0,0.4741886766345352
17375.0,0.5580511287161505
17376.0,1.3006205134856468
17377.0,-1.4858646964504307
17378.0,1.0418971358957527
17379.0,-0.8496422506888216
17380.0,0.062137529968135756
17381.0,-0.3641213674345486
17382.0,0.6244630478143292
17383.0,-0.5784456410792074
17384.0,2.203993920213465
17385.0,0.3312491503129835
17386.0,0.7746779098114682
17387.0,-0.5056639543455488
17388.0,0.7022594022071321
17389.0,-0.5438201781318709
17390.0,0.12916302870570148
17391.0,-1.3820218582725898
17392.0,-0.24919512562160473
17393.0,0.5040143663916864
17394.0,0.7619263331880556
17395.0,0.7387477677720455
17396.0,0.8087475130456168
17397.0,0.16990119046975619
17398.0,1.7139082477054746
17399.0,0.8842777432582953
17400.0,-1.1820133842930733
17401.0,-1.44059214457747
17402.0,-0.6080332058843259
17403.0,0.005280324674490299
17404.0,0.6104769435374358
17405.0,1.2016650584618707
17406.0,0.7850777280827069
17407.0,-0.7620362496292171
17408.0,-1.318762498001923
17409.0,0.6624391279461317
17410.0,0.923303286103442
17411.0,0.868429321984024
17412.0,0.39478353559516804
17413.0,-0.09709834667814525
17414.0,-1.171704696481147
17415.0,0.21331017310047673
17416.0,-0.6369673020835684
17417.0,-0.2297826577617813
17418.0,-0.40862982746357196
17419.0,0.8089833384304618
17420.0,-0.23311585845841185
17421.0,0.5463943765427809
17422.0,-1.280590165953833
17423.0,-0.8444855126006386
17424.0,-1.2425980675683972
17425.0,-0.2032563587454811
17426.0,0.6163906987961919
17427.0,0.31823004093063567
17428.0,-1.5017275365461662
17429.0,1.1942705255480575
17430.0,0.333123664989286
17431.0,-0.027686075892161304
17432.0,-1.2319828246362299
17433.0,0.7722106953881694
17434.0,-0.22510617646682932
17435.0,1.9912625063289866
17436.0,-1.1318787124787084
17437.0,-0.29967303318064165
17438.0,-1.7763933485537584
17439.0,-0.5397022286301022
17440.0,-1.8514002053553602
17441.0,-0.02357054747346238
17442.0,-1.927048699769786
17443.0,3.29603044560785
17444.0,-0.8883549727001318
17445.0,-0.8297645462870804
17446.0,-0.4189043401836194
17447.0,0.8906687649877616
17448.0,0.09848802832720291
17449.0,2.0806024436555717
17450.0,1.1572058521869053
17451.0,-0.7708142011981767
17452.0,0.7189985802333091
17453.0,1.0920393497938246
17454.0,-0.7685929193826297
17455.0,1.2215448579705457
17456.0,2.342709877446789
17457.0,-0.40666822365310484
17458.0,-1.7697577545704417
17459.0,-0.7742820449376527
17460.0,0.3850642689157136
17461.0,0.8868904006822526
17462.0,0.012736385892005278
17463.0,-0.16495273944203565
17464.0,-0.4810996300937675
17465.0,0.3444695884943665
17466.0,-0.34592222923514704
17467.0,-1.5336593235084972
17468.0,0.4829640602797593
17469.0,0.3749056614679554
17470.0,-0.1032185429070685
17471.0,-0.017509968092543342
17472.0,-2.1389872376029224
17473.0,-0.06825074069325597
17474.0,-1.1708981226921318
17475.0,0.015086140356897844
17476.0,-0.42836215828297763
17477.0,-2.0008495144713243
17478.0,1.0829973829569797
17479.0,0.39010353994729946
17480.0,1.7410237063326743
17481.0,0.08515857675701177
17482.0,0.021485807225277303
17483.0,-0.5651401435506476
17484.0,0.5132704960030352
17485.0,-1.0235989250926973
17486.0,2.5929387116927742
17487.0,-2.1460681890108795
17488.0,0.4745666177263364
17489.0,0.4308871838336513
17490.0,0.1914970125978266
17491.0,-1.263650148735673
17492.0,0.4560000469215982
17493.0,-1.0105318628209492
17494.0,1.1314332986740758
17495.0,-1.3665645523290586
17496.0,-0.930536460231261
17497.0,0.40203193085933137
17498.0,1.7888112416271924
17499.0,-0.5525714478758023
17500.0,0.21223542845031523
17501.0,-0.20807344806118144
17502.0,-0.7545642478358524
17503.0,-0.3574766000718317
17504.0,2.6491566255536725
17505.0,1.298095712616486
17506.0,-0.5324839258148981
17507.0,-0.47906888208800313
17508.0,-0.006483456647534402
17509.0,-0.08164852573719611
17510.0,-1.1933235107057176
17511.0,0.7940073510831059
17512.0,0.6441571377416734
17513.0,0.9158642012392078
17514.0,0.4319788409752864
17515.0,2.2145054415297785
17516.0,-1.1307810812666417
17517.0,1.1803481008459182
17518.0,-0.45246483875776994
17519.0,-0.5471856966867129
17520.0,1.4069453839047195
17521.0,0.22430199308806698
17522.0,-1.2126168239719195
17523.0,-1.2322333474081353
17524.0,-0.14331108617837912
17525.0,-1.8166381533968214
17526.0,-0.896460303779138
17527.0,-1.3805533059771316
17528.0,-0.297542254309065
17529.0,-0.36177866728869296
17530.0,0.30915575916854626
17531.0,0.9250026346549745
17532.0,0.15161799714271776
17533.0,0.18637073565162812
17534.0,-0.8534093253644407
17535.0,-1.2449293066274654
17536.0,0.6619237083468718
17537.0,2.7820589545372494
17538.0,-0.6456661451997165
17539.0,-1.4336876582733251
17540.0,1.0689486108490354
17541.0,-0.38005109039550705
17542.0,0.9103229598756355
17543.0,1.6403777630453322
17544.0,-1.179945350554935
17545.0,0.604509393989406
17546.0,0.39648239831042553
17547.0,-0.45933096278670893
17548.0,0.04402921949123962
17549.0,0.13620417929485498
17550.0,-1.1786193546952657
17551.0,2.2145137757956492
17552.0,0.4295018989430246
17553.0,-2.767186279110146
17554.0,0.7463976566494517
17555.0,-0.24199144251741583
17556.0,0.38050489372786994
17557.0,1.207025112846289
17558.0,0.1888141659355802
17559.0,0.37751302207136483
17560.0,-0.40613163345026393
17561.0,0.42726140111434446
17562.0,-1.1615322106649952
17563.0,-1.9681759543223947
17564.0,0.9779694395024924
17565.0,-0.2740079284993635
17566.0,0.5382162442629398
17567.0,0.5258170809458474
17568.0,-0.5274005834610835
17569.0,-1.0784641917248132
17570.0,-1.2696791807704553
17571.0,0.571804617490794
17572.0,-0.6094148026689378
17573.0,-0.08243397944080653
17574.0,0.735333566901467
17575.0,-0.41689614310465006
17576.0,-0.8189239553156706
17577.0,-1.906302371496298
17578.0,-0.04203856626949938
17579.0,-0.2522981014710947
17580.0,0.9480417411966934
17581.0,-0.21034301398470975
17582.0,-0.3080655773129931
17583.0,1.606537500953845
17584.0,-2.7776903924065732
17585.0,1.0174397589006636
17586.0,0.31814765844089427
17587.0,1.455073382874961
17588.0,-1.2997606100187797
17589.0,0.9939608753333476
17590.0,-2.475484218064415
17591.0,0.47361574960590264
17592.0,-0.17246578518135205
17593.0,-2.2187381439443317
17594.0,-0.37332441788317783
17595.0,0.9008206072994378
17596.0,-0.842392601345579
17597.0,-0.10164251394232156
17598.0,-0.5539756640986413
17599.0,-0.8794633218357315
17600.0,0.5599371187886705
17601.0,-0.21495307540501715
17602.0,1.814004562104128
17603.0,0.3755772340429586
17604.0,-1.7867411067436192
17605.0,-2.179408391309598
17606.0,0.5606441064072979
17607.0,1.6465253568460292
17608.0,-1.2294423700672634
17609.0,-1.5681989592226122
17610.0,-0.5955680815594404
17611.0,-0.6238618419821218
17612.0,-0.18121499827480203
17613.0,-0.6979885276721265
17614.0,-0.3101296190733563
17615.0,-1.3563041542948453
17616.0,-0.32009117564228373
17617.0,1.177967061162884
17618.0,0.4116252081209405
17619.0,2.054884450086879
17620.0,-0.2918130843280768
17621.0,-0.6389669024367658
17622.0,-1.137565916700081
17623.0,1.8488295297328508
17624.0,0.5076916048212027
17625.0,-1.4345791429466412
17626.0,-1.094847260829665
17627.0,-0.44165147876928706
17628.0,-0.004879277470375219
17629.0,-0.23997509775376144
17630.0,-0.3541974422633308
17631.0,1.7706207545820718
17632.0,1.0618425294722036
17633.0,-0.13366636916225183
17634.0,0.5669860414383009
17635.0,-1.432559075733331
17636.0,-0.2239486689502182
17637.0,-0.719476356395942
17638.0,-1.6268459480045767
17639.0,-1.0850692856567796
17640.0,0.14947371144899999
17641.0,-1.2628360697602241
17642.0,1.0140744839866034
17643.0,-0.19233520064780163
17644.0,2.7548796732554592
17645.0,-0.126204667999606
17646.0,0.565604266767633
17647.0,-1.8734140229464693
17648.0,-0.32966868227064483
17649.0,1.9757445944529541
17650.0,-0.9077355951760199
17651.0,-0.1080557211943644
17652.0,0.6949355532408086
17653.0,0.7021181582831579
17654.0,0.830857512158503
17655.0,-0.5648016006376345
17656.0,-1.0443677317861535
17657.0,0.06098412911357873
17658.0,0.977514706412128
17659.0,0.08959440434002526
17660.0,0.020022159193214872
17661.0,-0.06474319114923661
17662.0,-0.3723939207815454
17663.0,0.9078751374162648
17664.0,-1.3646198647533523
17665.0,0.6917110701985897
17666.0,-1.155995180588819
17667.0,-0.19124759085581108
17668.0,1.0808669013143144
17669.0,-0.021593189675556245
17670.0,0.8752762220991482
17671.0,0.21248195217703839
17672.0,0.21539039622760153
17673.0,-0.05807326801788624
17674.0,-0.4065778652932796
17675.0,-0.1117903450424398
17676.0,-0.5693561528927219
17677.0,-1.5406405311565134
17678.0,0.865808842565358
17679.0,0.5563836543950398
17680.0,-0.3947446241821868
17681.0,-1.6856785233601186
17682.0,0.18109254913120604
17683.0,0.1641841698252489
17684.0,0.8299064098921025
17685.0,0.4073204560180516
17686.0,-0.935776210454964
17687.0,-0.710382187137348
17688.0,0.21534293820394523
17689.0,0.542712190849934
17690.0,0.6274536819931238
17691.0,-0.2947650816883988
17692.0,0.016144148790517905
17693.0,0.21337418040868047
17694.0,-0.21845782862909602
17695.0,0.9320032802993399
17696.0,-0.7856547317888894
17697.0,1.9452240023055745
17698.0,-0.13597339111603668
17699.0,-1.6310981797117323
17700.0,2.2044304859743233
17701.0,1.327511392267139
17702.0,1.419496889609635
17703.0,1.5845707970283673
17704.0,-0.6868370007507141
17705.0,-1.305686373815607
17706.0,-2.714956688758761
17707.0,0.6112579972510935
17708.0,-2.4066458375650557
17709.0,0.7477021453217934
17710.0,1.1801902679464416
17711.0,0.42080125160030984
17712.0,-1.7232596861079565
17713.0,0.19372412987167698
17714.0,-0.42546070982682094
17715.0,-0.8243057824961765
17716.0,-0.23327825647376754
17717.0,0.48615121889689245
17718.0,-0.26485392864336477
17719.0,0.03559235406673484
17720.0,-0.3329717587143478
17721.0,-0.4083382155184171
17722.0,0.7959496459168326
17723.0,-0.3130334534328292
17724.0,-0.1275194242819733
17725.0,1.6737346103980868
17726.0,-1.769468146348139
17727.0,-0.5191909357685629
17728.0,-0.5227035839565031
17729.0,0.5027619560370296
17730.0,-1.05834751719742
17731.0,-0.07492724799068663
17732.0,1.898365199298988
17733.0,-0.8383023109467467
17734.0,-0.5601070531182708
17735.0,-0.8927684155771652
17736.0,-1.9602134951088188
17737.0,1.6495235428551271
17738.0,1.3140770833624587
17739.0,0.5806152297340698
17740.0,-0.5271410151761198
17741.0,-0.2709691559885876
17742.0,-0.9643830019988807
17743.0,0.8938169145509056
17744.0,-1.028291400926386
17745.0,0.0421849471035345
17746.0,-1.9978881007432443
17747.0,0.7797757033436258
17748.0,0.407964745218318
17749.0,-0.0713476439117192
17750.0,1.0816555765785112
17751.0,0.48231195700790364
17752.0,0.41801409718541965
17753.0,1.120122167913872
17754.0,1.373879357824324
17755.0,1.5514540938471242
17756.0,0.5932829044427607
17757.0,0.16957735124375065
17758.0,0.21253781602417174
17759.0,1.17879887398389
17760.0,-1.1098361709139593
17761.0,0.32300805211805633
17762.0,1.024739568633775
17763.0,-0.8115717773104135
17764.0,-0.4598381020449687
17765.0,-1.3189076867722294
17766.0,-0.5604217356989938
17767.0,1.3181521189077827
17768.0,-1.345906646610826
17769.0,0.7287956216046408
17770.0,1.0799934260223039
17771.0,0.764571328005431
17772.0,0.7199486047764647
17773.0,0.5252563223694916
17774.0,0.4235131760829593
17775.0,1.2546736502931786
17776.0,-0.5479637821777065
17777.0,1.69522388460352
17778.0,0.021392963396978545
17779.0,-0.6152970617444674
17780.0,-1.4860982438941688
17781.0,1.2870515416560082
17782.0,-0.3892807676373876
17783.0,0.49679243149996904
17784.0,0.3456866169956344
17785.0,-0.15122680563165192
17786.0,0.12072879718473
17787.0,-0.13804242146405774
17788.0,0.23965822276041931
17789.0,0.7886646468943314
17790.0,-0.6191591473023249
17791.0,0.8878303885489219
17792.0,0.5902436624004599
17793.0,0.5292418216953451
17794.0,0.5502020984720941
17795.0,-1.1346465077035606
17796.0,0.2567011039599668
17797.0,1.4903548373614919
17798.0,0.5248498353870442
17799.0,1.971397198370488
17800.0,1.5597682310588323
17801.0,-0.5303354983527603
17802.0,0.15899560188512854
17803.0,1.098308782952327
17804.0,1.0416350452013599
17805.0,-0.5003762238378074
17806.0,0.524647239264633
17807.0,0.884847161351901
17808.0,1.1964168739534558
17809.0,-0.4125097559939545
17810.0,0.44674937928304126
17811.0,-0.7747072077085386
17812.0,1.165187601707147
17813.0,0.14550250612006332
17814.0,0.580807592212363
17815.0,0.34368320252200185
17816.0,1.5371244197881007
17817.0,-1.3932655704467805
17818.0,-0.39387151104496126
17819.0,0.46995598345395545
17820.0,1.2525791439875427
17821.0,0.47159061154687115
17822.0,0.3591344050821052
17823.0,0.8297846589665735
17824.0,-0.2587923680028875
17825.0,-0.6260858528468277
17826.0,0.5338697070994789
17827.0,1.369285740904865
17828.0,0.569535133567139
17829.0,1.44359218997141
17830.0,-1.0375022481124276
17831.0,-0.7876130092871221
17832.0,0.4927330328493277
17833.0,1.1809339069650924
17834.0,0.5267169924521546
17835.0,-0.6895740696884696
17836.0,-0.4158013158224556
17837.0,0.46116177663726715
17838.0,-0.09976345198338521
17839.0,-1.0592310479564693
17840.0,0.22578641064728308
17841.0,-0.9440331244499253
17842.0,-1.4745392518477507
17843.0,-0.3124080508865899
17844.0,-0.3585059628364069
17845.0,-0.5471304780036642
17846.0,-0.5466524482679402
17847.0,0.21124663621593612
17848.0,1.8766407289093965
17849.0,-0.2359611766472805
17850.0,1.550832100082061
17851.0,1.4950472292583483
17852.0,-1.3080679015870464
17853.0,-1.17266537996704
17854.0,-1.3445782183753456
17855.0,-0.6733174889227541
17856.0,0.36729100416550137
17857.0,0.999935783308431
17858.0,0.1708381811794868
17859.0,0.7539660617935457
17860.0,-0.772307784641904
17861.0,-0.3180114899370066
17862.0,-1.2717647614005057
17863.0,-0.34211653893523697
17864.0,-0.7268800652471803
17865.0,0.8088605274897448
17866.0,2.0124655666419637
17867.0,-0.7942054196873988
17868.0,-1.2311993709428377
17869.0,-0.47806848919767436
17870.0,-1.3074486529689853
17871.0,-2.5275665830817236
17872.0,1.4020048379247803
17873.0,1.5572941352274654
17874.0,-1.8528701345075114
17875.0,-0.7301839451397687
17876.0,-2.632139634814697
17877.0,-1.3391110188488284
17878.0,-1.9943584717005072
17879.0,1.335942402117555
17880.0,0.61073527086822
17881.0,-1.1656130970428185
17882.0,1.3692267149296757
17883.0,0.4015038217769059
17884.0,-0.530039082217662
17885.0,1.9027276646568017
17886.0,0.6358917704933867
17887.0,1.9883449408298133
17888.0,-1.4994326522586798
17889.0,-0.027626095353290903
17890.0,0.1271365191700683
17891.0,0.06798513550228123
17892.0,1.003029577175852
17893.0,0.199138697504614
17894.0,-0.3501213744297892
17895.0,-0.17655152009278172
17896.0,0.628827702070517
17897.0,-0.37785604423947694
17898.0,0.5423490301797191
17899.0,0.7382294698002226
17900.0,-0.8309246051204576
17901.0,0.6998584891813038
17902.0,-1.4557589372016133
17903.0,0.872572436824144
17904.0,-0.5461877127008622
17905.0,1.3967801581688704
17906.0,2.0115847127826427
17907.0,-0.9517596616774782
17908.0,-1.0382556696226646
17909.0,1.4117538106781466
17910.0,-1.0691910299709149
17911.0,0.5178964678612521
17912.0,0.2395025832023876
17913.0,-0.39635850078484824
17914.0,0.29266260008099315
17915.0,0.479481197109796
17916.0,-0.35843636372602167
17917.0,-1.5661897285127013
17918.0,-1.2122914923500854
17919.0,0.9452142328289098
17920.0,0.727044599174276
17921.0,1.524762260591985
17922.0,0.7011765675538058
17923.0,-0.22547224060207957
17924.0,0.5066489816394163
17925.0,-1.3794295780824584
17926.0,-1.4956337960314698
17927.0,1.8635533210063613
17928.0,-0.44916137992564203
17929.0,-0.6719327407607935
17930.0,-1.0543174352729596
17931.0,0.2482316261357841
17932.0,-1.5244125694440913
17933.0,0.30861408611952656
17934.0,1.5430985239975066
17935.0,1.1917585904017913
17936.0,-0.5930798221384902
17937.0,0.26125468293313137
17938.0,0.44157014923768506
17939.0,-0.45293021520067966
17940.0,-1.0003760412394465
17941.0,0.8199957924231163
17942.0,1.7931517001280497
17943.0,-0.09701400856310953
17944.0,1.651401582292232
17945.0,-0.7313657260504699
17946.0,-0.2451119993238185
17947.0,1.374912384689061
17948.0,-0.9115276547151955
17949.0,-0.7111238589967024
17950.0,1.293582708864569
17951.0,0.7049107006614106
17952.0,-1.4139810002743518
17953.0,1.2051513908312956
17954.0,0.4824004884196663
17955.0,0.5753484055641467
17956.0,0.8489694487478935
17957.0,-1.6438052167778916
17958.0,0.5293994595157316
17959.0,-0.6582923253219876
17960.0,0.024306401190178448
17961.0,-0.4333869184748153
17962.0,-0.22317825923491305
17963.0,0.3554149545836839
17964.0,-0.5837687235987993
17965.0,-1.2944323615385263
17966.0,-0.39003794809071035
17967.0,0.28957088157510447
17968.0,-1.344192762434692
17969.0,0.9298276254617788
17970.0,-1.5954928566908009
17971.0,-2.980446987792623
17972.0,-1.1959555487099556
17973.0,0.6492377454022854
17974.0,0.3936376945615256
17975.0,1.6505414548294088
17976.0,-0.18862709978940356
17977.0,-0.43211069080978337
17978.0,1.9777448229791987
17979.0,0.16795193030154448
17980.0,-0.08963245509580274
17981.0,0.6598706752459123
17982.0,0.3429136857967963
17983.0,-0.5481927449500625
17984.0,-0.6213110968734508
17985.0,0.7720433575998953
17986.0,-1.469478755352726
17987.0,0.2964261169558386
17988.0,-0.6783758886798771
17989.0,0.046961688215985224
17990.0,-0.4830384253896531
17991.0,1.3838975755604228
17992.0,-0.25198941690493
17993.0,0.3893510913484162
17994.0,2.5742729924901075
17995.0,-0.9096541309943241
17996.0,-1.6346245693053114
17997.0,-0.15796538738438706
17998.0,-1.3011674378803708
17999.0,0.7503054382266885
18000.0,0.0015404874278491293
18001.0,0.21590202511670495
18002.0,1.8866741328735968
18003.0,-0.7906080318696743
18004.0,0.1744382562658334
18005.0,1.1840268492266175
18006.0,-0.10998161730076941
18007.0,0.07547782788044137
18008.0,-0.8914355309862309
18009.0,0.1709096009538338
18010.0,1.1300065364351959
18011.0,-0.49834662612852954
18012.0,-0.7176713562120343
18013.0,-0.12538652557242985
18014.0,-0.5213436956578451
18015.0,-0.705199943105537
18016.0,1.6759825901714007
18017.0,0.8192140508474025
18018.0,0.33104008586228073
18019.0,1.1185448344212883
18020.0,1.0045057584658492
18021.0,-1.5670079751490087
18022.0,-0.862531299330078
18023.0,0.6915319102197989
18024.0,0.8278006420905745
18025.0,0.07642724033518722
18026.0,-1.8601324450136845
18027.0,0.3349838821102765
18028.0,1.5070582943067565
18029.0,0.5229436633680943
18030.0,0.21469111584361478
18031.0,1.1344630570067
18032.0,0.6877997373408339
18033.0,-0.5642346705982961
18034.0,-1.1690634021484678
18035.0,2.200334250077182
18036.0,0.5914060956946976
18037.0,-1.4793454014809055
18038.0,-1.6347285180750855
18039.0,0.8030257507940978
18040.0,0.5220892111698239
18041.0,-0.5863925141012759
18042.0,-2.0014819581233185
18043.0,0.4726917309801843
18044.0,0.011701324803538346
18045.0,-0.3910736982220071
18046.0,-0.7621343917572633
18047.0,-0.40748738568365733
18048.0,0.3671716859144077
18049.0,-0.42468909917840725
18050.0,0.417303401508991
18051.0,-1.409714265402563
18052.0,-0.5587436888617551
18053.0,-2.437083324560198
18054.0,1.6286592817579288
18055.0,-2.419407405763424
18056.0,1.1024075922369867
18057.0,0.4690579834539599
18058.0,1.1873729851973525
18059.0,0.015413539916823099
18060.0,1.2432885014757906
18061.0,1.4652242590689184
18062.0,0.6684305165359203
18063.0,0.05966127039259147
18064.0,-0.1759380832249796
18065.0,1.8976510755222518
18066.0,0.2867778032912185
18067.0,-0.2452659435718514
18068.0,-1.6845512963393259
18069.0,0.35044421114556273
18070.0,0.3231914342582252
18071.0,-0.5026540065689608
18072.0,1.761062485200112
18073.0,3.0054889191313063
18074.0,0.6701690127673859
18075.0,-0.04694502301744126
18076.0,-0.016643961910930073
18077.0,0.3498196496823609
18078.0,1.6579273979371885
18079.0,-0.47709153152456873
18080.0,0.6478242512977954
18081.0,-2.0449345647417023
18082.0,-1.4040961162361858
18083.0,0.6225591769130238
18084.0,-0.08945454747274932
18085.0,1.2035269189372677
18086.0,-0.1228638275758168
18087.0,-1.392035202136864
18088.0,-2.2437011496734973
18089.0,0.6350867732167164
18090.0,-0.23004937123466956
18091.0,0.6761190062106504
18092.0,0.4438274708507832
18093.0,0.13253762650678563
18094.0,-0.7011031556705843
18095.0,2.053853864615506
18096.0,1.0930057176249217
18097.0,-0.6600934853793551
18098.0,-0.811821507314836
18099.0,-2.5126443862311545
18100.0,0.16502381775562808
18101.0,2.2859614435498394
18102.0,1.3875216509828225
18103.0,-0.2761871986942146
18104.0,-1.498751195652276
18105.0,-1.1847305897239164
18106.0,0.5773553476058133
18107.0,-0.4706509913059887
18108.0,-0.5461106570642811
18109.0,0.09213088940139529
18110.0,0.5326902435077837
18111.0,-0.035300191760069995
18112.0,-0.44449730528787945
18113.0,0.039613689821137256
18114.0,-0.3227282559831613
18115.0,-1.3150696349019761
18116.0,0.5690144937716968
18117.0,-0.8011278055906866
18118.0,-1.071425830538155
18119.0,1.0248174175218048
18120.0,-0.37398499023745213
18121.0,0.8194631855049884
18122.0,0.1605839831332091
18123.0,-0.22670973985468565
18124.0,-0.3610968477564683
18125.0,-0.9824238327875341
18126.0,0.15212211067149456
18127.0,-0.26685471563996493
18128.0,-0.5743579723760854
18129.0,-0.16846317333562125
18130.0,0.1086213358223205
18131.0,0.17790105048162835
18132.0,0.040745092175547226
18133.0,0.372433569156048
18134.0,1.8226600634117833
18135.0,-0.6142478911853427
18136.0,-0.844067292765292
18137.0,0.6190772745554328
18138.0,-2.0658416371192074
18139.0,-1.438760627605708
18140.0,-0.7027571338438997
18141.0,1.5852328146804893
18142.0,-0.16396535668794454
18143.0,0.3660784539189734
18144.0,-1.1523478331124406
18145.0,0.2704658338584827
18146.0,-1.0645650985050785
18147.0,1.5279654872109043
18148.0,-0.25372619773706717
18149.0,-1.1792428613627461
18150.0,-1.777487644419405
18151.0,-0.52507148609185
18152.0,-2.026345281178029
18153.0,0.9377529160961366
18154.0,0.7535480537406821
18155.0,0.02005099660841605
18156.0,-0.24419340108174875
18157.0,-0.13601443832754007
18158.0,0.25376397683163143
18159.0,0.14348174315192636
18160.0,-1.1170785350895966
18161.0,-0.8736169642812855
18162.0,-1.0079998181127
18163.0,-0.7000493323435595
18164.0,0.800033587227857
18165.0,-2.0763079906711672
18166.0,-0.7979776395711893
18167.0,-0.040149913108148624
18168.0,-0.6321855204990933
18169.0,1.0374169382597063
18170.0,-0.8929960247475592
18171.0,-0.4869214722867536
18172.0,2.585606578222981
18173.0,-0.15964814378887493
18174.0,1.0950652303290713
18175.0,-0.6989120690562212
18176.0,-1.2323213781924933
18177.0,-0.5719683382129019
18178.0,1.6839650826283366
18179.0,1.518970797804455
18180.0,0.5612341201300809
18181.0,-1.8311936812721676
18182.0,-0.14190854768945232
18183.0,-0.7262463246489101
18184.0,0.9411284721915452
18185.0,-0.3739760730636812
18186.0,0.6579746652676217
18187.0,-2.259379817220724
18188.0,-1.33797720076997
18189.0,0.4780684858673861
18190.0,1.8238828498684823
18191.0,1.455848831130524
18192.0,0.7271690315858818
18193.0,0.7629794604221659
18194.0,-1.5559767617913176
18195.0,0.1713232669261817
18196.0,-0.4143714970025367
18197.0,1.5347445128625763
18198.0,0.3516135094775794
18199.0,0.5723038711228409
18200.0,-0.30252115667957297
18201.0,0.7170617595209088
18202.0,0.3709233420829689
18203.0,0.9915986202449175
18204.0,-0.3419736705765824
18205.0,1.1606358533472623
18206.0,-0.05060974405775544
18207.0,1.118887081783328
18208.0,1.9086827293285298
18209.0,-0.3022399201923296
18210.0,-0.46197712014192555
18211.0,-0.27074054585680357
18212.0,-1.1349352867879077
18213.0,-0.7906684887163172
18214.0,-0.26996294821452926
18215.0,-0.202199983672171
18216.0,-1.2151910631821263
18217.0,1.7566977747226389
18218.0,0.6140404046246973
18219.0,-0.035884510355685774
18220.0,-0.7360400742147666
18221.0,-2.9619937603538338
18222.0,-0.8035320608271422
18223.0,-1.4411393173202733
18224.0,-0.11525632315203611
18225.0,-0.6262799951076454
18226.0,0.7452221246191338
18227.0,0.36033514603430733
18228.0,-0.07046840996888362
18229.0,-0.05559357163472689
18230.0,-0.06447587780931904
18231.0,0.5125713282792834
18232.0,0.7534661116128428
18233.0,-0.056433819999006485
18234.0,-1.6773536138543963
18235.0,-0.9046233112932824
18236.0,-0.5526401562831037
18237.0,0.6889639160645149
18238.0,1.2368566221915762
18239.0,-1.462739539495308
18240.0,0.8682542642431487
18241.0,-1.7659880358423738
18242.0,0.004349458038326529
18243.0,0.06828964593586578
18244.0,-0.004550734304529809
18245.0,-1.54858442260149
18246.0,1.7101263595883323
18247.0,0.08758459380230704
18248.0,-0.06298130207717804
18249.0,0.23838429549719023
18250.0,-0.5383608254009394
18251.0,1.4420182117198839
18252.0,-0.34871230313189105
18253.0,-1.0240062193721071
18254.0,0.0380958552647759
18255.0,0.483455126381252
18256.0,-0.8810113328159388
18257.0,0.2552508075326898
18258.0,-1.0312611827815135
18259.0,0.7607175944563713
18260.0,-1.0282927041817038
18261.0,-0.41624190549373935
18262.0,0.5146252784703652
18263.0,-0.48535023320661014
18264.0,0.08615044621363255
18265.0,0.5356007238500133
18266.0,0.17369400888664543
18267.0,1.1298121063529003
18268.0,-1.2881938681168992
18269.0,0.5520228090863702
18270.0,-1.40321727414855
18271.0,0.748750151343536
18272.0,0.9623337644126717
18273.0,1.5412478871809272
18274.0,1.467621158647996
18275.0,0.8330472507516763
18276.0,-1.0282722658296968
18277.0,1.1364724066735206
18278.0,0.16625532802611026
18279.0,0.20703593897435388
18280.0,0.10213083795583419
18281.0,0.6617529475100322
18282.0,-0.9756466417290918
18283.0,0.8171468103090979
18284.0,-0.310317706682697
18285.0,-0.25083867276069277
18286.0,2.13676200221005
18287.0,1.5944736846363288
18288.0,-1.0686675787424642
18289.0,0.4407204103577081
18290.0,1.2778270496841933
18291.0,-1.4719577897995704
18292.0,1.7965468023880038
18293.0,-0.5626711626725422
18294.0,0.028372199092102125
18295.0,0.7766720330989781
18296.0,0.8240133173531339
18297.0,0.6555683017838392
18298.0,1.7952933865111185
18299.0,-1.5340805374470234
18300.0,-0.9216593896138793
18301.0,0.43435210240423267
18302.0,-2.405543551764218
18303.0,-0.5811409824296879
18304.0,0.16512215046239218
18305.0,-1.8296146506117317
18306.0,-0.2426392160264008
18307.0,0.026031766517801636
18308.0,0.006949836846584356
18309.0,-1.0766527061862328
18310.0,-1.4558849983705073
18311.0,-1.5510236873215228
18312.0,1.0569682957043893
18313.0,-1.8757717721908622
18314.0,-0.15440549277046303
18315.0,-3.5710867721665784
18316.0,-1.0690653615079848
18317.0,0.01494377330251636
18318.0,1.3866298668357988
18319.0,1.9823029017343043
18320.0,-0.07425339813700425
18321.0,-1.1754906255328208
18322.0,0.9172706506419614
18323.0,1.2018124884781538
18324.0,-0.6331573726787951
18325.0,-1.2577097737541083
18326.0,-0.11849249536517274
18327.0,1.5362663988229313
18328.0,0.6242018530382076
18329.0,-0.11625848796957738
18330.0,-0.15001088863829656
18331.0,-0.2289914672679934
18332.0,-0.4502504454665281
18333.0,0.7875887188517547
18334.0,-0.04504807525692568
18335.0,0.7172212949103225
18336.0,-0.2712195307234877
18337.0,1.2263181683843851
18338.0,-1.50823061732643
18339.0,-0.18398888177532136
18340.0,1.6870809642957294
18341.0,0.02149636988238686
18342.0,-2.0916895371040027
18343.0,0.5823695682119463
18344.0,0.19274906655252794
18345.0,1.5102093328718023
18346.0,-1.7031551414742718
18347.0,-0.6278624169620833
18348.0,-0.4565039161490819
18349.0,-0.0488758528708374
18350.0,-0.27926220108043814
18351.0,-1.0802293611807057
18352.0,-0.5810261022244005
18353.0,1.3590657609995027
18354.0,-0.5809014518847545
18355.0,0.6241154948719156
18356.0,-0.33016833478563584
18357.0,-0.23471539187024779
18358.0,0.1925949407217843
18359.0,0.1273049842145398
18360.0,1.0100251327411425
18361.0,0.3130803115169484
18362.0,-0.23287719905601034
18363.0,1.2717034021117162
18364.0,-0.798662448608087
18365.0,-0.8014114359167901
18366.0,0.7113955346112415
18367.0,2.0297740162343585
18368.0,-0.5466436146242785
18369.0,-0.3864886294165251
18370.0,0.5336466965382307
18371.0,0.08027405736904439
18372.0,-0.18530543749310024
18373.0,1.6637893556636312
18374.0,1.8226735149703646
18375.0,-0.4870433024753582
18376.0,-0.44189051418813535
18377.0,-1.2604276355007809
18378.0,0.43727032108402225
18379.0,2.218848163417226
18380.0,1.6414096196019337
18381.0,-0.7218883439939742
18382.0,-0.04493365423417927
18383.0,-1.1417002604797828
18384.0,0.3722581885578529
18385.0,0.13361929983926857
18386.0,-0.18684467348411726
18387.0,-1.0468947480550916
18388.0,-1.1154978747404034
18389.0,-2.6401493531705325
18390.0,-2.1033118206199943
18391.0,-0.19280879741806128
18392.0,0.7752363164094516
18393.0,-0.7066650130860526
18394.0,-0.6275282314046484
18395.0,-1.7900906228208537
18396.0,-1.3167449799569113
18397.0,-0.7520584022358099
18398.0,-0.012902615833160264
18399.0,0.6108468888756547
18400.0,-0.699718976093116
18401.0,1.6864072799001015
18402.0,-0.9100295950680465
18403.0,0.5836759297163837
18404.0,0.9726154689666053
18405.0,0.8566773179143362
18406.0,-0.8279041940725094
18407.0,-0.16528033056127311
18408.0,-0.1126187609681949
18409.0,-1.4553332607088987
18410.0,0.8654014217553344
18411.0,-0.5721052245304046
18412.0,0.2629747052031709
18413.0,-0.9179412652397351
18414.0,-0.2851373410308932
18415.0,0.15074206017158337
18416.0,0.580193936945778
18417.0,-0.9516432636751568
18418.0,0.27498112066952846
18419.0,1.38093575879312
18420.0,1.374931616860527
18421.0,2.2357644875427494
18422.0,-0.3526669884431033
18423.0,1.4095700867466265
18424.0,0.3463988056279564
18425.0,2.3600479944715578
18426.0,-1.3101450119035352
18427.0,-0.33424225646470457
18428.0,-0.19408132782215862
18429.0,1.0858376317446177
18430.0,-0.8628389244572816
18431.0,-0.5403743582863464
18432.0,-0.789377662314384
18433.0,0.8056734602945976
18434.0,-0.4322155804932988
18435.0,1.4386520422648816
18436.0,-0.9864758020541385
18437.0,0.4157639186093051
18438.0,-2.275369353596152
18439.0,0.15349880879097258
18440.0,1.6544377603624199
18441.0,-0.9546929160371224
18442.0,0.3773294163150519
18443.0,1.2033387626564163
18444.0,2.026441250205975
18445.0,-0.9656640838874057
18446.0,0.031224435488694913
18447.0,-0.6823779325894112
18448.0,-0.672300172762111
18449.0,-0.4805171195913003
18450.0,0.5568797317223075
18451.0,-1.3355148906844034
18452.0,-0.2080974760769435
18453.0,-0.18247787432840928
18454.0,-0.007306573281119851
18455.0,1.1183191520588451
18456.0,-1.3798319439621207
18457.0,-0.0832783563395061
18458.0,-1.4286131024395081
18459.0,0.6446679659973442
18460.0,-0.10968412264029063
18461.0,1.5991241616374037
18462.0,-0.42162170757646084
18463.0,-0.19452762516825695
18464.0,0.8101664791407711
18465.0,0.07987764473235348
18466.0,0.5893358036678736
18467.0,1.0654615648728412
18468.0,-0.223057297508057
18469.0,-0.07292960396172336
18470.0,-1.0363873240114567
18471.0,2.3009371306856696
18472.0,-0.7311504097644002
18473.0,-1.6616417194120863
18474.0,-1.1211681183927347
18475.0,1.545031869266784
18476.0,1.2821583759167323
18477.0,-1.7387109537144705
18478.0,0.05972240044707713
18479.0,-0.5256131019209855
18480.0,-0.7439530795928496
18481.0,0.5576777386409698
18482.0,-0.6218202251646753
18483.0,1.2809266170248133
18484.0,-1.1043855458593912
18485.0,-0.3753448153530793
18486.0,1.3816795259599266
18487.0,-0.5603752244835591
18488.0,1.0623381301394619
18489.0,-2.2002404439405705
18490.0,0.04112790460704035
18491.0,0.9066604995664896
18492.0,-0.4383088828220784
18493.0,-0.01910960625033782
18494.0,-0.10413117630779521
18495.0,0.7020778380313989
18496.0,-0.08209034485309659
18497.0,0.8322106200636328
18498.0,-0.08748891880966497
18499.0,-2.151712989423522
18500.0,-0.4255222204279543
18501.0,0.5009430165054938
18502.0,-1.6397159068924902
18503.0,-0.8298566858160619
18504.0,-0.2958237502009252
18505.0,-1.2596849541826094
18506.0,0.07264780572298192
18507.0,0.6623273922895219
18508.0,-0.3482164297549212
18509.0,-0.40865430909938005
18510.0,1.980236783194296
18511.0,0.22137644217655403
18512.0,2.1331221899900275
18513.0,1.9250037504491215
18514.0,1.0230545834451816
18515.0,-0.8227664681299263
18516.0,-1.3060869138764275
18517.0,-0.0859378321026763
18518.0,-1.1728950203879878
18519.0,-0.290879932207973
18520.0,1.526511085340708
18521.0,0.7847277513399811
18522.0,1.2070105804963376
18523.0,-2.6352293280212025
18524.0,0.633200115382283
18525.0,-0.4435075815417376
18526.0,-0.24598460203704153
18527.0,1.5875665449839687
18528.0,0.22953488804216554
18529.0,2.1789677461181456
18530.0,0.6607385545721862
18531.0,0.09965295193533436
18532.0,0.6361673665371217
18533.0,0.5170283335120919
18534.0,0.22596474670401911
18535.0,-0.04156633696513294
18536.0,-0.13978289249679907
18537.0,0.250726059072248
18538.0,1.7603588591235275
18539.0,-0.8864637269522886
18540.0,-0.11567114092263461
18541.0,0.18736901912390225
18542.0,0.11271207461406879
18543.0,-2.32994574435533
18544.0,-0.2949994546257695
18545.0,0.4459257445318825
18546.0,-0.6463976936025332
18547.0,0.8406273305449256
18548.0,-1.033888102206892
18549.0,0.1425981821881551
18550.0,0.5588374831673536
18551.0,0.9058123228748687
18552.0,0.7007006660483487
18553.0,-0.564690315223537
18554.0,0.044483665996529836
18555.0,0.11226962932706964
18556.0,0.19248388089963733
18557.0,0.4233293758547029
18558.0,0.362168926385839
18559.0,1.3289705584301945
18560.0,-0.6527763909709854
18561.0,-0.9297032656256495
18562.0,0.28664024517762093
18563.0,0.6020222344160325
18564.0,-1.0104963081120797
18565.0,0.2657462683518102
18566.0,-1.487373063923476
18567.0,0.9012963128596999
18568.0,0.07558389533250796
18569.0,-1.6327262472734834
18570.0,0.6313467064300664
18571.0,-0.27672823240405764
18572.0,-1.4567620753889008
18573.0,-1.0367344147702051
18574.0,1.0475339673475887
18575.0,0.6156195504463017
18576.0,1.0979194202876688
18577.0,0.4617312707459301
18578.0,-0.5501374825669741
18579.0,-0.5962902552633148
18580.0,-0.047166136577212546
18581.0,1.7305293478146242
18582.0,-0.4906679313605629
18583.0,0.5908155092324303
18584.0,0.28618540660121594
18585.0,0.22063090607501873
18586.0,-0.8440445523545446
18587.0,1.5983672818543098
18588.0,0.041035182669640693
18589.0,0.5997868876932281
18590.0,-0.10801732875734534
18591.0,0.9296893366244617
18592.0,-0.9644479125370743
18593.0,-0.24190470425344082
18594.0,-1.9546719966834933
18595.0,-0.16015063232408522
18596.0,-0.047260592487968996
18597.0,1.0745223925410021
18598.0,-0.7202138397234622
18599.0,-0.31734390707832066
18600.0,0.09051935406112181
18601.0,0.6289305753319815
18602.0,-0.4900075610952414
18603.0,1.3629024761614759
18604.0,0.2949384998628693
18605.0,-0.9580645037148954
18606.0,1.8804419653307185
18607.0,0.4248675872015745
18608.0,-1.674422134801585
18609.0,0.8035512732005505
18610.0,-0.4084927302946013
18611.0,-1.1644543454503262
18612.0,0.7816042628964281
18613.0,-0.4708927327099187
18614.0,-0.6531944035298195
18615.0,-1.950057986740326
18616.0,-1.0218257022024129
18617.0,0.6206107462315469
18618.0,-1.405198004219906
18619.0,-0.30024665983547644
18620.0,-0.7305847145678279
18621.0,-1.2181643013339256
18622.0,0.3579731697182334
18623.0,0.5003070456075601
18624.0,1.0632219158912943
18625.0,0.17681617933132582
18626.0,0.33921296094713727
18627.0,-0.24413690137071611
18628.0,0.44829902601954713
18629.0,-0.34368148903683216
18630.0,-0.12989315924317812
18631.0,1.9162567242339974
18632.0,0.09464834526122336
18633.0,0.20308550174107773
18634.0,-1.2763084330759813
18635.0,-1.1293816948209416
18636.0,-1.2934093021520683
18637.0,0.1646464146007349
18638.0,1.2900028342846863
18639.0,-0.2994039940550168
18640.0,1.9307756151374535
18641.0,-1.4539225515978416
18642.0,0.04833376907765572
18643.0,-1.671879010691638
18644.0,0.31569050075069016
18645.0,0.5358286298205672
18646.0,1.5566354314475015
18647.0,0.45129291575300506
18648.0,1.2026055664326336
18649.0,-0.34963306762376106
18650.0,-0.3960724926979395
18651.0,-2.3955003939762998
18652.0,0.5323730383588732
18653.0,0.8254215520696976
18654.0,0.25750175649598983
18655.0,0.7799686647652817
18656.0,-0.4823349279286144
18657.0,-0.4934749018744565
18658.0,0.642956891233458
18659.0,0.8365858378596719
18660.0,-0.06741879181763821
18661.0,1.0549572274922507
18662.0,0.4031010560594002
18663.0,-0.3982861106700877
18664.0,-0.3782420582850044
18665.0,-0.8287354795077075
18666.0,-0.21845276128160512
18667.0,-0.8646969205788602
18668.0,-1.3876962470394838
18669.0,1.3359974453872454
18670.0,-0.7108979006677136
18671.0,1.236813338783473
18672.0,-0.4280877068767014
18673.0,1.087981480172318
18674.0,-1.3929797999367286
18675.0,-0.08661548517136858
18676.0,-1.1385121816095465
18677.0,1.2373075864454486
18678.0,-0.7891695836597812
18679.0,0.4023287287448743
18680.0,-0.19952348220088523
18681.0,0.983006399998291
18682.0,0.9890965741110551
18683.0,-1.5496117727626093
18684.0,-0.4184037493049793
18685.0,0.42562384172537504
18686.0,-0.34442103976779004
18687.0,-0.7142749896359907
18688.0,-0.5200290401493265
18689.0,0.2908581240128503
18690.0,1.0827839433905788
18691.0,0.4196234658036184
18692.0,0.4019270464462616
18693.0,0.5646608877019246
18694.0,1.5548154181516005
18695.0,0.21994364438254227
18696.0,-0.1451718747011572
18697.0,-0.5962147082534546
18698.0,-0.8039540131878796
18699.0,0.3128391302956653
18700.0,1.1322152733513036
18701.0,-1.1648057844432356
18702.0,2.1386451325324582
18703.0,0.7256727915298412
18704.0,-0.9958880202540895
18705.0,-0.34865412180195327
18706.0,-1.1817200611523488
18707.0,-0.13355391773375205
18708.0,-0.6293081464114784
18709.0,-0.595573946495042
18710.0,-1.6551165133369412
18711.0,-0.3774903738694816
18712.0,0.4650360012433044
18713.0,0.2325229408465757
18714.0,-0.9933473086363862
18715.0,-0.35975999315123125
18716.0,-0.8177406533845645
18717.0,0.13670768402256006
18718.0,-1.0798535469121742
18719.0,-1.8014452788895816
18720.0,0.2496806667763017
18721.0,1.487638015313113
18722.0,-0.4101887824897097
18723.0,-0.12067830026665959
18724.0,-0.7647367058949393
18725.0,0.04003951018464865
18726.0,-0.18702445832341705
18727.0,0.20650530110618118
18728.0,1.0016112616710697
18729.0,-1.7499792898749658
18730.0,1.0713198831870423
18731.0,0.4920243620440486
18732.0,-0.41972607604222417
18733.0,-0.6102418593141495
18734.0,0.8145557998443526
18735.0,2.115328439606177
18736.0,0.4349657583672012
18737.0,1.3490874851624595
18738.0,-1.1530870849658907
18739.0,0.024144879325019852
18740.0,-0.5752389276302594
18741.0,-0.8740776526436529
18742.0,0.29969357152578485
18743.0,1.0171517910235046
18744.0,1.5265775240774322
18745.0,-2.015776508805785
18746.0,0.0363595808607479
18747.0,-0.17889390540632538
18748.0,-0.46932585549244343
18749.0,0.9397226272024432
18750.0,0.8179281341109492
18751.0,-1.231608950933514
18752.0,0.5833749846958614
18753.0,1.582285249556131
18754.0,0.1033875195750502
18755.0,-0.4775142286918504
18756.0,0.8359729414023686
18757.0,0.36578328756042466
18758.0,-1.0853601645548674
18759.0,-1.6006484155125191
18760.0,0.057485983904612716
18761.0,1.8812940563817862
18762.0,0.8158603049808394
18763.0,0.21886408571821847
18764.0,0.675020984640231
18765.0,1.3980956588785394
18766.0,0.39059098499535766
18767.0,-2.01094462134658
18768.0,0.6896557003631052
18769.0,-1.045636597569936
18770.0,1.5117856678539585
18771.0,-2.2841210022085265
18772.0,-0.1766164446991345
18773.0,1.3538549121740353
18774.0,0.21177701307240765
18775.0,1.2751540741806218
18776.0,-1.016744468510786
18777.0,2.55468479050074
18778.0,-0.08646907229399968
18779.0,-0.8653501706631556
18780.0,-1.7042464849242114
18781.0,-0.11656910092641633
18782.0,-0.4932813558088745
18783.0,0.37984790132276186
18784.0,0.6511873071215409
18785.0,-0.8557285318492364
18786.0,-0.2682912242464901
18787.0,-0.4725453258512984
18788.0,0.18691790945301082
18789.0,-0.23870491050057946
18790.0,1.0421602950105437
18791.0,-2.2028928983719998
18792.0,1.700228663320631
18793.0,1.3561221297820325
18794.0,-0.01562872980954285
18795.0,0.4323910642936557
18796.0,-0.19878236635716565
18797.0,0.5707390227013938
18798.0,-1.1784332928772423
18799.0,0.3049634831905628
18800.0,0.9884845145645701
18801.0,-0.34180719050959624
18802.0,0.17647218367470846
18803.0,-0.17812643983357318
18804.0,0.16440328453118405
18805.0,1.0593636714464663
18806.0,1.0236052296572107
18807.0,-1.6509389785814697
18808.0,0.39403787499220966
18809.0,0.8622951864483525
18810.0,-0.7162763881556119
18811.0,0.5389813336750435
18812.0,-0.3499551164227759
18813.0,-0.7005865075113266
18814.0,-2.697511598489771
18815.0,0.6100522688410952
18816.0,0.39931736479026697
18817.0,-1.109339238715006
18818.0,-0.7120597946842282
18819.0,0.1391276714196712
18820.0,0.511414346605679
18821.0,1.1867050012646414
18822.0,2.1055906512268208
18823.0,-0.6745522321160249
18824.0,0.5019522815847515
18825.0,-0.42591322658849373
18826.0,-2.235563606814018
18827.0,0.3962890908696664
18828.0,-1.5113195876598764
18829.0,0.20188698762579252
18830.0,0.03133692129479495
18831.0,0.9935936533414662
18832.0,0.48863533667737524
18833.0,-1.0167936311222048
18834.0,0.5079816581924262
18835.0,-0.6851276101805968
18836.0,-0.07337563036042051
18837.0,-0.2970902271604255
18838.0,-0.47847923742104764
18839.0,-1.7759090165253775
18840.0,-1.2245562588746295
18841.0,0.041795780149649055
18842.0,1.7101464818331373
18843.0,1.1452392298565794
18844.0,1.422436314526973
18845.0,-0.13614593529251395
18846.0,1.3384423842567112
18847.0,-1.0330067533430805
18848.0,-1.0669761706664254
18849.0,0.037670853576557084
18850.0,0.06571377230732256
18851.0,-0.23247046270261043
18852.0,1.514730511824756
18853.0,0.25864219164847096
18854.0,0.9722274266951934
18855.0,0.39167255558994735
18856.0,0.17175797637804927
18857.0,0.21242108939627052
18858.0,0.2562401176031178
18859.0,-1.5137365794117366
18860.0,2.740734960050386
18861.0,1.668734944429136
18862.0,-0.9406628500522011
18863.0,0.5948584519319026
18864.0,-1.0373124505397007
18865.0,-0.5030959699607745
18866.0,-0.35930469933340686
18867.0,0.9791416547438055
18868.0,-0.8215469231953796
18869.0,0.00811972900503103
18870.0,1.960747337563531
18871.0,0.04220042539452453
18872.0,0.9414855397154399
18873.0,0.47514920922794796
18874.0,0.27078409436235523
18875.0,-0.18338431546737102
18876.0,-0.3796055667547813
18877.0,-0.6238243222929563
18878.0,-0.8260485420031626
18879.0,0.5096884919616534
18880.0,0.149590218041414
18881.0,1.2318348500225351
18882.0,-0.795347882751756
18883.0,-1.4713827929460714
18884.0,0.7852767543696538
18885.0,0.7565274345081201
18886.0,-0.8993641425388001
18887.0,1.858313392172273
18888.0,-1.0607136936953057
18889.0,1.4621842306646808
18890.0,-1.1003692488287644
18891.0,-0.7055666300827365
18892.0,-2.2638410660624113
18893.0,1.8971740420344998
18894.0,0.6319390351130304
18895.0,0.5636408088652619
18896.0,0.036783794503565365
18897.0,-0.46145638527797794
18898.0,-1.1446717698639455
18899.0,-0.7226013669446679
18900.0,-0.034644835109665796
18901.0,-0.6427210106323802
18902.0,-2.152603890806083
18903.0,-1.524421364089272
18904.0,0.5178968698636803
18905.0,0.18051047054963676
18906.0,1.2192355156497465
18907.0,0.6487225027194291
18908.0,-0.6964591164180273
18909.0,-0.6201568388145657
18910.0,0.04635675320779453
18911.0,-0.9622359694412067
18912.0,-0.21481976843335276
18913.0,0.0998882496798209
18914.0,-2.5348445597717904
18915.0,0.7832064259374683
18916.0,0.5694412578511205
18917.0,1.395486256219927
18918.0,-0.017704669899603946
18919.0,0.18959969443462885
18920.0,-0.5616161503078136
18921.0,-1.795008869272638
18922.0,0.7417986516971581
18923.0,0.16078648309344945
18924.0,-0.7800466719332935
18925.0,-0.8904159481660486
18926.0,0.36051181637925245
18927.0,-2.417216409721243
18928.0,1.403882424088243
18929.0,0.3865446884574643
18930.0,-0.2988381347197098
18931.0,0.02780222834132123
18932.0,0.2338346165227799
18933.0,0.5015367197149717
18934.0,-0.10945064559518411
18935.0,-0.014941883135909445
18936.0,1.623670914073585
18937.0,-0.1757872128793203
18938.0,-0.06219631057993457
18939.0,1.2007145381711626
18940.0,-0.7334988833013955
18941.0,-0.7175225338774117
18942.0,0.31026909282322884
18943.0,0.09553540693294346
18944.0,-0.9009200957960403
18945.0,-1.8074824411513695
18946.0,1.3983362819412326
18947.0,-1.0034255633884162
18948.0,-0.28553956700987865
18949.0,0.8031624271994326
18950.0,-0.758847620597696
18951.0,-0.2792105714125011
18952.0,-0.023367482009393384
18953.0,-1.17220696355266
18954.0,-1.1612761199238664
18955.0,-2.6290089736753384
18956.0,0.6923466550672045
18957.0,-0.2974730029500701
18958.0,-1.5330986611058672
18959.0,1.793512016824037
18960.0,-0.03713219750388192
18961.0,-0.12639863180036554
18962.0,-1.0565314942437507
18963.0,-0.25474032847134254
18964.0,0.659093728764753
18965.0,0.043295031978488066
18966.0,1.6091835128268017
18967.0,0.9496334936318616
18968.0,-1.2676635466546642
18969.0,0.019298146435178513
18970.0,-0.7050335489102235
18971.0,-0.6079055189985341
18972.0,-0.8238890733400821
18973.0,-1.0325935734785265
18974.0,-0.4719313426299099
18975.0,-0.5982221659140644
18976.0,0.15521287173370596
18977.0,1.4711767720744962
18978.0,-1.3537456634532348
18979.0,-0.3134983753630066
18980.0,0.10805255114778621
18981.0,0.8405924746790238
18982.0,0.3075285447714893
18983.0,0.8115745937903859
18984.0,-0.41469423794480625
18985.0,-1.944093482384807
18986.0,1.398630030110261
18987.0,0.6715036349794883
18988.0,0.1780555913596836
18989.0,0.8591813664098712
18990.0,0.28621383534763867
18991.0,1.513994855707436
18992.0,1.3562275848731844
18993.0,0.2030059468278891
18994.0,1.7867576956203934
18995.0,0.828293744864531
18996.0,0.9958008712253088
18997.0,0.650244594255712
18998.0,-1.531186262749912
18999.0,-0.5748529111482488
19000.0,-0.337112933674442
19001.0,0.2009468368830604
19002.0,-0.9802230485503965
19003.0,-1.6663025475857793
19004.0,-2.20897000665815
19005.0,0.8412018214753412
19006.0,0.0014037192498150065
19007.0,-0.2331273916547062
19008.0,1.0780237020169594
19009.0,-0.813707385983174
19010.0,-0.1999906818757283
19011.0,-1.4449946039812944
19012.0,0.5529593099399702
19013.0,-0.967562977350094
19014.0,0.7608491250971949
19015.0,-2.059051272701103
19016.0,-1.7319314489469575
19017.0,0.34680450653470385
19018.0,-1.1437938816353854
19019.0,-0.032348947301950814
19020.0,-0.7971757301388135
19021.0,-0.20305388958057247
19022.0,-1.185740443136569
19023.0,1.1150160492743244
19024.0,0.850536428895822
19025.0,0.3545142281644493
19026.0,1.2535726393670197
19027.0,0.7033321663831459
19028.0,-1.0580324502525231
19029.0,-0.2966638311233093
19030.0,-0.5063701285358482
19031.0,1.454957694039171
19032.0,-1.4112898578296051
19033.0,-0.33799428136257104
19034.0,1.4528899632974095
19035.0,0.46563274818131706
19036.0,0.7405331900534188
19037.0,1.6824249961604907
19038.0,0.6579280523318712
19039.0,-1.6487475450505664
19040.0,0.27966039302471646
19041.0,-0.1974915224262119
19042.0,1.1359495641624258
19043.0,0.0542779508163585
19044.0,-0.30806180801224603
19045.0,1.3183336930249523
19046.0,1.082741421701312
19047.0,-0.4924040740633768
19048.0,-0.11340931958064775
19049.0,-1.2751386349206357
19050.0,-1.914564545207877
19051.0,-0.6966797540634889
19052.0,2.0605503988794616
19053.0,1.6025713349659354
19054.0,1.0152973345772838
19055.0,1.8601926359291374
19056.0,-0.22225500056097375
19057.0,-0.08004169602359457
19058.0,0.5273784127110476
19059.0,-0.2050099616340114
19060.0,-0.8132978074451648
19061.0,-0.9386152640907893
19062.0,1.8545806698576477
19063.0,-0.7597356660443868
19064.0,-0.18755767642118248
19065.0,1.1151442153071027
19066.0,-0.40483159572495536
19067.0,0.4667143690769252
19068.0,-1.281520901434159
19069.0,-0.21986015502426895
19070.0,0.12025346672763637
19071.0,0.9947473659693137
19072.0,-0.4216682480503384
19073.0,0.19833867666001956
19074.0,0.4485527059312812
19075.0,-1.7334252167852704
19076.0,-0.2794709918742775
19077.0,0.029316818371779622
19078.0,-0.3530703900711401
19079.0,0.29968714579305084
19080.0,-0.9533354400643788
19081.0,0.548522703642934
19082.0,0.8492456790760778
19083.0,-1.3606861046717578
19084.0,-2.281346906914357
19085.0,-0.9230698362095646
19086.0,-1.612593107576814
19087.0,-0.5401904603849582
19088.0,0.7823494806566629
19089.0,0.6100998102689851
19090.0,-0.4298421576526266
19091.0,-0.0690736773243789
19092.0,-1.0774312802866972
19093.0,0.4963411445994056
19094.0,0.3726255738313972
19095.0,-1.0153341884501506
19096.0,-1.0112502328450286
19097.0,0.4413827910018582
19098.0,1.132002827287194
19099.0,0.7156107949113143
19100.0,-0.587931718322122
19101.0,-1.4829189198215331
19102.0,-1.4647659151969323
19103.0,-0.3964152458240782
19104.0,0.2559248141056327
19105.0,-1.5357013699180957
19106.0,1.2911029581070894
19107.0,-0.8003307851150722
19108.0,-0.4221231784262739
19109.0,-1.4817078840513855
19110.0,1.1430326246964702
19111.0,0.5069765543924127
19112.0,1.157584089766833
19113.0,-0.3425289583681295
19114.0,-2.0177534599428704
19115.0,-0.9886164625284339
19116.0,2.0151715422789143
19117.0,0.281164842370452
19118.0,-0.9166521789236212
19119.0,0.08412090091746637
19120.0,0.2216338382189737
19121.0,-0.12180542810084996
19122.0,-0.4043971419075345
19123.0,-0.7035351580897031
19124.0,1.0743958980451687
19125.0,-0.05974921620223453
19126.0,-0.15681524812472908
19127.0,0.0037116755537039076
19128.0,-0.12649875601712543
19129.0,0.9903293274810552
19130.0,-0.5522421353692455
19131.0,1.4628747914828168
19132.0,-0.28136958912310606
19133.0,-1.2727576858626
19134.0,0.5679520799803569
19135.0,-0.3896635054156433
19136.0,1.8534769050094562
19137.0,0.0567417237230921
19138.0,-1.0214603410536158
19139.0,-1.1244190198929835
19140.0,1.482710412860669
19141.0,-1.3247959181703015
19142.0,-0.5831187609024568
19143.0,-0.8387786341410678
19144.0,-0.6008735431604697
19145.0,-2.0482764556421884
19146.0,-1.1882953405445786
19147.0,0.22466026190242763
19148.0,0.17655236569185742
19149.0,-0.5712209850347714
19150.0,0.04029408735322222
19151.0,1.1845631049486716
19152.0,-0.36076758616924537
19153.0,1.0201076638566582
19154.0,-2.136243523042031
19155.0,-0.6148830081134751
19156.0,-0.9616466060956149
19157.0,1.3085456537157125
19158.0,0.5349462245404449
19159.0,0.2794331556288382
19160.0,1.158790506996726
19161.0,-1.426977503738675
19162.0,-0.28974962819828215
19163.0,0.8440574646732081
19164.0,0.8348494169819229
19165.0,-0.6244852241685621
19166.0,1.3386931469843268
19167.0,-0.6871310719527626
19168.0,0.47799055039280025
19169.0,-0.2908036452702001
19170.0,-1.425584535864592
19171.0,1.4212467563327316
19172.0,0.0764514948165529
19173.0,0.22426110920974804
19174.0,-1.5462868100370926
19175.0,-1.23835722485524
19176.0,1.4243941360390975
19177.0,1.5088575749360147
19178.0,2.688950261520261
19179.0,0.3152459941732306
19180.0,0.04755176039371772
19181.0,-0.9369222568554888
19182.0,-0.28433510375665516
19183.0,-0.9234920415826663
19184.0,-1.1874899246550392
19185.0,-1.121357071812441
19186.0,-0.5333268640496376
19187.0,0.38109460013550117
19188.0,1.9239327773560322
19189.0,0.9922236956189059
19190.0,-0.7444011564186752
19191.0,0.5451785473991565
19192.0,1.171441800052601
19193.0,-1.3939676991299608
19194.0,-0.49551274746956875
19195.0,-0.3550145174837642
19196.0,-0.8630158540196462
19197.0,0.411062173147979
19198.0,0.2900487333358482
19199.0,1.0042692747916417
19200.0,-0.22199292684906136
19201.0,-0.5493681415273923
19202.0,-0.12550761348370207
19203.0,-0.6885893776367402
19204.0,-0.5098780848280364
19205.0,0.6348620206311715
19206.0,-0.5918495851847559
19207.0,1.0771730228046188
19208.0,-0.24048921576025342
19209.0,-0.573910205968524
19210.0,0.4390154065292375
19211.0,0.13685510653977886
19212.0,0.3670808460778307
19213.0,-0.49954019671304645
19214.0,0.10147761094802055
19215.0,-0.1482883199215553
19216.0,2.5385297005607717
19217.0,-0.26234259958595746
19218.0,-1.063748670148899
19219.0,-0.4625329132316807
19220.0,-0.5610447901224019
19221.0,-0.48853430143203463
19222.0,2.4172695644706446
19223.0,-0.5203860909693129
19224.0,-0.5569385201695084
19225.0,0.29995611141074735
19226.0,2.618025389971458
19227.0,0.3728957725001324
19228.0,-1.589018435270451
19229.0,-0.2919965346127192
19230.0,0.31278738702785963
19231.0,-0.05785120077135877
19232.0,1.3832486475632868
19233.0,0.20194845216650467
19234.0,0.5600083161607577
19235.0,-0.5152698243112334
19236.0,0.671436497983062
19237.0,1.1000288967597334
19238.0,-0.9511127847547285
19239.0,-0.8186262592154995
19240.0,-1.0199256146162283
19241.0,1.3783952193279037
19242.0,0.07703395471294515
19243.0,-0.7491986981423379
19244.0,0.4574508439621529
19245.0,0.7610232483709506
19246.0,1.7883198311615827
19247.0,0.7854006397493941
19248.0,-0.05876274016135614
19249.0,0.028485037150576663
19250.0,-1.5187775585768672
19251.0,-2.026443102916257
19252.0,0.01566162602742347
19253.0,-1.34094466116655
19254.0,-1.4596483412518162
19255.0,-0.282344060930537
19256.0,-0.47668127693342005
19257.0,-0.4756882477202936
19258.0,0.5651730449359164
19259.0,0.5591179331783924
19260.0,1.2345956558008606
19261.0,0.2882835920971796
19262.0,1.5986551878209745
19263.0,1.6773520705478326
19264.0,1.8902352353722156
19265.0,-0.25338935119839084
19266.0,-0.49452453542881647
19267.0,-0.011875270142000006
19268.0,-0.002613172374990107
19269.0,1.331797859838122
19270.0,1.197653505379522
19271.0,1.1783586871235994
19272.0,1.0937087118880782
19273.0,-1.6602211112564917
19274.0,0.5162371973393377
19275.0,-0.8339829697752867
19276.0,1.8478991206810593
19277.0,0.0938382179394922
19278.0,-1.1934093973126487
19279.0,-0.8916378960037241
19280.0,1.441607757364873
19281.0,-1.0166095181472958
19282.0,-0.684898806404962
19283.0,0.22373059199770867
19284.0,0.2802776298402098
19285.0,-0.11215007728662137
19286.0,1.2165073182364163
19287.0,0.1415272100424646
19288.0,0.964335274131658
19289.0,2.136370220417303
19290.0,-0.3813252299521301
19291.0,-1.9614587607611176
19292.0,-2.0330014352376877
19293.0,0.7877990674960134
19294.0,-0.6760818265614119
19295.0,-0.02256979213628607
19296.0,1.010609609877539
19297.0,-0.2781781914586822
19298.0,-0.33508710045122153
19299.0,-0.2675260049480044
19300.0,0.24915807361675318
19301.0,-2.2745085770482723
19302.0,-0.9434830041209524
19303.0,-0.5624134203846026
19304.0,0.46786172056878006
19305.0,-1.6140125293398253
19306.0,-0.08379122168031558
19307.0,-1.171432478670192
19308.0,1.361165809896583
19309.0,0.8438735888641311
19310.0,-2.634504482536293
19311.0,-0.7856512842589642
19312.0,0.2108826895208091
19313.0,0.6515681695657365
19314.0,0.9262554436480646
19315.0,-1.1130453592414333
19316.0,-0.7388625404623699
19317.0,-1.5528513764531133
19318.0,0.13990658572663262
19319.0,-1.2815990125044718
19320.0,0.39636647782598033
19321.0,-0.3388628562066426
19322.0,0.10717146991869111
19323.0,0.47620550479577406
19324.0,0.024306108179111125
19325.0,1.2014687412929161
19326.0,0.7291588990492022
19327.0,0.12830557226540634
19328.0,0.6478765973856826
19329.0,0.2940272415161982
19330.0,-0.2851832903551449
19331.0,-0.33917094763797573
19332.0,-1.1991044047858956
19333.0,-1.3282063932143966
19334.0,-0.23440743839929212
19335.0,0.7442853639262971
19336.0,-0.2971313860983468
19337.0,0.4069199828363205
19338.0,0.83288407086163
19339.0,-1.0562263204414921
19340.0,-2.192028779356757
19341.0,0.11275789690577816
19342.0,0.11106686194910888
19343.0,-1.4642131994008614
19344.0,-0.8194600779223741
19345.0,-0.516322242630657
19346.0,1.7376016085281973
19347.0,0.4070555689436732
19348.0,0.29649143678578727
19349.0,-0.8076160584107185
19350.0,1.099360667750679
19351.0,0.05168949363420487
19352.0,-1.4252182599104868
19353.0,-0.26959498696004014
19354.0,0.36498056736866075
19355.0,-1.3256687818238848
19356.0,0.6551382858811498
19357.0,-0.20376246116602645
19358.0,0.39723094292813266
19359.0,1.5988881865897526
19360.0,0.4806833098467251
19361.0,0.4104949383949793
19362.0,-0.7875913615928597
19363.0,1.2191556362423654
19364.0,-0.3931349765632907
19365.0,-0.33710705037368627
19366.0,0.2659135767167266
19367.0,0.6303008814639584
19368.0,0.29261373358304443
19369.0,-0.9348753661760681
19370.0,0.23106349445524418
19371.0,-0.1876235174953842
19372.0,1.021838755139516
19373.0,1.4313215173538716
19374.0,1.065640782221397
19375.0,-0.5572605548227754
19376.0,1.739863807335667
19377.0,1.1145186013790482
19378.0,-0.4600174502203046
19379.0,-0.20609558175344941
19380.0,3.0683232615994354
19381.0,0.3992424878192137
19382.0,1.1188583101072278
19383.0,0.6364972112885614
19384.0,0.4995129039301781
19385.0,-0.7442001050403165
19386.0,-0.9476872882139553
19387.0,1.0277364334031702
19388.0,-1.0589122042420462
19389.0,0.30435424023529944
19390.0,1.3004773306171329
19391.0,-1.658762755968091
19392.0,-0.8646300523077725
19393.0,-0.02145011852345671
19394.0,1.4155082977738207
19395.0,-0.20327044854981305
19396.0,0.1282379997422978
19397.0,-1.4724647316765633
19398.0,0.2404352330616938
19399.0,0.6184887591875654
19400.0,0.9339373153113018
19401.0,0.41267267747496705
19402.0,-0.4897144946845388
19403.0,-1.0706685284177613
19404.0,0.2229832792818483
19405.0,0.6867722188636457
19406.0,0.19872629394530758
19407.0,0.5376449261517482
19408.0,-0.36444304140304773
19409.0,1.1154354431908542
19410.0,-1.370581614661018
19411.0,-1.7995334616091416
19412.0,-1.2651912087601063
19413.0,0.8070458512140781
19414.0,-0.7547823788933974
19415.0,-0.7537918402978571
19416.0,-0.865383274763312
19417.0,-0.4264042487895535
19418.0,0.3778842509677187
19419.0,0.5912505904898239
19420.0,-1.224918073169565
19421.0,-0.38356802876204926
19422.0,0.09457907399964403
19423.0,-0.6803321492354744
19424.0,-0.5177490159683484
19425.0,-0.046886826011515684
19426.0,-0.7930734585718996
19427.0,1.7148945068350478
19428.0,-0.36385190126020717
19429.0,0.7102525667662911
19430.0,0.7396864317327264
19431.0,-0.20576180225821591
19432.0,0.8198053002236396
19433.0,-0.31834407436518375
19434.0,-0.2528767121880636
19435.0,0.4089612131248865
19436.0,-0.04602347827579684
19437.0,0.6027342032152037
19438.0,0.9649233123012015
19439.0,0.464797208067347
19440.0,-0.14830207953597488
19441.0,-2.1235900620117594
19442.0,0.3961816203292432
19443.0,0.27845933948060786
19444.0,-0.08565938559475245
19445.0,0.9132676460373887
19446.0,-2.037620828152913
19447.0,-1.2143796894595105
19448.0,-0.19911957336698444
19449.0,0.8000260655400124
19450.0,1.3038437217845054
19451.0,0.04951210563730771
19452.0,0.6191343307283086
19453.0,-0.6824287294372395
19454.0,-0.3792982176491954
19455.0,0.10952950323012026
19456.0,-1.2242625401072338
19457.0,0.0005257047973344075
19458.0,-1.503194360640948
19459.0,0.37033846318554725
19460.0,0.8411067016347642
19461.0,-0.4289457503482718
19462.0,-0.16440057130219862
19463.0,-0.7959648918073298
19464.0,-0.9453966226444201
19465.0,-1.5233362993113158
19466.0,2.8262067669812763
19467.0,-0.5107022333060687
19468.0,2.7842373038483745
19469.0,0.14543888227392993
19470.0,0.050023185364249934
19471.0,1.244126780947332
19472.0,-1.532578018830864
19473.0,0.2133411483517151
19474.0,0.7797047993139239
19475.0,1.0676872080231337
19476.0,1.1969393155589105
19477.0,-0.005764703455755735
19478.0,1.3287646430464348
19479.0,-1.5135055077080837
19480.0,-0.13061515716710928
19481.0,-0.4432189413617102
19482.0,1.3176410789897406
19483.0,-1.7901517864348684
19484.0,0.12210434534294295
19485.0,0.7767042938255166
19486.0,-1.2475534830599406
19487.0,-0.05161730475875998
19488.0,-0.6391556404259504
19489.0,1.4298428218104338
19490.0,-0.8492093532515201
19491.0,-0.4378862225694174
19492.0,0.3894584689507592
19493.0,1.2702504454156391
19494.0,-2.7180121948374505
19495.0,-2.2708678317252216
19496.0,1.057993803333912
19497.0,2.127751685572829
19498.0,0.9782446673343923
19499.0,1.4333837069167115
19500.0,0.927153408315431
19501.0,-0.6617693311177374
19502.0,-0.6032775929846446
19503.0,1.1487812578342187
19504.0,-0.08481378329538171
19505.0,1.4169144894377992
19506.0,-0.1366503722382242
19507.0,1.786417438723552
19508.0,-0.9235618937058484
19509.0,-1.8731222213521692
19510.0,1.0005305972769158
19511.0,1.7912556485154483
19512.0,1.2497962882106841
19513.0,0.8438427919704217
19514.0,-1.210300016114711
19515.0,-0.20198676355159906
19516.0,0.13880651372707892
19517.0,-0.1831828951290407
19518.0,-0.24643933366753265
19519.0,1.530160471870051
19520.0,0.7265186415469425
19521.0,0.522089715657183
19522.0,-0.5783491585951818
19523.0,0.8653875121345075
19524.0,1.6962436234141873
19525.0,0.4977595021253523
19526.0,2.6321919230582482
19527.0,-0.9985620155823025
19528.0,0.012076583077444013
19529.0,0.9435982881575022
19530.0,1.230665881498412
19531.0,-0.6452036809036731
19532.0,0.4588480359723626
19533.0,0.3131392354405244
19534.0,1.6294246403110577
19535.0,0.16463398556906217
19536.0,-0.022384677317803223
19537.0,-1.7315111135248349
19538.0,-1.0274930541098837
19539.0,-0.8538844797768298
19540.0,-2.3471386190363948
19541.0,-1.3172554182508396
19542.0,0.6946601103822997
19543.0,-1.0657978280353284
19544.0,-0.37148544435199604
19545.0,0.4111154149772763
19546.0,-1.9057171186593238
19547.0,-2.8837306196695702
19548.0,-0.8047009148300258
19549.0,1.0147771781038744
19550.0,-0.6234068141983962
19551.0,-1.1849686587688182
19552.0,0.5000672217496943
19553.0,-0.018318375009814515
19554.0,-0.04813217919953017
19555.0,1.150282883610219
19556.0,2.8713236078198934
19557.0,-0.9901362184504782
19558.0,-1.4929216541365418
19559.0,-2.2897094627272616
19560.0,-0.7577495104064628
19561.0,0.1577424093812861
19562.0,-0.12927269869392025
19563.0,1.8690374347438214
19564.0,-1.8629634745738672
19565.0,0.4801895980208267
19566.0,0.2609659083633891
19567.0,0.5509039666800071
19568.0,1.1026316599653914
19569.0,-0.18511080642519404
19570.0,1.712077498317169
19571.0,1.2093534870381772
19572.0,-0.9029028579776809
19573.0,1.3888980744572814
19574.0,0.4978397613465161
19575.0,0.05243241015997083
19576.0,-0.4144894153539053
19577.0,1.550664312613188
19578.0,-0.4269588740950369
19579.0,-0.006458071570028949
19580.0,1.3188134235269509
19581.0,0.662408834654596
19582.0,0.36825675218885284
19583.0,-0.564021017786756
19584.0,-0.7519793775127639
19585.0,0.3864701185241194
19586.0,-1.3682683744331432
19587.0,-0.4011870905278569
19588.0,0.79578357661437
19589.0,0.29759879225362496
19590.0,1.1109261076549404
19591.0,0.9259719528321607
19592.0,1.0376241745937256
19593.0,1.1606003696087075
19594.0,1.7718960598720217
19595.0,-1.2081465536081701
19596.0,-0.8421143984824415
19597.0,0.47676777155261985
19598.0,0.020928161832041936
19599.0,1.5588138756043626
19600.0,0.9963803740848883
19601.0,-1.0646706816700175
19602.0,0.27097738327800697
19603.0,0.20008201267158388
19604.0,0.9497890899177152
19605.0,-0.012543593425859333
19606.0,0.3187375286717564
19607.0,0.5914162359033985
19608.0,0.2436339145600397
19609.0,-0.07972830626022812
19610.0,-1.3172654887686353
19611.0,1.3430944845501815
19612.0,-0.8688944269218802
19613.0,0.6192735342717285
19614.0,-0.4088971998124247
19615.0,-0.2619293284478076
19616.0,0.6543800137874091
19617.0,-0.6840939787229974
19618.0,-1.0040952400306373
19619.0,-0.373765636398688
19620.0,0.7689469995160119
19621.0,-0.7951003215886328
19622.0,-1.4467601066871512
19623.0,-0.39090874207618004
19624.0,-1.3162780566657966
19625.0,2.964861209315143
19626.0,-1.5938148941298313
19627.0,-0.6356189862238554
19628.0,-1.8158278060988569
19629.0,0.34230813150661765
19630.0,-0.3595404676133203
19631.0,-0.2574476292776969
19632.0,-1.4262175541596445
19633.0,-0.5228900730220566
19634.0,-0.5059052347376445
19635.0,-0.29744412279368315
19636.0,1.1499999991551828
19637.0,0.3183003285755614
19638.0,0.0028620796700971236
19639.0,0.41144277246697997
19640.0,-0.3926828708927674
19641.0,-1.6197555866495137
19642.0,-0.504306260582038
19643.0,-0.5764176643475901
19644.0,0.2707935217699616
19645.0,1.2845923480074544
19646.0,-0.8452823631830851
19647.0,0.296826664924655
19648.0,1.088115895160806
19649.0,-2.127796992036389
19650.0,0.8089580383404958
19651.0,0.2738219299566703
19652.0,-0.6875210702772535
19653.0,-0.531531607296839
19654.0,-1.122122530315505
19655.0,-0.320861042464446
19656.0,-0.42096928912574877
19657.0,-1.2007374630301606
19658.0,-0.4770815629389956
19659.0,1.9940223144518214
19660.0,-0.2823884866590856
19661.0,-1.708884219122787
19662.0,-0.9496485454222374
19663.0,-1.1388010025075164
19664.0,1.269173395299581
19665.0,-0.5025945232985815
19666.0,0.7165688753076648
19667.0,0.7481746538771425
19668.0,-0.692393807455772
19669.0,0.8182975879239798
19670.0,-0.8718678702464039
19671.0,1.132610045872797
19672.0,-1.3930397464102098
19673.0,2.197847895598273
19674.0,0.20271715241377677
19675.0,0.09243457427328503
19676.0,-1.8829243940711544
19677.0,0.7825393287314526
19678.0,0.6231030241785991
19679.0,-0.29047894730835055
19680.0,1.1371890057000764
19681.0,2.0716166164882184
19682.0,-0.050494138560355485
19683.0,-0.7751775717274595
19684.0,-0.414367540921127
19685.0,-1.2304425171938702
19686.0,-0.36351601124617955
19687.0,1.634429420373166
19688.0,-0.9394338603780394
19689.0,0.8928033333444212
19690.0,0.5671713349257755
19691.0,0.1624207612764406
19692.0,-0.9370283873084346
19693.0,0.10373505352099449
19694.0,-0.06032783002981699
19695.0,-1.6847469081760522
19696.0,1.0932404765957013
19697.0,0.9158002974700628
19698.0,-0.19251359213615638
19699.0,-0.4731873423373367
19700.0,-1.204417851847834
19701.0,0.1448543885045106
19702.0,1.5891440399590406
19703.0,-1.1411818597304824
19704.0,0.3934162359826882
19705.0,1.3685479539127285
19706.0,-0.26343467033544843
19707.0,0.1269264697125957
19708.0,-0.07802840587715316
19709.0,0.6749215466965982
19710.0,2.028203688322766
19711.0,-2.120959978008276
19712.0,-1.1173095852278445
19713.0,1.9256526070126245
19714.0,-0.9612705491468776
19715.0,-0.7825744056408813
19716.0,0.531102564690034
19717.0,-0.8593607850214864
19718.0,-0.8205128821438722
19719.0,-1.8309728854606577
19720.0,-0.8278875014512175
19721.0,0.7008688859297987
19722.0,-1.1439201052025514
19723.0,-1.4252290309132494
19724.0,1.352265600061698
19725.0,0.3711331235562814
19726.0,0.8047476518044321
19727.0,-0.6717607716303707
19728.0,-0.5679903209865917
19729.0,0.6022714911125745
19730.0,0.606178062944086
19731.0,0.30370136586437013
19732.0,-0.6162809852934418
19733.0,-0.4080240539063131
19734.0,-0.2709006530794128
19735.0,0.585097663774964
19736.0,-0.11474368217020801
19737.0,0.33942018492607823
19738.0,-0.7685012043835983
19739.0,0.030375325857453006
19740.0,-0.17919624603026457
19741.0,-1.40256354142124
19742.0,0.7195069629900904
19743.0,-1.049609238192666
19744.0,-0.9955643666191006
19745.0,-0.6164821864000829
19746.0,0.8737080182421015
19747.0,-0.7601432737399432
19748.0,0.501540130896398
19749.0,0.5453501344170442
19750.0,-0.47794118608875097
19751.0,0.0054634409981637174
19752.0,0.6729307301908876
19753.0,-1.5754320610945838
19754.0,-0.38202590390068963
19755.0,-0.8027157323956658
19756.0,0.8143082251061619
19757.0,-0.795584103814892
19758.0,1.0702215839007307
19759.0,-1.2493156332328863
19760.0,0.35369904074613134
19761.0,-0.6822512135592231
19762.0,0.08315663779633828
19763.0,0.2219617035680623
19764.0,-1.451559923504174
19765.0,1.3575393703119603
19766.0,1.7089887062098505
19767.0,1.5201906328970018
19768.0,0.29435342005282134
19769.0,0.600974997722555
19770.0,0.5944913116036775
19771.0,1.3469747011674387
19772.0,-0.25040814061250954
19773.0,-0.24781786115038779
19774.0,0.12567754453214597
19775.0,-0.4484789957648004
19776.0,0.5814170010875664
19777.0,-0.7179388724773154
19778.0,0.7112159999246932
19779.0,1.0851655353303375
19780.0,-0.23963880585890884
19781.0,0.6882357988592368
19782.0,-0.284971362808159
19783.0,0.36702293729825036
19784.0,-0.3217956822801114
19785.0,-0.23727553666846965
19786.0,0.15425327049787113
19787.0,-1.7069864999989082
19788.0,-0.6934106915651783
19789.0,0.8955023854636176
19790.0,-0.49357762854896875
19791.0,-0.0405924198028479
19792.0,-1.6309794561886692
19793.0,-1.1163435931778583
19794.0,0.05332613000171172
19795.0,1.7032384111250278
19796.0,0.2966069143203366
19797.0,0.12985493922313437
19798.0,-1.6569531702002953
19799.0,2.9597800897245077
19800.0,-0.3643340009402184
19801.0,-1.6802479120525644
19802.0,-0.2998091822469775
19803.0,-1.252263400101744
19804.0,0.2736104685947271
19805.0,1.1058764376135133
19806.0,-0.10959722579790034
19807.0,1.1928041630874262
19808.0,-0.1403383293088475
19809.0,0.9700042472799115
19810.0,0.012254472610649186
19811.0,0.22001511247543457
19812.0,1.4033062303942394
19813.0,-2.4297760827347337
19814.0,-2.039886691766665
19815.0,-1.5962225993470835
19816.0,1.254222507334794
19817.0,0.35820865697673104
19818.0,-0.6661163442458081
19819.0,1.271417554955444
19820.0,-0.23839822071846917
19821.0,0.7999688346179108
19822.0,0.5750237995870994
19823.0,-1.206366567708127
19824.0,-1.2988002755073824
19825.0,0.6312591520075963
19826.0,-0.6489797321501763
19827.0,0.7255560618648119
19828.0,0.575791000581524
19829.0,1.2913219868814196
19830.0,-0.05546596267094477
19831.0,-0.6008270610992534
19832.0,-1.389942929637966
19833.0,2.4692133361998345
19834.0,-1.0086825681031781
19835.0,1.8148461638335247
19836.0,0.8781678503474012
19837.0,-0.33714006156515114
19838.0,-0.8029108585102984
19839.0,0.2929490018455255
19840.0,-2.0142704071922055
19841.0,-1.9406979454853477
19842.0,0.08400262021814107
19843.0,-0.3734593062046477
19844.0,2.0737234829325213
19845.0,0.9571554755635846
19846.0,1.448552849947199
19847.0,-2.129420845801089
19848.0,-0.35456809748141177
19849.0,-0.9412300141808141
19850.0,-1.0539908695602989
19851.0,1.7692222890536398
19852.0,1.1041241391478196
19853.0,-1.271591737314961
19854.0,-1.2804364520648548
19855.0,-0.4677863233504568
19856.0,-1.3370057889421867
19857.0,1.2058163656128598
19858.0,0.6146212585374173
19859.0,0.457577019182135
19860.0,0.8998314923346648
19861.0,0.8292856038773647
19862.0,-1.5996110780555133
19863.0,-1.2386276680709998
19864.0,0.2770469825867558
19865.0,1.784584205183745
19866.0,1.384793301882398
19867.0,-0.2596247452849382
19868.0,-1.7604756667813084
19869.0,-0.15434190860265656
19870.0,-1.7282146391121556
19871.0,0.7438163331593137
19872.0,-0.1811390210298528
19873.0,0.7770122697834526
19874.0,-0.8235974582231723
19875.0,1.2370245037379284
19876.0,-0.37324681424693545
19877.0,-2.6739228670205524
19878.0,0.9240069398195951
19879.0,2.316904575183748
19880.0,-1.7790429243479946
19881.0,-1.3386837094964845
19882.0,0.6835679060484073
19883.0,-0.01626778530237748
19884.0,0.3118811580074404
19885.0,0.46760642838615624
19886.0,0.6896084948062016
19887.0,0.4515496249257511
19888.0,0.8685792642536625
19889.0,1.2288800927706711
19890.0,-0.2858496496810635
19891.0,0.7152081094472362
19892.0,-0.27413504478033257
19893.0,-2.1238958556030276
19894.0,0.15767080006190243
19895.0,-0.4261943247425799
19896.0,-0.4472054469316143
19897.0,0.10511779477002417
19898.0,-0.12489948969845918
19899.0,1.311453355412161
19900.0,-0.08457629110802946
19901.0,-0.4637708845587422
19902.0,-1.7347144919858273
19903.0,-1.526920269577663
19904.0,-0.9364711478998373
19905.0,-1.0210151911562693
19906.0,0.5263896465188105
19907.0,1.2961146014867457
19908.0,-1.6528855471614108
19909.0,-0.9591591095384079
19910.0,-0.31456804719599146
19911.0,-0.6761397603025523
19912.0,0.8091504039109527
19913.0,0.05176293246701032
19914.0,1.1634059586133572
19915.0,1.636913347120193
19916.0,-0.22924890234394688
19917.0,-0.9100953017862
19918.0,-2.0444319188677462
19919.0,-1.2047183127465801
19920.0,0.6766908008415305
19921.0,-1.2858318081714386
19922.0,1.0235408934651034
19923.0,-1.0966494254522667
19924.0,-0.12447351373084646
19925.0,-1.6228228763759047
19926.0,0.2797365706594555
19927.0,0.8692950307999551
19928.0,-0.3315825486537846
19929.0,-2.2345389369045443
19930.0,1.649759472866736
19931.0,0.41185400988810933
19932.0,1.0017659706762752
19933.0,0.9729243833970561
19934.0,-0.6572039441291152
19935.0,0.7954534469548185
19936.0,1.7059046182621111
19937.0,-0.27206610923404384
19938.0,0.2858607845419704
19939.0,-0.29732023105483363
19940.0,0.202745200906501
19941.0,1.5618946196358248
19942.0,0.005084169442706678
19943.0,-0.32439426521277587
19944.0,-2.020185316862545
19945.0,-0.07420705965414419
19946.0,0.547294905298615
19947.0,1.3444778655967002
19948.0,0.10696008509142034
19949.0,-0.6950579162794649
19950.0,-0.2363290243427026
19951.0,-1.8323812939095288
19952.0,-1.014866162547824
19953.0,-0.4721076489067328
19954.0,-1.3383626227473189
19955.0,-1.6930214623434683
19956.0,1.1766202306642932
19957.0,0.5551796854945209
19958.0,0.502665636385031
19959.0,-1.6610809084147424
19960.0,2.2261651672727747
19961.0,0.39555940150359453
19962.0,-0.3162910412367954
19963.0,0.24227752147530723
19964.0,1.4793906943829334
19965.0,-0.03349646669918647
19966.0,0.5672347736418881
19967.0,-0.11215789955572812
19968.0,0.5847066273126819
19969.0,0.7142257616077586
19970.0,-1.4599169571495871
19971.0,1.2694744817679788
19972.0,0.20545005336386685
19973.0,0.015369401254377232
19974.0,-0.7536745841727851
19975.0,-0.7511332434109579
19976.0,-0.04672355953549385
19977.0,-1.7752480244416573
19978.0,0.8526004159371534
19979.0,-0.3294171602137797
19980.0,-0.26419665814388565
19981.0,1.4354063487019584
19982.0,-0.7025087108019744
19983.0,0.7292485453949911
19984.0,0.4431757527733431
19985.0,0.006354806962306011
19986.0,1.3075410530771194
19987.0,0.6435928539315497
19988.0,-0.4100145674244454
19989.0,1.52554829641937
19990.0,-2.1155389059127434
19991.0,0.28973385801817075
19992.0,0.5124152617287324
19993.0,0.5415875210472222
19994.0,-0.29916469012120056
19995.0,-0.1372847742120811
19996.0,-0.4822282675197302
19997.0,1.7474483331009718
19998.0,0.07467666064923598
19999.0,-0.6549668535451186
