time,underdamped_ar2
0.0,0.01158391856323636
1.0,0.34489852090256357
2.0,-0.03877268193095883
3.0,-0.10818582933773375
4.0,0.23468373627278333
5.0,0.23335267760114892
6.0,-0.11035491035655413
7.0,-0.41598972888163466
8.0,0.056999384989794594
9.0,0.41503827977946706
10.0,0.2965767356866815
11.0,-0.20091380693082464
12.0,-0.5770454847160807
13.0,-0.566718102885269
14.0,0.40797593330274085
15.0,1.1084507008779685
16.0,0.5719959545237211
17.0,-0.6033737498172802
18.0,-1.028081963185435
19.0,0.08638305757406933
20.0,1.1357461120206296
21.0,0.5392882333493242
22.0,-0.8784600504681057
23.0,-1.0958270214754764
24.0,0.07135008722921718
25.0,1.1609947865412598
26.0,0.6740825195615088
27.0,-0.5713610720407495
28.0,-0.9448919063792305
29.0,-0.4588311062541308
30.0,0.5390304435831929
31.0,0.6620355787435025
32.0,-0.14021949970702655
33.0,-0.36964391231444554
34.0,-0.10192986574989478
35.0,0.4333314392168761
36.0,0.5181919922888288
37.0,0.028111130494158133
38.0,-0.633995536034195
39.0,-0.6553897396192632
40.0,0.10349036102860577
41.0,0.49598637429801484
42.0,0.22127202355066797
43.0,-0.3899009575024175
44.0,-0.5885500285111271
45.0,0.010313364010889444
46.0,0.8595987500769917
47.0,0.824732202453457
48.0,-0.2321376528989449
49.0,-1.262061188088704
50.0,-0.6867721364771862
51.0,0.9678448427860809
52.0,1.3826386192640918
53.0,0.1156324460227408
54.0,-1.2656944232239091
55.0,-1.048698621329198
56.0,0.22977145764125856
57.0,1.1620650734718467
58.0,0.4463741268431846
59.0,-0.8877484855371965
60.0,-1.012100029567939
61.0,0.0965387934527083
62.0,1.078078782271011
63.0,0.5998992114774299
64.0,-1.0767330875363206
65.0,-1.4319086833964203
66.0,-0.002949197359746422
67.0,1.35324134203305
68.0,0.9711548607645573
69.0,-0.9667560114394427
70.0,-2.0776387314155857
71.0,-0.5492986766888833
72.0,1.4893849893793036
73.0,1.9549322249190717
74.0,-0.3591148314700108
75.0,-2.141253459906524
76.0,-1.2461464896916188
77.0,1.3290028313148776
78.0,2.284256705473397
79.0,0.31600412684918205
80.0,-2.016551868977952
81.0,-1.7240559716376134
82.0,0.7078902154942746
83.0,2.2409082053398417
84.0,1.0084186730391724
85.0,-1.7371209477790372
86.0,-2.2753482298854384
87.0,0.06704534474584124
88.0,2.2114391268958316
89.0,1.6237897029045822
90.0,-1.0831323939376138
91.0,-2.520967931017759
92.0,-0.7983070887356976
93.0,1.911686692187639
94.0,2.3622071008992553
95.0,-0.07887639443164307
96.0,-2.4663419925874397
97.0,-1.5703500776006845
98.0,1.3476644740762507
99.0,2.360556283784419
100.0,0.5039545847838456
101.0,-1.9946609811321814
102.0,-1.8253373471965326
103.0,0.49564735224365913
104.0,2.163703940463991
105.0,0.9979688624261868
106.0,-1.4567599890261198
107.0,-2.1396492254681383
108.0,-0.025175370592210613
109.0,2.2712389624268132
110.0,1.718340690092803
111.0,-1.0263749000191624
112.0,-2.3532147887149493
113.0,-0.6042062187876328
114.0,1.6091228274824347
115.0,1.5204416636861697
116.0,-0.6073718464466705
117.0,-1.820639610756776
118.0,-0.6548280823270528
119.0,1.2874212304347876
120.0,1.5261107875148199
121.0,-0.06864627188693478
122.0,-1.5117311622266587
123.0,-1.1867123429499573
124.0,0.6259122082412025
125.0,1.6523211313972712
126.0,0.5494356542546653
127.0,-1.1725279095791985
128.0,-1.5081295099480636
129.0,-0.07583874505004717
130.0,1.482911721795608
131.0,1.1114656871280655
132.0,-0.6435180978594723
133.0,-1.8260169320374495
134.0,-0.7503967279818254
135.0,1.2690600650817727
136.0,1.8726990040768916
137.0,0.07583362854049143
138.0,-2.0183431960032188
139.0,-1.5706137783285112
140.0,0.6566079783154374
141.0,1.7589054007793956
142.0,0.7101687685874205
143.0,-1.245097000292119
144.0,-1.7354637527360548
145.0,0.15168180368650788
146.0,1.8005158980228688
147.0,1.390138270725589
148.0,-0.8460760416365714
149.0,-1.9052478278731515
150.0,-0.48054855206024827
151.0,1.3136426003223425
152.0,1.3840457145838858
153.0,-0.2776952918498548
154.0,-1.2847024619612792
155.0,-0.701379240287279
156.0,0.9121728160770971
157.0,1.3051030749787669
158.0,0.13161651205064528
159.0,-1.3384032445480418
160.0,-1.1253878192909286
161.0,0.6888975920475786
162.0,1.6227113986809198
163.0,0.33852955083228264
164.0,-1.2067558267445473
165.0,-1.2472764715508626
166.0,0.5117702604754881
167.0,1.5451475243651331
168.0,0.5771159299713892
169.0,-1.098949743480872
170.0,-1.3633932698215787
171.0,-0.004594493054022106
172.0,1.3053689238956825
173.0,0.8625143314552538
174.0,-0.8523393229430156
175.0,-1.4428913910106498
176.0,-0.2510830902261239
177.0,1.118907233245838
178.0,1.140657171657099
179.0,-0.37828893940408953
180.0,-1.5455370064734213
181.0,-0.6785355809466335
182.0,1.167312395330672
183.0,1.3144283553862837
184.0,-0.17361297945380474
185.0,-1.356189492674825
186.0,-0.7337561892348671
187.0,0.7152904593829734
188.0,1.1787725808114433
189.0,0.12536318470050034
190.0,-0.9275465112636888
191.0,-1.0818089039956347
192.0,0.08121815611139219
193.0,1.0817868825185617
194.0,0.5408601458236175
195.0,-0.7676052380365015
196.0,-0.9934675546652043
197.0,0.0327569745628352
198.0,1.0271757080804054
199.0,0.6785068253952153
200.0,-0.34591860307568556
201.0,-0.9476737809235378
202.0,-0.3796816499535806
203.0,0.7423983682009672
204.0,0.8822093973843226
205.0,0.02181392997375807
206.0,-0.8077369699205257
207.0,-0.5832772202101076
208.0,0.3601446510685832
209.0,0.9952405222365241
210.0,0.47631864823772163
211.0,-0.6266852566797814
212.0,-0.7401767219846123
213.0,0.03290359786186367
214.0,0.4118196702640525
215.0,0.3186415576631077
216.0,-0.17274181760829352
217.0,-0.6353211987593642
218.0,-0.1537620312274424
219.0,0.7725701485480164
220.0,0.45729374118979227
221.0,-0.5854170162366467
222.0,-0.733629459559325
223.0,-0.09045903613736342
224.0,0.3570183880388359
225.0,0.3533585657837138
226.0,-0.23025571314320473
227.0,-0.47838129562345383
228.0,0.20227180154878566
229.0,0.7320334981176115
230.0,0.27196864211606886
231.0,-0.7800762255872948
232.0,-0.8652222747424534
233.0,0.09166412548270486
234.0,1.0431771719689655
235.0,0.5381803815738678
236.0,-0.756200376294766
237.0,-1.2287665640807706
238.0,-0.15112510755707756
239.0,1.1320236422770344
240.0,1.1921228396592358
241.0,-0.38377115979439685
242.0,-1.3886376326776528
243.0,-0.5153737015003111
244.0,1.164591477951532
245.0,1.3497963978752567
246.0,-0.1750407962910679
247.0,-1.5157596720305504
248.0,-0.8548211725289331
249.0,0.9084308960216879
250.0,1.538231568858153
251.0,0.2974428432819326
252.0,-1.3413070618564866
253.0,-1.1805154140204634
254.0,0.5410373221535826
255.0,1.7219261803436936
256.0,0.6008400282608811
257.0,-0.9202037140752911
258.0,-0.9978209929869193
259.0,0.16230905149098313
260.0,1.0572143928854925
261.0,0.7083197330888686
262.0,-0.5938751880058007
263.0,-1.039713141200605
264.0,-0.234545823650852
265.0,1.1641742451148338
266.0,1.1830420564019355
267.0,-0.3304802711304661
268.0,-1.5034955404988433
269.0,-0.8043674989336402
270.0,0.8139228856075741
271.0,1.351408673792459
272.0,0.29897224065970246
273.0,-0.9243485401989914
274.0,-0.7907356242774818
275.0,0.12644129403266974
276.0,0.8767023427346116
277.0,0.5882878217750366
278.0,-0.48548108726342054
279.0,-0.7673769441130781
280.0,-0.0638751142058545
281.0,0.6415704389050715
282.0,0.5355129133439989
283.0,-0.24155009909015412
284.0,-0.7589788720044793
285.0,-0.5488455407902992
286.0,0.398711778136388
287.0,0.7649635710859174
288.0,-0.00473556959347449
289.0,-0.8212530123583442
290.0,-0.5623533144654267
291.0,0.5302033665096553
292.0,0.8513373758563925
293.0,0.04446479579971188
294.0,-0.7129848641617202
295.0,-0.700652543497078
296.0,0.3689794847252209
297.0,0.7060846186109491
298.0,-0.009611718148946813
299.0,-0.7332077784097403
300.0,-0.4273039329559748
301.0,0.31995437398011956
302.0,0.6688140133298495
303.0,0.11571958076414757
304.0,-0.52353375289595
305.0,-0.3941232791380016
306.0,0.2525744398170452
307.0,0.6729846704498005
308.0,0.2512957994525224
309.0,-0.5462307617998988
310.0,-0.6476879891092848
311.0,0.017232778448231595
312.0,0.6021703919277334
313.0,0.3358392216664037
314.0,-0.34248459546178306
315.0,-0.866752071205665
316.0,-0.39994093453370416
317.0,0.8405251098860647
318.0,0.968989570205494
319.0,-0.23964581113086839
320.0,-1.2173117775463163
321.0,-0.5790271041797794
322.0,0.818824587720851
323.0,1.190893990252484
324.0,0.2571471073271309
325.0,-0.9817964595188494
326.0,-0.8918765271779565
327.0,0.3522601543746708
328.0,1.1405391654855772
329.0,0.3345631269998919
330.0,-0.9582419403951015
331.0,-0.8239474961434322
332.0,0.3427227096272172
333.0,1.0446844068140007
334.0,0.31247480460993954
335.0,-0.9355680604211741
336.0,-0.9195637254930632
337.0,0.2692454070366932
338.0,1.0729142711001551
339.0,0.5777758260503258
340.0,-0.5800653448636278
341.0,-0.819707750475709
342.0,-0.008767895129773351
343.0,0.7999742827036601
344.0,0.4534390711789027
345.0,-0.5548344567995938
346.0,-0.9357603927781506
347.0,-0.1421459137818078
348.0,0.8949043343491092
349.0,0.7476382242210713
350.0,-0.08317214805447544
351.0,-0.8022311224717256
352.0,-0.6471414621068928
353.0,0.40544752516519306
354.0,0.8312234346373044
355.0,0.23695524725213576
356.0,-0.46108356969018555
357.0,-0.5507729853252447
358.0,0.17756105384073143
359.0,0.7154544098549978
360.0,0.2968330834196229
361.0,-0.4605210754464996
362.0,-0.746617800477029
363.0,0.032656392014737294
364.0,0.5269048827238065
365.0,0.37423932085034023
366.0,-0.07561213334214428
367.0,-0.5334758859407883
368.0,-0.3967495995667517
369.0,0.16502689091404227
370.0,0.5708076977841731
371.0,0.4808808049008183
372.0,-0.2852267679311367
373.0,-0.7274564967318036
374.0,-0.2315180939289011
375.0,0.6359951281850676
376.0,0.6421926497193543
377.0,-0.13267262071003194
378.0,-0.5777282002828631
379.0,-0.17626503461944187
380.0,0.4077204290563545
381.0,0.6747307544708081
382.0,0.291391425899933
383.0,-0.3246052045818553
384.0,-0.5068529765987121
385.0,-0.22695757449847376
386.0,0.30942156159199163
387.0,0.5988085122044515
388.0,0.024105028846163903
389.0,-0.38725769728908294
390.0,-0.4990387910798779
391.0,-0.06941240128010667
392.0,0.4081280622114432
393.0,0.38217443752149743
394.0,0.004045996197544103
395.0,-0.2901768324170793
396.0,-0.23373761218991582
397.0,0.1748756662237532
398.0,0.11458617153415304
399.0,-0.03716359293017457
400.0,-0.2259171008403128
401.0,-0.05352297882667349
402.0,0.14948683349037195
403.0,0.13645205485304016
404.0,-0.03487446314749796
405.0,-0.18016432797609894
406.0,0.0025407570584685423
407.0,0.13780116354838498
408.0,0.09758289210632667
409.0,-0.028916665810422407
410.0,-0.23370488928456637
411.0,-0.14118124179247235
412.0,-0.009999396758224113
413.0,0.0515810045312349
414.0,-0.012472163326678587
415.0,0.03827319859325181
416.0,-0.07296539071119088
417.0,-0.11299234909273793
418.0,-0.08605642907470258
419.0,-0.04059951538402009
420.0,-0.17073901843316686
421.0,-0.1856385196519369
422.0,0.0020259777725222423
423.0,0.05765755961018054
424.0,0.10146989973355951
425.0,0.018501441412309902
426.0,-0.2608245139469722
427.0,-0.07441471094126609
428.0,0.18931835064156577
429.0,0.16646986657852758
430.0,-0.22826136846795048
431.0,-0.22254051401437208
432.0,0.03700415975436756
433.0,0.17670557526094552
434.0,0.18098766529594826
435.0,-0.2032257805317098
436.0,-0.10247561031598652
437.0,0.29596016354141014
438.0,0.3547106172218268
439.0,0.0184291607612459
440.0,-0.3064187711228049
441.0,-0.3398201782191333
442.0,-0.1440538114196815
443.0,0.07685019427182789
444.0,0.11058848905082674
445.0,0.05125113866835016
446.0,-0.08572385268954666
447.0,-0.316990206794817
448.0,-0.25496537355690757
449.0,0.0402970097551952
450.0,0.3545518781022629
451.0,0.1332681043949583
452.0,-0.3748742485352995
453.0,-0.489702037586108
454.0,-0.11191733738734858
455.0,0.4721728139680756
456.0,0.5750580915799589
457.0,-0.113924911634524
458.0,-0.8040804359241163
459.0,-0.5573757400833063
460.0,0.4652678432520193
461.0,0.9391728419788637
462.0,0.4055484615145227
463.0,-0.49545500120648706
464.0,-0.8513784456170036
465.0,-0.18230169892158235
466.0,0.9043047182874352
467.0,0.6392456644218543
468.0,-0.4217183833775875
469.0,-1.2244044250857848
470.0,-0.5317356489475223
471.0,0.5438414728152371
472.0,0.9566847674296007
473.0,0.1637853949018957
474.0,-0.7374533884312001
475.0,-0.5502775646926732
476.0,0.15831492876788206
477.0,0.5432460112801721
478.0,0.452159679638235
479.0,-0.10688606732293653
480.0,-0.735644297550426
481.0,-0.5025667741566948
482.0,0.29888081989230897
483.0,0.5381633933034804
484.0,0.0860381300572219
485.0,-0.5700420296203544
486.0,-0.6188970126014841
487.0,0.21594715441884343
488.0,0.9149633937779948
489.0,0.4305058964086757
490.0,-0.49007370998328226
491.0,-1.0221125775407913
492.0,-0.31591106535186053
493.0,0.8958553106849205
494.0,0.7876511783735041
495.0,-0.17963043879489504
496.0,-0.7603497120988063
497.0,-0.4745874876668653
498.0,0.234282083713995
499.0,0.6984591978501987
500.0,0.04508800214724237
501.0,-0.770775011055033
502.0,-0.7453592138654818
503.0,0.02170702473744979
504.0,0.7698469286195699
505.0,0.4153161490132604
506.0,-0.43457451447627116
507.0,-0.7922851103755006
508.0,-0.17821572779941067
509.0,0.6838988788434771
510.0,0.6445493777638371
511.0,-0.29943545665050586
512.0,-0.8258771681696042
513.0,-0.3052452613009769
514.0,0.45786052883764033
515.0,0.749328147960793
516.0,0.017097123685838118
517.0,-0.49700016407622893
518.0,-0.4653291965358896
519.0,0.11097618259554066
520.0,0.4443665426648613
521.0,0.2361269469720947
522.0,-0.3438798273935427
523.0,-0.5914442714362115
524.0,0.06403180585069684
525.0,0.617632762921885
526.0,0.14827611495832227
527.0,-0.6221772861670076
528.0,-0.7180652693474273
529.0,0.14940368449135383
530.0,0.9194784065532284
531.0,0.32085836663219286
532.0,-0.6481332161428891
533.0,-0.7772056720947975
534.0,0.09712621380236552
535.0,0.8262214669470325
536.0,0.3542202473567833
537.0,-0.49362736429611437
538.0,-0.5592097502755669
539.0,-0.10520208305891134
540.0,0.37027921709198014
541.0,0.15426596020129144
542.0,-0.5224476773629017
543.0,-0.49246557810668834
544.0,0.07925421259354501
545.0,0.5720244885469417
546.0,0.26448231356394897
547.0,-0.4427596000042646
548.0,-0.6915895381604457
549.0,-0.1447507184121062
550.0,0.4818472889191841
551.0,0.3738197330117393
552.0,-0.18143820206191755
553.0,-0.5416202952397698
554.0,-0.2613099402848409
555.0,0.3215106560562146
556.0,0.4586863843921154
557.0,-0.0009364408560520554
558.0,-0.37877728496195523
559.0,-0.5287452582541662
560.0,0.014470228493710088
561.0,0.5427175861225447
562.0,0.19080645430410206
563.0,-0.3058855880550813
564.0,-0.33586897486434736
565.0,0.062015037965400345
566.0,0.09492695096175123
567.0,-0.3458679170580702
568.0,-0.33430374611945546
569.0,0.04085943597162702
570.0,0.36413788508160305
571.0,0.2177735442605612
572.0,-0.2203039803334597
573.0,-0.20608016533146356
574.0,0.12137706760774407
575.0,0.2360076425916412
576.0,0.09883431053022597
577.0,-0.1624400754797938
578.0,-0.21383266887663482
579.0,0.035210083243298565
580.0,0.3376819389435319
581.0,0.3077918901407856
582.0,0.18207007450686238
583.0,-0.15859820881042866
584.0,-0.29640793162042234
585.0,-0.08644776802259391
586.0,0.4476791195239667
587.0,0.39720010783760024
588.0,-0.1591840832754098
589.0,-0.41609517510854505
590.0,-0.0818467511448952
591.0,0.38219086563842797
592.0,0.37654329633273975
593.0,-0.10878384876341894
594.0,-0.5663999219399303
595.0,-0.1472502132387015
596.0,0.23394570841001858
597.0,0.19226649164648082
598.0,-0.3362458895140815
599.0,-0.4264996341586659
600.0,-0.10592341111472117
601.0,0.4699190119610164
602.0,0.3925566394936977
603.0,0.019950150556890738
604.0,-0.3102892124070775
605.0,-0.1853269410167176
606.0,0.11942508208989576
607.0,0.36834920305916014
608.0,0.22182619803298523
609.0,-0.33964330856539887
610.0,-0.43320713280183043
611.0,-0.00886869353857583
612.0,0.4443123315184797
613.0,0.30122180759398404
614.0,-0.28165133870094267
615.0,-0.571295271400757
616.0,-0.4376609176890749
617.0,0.3984004821526339
618.0,0.7691927930219772
619.0,0.2734983505876092
620.0,-0.4404404995407195
621.0,-0.4160109508061116
622.0,0.15841868217828475
623.0,0.6624501716406567
624.0,0.2879951802959848
625.0,-0.6064723257726587
626.0,-0.6756960653084982
627.0,-0.10697159403162161
628.0,0.5048192515883456
629.0,0.4889030414791382
630.0,0.05675797972027439
631.0,-0.4489044757186469
632.0,-0.6081695141883906
633.0,-0.20410296865427413
634.0,0.4564743385004875
635.0,0.6072659707380216
636.0,-0.1178757627167771
637.0,-0.774030674503389
638.0,-0.486712313021814
639.0,0.319695248356069
640.0,0.6986816477469902
641.0,0.27988307003799867
642.0,-0.5370289902634212
643.0,-0.750344615512691
644.0,-0.09591966378359926
645.0,0.51674412793049
646.0,0.5961642901700898
647.0,-0.09983134063782621
648.0,-0.8205987813568331
649.0,-0.6099929974198421
650.0,0.37319859433282504
651.0,0.5568077927891469
652.0,0.17784745087503895
653.0,-0.48749421944249577
654.0,-0.9049573329717647
655.0,-0.032855478589959415
656.0,0.6101806090529284
657.0,0.47373089912727284
658.0,-0.2699169860301204
659.0,-0.7182944947974019
660.0,-0.13885067903778853
661.0,0.5540724195966952
662.0,0.6226581237433977
663.0,-0.23821758341566057
664.0,-0.6822680474313795
665.0,-0.12425986198828022
666.0,0.6182284521546108
667.0,0.43951752168826985
668.0,-0.16321000908581518
669.0,-0.5532921210038043
670.0,-0.16975894529352883
671.0,0.32095793580809523
672.0,0.5768768010347819
673.0,0.1440559785760534
674.0,-0.3961379283467235
675.0,-0.4194377188839688
676.0,0.09121693910508957
677.0,0.506185382830063
678.0,0.3126903586226654
679.0,-0.22274094583461765
680.0,-0.5060551418776142
681.0,-0.1622657544641563
682.0,0.3356353278212986
683.0,0.4563248429282082
684.0,-0.049014798714515286
685.0,-0.6293897846399721
686.0,-0.5479757542334438
687.0,0.28780585041275936
688.0,0.8617256930225327
689.0,0.3322361283134201
690.0,-0.5496063685452889
691.0,-0.6358471163736604
692.0,0.12865307449011218
693.0,0.9799529539416191
694.0,0.5725279515413165
695.0,-0.4404625062977526
696.0,-0.7448611605097583
697.0,-0.03391649474368091
698.0,0.5292851465297412
699.0,0.44155600203851525
700.0,-0.10061220932257918
701.0,-0.6345475120225336
702.0,-0.36270929470113544
703.0,0.4254557201896757
704.0,0.6717401901184742
705.0,0.2291663877184102
706.0,-0.44230310133968853
707.0,-0.7972607297743051
708.0,-0.27340433299090455
709.0,0.7152584717989999
710.0,0.810698519147615
711.0,-0.043875209308739796
712.0,-0.946912501540058
713.0,-0.5457218481463287
714.0,0.5769971374061389
715.0,0.8634572350869546
716.0,0.05331311414716676
717.0,-1.0519314120214265
718.0,-0.9192395002190543
719.0,0.28027580059273827
720.0,1.1692967987807983
721.0,0.6553946819452736
722.0,-0.6806830753440393
723.0,-1.0507918043615398
724.0,0.08673502836491345
725.0,1.000756462452048
726.0,0.799833726955274
727.0,-0.5128919703090772
728.0,-1.0234228955470044
729.0,-0.16637852384002813
730.0,0.6753017129866856
731.0,0.7176239023188878
732.0,0.0017852580227632941
733.0,-0.8334719763395978
734.0,-0.6800895204672609
735.0,0.3843554101480349
736.0,0.8321497253230508
737.0,0.18247358824734408
738.0,-0.6486429014001435
739.0,-0.7248112892303362
740.0,0.013100667675761417
741.0,0.8952968708291033
742.0,0.556717586994229
743.0,-0.34851141267662683
744.0,-0.7716648497106219
745.0,-0.16540339861579229
746.0,0.47535663100353104
747.0,0.6116962631057566
748.0,-0.1670902456147164
749.0,-0.5726638658642997
750.0,-0.10728321406666722
751.0,0.7311456378811151
752.0,0.7924468836620353
753.0,-0.30410260352490937
754.0,-0.9711840375590929
755.0,-0.46888929792816075
756.0,0.8337703336698412
757.0,1.0987782672989657
758.0,0.13155247788437155
759.0,-0.9498222646733905
760.0,-0.708589463746503
761.0,0.33233850880575755
762.0,0.860091747114276
763.0,0.4034950340134761
764.0,-0.6030658311861963
765.0,-0.6793625255028084
766.0,0.10754479047945313
767.0,0.8157310272163634
768.0,0.5922665716557665
769.0,-0.41890971566420454
770.0,-0.7800403039339633
771.0,0.02485691417324942
772.0,0.853879239569773
773.0,0.8082629956726257
774.0,-0.4276240475142924
775.0,-1.0134022690873523
776.0,-0.5180174680068509
777.0,0.7099140243002142
778.0,0.892022987367119
779.0,-0.055027637536249265
780.0,-1.0003281221976121
781.0,-0.6153023874211435
782.0,0.6484995696821702
783.0,1.2095241800894077
784.0,0.3679257083511568
785.0,-0.9573104609895597
786.0,-0.9066504757712203
787.0,0.14769073539910454
788.0,1.1081342331716102
789.0,0.6704110116937112
790.0,-0.6199298765308131
791.0,-1.067597928285132
792.0,-0.4530468274222942
793.0,0.7712841338426796
794.0,0.9862778444717566
795.0,0.13948440139485418
796.0,-0.9545683342374663
797.0,-0.8217727446952082
798.0,0.4568560106904436
799.0,1.1369028998310888
800.0,0.36387165193806204
801.0,-0.9066295337783998
802.0,-1.0836301168617088
803.0,0.24299509734450514
804.0,1.5153502087756534
805.0,0.7486633471212905
806.0,-1.0097693483392098
807.0,-1.8964776754912214
808.0,-0.5061986207166694
809.0,1.3306554987261605
810.0,1.2061018655555469
811.0,-0.5222612560070045
812.0,-1.8412242827365386
813.0,-0.726597879173545
814.0,1.1916282322894614
815.0,1.373659096706767
816.0,-0.45612341668596423
817.0,-1.7566231196112092
818.0,-0.8130093600942949
819.0,1.3688322254175505
820.0,1.7692167866939583
821.0,-0.038274860008509826
822.0,-1.8905691871405697
823.0,-1.3553585032699356
824.0,0.7492293310647481
825.0,1.9137940743184485
826.0,0.5698327601095694
827.0,-1.4307489595974852
828.0,-1.730041071019102
829.0,0.24271913879362655
830.0,1.729369576620655
831.0,0.8409494132746516
832.0,-1.0819897356166577
833.0,-1.564855474575419
834.0,0.0886392864787425
835.0,1.6865056384592503
836.0,1.4193864006107417
837.0,-0.40165538120236105
838.0,-1.6972826594150985
839.0,-0.9131901495452561
840.0,1.0138462530869798
841.0,1.6460854763923656
842.0,0.21443040164998423
843.0,-1.4389754132554728
844.0,-1.2705781505226328
845.0,0.5789454320570857
846.0,1.566721919452268
847.0,0.6527882758997743
848.0,-1.1993756361547747
849.0,-1.6765757941150723
850.0,-0.17175690480160538
851.0,1.5714327353648314
852.0,1.2044443441307529
853.0,-0.5311538937105234
854.0,-1.553294821807738
855.0,-0.7530947278482203
856.0,1.2385976229439002
857.0,1.5383125828714057
858.0,-0.06644424325864119
859.0,-1.526597669810275
860.0,-1.1287592108935578
861.0,0.6046734032662271
862.0,1.6860777600010695
863.0,0.5905579316409748
864.0,-1.2277753807134544
865.0,-1.6870897392404323
866.0,-0.0729350219522758
867.0,1.7609412671478109
868.0,1.3523079966140483
869.0,-0.6177658196075998
870.0,-1.7301366697519016
871.0,-0.6793205755837353
872.0,1.1782579858904538
873.0,1.4609243733958182
874.0,-0.2221238081654139
875.0,-1.4374218741834854
876.0,-0.8644625473467372
877.0,0.6914882251869658
878.0,1.4578739051067695
879.0,0.37541466608756885
880.0,-1.275012833156945
881.0,-1.374739938790253
882.0,0.3106912614021641
883.0,1.540469725580891
884.0,0.6791945748918063
885.0,-1.0426304333466407
886.0,-1.34401798056649
887.0,0.21333798050544076
888.0,1.3748763689229477
889.0,0.9117852343705972
890.0,-0.5952259791500023
891.0,-1.3274510594771627
892.0,-0.29745568457599847
893.0,1.0262790479170305
894.0,1.1945593743375151
895.0,-0.30819348087079856
896.0,-1.3987598781374686
897.0,-0.8088525454959444
898.0,0.8497905618800952
899.0,1.4946084555857488
900.0,0.4083663952587275
901.0,-1.1635864546510195
902.0,-1.1974139429716983
903.0,0.17404135984356264
904.0,1.4028019670230432
905.0,0.8191702104508966
906.0,-0.8235801392680414
907.0,-1.5431558568172175
908.0,-0.45718770086377875
909.0,1.2181210483475926
910.0,1.5172057725903227
911.0,0.0007517879479046911
912.0,-1.573397236448003
913.0,-1.1346255849440308
914.0,0.9124847385328212
915.0,1.83001795233208
916.0,0.30458958870493463
917.0,-1.617391788555655
918.0,-1.5236481579059749
919.0,0.5824474354498573
920.0,1.9804021196757384
921.0,0.7766447824050148
922.0,-1.251927039099773
923.0,-1.7968423429376164
924.0,0.0468062588987966
925.0,1.7927642486869095
926.0,1.3393453076535464
927.0,-0.8482860790374338
928.0,-2.042106040818929
929.0,-0.6585049067538462
930.0,1.773438647862282
931.0,1.9131350227877677
932.0,-0.29005255190802204
933.0,-2.234301363491869
934.0,-1.2263937822634843
935.0,1.121720645305315
936.0,1.9353359495960418
937.0,0.2636859610211848
938.0,-1.6718937754044139
939.0,-1.3504107882084422
940.0,0.5379559611440944
941.0,1.5111154168495893
942.0,0.5732776472203537
943.0,-0.9340127372009734
944.0,-1.5737090077759073
945.0,-0.2635799362927114
946.0,1.1818510362335513
947.0,1.0106765625782577
948.0,-0.48058628957448074
949.0,-1.372837814309122
950.0,-0.5591441219399612
951.0,0.8137061647984788
952.0,1.16334158661546
953.0,-0.08322763698429138
954.0,-1.0382941115005946
955.0,-0.8119007754915837
956.0,0.46012376271791555
957.0,1.063323033080995
958.0,0.2030685582165589
959.0,-1.0147003615450023
960.0,-1.0837903134138724
961.0,0.24288282960730173
962.0,1.272340724155641
963.0,0.6206640636720145
964.0,-0.958471558952926
965.0,-1.2633217161835757
966.0,0.16589555369396897
967.0,1.3731431799897436
968.0,0.8502663349187844
969.0,-0.6892846656489932
970.0,-1.157461636744353
971.0,-0.18609106461638816
972.0,0.958751605946047
973.0,0.7122454994628817
974.0,-0.4593090780274149
975.0,-0.9469847497044993
976.0,-0.15978352222469575
977.0,0.6449883434896773
978.0,0.6309006781104318
979.0,-0.22225858958565536
980.0,-0.8501343025913236
981.0,-0.3690299364835336
982.0,0.5470299355793519
983.0,0.7872701267139244
984.0,0.08225986630948579
985.0,-0.9372778892226606
986.0,-0.9179515983381185
987.0,0.18601785426205444
988.0,1.0448916833763062
989.0,0.5613418202306275
990.0,-0.6119917076905009
991.0,-1.1081591417407535
992.0,-0.14016998416918716
993.0,0.9307117587365994
994.0,0.8289815583023472
995.0,-0.26689650224701955
996.0,-1.0622952966065666
997.0,-0.4611192593835966
998.0,0.7315678698502835
999.0,0.9667563655201807
1000.0,0.17128408952470198
1001.0,-1.0408179570012612
1002.0,-0.9320281440226109
1003.0,0.024976005070132225
1004.0,0.9031918508028917
1005.0,0.6649387120328246
1006.0,-0.2704782100764621
1007.0,-0.9171915469362151
1008.0,-0.4352602667463704
1009.0,0.6407394221028802
1010.0,1.2374515245422673
1011.0,0.28313102935588835
1012.0,-1.090001476368165
1013.0,-1.2174756439809589
1014.0,0.19491070631961852
1015.0,1.3865039482186832
1016.0,0.7800289765001214
1017.0,-0.8435823460992667
1018.0,-1.1801017201455302
1019.0,0.09236277466539625
1020.0,1.3583804648073958
1021.0,0.8763755509645414
1022.0,-0.7647036673462405
1023.0,-1.5570585983934186
1024.0,-0.528978698164969
1025.0,1.3334825058513669
1026.0,1.5047775186004162
1027.0,-0.15287518798279628
1028.0,-1.7065215117149257
1029.0,-1.0234779198700916
1030.0,0.8663108926349087
1031.0,1.5919162627475862
1032.0,0.3270693615956487
1033.0,-1.3855923257316154
1034.0,-1.4073372035162597
1035.0,0.507043594621617
1036.0,1.6083975408214428
1037.0,0.6152564658315807
1038.0,-1.271690592049113
1039.0,-1.4175483972481633
1040.0,0.22021664210962227
1041.0,1.5115383843880084
1042.0,0.8831895661626991
1043.0,-0.7342231474400457
1044.0,-1.5368524745224557
1045.0,-0.32063613325107704
1046.0,1.342484715575081
1047.0,0.9844589381919291
1048.0,-0.6519238459388166
1049.0,-1.5092062160650628
1050.0,-0.6627930963772657
1051.0,0.9686587038502108
1052.0,1.2486911612821847
1053.0,0.04366304142813631
1054.0,-1.158482025278684
1055.0,-0.8255887049718001
1056.0,0.672517718142904
1057.0,1.2883114615839988
1058.0,0.23837415701375975
1059.0,-1.161516383096968
1060.0,-1.2551776926763278
1061.0,0.2387822880147643
1062.0,1.2317570501893653
1063.0,0.7191770761676304
1064.0,-0.45808569499575885
1065.0,-0.9485435323585093
1066.0,-0.3373831030241781
1067.0,0.8643481929400264
1068.0,0.726574257737911
1069.0,-0.3039202739834377
1070.0,-0.9875125748316201
1071.0,-0.2821860843447974
1072.0,0.5864501093807685
1073.0,0.5469218003094338
1074.0,-0.17581928212558018
1075.0,-0.6103293423917626
1076.0,-0.22005866784326705
1077.0,0.34605619804481
1078.0,0.4230376764508846
1079.0,-0.15003806827309668
1080.0,-0.535303851229848
1081.0,-0.2518670831018121
1082.0,0.28886494818974595
1083.0,0.31645439241349244
1084.0,-0.039092460717039826
1085.0,-0.4706977608207181
1086.0,-0.37092453030847555
1087.0,0.17858543964298135
1088.0,0.4669127826493761
1089.0,0.13517939284442893
1090.0,-0.36417326205313
1091.0,-0.5156758255845388
1092.0,-0.08732682836328645
1093.0,0.4523155894357671
1094.0,0.7289010751661077
1095.0,0.08903576409831655
1096.0,-0.6313823550172298
1097.0,-0.5902620688724481
1098.0,0.3226135247924745
1099.0,0.8229930175736516
1100.0,0.30383046924851126
1101.0,-0.4012742256873023
1102.0,-0.7751735503626738
1103.0,-0.22215034878018589
1104.0,0.5510677408121476
1105.0,0.5308988072489934
1106.0,-0.014738615569200931
1107.0,-0.5828513332309994
1108.0,-0.13673229230269646
1109.0,0.4847840073682962
1110.0,0.4140217307218249
1111.0,-0.0038493210186651646
1112.0,-0.1821159758515086
1113.0,-0.0765739519678784
1114.0,0.2808611060565151
1115.0,0.650796862237407
1116.0,0.07525146249707934
1117.0,-0.6626671188723883
1118.0,-0.5822817476895898
1119.0,0.19508916881454114
1120.0,0.7425354771402999
1121.0,0.4857178501529398
1122.0,-0.20561233462121292
1123.0,-0.5064900747846761
1124.0,-0.22652199897255468
1125.0,0.44035238236224217
1126.0,0.5040722795321679
1127.0,-0.18686817836604686
1128.0,-0.8160560194491094
1129.0,-0.4951714520270654
1130.0,0.4846363641778804
1131.0,0.8294501975493631
1132.0,0.22593005659366133
1133.0,-0.7734194662123304
1134.0,-0.8555165829744299
1135.0,0.1895941873640722
1136.0,1.0147035499530477
1137.0,0.893373781656926
1138.0,-0.4549851593092992
1139.0,-1.1856078678124946
1140.0,-0.47404698148751534
1141.0,0.8836504335235084
1142.0,1.4244223577578947
1143.0,0.20264931378792736
1144.0,-1.2395834462250803
1145.0,-1.2315124235350672
1146.0,0.4910322775479064
1147.0,1.510855902423576
1148.0,0.6839313422062535
1149.0,-1.09690017237211
1150.0,-1.4940413405036095
1151.0,-0.16765888099100437
1152.0,1.2877371322140552
1153.0,1.0201988597390452
1154.0,-0.46659620924223094
1155.0,-1.4571539504341897
1156.0,-0.37997668700376547
1157.0,1.2562529760136687
1158.0,1.3440006577002162
1159.0,-0.3023034365046847
1160.0,-1.678833332148128
1161.0,-0.7352534711115765
1162.0,1.1526183471095373
1163.0,1.5987386157724308
1164.0,-0.09121818928250282
1165.0,-1.6078109384982602
1166.0,-1.0516842775554256
1167.0,1.120882651765064
1168.0,1.8285925637977527
1169.0,0.05493636527078013
1170.0,-1.5430345908099277
1171.0,-1.1484011631769333
1172.0,0.6290617751220505
1173.0,1.7954835468195247
1174.0,0.5661215420913928
1175.0,-1.2681663253174655
1176.0,-1.7424951582377952
1177.0,0.02109063776589781
1178.0,1.4417410181961214
1179.0,1.0407155520798086
1180.0,-0.5783406714374005
1181.0,-1.7179164884032212
1182.0,-0.5215841019899329
1183.0,1.4138432201296771
1184.0,1.5711105391493272
1185.0,-0.2853622542915142
1186.0,-1.6792649566039948
1187.0,-1.1167955429424818
1188.0,0.7374912334773539
1189.0,1.575662530794529
1190.0,0.2851532529091637
1191.0,-1.639575971113672
1192.0,-1.6273254139647553
1193.0,0.6273518207470851
1194.0,2.073612938495131
1195.0,0.9038474854523759
1196.0,-1.4418969227082619
1197.0,-1.9262640294734992
1198.0,0.1316948611243992
1199.0,2.343848539679965
1200.0,1.436382876852666
1201.0,-1.3300141650777992
1202.0,-2.252927502981398
1203.0,-0.24360653232794713
1204.0,2.0149325974809003
1205.0,1.7706737915882296
1206.0,-0.8009972782368439
1207.0,-2.4450258725692744
1208.0,-0.8390425682770589
1209.0,1.809125622754069
1210.0,2.3365228619210843
1211.0,-0.3478246771078465
1212.0,-2.714107704337757
1213.0,-1.6562482166854027
1214.0,1.5861250193627592
1215.0,2.8637697146470513
1216.0,0.4913619634653957
1217.0,-2.556830181466753
1218.0,-2.2526463867162336
1219.0,1.0593841253075924
1220.0,3.0794294922620447
1221.0,1.4056084958196018
1222.0,-1.9621953603689115
1223.0,-2.939313505680031
1224.0,-0.19285044408857374
1225.0,2.8455969948821935
1226.0,2.3105994795496216
1227.0,-1.1195269152511855
1228.0,-3.043137555078757
1229.0,-1.0123912894038578
1230.0,2.378438982814713
1231.0,2.7632896553997495
1232.0,-0.23629965600961275
1233.0,-2.913790613572664
1234.0,-1.9688657850212168
1235.0,1.462029667648188
1236.0,2.893355274306952
1237.0,0.8937729122517346
1238.0,-2.253936115984256
1239.0,-2.749075384836331
1240.0,0.0920746431545121
1241.0,2.7583331787597265
1242.0,2.0102442867678
1243.0,-1.3266454950914484
1244.0,-2.9931184528455455
1245.0,-0.860878930889385
1246.0,2.1810568518507876
1247.0,2.5128943656900224
1248.0,-0.21458322879730174
1249.0,-2.4451111618778745
1250.0,-1.4650771456884262
1251.0,1.5954502034522735
1252.0,2.586826971455983
1253.0,0.17909270422050222
1254.0,-2.481359126126623
1255.0,-2.0036168653147106
1256.0,0.9483383538116783
1257.0,2.533286288047976
1258.0,0.892485273206465
1259.0,-1.9866565352730399
1260.0,-2.5843440148444485
1261.0,0.060251339861861354
1262.0,2.6525385357330005
1263.0,1.7903011819225894
1264.0,-1.3913158725711687
1265.0,-2.5348951939722437
1266.0,-0.7136799678989414
1267.0,2.050029147099047
1268.0,2.2518577072062644
1269.0,-0.481808477486824
1270.0,-2.617163810289826
1271.0,-1.534472230628159
1272.0,1.586753450479096
1273.0,2.708323922441307
1274.0,0.6016524658276149
1275.0,-2.1076650845784544
1276.0,-2.114098162512429
1277.0,0.4470162651538269
1278.0,2.334807604700378
1279.0,1.5821814515389396
1280.0,-1.121026248176586
1281.0,-2.3837954919352677
1282.0,-0.6888648146825082
1283.0,1.7423481727875088
1284.0,1.7932115770952894
1285.0,-0.4189196329372184
1286.0,-2.2416056410087366
1287.0,-1.430226086950548
1288.0,1.1555717302900972
1289.0,2.262599658680731
1290.0,0.45873996680648915
1291.0,-1.9439520411492885
1292.0,-1.7488420862555025
1293.0,0.6752773754466004
1294.0,2.277453417125044
1295.0,0.9980021783064299
1296.0,-1.2994595896883898
1297.0,-1.9899014497746688
1298.0,-0.12460720051202283
1299.0,2.0414673602591797
1300.0,1.7362080042144568
1301.0,-0.7814052502280593
1302.0,-2.273902691427656
1303.0,-0.8340801760927752
1304.0,1.585296752654898
1305.0,2.082386038805595
1306.0,-0.11141767673365131
1307.0,-2.469896538586752
1308.0,-1.6532320106691407
1309.0,1.142342170344782
1310.0,2.6581769562794846
1311.0,0.5123778930171121
1312.0,-2.1515330575271667
1313.0,-2.105385264795416
1314.0,0.63330849914475
1315.0,2.872783571453029
1316.0,1.2589315974727604
1317.0,-2.0023428881030654
1318.0,-2.663079443278527
1319.0,-0.02978077176705344
1320.0,2.8650954287526518
1321.0,2.014506896299535
1322.0,-1.3605919507664272
1323.0,-3.0526769739440796
1324.0,-0.9475543175152944
1325.0,2.639063578547377
1326.0,2.9130313404039585
1327.0,-0.6157326058567254
1328.0,-3.1266997626824415
1329.0,-1.7320251193405227
1330.0,1.6791377409218167
1331.0,2.8345313540105788
1332.0,0.14663342985121633
1333.0,-2.8465271280783795
1334.0,-2.1137383882112637
1335.0,1.3012341085961654
1336.0,2.8462816132908486
1337.0,0.963310276061913
1338.0,-2.020865906265563
1339.0,-2.3986734645397596
1340.0,0.04940540630388336
1341.0,2.443435586034703
1342.0,1.9045806685479236
1343.0,-1.0419399607064737
1344.0,-2.734498504557093
1345.0,-1.0046778295458942
1346.0,1.9900213071174089
1347.0,2.4568566830895042
1348.0,-0.3033769778201101
1349.0,-2.6398781148728463
1350.0,-1.5469167918250033
1351.0,1.275064120846376
1352.0,2.270478725295368
1353.0,0.5910008929313006
1354.0,-1.9110174907487647
1355.0,-1.8668868596492665
1356.0,0.516675098782558
1357.0,2.2037214716611957
1358.0,1.071649763721384
1359.0,-1.3881742592719164
1360.0,-2.0489420240085816
1361.0,0.03138050428553581
1362.0,2.072896151684499
1363.0,1.6719647950924164
1364.0,-0.5465437847564586
1365.0,-1.9572427791518818
1366.0,-1.1049846980254563
1367.0,0.9898918988341818
1368.0,1.7824125486691682
1369.0,0.3026608309112618
1370.0,-1.5661401879738346
1371.0,-1.3378129238066665
1372.0,0.5299249308365543
1373.0,1.7404548866999703
1374.0,0.6833169936533453
1375.0,-1.211554112630891
1376.0,-1.5544012833548733
1377.0,-0.008465295443104062
1378.0,1.609887617862467
1379.0,1.1873094695323592
1380.0,-0.8111911809180836
1381.0,-1.776318700220377
1382.0,-0.3231859438607127
1383.0,1.4397098335695289
1384.0,1.2656005412633802
1385.0,-0.2476367883162974
1386.0,-1.5713123900837613
1387.0,-0.9456920682302398
1388.0,1.0381858507164985
1389.0,1.4591931306910653
1390.0,0.12182406472513367
1391.0,-1.1202199544183276
1392.0,-0.9265320464937978
1393.0,0.41842834750962044
1394.0,1.5174266903676756
1395.0,0.7406665363257801
1396.0,-1.1454312875427597
1397.0,-1.4173217912528362
1398.0,0.21550843690075994
1399.0,1.5040809116672895
1400.0,0.789065702357004
1401.0,-0.9933380568031301
1402.0,-1.6105953059307865
1403.0,-0.47393369415708664
1404.0,1.1521406883144925
1405.0,1.5224066818803
1406.0,0.0778547757642406
1407.0,-1.316955482094191
1408.0,-0.9773213342985471
1409.0,0.5660297156733521
1410.0,1.395553196289452
1411.0,0.5438546967036948
1412.0,-0.869398577586885
1413.0,-1.135961359707754
1414.0,-0.053540487976865274
1415.0,0.98490325479486
1416.0,1.0355473927586258
1417.0,-0.41071146358870625
1418.0,-1.3750359562203214
1419.0,-0.8750385167987701
1420.0,0.5262119904610353
1421.0,1.244445351055214
1422.0,0.5323154585202975
1423.0,-0.941485457565192
1424.0,-1.2970695267599508
1425.0,0.11058866904383574
1426.0,1.3852745150142873
1427.0,0.9981316014373174
1428.0,-0.6191509510900162
1429.0,-1.2730226225217933
1430.0,-0.16753052188910791
1431.0,1.1005516345184145
1432.0,0.9929560497276528
1433.0,-0.36755918154714695
1434.0,-1.1807873960896553
1435.0,-0.44500923227247285
1436.0,0.7534039847088251
1437.0,1.1413874921194809
1438.0,0.010231441537732273
1439.0,-1.1580273891111903
1440.0,-1.0678912418267736
1441.0,0.44688279700872846
1442.0,1.1171919748848493
1443.0,0.5552904832453199
1444.0,-0.7576374163666778
1445.0,-1.0369665223533482
1446.0,0.015298910882760005
1447.0,0.9788741368561028
1448.0,0.8181921760748913
1449.0,-0.5515593793878297
1450.0,-1.180200011949073
1451.0,-0.557072292134089
1452.0,0.6223190978087836
1453.0,1.0596901472766977
1454.0,0.06439784314595977
1455.0,-1.238531675808177
1456.0,-0.9727673087407573
1457.0,0.531396026672385
1458.0,1.4503144184495191
1459.0,0.5584738321727004
1460.0,-1.1537700923638439
1461.0,-1.4740915843170541
1462.0,-0.014602088247658459
1463.0,1.5411451654905552
1464.0,1.2311794081863725
1465.0,-0.8772927133420042
1466.0,-1.8548817759003924
1467.0,-0.48229985546731347
1468.0,1.5945382123262035
1469.0,1.7517719707216473
1470.0,-0.24998908578361118
1471.0,-1.9098374189801006
1472.0,-1.0965488394810476
1473.0,0.9976667120167447
1474.0,1.8910914901379703
1475.0,0.37299846384099417
1476.0,-1.4740923223181113
1477.0,-1.3129715218542903
1478.0,0.647976754784489
1479.0,1.8217164641254133
1480.0,0.40849840041508095
1481.0,-1.178013334885549
1482.0,-1.3326214666586897
1483.0,-0.21148305709899126
1484.0,0.9917624188548403
1485.0,0.9059017060837329
1486.0,-0.17818411651938051
1487.0,-1.1161250363353952
1488.0,-0.5402731481855703
1489.0,0.8919772705052395
1490.0,1.1050134076390972
1491.0,0.04077770523040014
1492.0,-1.0588783608495953
1493.0,-0.9414206757151555
1494.0,0.4927715359239577
1495.0,1.2241876628030461
1496.0,0.36366397944398093
1497.0,-1.0308780170746492
1498.0,-1.3055833712739224
1499.0,0.12342136125275381
1500.0,1.3219120023893716
1501.0,1.0159685810781653
1502.0,-0.6375719973825733
1503.0,-1.6697409393998166
1504.0,-0.717470225660643
1505.0,1.0390989065369687
1506.0,1.3427355949721858
1507.0,-0.13134393250511436
1508.0,-1.295976398161059
1509.0,-0.768436748089543
1510.0,0.7305368148879997
1511.0,1.4715158785798406
1512.0,0.5860598942723415
1513.0,-1.181526708366876
1514.0,-1.4912904894577084
1515.0,0.35563118793983556
1516.0,1.8908549089447928
1517.0,1.0678027331854074
1518.0,-1.1272334266952482
1519.0,-1.845601984198846
1520.0,-0.2387813666455192
1521.0,1.7182625214068592
1522.0,1.616605699224655
1523.0,-0.6371425922372849
1524.0,-2.123667763257402
1525.0,-0.6483961852348713
1526.0,1.3817022144069744
1527.0,1.6690876725417905
1528.0,-0.08758541649075123
1529.0,-1.5794958161753774
1530.0,-1.0171331937695698
1531.0,0.9584894859533143
1532.0,1.7873752591537349
1533.0,0.37597670724326626
1534.0,-1.2150514825221115
1535.0,-1.2417615579413965
1536.0,0.37245391685945173
1537.0,1.37301549191411
1538.0,0.7656547523111439
1539.0,-0.49816045256872227
1540.0,-0.7680437042365478
1541.0,0.07729101712160155
1542.0,0.7674535156022392
1543.0,0.30696284723636585
1544.0,-0.4974977677771768
1545.0,-0.5550257854047023
1546.0,0.058541316359968995
1547.0,0.6986140994634421
1548.0,0.5489521269535795
1549.0,-0.305685967950816
1550.0,-0.5608820377248228
1551.0,-0.3142097610095236
1552.0,0.47716201051819024
1553.0,0.5604289326713406
1554.0,-0.21904810942175285
1555.0,-0.5811661638778708
1556.0,0.016500061143706245
1557.0,0.5806476963691651
1558.0,0.37588089409344194
1559.0,-0.1995717079025072
1560.0,-0.5821943884081787
1561.0,-0.407293454446791
1562.0,0.28503291873035136
1563.0,0.656387149913297
1564.0,0.3164805201756296
1565.0,-0.3443854100953684
1566.0,-0.5343932613647057
1567.0,0.27359484345631935
1568.0,0.5570662605513854
1569.0,0.06260034184033984
1570.0,-0.7773811733329218
1571.0,-0.6436165627414633
1572.0,0.2502600843146465
1573.0,1.05044677647661
1574.0,0.46615115906109444
1575.0,-0.8210321353161104
1576.0,-1.174951963523767
1577.0,-0.3381705739060463
1578.0,0.9193629048425632
1579.0,0.9476003748900669
1580.0,-0.11010203592044848
1581.0,-0.9742788740701348
1582.0,-0.7167184610492763
1583.0,0.5486047079290179
1584.0,1.0917330283755708
1585.0,0.27299025012059686
1586.0,-0.8383910928272965
1587.0,-0.7130861424295655
1588.0,0.3018807103904335
1589.0,1.093839698113011
1590.0,0.36218859736459474
1591.0,-0.6440684891767923
1592.0,-0.920619354686745
1593.0,-0.04738249040249681
1594.0,0.9216242953803931
1595.0,0.5173550656854825
1596.0,-0.5399661805096898
1597.0,-0.944710412395554
1598.0,-0.14296230435243548
1599.0,0.8618877620765063
1600.0,0.5721883342240164
1601.0,-0.5221320176052143
1602.0,-0.9269940177043825
1603.0,-0.058056260174596
1604.0,0.7701762010366009
1605.0,0.5933742591500811
1606.0,-0.515854829992904
1607.0,-1.369520820315099
1608.0,-0.34641476361389945
1609.0,0.9844320404454843
1610.0,1.0724582581008237
1611.0,-0.07606989856060173
1612.0,-1.0447983759414778
1613.0,-0.7307313961173829
1614.0,0.400464138052107
1615.0,0.9736305150293851
1616.0,0.38567804557086177
1617.0,-0.7388767073101303
1618.0,-0.9194949768347415
1619.0,0.030832053299474933
1620.0,1.1046598531276375
1621.0,0.6889936823292843
1622.0,-0.6893120986809392
1623.0,-1.076307795677261
1624.0,-0.30026844472481373
1625.0,0.7843863556881139
1626.0,0.8312458645612806
1627.0,-0.10437580930765876
1628.0,-0.8104790231338593
1629.0,-0.5108534419405828
1630.0,0.2761670011901567
1631.0,0.6556456382282936
1632.0,0.19575872374885148
1633.0,-0.5956686460304673
1634.0,-0.5108672980178893
1635.0,0.40393443113669203
1636.0,0.8471766993383574
1637.0,0.43251173955853234
1638.0,-0.3468835565754229
1639.0,-0.7625322049122691
1640.0,-0.2860705197166022
1641.0,0.5671446859402529
1642.0,0.6531028705291497
1643.0,0.09280397755070098
1644.0,-0.5259950236689385
1645.0,-0.6004418666205918
1646.0,0.2856991965428738
1647.0,0.8751413162219988
1648.0,0.1490742684019864
1649.0,-0.9504414847262096
1650.0,-0.9255771748126843
1651.0,0.2395811394665507
1652.0,1.2103652784806718
1653.0,0.7477178999066227
1654.0,-0.8394333056249234
1655.0,-1.5038100881876313
1656.0,-0.2388957752831342
1657.0,1.3883962094966258
1658.0,1.465117342962866
1659.0,-0.39928139186773987
1660.0,-1.7422845861486582
1661.0,-0.8688130729595908
1662.0,0.9355419507229136
1663.0,1.6277356519952395
1664.0,0.4656926965308534
1665.0,-1.2924877240777166
1666.0,-1.3655146839378265
1667.0,0.14137460162722285
1668.0,1.3508587679068085
1669.0,0.9912402413402454
1670.0,-0.6552659082442437
1671.0,-1.3456374037441854
1672.0,-0.253476164016214
1673.0,1.1493162313964647
1674.0,1.1847243452965748
1675.0,-0.29506574621025305
1676.0,-1.355861164484466
1677.0,-0.8965105155947345
1678.0,0.7156519146314704
1679.0,1.3082985148277626
1680.0,0.44280050010475697
1681.0,-0.9855442394717907
1682.0,-1.234525985494129
1683.0,0.10813785735953456
1684.0,1.5068870197874176
1685.0,1.0259101429031021
1686.0,-0.828567445375001
1687.0,-1.5299480707297386
1688.0,-0.25666703861434725
1689.0,1.3340366199265774
1690.0,1.0923439311510141
1691.0,-0.4036891837283261
1692.0,-1.415053629476086
1693.0,-0.3858510934577189
1694.0,1.2004993833132311
1695.0,1.2500787709657768
1696.0,-0.47230166697034925
1697.0,-1.709175103109682
1698.0,-0.834294824071992
1699.0,1.0522328226110944
1700.0,1.3900379636511762
1701.0,-0.04327367551098617
1702.0,-1.535391640251349
1703.0,-1.2015502609979336
1704.0,0.6758830567777351
1705.0,1.607114442536035
1706.0,0.44265358363054946
1707.0,-1.2674304057469008
1708.0,-1.353260019837643
1709.0,0.10207013045166123
1710.0,1.2495870882800837
1711.0,0.9198133718570922
1712.0,-0.6502642800255329
1713.0,-1.5783065845317275
1714.0,-0.4609576620105681
1715.0,1.1392677039817372
1716.0,1.4065346657899456
1717.0,-0.2888538576103336
1718.0,-1.6379759286461388
1719.0,-0.6923173241910736
1720.0,1.0994325640908198
1721.0,1.669852235637985
1722.0,0.2735407218813193
1723.0,-1.275939825526764
1724.0,-1.1821454968325122
1725.0,0.5369309197905029
1726.0,1.6678835370332918
1727.0,0.7008475356530737
1728.0,-1.0014554152022985
1729.0,-1.2918343007015736
1730.0,0.007149879023848597
1731.0,1.2834366835107538
1732.0,0.9024089383767293
1733.0,-0.5015203089742827
1734.0,-1.2333699261486535
1735.0,-0.45474203809789443
1736.0,0.9163295908236291
1737.0,0.9183443274854077
1738.0,-0.15865308159512248
1739.0,-0.9519630793242978
1740.0,-0.7890559955552142
1741.0,0.3948056985834137
1742.0,0.9958045532817587
1743.0,0.1818681231180412
1744.0,-0.8230024269542691
1745.0,-0.8603510114876771
1746.0,0.12588167895891206
1747.0,0.9364620719332164
1748.0,0.42369763292778284
1749.0,-0.6748907132205185
1750.0,-0.8704156531548611
1751.0,0.118818751072537
1752.0,0.9955152561624656
1753.0,0.5615097514987931
1754.0,-0.6775284622826999
1755.0,-1.1709774622023217
1756.0,-0.2113467540023313
1757.0,1.0749893984312286
1758.0,0.7524540399471369
1759.0,-0.8152187947493286
1760.0,-1.6016848391662333
1761.0,-0.4936620178548157
1762.0,1.108742904204872
1763.0,1.1865912575764612
1764.0,-0.005043078956663724
1765.0,-1.073980996190267
1766.0,-0.9281980013552182
1767.0,0.48565931810598834
1768.0,1.3580021374090396
1769.0,0.5544535116728686
1770.0,-1.1110285159331128
1771.0,-1.2258019424671978
1772.0,0.41602933010443444
1773.0,1.5391769030332458
1774.0,0.6946958981616554
1775.0,-0.8649980817034234
1776.0,-1.1490939605011783
1777.0,-0.10680721723071655
1778.0,1.2592734030352752
1779.0,1.2736461261794692
1780.0,-0.47130854010478046
1781.0,-1.6437630339963407
1782.0,-0.6094468485383681
1783.0,1.2171278750200087
1784.0,1.5134474537759426
1785.0,-0.1864019023740141
1786.0,-1.6234221514166436
1787.0,-0.9652063590412157
1788.0,0.7655241800181338
1789.0,1.476041651536436
1790.0,0.5016781222647552
1791.0,-1.2226552791923342
1792.0,-1.1624101951457573
1793.0,0.4779243061276122
1794.0,1.3705262855113347
1795.0,0.6372397758310694
1796.0,-0.5264796024096724
1797.0,-1.129538104042664
1798.0,-0.4833479238070295
1799.0,0.9746284058277471
1800.0,1.3068132368369885
1801.0,0.27702732490262383
1802.0,-0.9379289009583363
1803.0,-0.9305275736784675
1804.0,0.22226551011531104
1805.0,0.9446114017565918
1806.0,0.4302260677301751
1807.0,-0.5608351499915165
1808.0,-0.7452902468617948
1809.0,0.14201937378176277
1810.0,0.9744636653839641
1811.0,0.7050090879372821
1812.0,-0.3913268360581674
1813.0,-0.9590565920290801
1814.0,-0.21356963002767101
1815.0,0.794533647396642
1816.0,0.7272340355905912
1817.0,-0.18358804658207142
1818.0,-0.5497485759568307
1819.0,-0.2611554128158794
1820.0,0.3333992841437574
1821.0,0.547856883278923
1822.0,-0.11969241932656656
1823.0,-0.7517119516754741
1824.0,-0.5717704456133144
1825.0,0.30275611449935336
1826.0,0.6394814839882228
1827.0,0.08608698793813001
1828.0,-0.5372867290553408
1829.0,-0.6390819115143465
1830.0,0.0033801270307185966
1831.0,0.6246223629534962
1832.0,0.5498668707027979
1833.0,-0.09457561552445276
1834.0,-0.7029893491506298
1835.0,-0.6299185591950209
1836.0,0.21327247212279474
1837.0,0.7007873700382898
1838.0,0.2461889614630967
1839.0,-0.6141276326756591
1840.0,-0.7284359239301507
1841.0,0.1382892134582109
1842.0,0.800675424671861
1843.0,0.4991351062118367
1844.0,-0.4217197112403052
1845.0,-0.765598659885913
1846.0,-0.03811953298852518
1847.0,0.6306327273760685
1848.0,0.4498414471632348
1849.0,-0.25679195335729843
1850.0,-0.5484253735764703
1851.0,-0.12982797443937397
1852.0,0.368465181097613
1853.0,0.5689149081034044
1854.0,0.19571853942773762
1855.0,-0.46251845335671493
1856.0,-0.31438230295096325
1857.0,0.32167579767137655
1858.0,0.47145587812847023
1859.0,0.07382312649882748
1860.0,-0.3528750494448058
1861.0,-0.30358989589431223
1862.0,0.25277490387734486
1863.0,0.48927012682232324
1864.0,0.08589424045610629
1865.0,-0.4186062343250525
1866.0,-0.3702094764688852
1867.0,-0.001165861961183442
1868.0,0.2264228031223088
1869.0,0.11603667063641868
1870.0,-0.25724181599391566
1871.0,-0.32822878958283086
1872.0,-0.12703613879904946
1873.0,0.3663456789380579
1874.0,0.4992503430735452
1875.0,-0.15823175019823124
1876.0,-0.6286957223148743
1877.0,-0.5259916398662415
1878.0,0.05718553861951772
1879.0,0.5250957209633664
1880.0,0.3650776381303529
1881.0,-0.20944759750124753
1882.0,-0.562282546701235
1883.0,-0.26957377589989573
1884.0,0.2853095534312521
1885.0,0.38667845621826247
1886.0,-0.20458029672332118
1887.0,-0.669461913117901
1888.0,-0.14184221119774448
1889.0,0.6787743701072643
1890.0,0.8541040911502285
1891.0,-0.11419423631039734
1892.0,-0.765992079660194
1893.0,-0.4242582931016045
1894.0,0.3976105051373648
1895.0,0.7292699838362907
1896.0,0.10072237084664032
1897.0,-0.6060519270329892
1898.0,-0.5633494997426575
1899.0,0.010959263550116841
1900.0,0.6439429096388544
1901.0,0.43228929385299464
1902.0,-0.3082966932689833
1903.0,-0.6336136209580089
1904.0,-0.09586008227134185
1905.0,0.4081540435893236
1906.0,0.24549694884916018
1907.0,-0.20564775717509898
1908.0,-0.4092615234503446
1909.0,-0.12282249332040299
1910.0,0.530875316070336
1911.0,0.47418143773191357
1912.0,-0.06469410587857764
1913.0,-0.5306856475786277
1914.0,-0.29716536857189324
1915.0,0.40359466668399824
1916.0,0.6681301853628571
1917.0,0.23820869725907398
1918.0,-0.3874586863828143
1919.0,-0.6044441907457164
1920.0,0.010417340803180701
1921.0,0.3517531144542229
1922.0,0.40376520411521344
1923.0,0.01998406200547342
1924.0,-0.4536441477042505
1925.0,-0.225452628144749
1926.0,0.20806731889677885
1927.0,0.14291222777935514
1928.0,-0.08058609715262631
1929.0,-0.1329135016273959
1930.0,5.041764298502032e-05
1931.0,-0.11209556828800858
1932.0,-0.0670938869523428
1933.0,0.07255175406915079
1934.0,0.07209205545796679
1935.0,0.07650511593782024
1936.0,0.1863685445906765
1937.0,0.14249837517171804
1938.0,-0.10735421600088517
1939.0,-0.3948916372108291
1940.0,-0.2408804052505578
1941.0,0.0593164936530375
1942.0,0.11574628161170473
1943.0,0.01582804021808295
1944.0,-0.38171309994426617
1945.0,-0.22298037793449488
1946.0,0.11742166860105967
1947.0,0.4418264497611508
1948.0,0.18405973895353994
1949.0,-0.2834617635142404
1950.0,-0.2073157668371939
1951.0,0.3233994383633314
1952.0,0.4862011858274914
1953.0,-0.005876588636410153
1954.0,-0.5658584554239703
1955.0,-0.5411025616581355
1956.0,0.4092591915043998
1957.0,0.9470352819641251
1958.0,0.3506937397012832
1959.0,-0.7050694195099397
1960.0,-1.0706477121905527
1961.0,0.18280479876291275
1962.0,1.2683435014513909
1963.0,0.8054310435944462
1964.0,-0.5767131985803368
1965.0,-1.2605271426689482
1966.0,-0.2058151438293375
1967.0,1.1624426499192722
1968.0,0.9074535456273701
1969.0,-0.35400682423134955
1970.0,-1.0433195730154594
1971.0,-0.4706201054210233
1972.0,0.6698988475547385
1973.0,1.1142843583658264
1974.0,0.13275931400160926
1975.0,-0.8360508036445734
1976.0,-0.7057037266911882
1977.0,0.16161854023208666
1978.0,0.8854288562952486
1979.0,0.6030183207720543
1980.0,-0.36855371946100257
1981.0,-0.8209712073376353
1982.0,-0.31104014520742534
1983.0,0.6062920956995665
1984.0,0.625026901514658
1985.0,-0.2780095273594515
1986.0,-0.7865161954017585
1987.0,-0.503877597603291
1988.0,0.324301930170023
1989.0,0.7884249886263683
1990.0,0.11624846410965683
1991.0,-0.733394617594506
1992.0,-0.7732910829869848
1993.0,0.34792172224048457
1994.0,0.8238417771227241
1995.0,0.08484643407059751
1996.0,-0.7741383023808142
1997.0,-0.704121035471358
1998.0,0.4585539545046104
1999.0,1.2158722565604654
2000.0,0.5509431366552188
2001.0,-0.7515016011586894
2002.0,-0.9186708385477879
2003.0,-0.025170075317988774
2004.0,1.0328897425939279
2005.0,0.6802167743964507
2006.0,-0.6584663966805575
2007.0,-1.112031170668208
2008.0,-0.10123258332063875
2009.0,1.0992490934156764
2010.0,0.8410265999235437
2011.0,-0.5640655196233485
2012.0,-1.2134585844654264
2013.0,-0.3024164253203812
2014.0,1.0331207213546878
2015.0,1.128128349070877
2016.0,-0.4045728919281455
2017.0,-1.2386243657621279
2018.0,-0.3911202068011029
2019.0,1.0926828443515157
2020.0,1.3018234673162044
2021.0,0.08039252241672164
2022.0,-1.292514038284446
2023.0,-1.26297632662842
2024.0,0.49161348982165365
2025.0,1.634609002016011
2026.0,0.8157442263518605
2027.0,-1.095796653753054
2028.0,-1.5270692840365971
2029.0,-0.046273662995113984
2030.0,1.4586613762783422
2031.0,0.8714884433884937
2032.0,-0.7265791297277513
2033.0,-1.5626997139609133
2034.0,-0.4262306619024841
2035.0,1.1079152154328957
2036.0,1.3763378923925342
2037.0,-0.09553323469459796
2038.0,-1.2229334309983053
2039.0,-0.8998448173093796
2040.0,0.4155714515430414
2041.0,1.1594843364507508
2042.0,0.5266547334582123
2043.0,-0.6694979538343212
2044.0,-1.3158829593310044
2045.0,-0.2849852002908983
2046.0,1.091382380293352
2047.0,0.9274067211400264
2048.0,-0.4025861453143632
2049.0,-1.160379374665955
2050.0,-0.4281555094032052
2051.0,0.8359208483923957
2052.0,0.9110035487637931
2053.0,-0.19321308830532183
2054.0,-1.0783281441132357
2055.0,-0.5298790346639809
2056.0,0.42202273818351477
2057.0,0.8315395487898346
2058.0,-0.04288409552126496
2059.0,-0.8765374451582043
2060.0,-0.7581862221521847
2061.0,0.3004247745374629
2062.0,0.969124335782339
2063.0,0.34895329427307703
2064.0,-0.8707176695511177
2065.0,-1.1392865329858808
2066.0,0.31218048301783535
2067.0,1.3669713362172227
2068.0,0.7662510891487947
2069.0,-0.8504808355700678
2070.0,-1.3883602547967566
2071.0,-0.2048074522105056
2072.0,1.2594708083939905
2073.0,1.0490064215164394
2074.0,-0.5629827288888435
2075.0,-1.45690617641059
2076.0,-0.471322191031927
2077.0,1.1362642689937585
2078.0,1.09070246533485
2079.0,-0.564264705516926
2080.0,-1.5372679155333715
2081.0,-0.6637573882638919
2082.0,1.19537853295633
2083.0,1.6797235157484263
2084.0,0.03641604056066727
2085.0,-1.68214505986384
2086.0,-1.1476962515726592
2087.0,0.8857717921346105
2088.0,1.957419448050366
2089.0,0.5067920238456738
2090.0,-1.8249560715523532
2091.0,-2.1430474744263073
2092.0,0.2173712538734676
2093.0,2.190160529441369
2094.0,1.3899186613749044
2095.0,-1.2276108902556597
2096.0,-2.239917044556145
2097.0,-0.3936479484693664
2098.0,1.9296503546823731
2099.0,1.905143649182659
2100.0,-0.5977772840230655
2101.0,-2.4594979948611186
2102.0,-1.1930471290886544
2103.0,1.5118538894169158
2104.0,2.1307402916952047
2105.0,0.006230353018810103
2106.0,-2.2424095766052607
2107.0,-1.6548183231303684
2108.0,1.0725539467357443
2109.0,2.601537677671169
2110.0,0.8767044554438819
2111.0,-1.9964972678180504
2112.0,-2.138488919663306
2113.0,0.1977044244574885
2114.0,2.2520883151298414
2115.0,1.297705122079153
2116.0,-1.2641225785100882
2117.0,-2.4683976261596094
2118.0,-0.6516251105397235
2119.0,2.0488345485206594
2120.0,2.1798138303043677
2121.0,-0.6399025266336149
2122.0,-2.567608864582733
2123.0,-1.2819605140755326
2124.0,1.5517501366291409
2125.0,2.4824521244671534
2126.0,0.26847645603222375
2127.0,-2.3691611029721598
2128.0,-1.9526901312878364
2129.0,0.9967669853354252
2130.0,2.8099314487151394
2131.0,1.0399585430761344
2132.0,-2.086608556401729
2133.0,-2.7835984678419146
2134.0,-0.038459216632976294
2135.0,2.706702017130218
2136.0,2.0216591970879496
2137.0,-1.3682741267057414
2138.0,-2.961931878477991
2139.0,-0.8868224595691354
2140.0,2.274522984206821
2141.0,2.532687653022785
2142.0,-0.6267042436512825
2143.0,-2.9053002901224008
2144.0,-1.3041538355468023
2145.0,1.7533364957516642
2146.0,2.5654730804383417
2147.0,0.43783821999881894
2148.0,-2.2570193854478897
2149.0,-1.9076483583600163
2150.0,0.8291218615131964
2151.0,2.4350752589677542
2152.0,0.9401413338351258
2153.0,-1.4680256767384725
2154.0,-2.1260235002670873
2155.0,0.07606269492374473
2156.0,1.9882838379435168
2157.0,1.2007766780412776
2158.0,-1.271065046735327
2159.0,-2.149303352363728
2160.0,-0.30262440753608755
2161.0,1.7698680018727568
2162.0,1.7750538241618035
2163.0,-0.3393047779923465
2164.0,-2.078070627958993
2165.0,-1.2655267621762345
2166.0,1.0151661854021747
2167.0,1.8507324812376422
2168.0,0.29488962135768365
2169.0,-1.6905842534119342
2170.0,-1.7859878433825815
2171.0,0.18784504997392307
2172.0,1.9487152268861179
2173.0,1.1356368204927985
2174.0,-0.8988730141666134
2175.0,-1.7390466200323416
2176.0,-0.36021871821774537
2177.0,1.3689298415892523
2178.0,1.2918719941025467
2179.0,-0.18005921643813208
2180.0,-1.4334825260619286
2181.0,-0.9574964131984897
2182.0,0.5508253913656198
2183.0,1.5237558476552426
2184.0,0.6107162891581343
2185.0,-1.1117663639424762
2186.0,-1.530913675102203
2187.0,0.18742086072061187
2188.0,1.5616876019240962
2189.0,0.8728391409507896
2190.0,-0.8245290982796943
2191.0,-1.5875660605811237
2192.0,-0.42983082874408174
2193.0,0.9813522334877551
2194.0,1.1710108423861287
2195.0,-0.154877090254952
2196.0,-1.3062807964753271
2197.0,-0.6378219958193482
2198.0,0.8141783469522569
2199.0,1.143237534817858
2200.0,0.025990371277479735
2201.0,-1.1568889420697013
2202.0,-0.9304580817598803
2203.0,0.3520813897945744
2204.0,1.1931612674655436
2205.0,0.6954269438712951
2206.0,-0.71034019040159
2207.0,-1.0932795183394812
2208.0,-0.049418179259979315
2209.0,0.925491791334947
2210.0,0.6398595597325053
2211.0,-0.4044651439803234
2212.0,-0.7945172199460253
2213.0,-0.2646356478114318
2214.0,0.39120348062498067
2215.0,0.4831788361646498
2216.0,-0.16029127556629022
2217.0,-0.4800003564003555
2218.0,-0.05112386401068572
2219.0,0.23360050013344605
2220.0,0.43045077120344194
2221.0,-0.07835609629499908
2222.0,-0.33097223596026754
2223.0,-0.23600689768115668
2224.0,0.2993350078971064
2225.0,0.3628640457324149
2226.0,0.04670089000363033
2227.0,-0.17642600237371928
2228.0,-0.2366257572719137
2229.0,0.15582429092145414
2230.0,0.2813727451000928
2231.0,0.06410736060905789
2232.0,-0.18172184798807556
2233.0,-0.2624710817016291
2234.0,-0.04006881209004794
2235.0,0.3335625215296453
2236.0,0.036009508122516735
2237.0,-0.03210823428352144
2238.0,0.14624232298116355
2239.0,0.05968092257041374
2240.0,-0.06880817097508528
2241.0,-0.03384175532060004
2242.0,-0.02279019526484657
2243.0,-0.031187484925520096
2244.0,0.07588245668560353
2245.0,0.1760879531402213
2246.0,0.06600570660630756
2247.0,-0.18467764418234647
2248.0,-0.3173474263429945
2249.0,-0.07058042908735893
2250.0,0.1349270345249661
2251.0,0.3204455820004999
2252.0,0.16195777911316306
2253.0,0.0895174593516294
2254.0,0.07348172409013151
2255.0,0.08256908414432626
2256.0,0.04570426992715891
2257.0,0.23879822483535623
2258.0,0.014611802686287935
2259.0,-0.18008543462399684
2260.0,-0.20155054222936983
2261.0,-0.1936760710488856
2262.0,0.14350163574308733
2263.0,0.3172076755180713
2264.0,-0.013703136240388122
2265.0,-0.3355096396510548
2266.0,-0.33132436015003924
2267.0,-0.040795833830252363
2268.0,0.3353047916528316
2269.0,0.19815113233224002
2270.0,0.03903422411955914
2271.0,-0.1804149417853962
2272.0,0.005668017746584953
2273.0,0.12829874755629683
2274.0,-0.0480794466562266
2275.0,-0.147111331340897
2276.0,-0.181631796452518
2277.0,0.12652042951707318
2278.0,0.14670361154422565
2279.0,-0.07517240672233255
2280.0,-0.12009736453409403
2281.0,-0.19155942284390254
2282.0,-0.1758550536530249
2283.0,-0.1697864395190447
2284.0,-0.03860147943508498
2285.0,0.17491125345087577
2286.0,0.09864327083218548
2287.0,0.02537953582208834
2288.0,0.0572956273357823
2289.0,-0.007918265042448858
2290.0,0.018267361845373045
2291.0,0.07305628810035125
2292.0,0.06037845851085519
2293.0,-0.25920420572713787
2294.0,-0.275287652158157
2295.0,0.0696782648882689
2296.0,0.2501637218273764
2297.0,0.101699929647407
2298.0,-0.20341375042278387
2299.0,-0.07634778210379393
2300.0,0.6012606579275417
2301.0,0.39531179510267256
2302.0,-0.34041071044684523
2303.0,-0.5400165030548003
2304.0,0.1087577675409286
2305.0,0.5246476899261496
2306.0,0.4616272291111143
2307.0,-0.14525041752244894
2308.0,-0.5194310046455805
2309.0,-0.355862658901701
2310.0,0.11401106258601668
2311.0,0.32530076331721053
2312.0,0.24008347900287222
2313.0,-0.2074061367520546
2314.0,-0.4781521312912519
2315.0,0.006004638221192917
2316.0,0.597812462724401
2317.0,0.41910645008733854
2318.0,-0.23526763178041116
2319.0,-0.7060559937250676
2320.0,-0.262489216965005
2321.0,0.6097833943919035
2322.0,0.6969806339257647
2323.0,0.10768599367225919
2324.0,-0.595874012980748
2325.0,-0.47543654762090126
2326.0,0.32523196479151767
2327.0,0.7468862729621999
2328.0,0.1335472279711975
2329.0,-0.8397371271600678
2330.0,-0.864687894750563
2331.0,0.09934372088079382
2332.0,1.1491374252924846
2333.0,0.6083008136838532
2334.0,-0.5757687022006043
2335.0,-1.1224875733510529
2336.0,-0.053519188380482606
2337.0,1.2003128422097595
2338.0,0.9952901692201865
2339.0,-0.5204768593462284
2340.0,-1.3745446129602725
2341.0,-0.5739177655376875
2342.0,0.987926225476512
2343.0,1.1201105276296746
2344.0,-0.2807391611375451
2345.0,-1.2848558050607857
2346.0,-0.7108866843828701
2347.0,0.8648257050720792
2348.0,1.3427143689582437
2349.0,-0.09046804414271485
2350.0,-1.3143452916824814
2351.0,-0.8290812630254163
2352.0,0.6279149255807149
2353.0,1.33376491190657
2354.0,0.36422324492189534
2355.0,-0.9458773040533036
2356.0,-1.3881165559479196
2357.0,0.06287599613649936
2358.0,1.4646503383214904
2359.0,1.0898293348212527
2360.0,-0.7423231488113889
2361.0,-1.375070694274708
2362.0,-0.392158720170858
2363.0,1.2650682535184807
2364.0,1.1596470234658398
2365.0,-0.3169468180037748
2366.0,-1.4775501319881552
2367.0,-0.8486376095932269
2368.0,0.798548333782691
2369.0,1.2355627317254965
2370.0,-0.13090089808895974
2371.0,-1.3814048397015524
2372.0,-0.6835730824301921
2373.0,0.8496397172219069
2374.0,1.385552375299179
2375.0,0.21631077094353454
2376.0,-1.0093459002838956
2377.0,-0.8333765361450314
2378.0,0.3463438890753007
2379.0,1.2166759511523886
2380.0,0.6748616279485449
2381.0,-0.7265510081525804
2382.0,-1.2056093880322765
2383.0,0.07021651128790767
2384.0,1.332790528091744
2385.0,1.152449688362856
2386.0,-0.2755024385166883
2387.0,-1.3001822862280759
2388.0,-0.6344971516504135
2389.0,0.8350042488787307
2390.0,1.239949627815368
2391.0,0.30941280077119526
2392.0,-1.114390376734909
2393.0,-1.0455722783924584
2394.0,0.41016233470754226
2395.0,1.4582342884039539
2396.0,0.5053790973633124
2397.0,-1.0122789794472478
2398.0,-1.3097172023221522
2399.0,0.0906818647605891
2400.0,1.3188668398944738
2401.0,0.9709656112730635
2402.0,-0.4027668487080111
2403.0,-1.3050015487630182
2404.0,-0.5303827609864911
2405.0,0.95326591251031
2406.0,1.2514123196471336
2407.0,-0.007211352664353278
2408.0,-1.1702043189362825
2409.0,-0.8075066763946399
2410.0,0.42815676200738273
2411.0,1.1683686749646258
2412.0,0.37292486889529075
2413.0,-0.696502373456481
2414.0,-0.8269049604904093
2415.0,0.07788997016297348
2416.0,0.9302885211665237
2417.0,0.8088225643643921
2418.0,-0.3556001098878079
2419.0,-1.3081374793267442
2420.0,-0.5253281159724594
2421.0,1.0327126785789797
2422.0,1.2927726735491751
2423.0,0.03268354249269562
2424.0,-1.4422226046391649
2425.0,-1.329289197374925
2426.0,0.3965572601041578
2427.0,1.6294451038479885
2428.0,0.7433997957169953
2429.0,-1.2477722575493082
2430.0,-1.8192593153644059
2431.0,-0.048985019602379117
2432.0,1.7127870061608492
2433.0,1.3858417605010822
2434.0,-0.7221722780826868
2435.0,-1.7794447543757934
2436.0,-0.5519706836703082
2437.0,1.402659100012896
2438.0,1.481328103310591
2439.0,-0.44394558951478685
2440.0,-1.6879394008793103
2441.0,-0.6241362245202282
2442.0,1.5301435630944877
2443.0,1.6646744990635718
2444.0,-0.30907281172737894
2445.0,-1.7170285996347905
2446.0,-1.106567670832998
2447.0,0.9286295555957144
2448.0,1.765440389682308
2449.0,0.3114745683773852
2450.0,-1.6870306103911343
2451.0,-1.348803171458558
2452.0,0.7977769380310596
2453.0,1.8854743004811443
2454.0,0.5734441656648895
2455.0,-1.4944673529615318
2456.0,-1.8332326288604261
2457.0,0.13157009508649167
2458.0,2.039718215195214
2459.0,1.5127039606575825
2460.0,-1.0986932293995775
2461.0,-2.2182111063958985
2462.0,-0.17309916909425588
2463.0,2.141462876494387
2464.0,1.7410277585153833
2465.0,-0.8241845537881819
2466.0,-2.268182709742185
2467.0,-0.7046403145704528
2468.0,1.6336615341031357
2469.0,1.892756087951175
2470.0,-0.2570850854388334
2471.0,-2.226522577299883
2472.0,-1.3089523595506192
2473.0,1.163546381855739
2474.0,1.9979449694243385
2475.0,0.38512038669419896
2476.0,-1.5521821739140638
2477.0,-1.423091613939571
2478.0,0.3268587849501715
2479.0,1.5818213380647512
2480.0,0.9084522523636929
2481.0,-0.6823884857097308
2482.0,-1.4838793379730535
2483.0,-0.4160132882548752
2484.0,0.9125843691478552
2485.0,1.1170962543066885
2486.0,0.09260818410018937
2487.0,-1.0768308081397777
2488.0,-1.0162914594417385
2489.0,0.5404007286634258
2490.0,1.4367292966096326
2491.0,0.3840434537017457
2492.0,-1.3136597299620765
2493.0,-1.2717661172364312
2494.0,0.3873667474174381
2495.0,1.5771029678329171
2496.0,0.7841051247410434
2497.0,-0.8444290712918148
2498.0,-1.3467267197510941
2499.0,-0.1332877642271321
2500.0,1.3679844722984227
2501.0,1.293037651521736
2502.0,-0.44930484672530213
2503.0,-1.731772885816723
2504.0,-0.9581019862229064
2505.0,1.2154532523608983
2506.0,1.5342658685355566
2507.0,0.15038674941829241
2508.0,-1.1615200706154658
2509.0,-0.946368221451664
2510.0,0.32462577995839526
2511.0,1.2488489781657135
2512.0,0.17764014986777177
2513.0,-1.2191827428517596
2514.0,-0.9899960936485352
2515.0,0.34118272437403524
2516.0,1.2805330042600944
2517.0,0.5226437480855679
2518.0,-0.9462772685703609
2519.0,-1.402161187631151
2520.0,-0.10129979349761332
2521.0,1.2929974652091858
2522.0,1.1414844363162993
2523.0,-0.6728614656984174
2524.0,-1.6690361981354414
2525.0,-0.5929262394440037
2526.0,1.1876400122998478
2527.0,1.36274677273845
2528.0,-0.283327811230847
2529.0,-1.6423458728666576
2530.0,-0.823713985754573
2531.0,1.0772586620417772
2532.0,1.5780916859026983
2533.0,0.3070247269263613
2534.0,-1.5956945451621998
2535.0,-1.5338759617655038
2536.0,0.4903345952171385
2537.0,2.069659843508247
2538.0,1.076953066761681
2539.0,-1.0696425132266423
2540.0,-1.841461293198823
2541.0,-0.38244539607977884
2542.0,1.6803494234163903
2543.0,1.4487967087806455
2544.0,-0.6915079467450453
2545.0,-1.917880999425213
2546.0,-0.5152242698425624
2547.0,1.3967451323180935
2548.0,1.737692119680976
2549.0,-0.1763682261829973
2550.0,-1.853050988532313
2551.0,-1.376568010624203
2552.0,0.9476771897992876
2553.0,2.1156595057699437
2554.0,0.5666380180564815
2555.0,-1.655960076295989
2556.0,-1.7794677114576194
2557.0,0.5267420376333692
2558.0,2.2088384633135414
2559.0,1.0785249606758756
2560.0,-1.5918530768431969
2561.0,-2.3447296246658893
2562.0,-0.13828744938518897
2563.0,2.168210685613866
2564.0,1.5343783969735465
2565.0,-1.0159878872847914
2566.0,-2.2653953087161205
2567.0,-0.5109346382023657
2568.0,1.8783999405841751
2569.0,1.9150416950353923
2570.0,-0.27058099947005493
2571.0,-1.9883849153887239
2572.0,-1.3156168552132683
2573.0,0.9525867133521413
2574.0,2.158520055538558
2575.0,0.6559023736251665
2576.0,-1.5168071668591439
2577.0,-1.6490860750561624
2578.0,0.285036111558619
2579.0,1.7438400449877252
2580.0,1.1114230217444228
2581.0,-1.0133215192483
2582.0,-1.5992409855519216
2583.0,-0.12833088785118768
2584.0,1.618515427659905
2585.0,1.197309945407965
2586.0,-0.7380449623062116
2587.0,-1.680790675085265
2588.0,-0.403457688419809
2589.0,1.233798690723434
2590.0,1.2102941247843877
2591.0,-0.1857198036868559
2592.0,-1.1733015078653097
2593.0,-0.6631441020668263
2594.0,0.7480830273086622
2595.0,1.0027625359387868
2596.0,-0.022413833629067556
2597.0,-0.8855646819186865
2598.0,-0.5875510853221833
2599.0,0.44676119857568397
2600.0,0.8006560869147862
2601.0,0.07688582724870577
2602.0,-0.7763023095513206
2603.0,-0.6296597584042471
2604.0,0.19732634048845807
2605.0,0.7653155235586843
2606.0,0.4518956293263079
2607.0,-0.2959698500041622
2608.0,-0.574890408238577
2609.0,-0.08344302732583492
2610.0,0.33188609891610993
2611.0,0.33172213908907056
2612.0,0.03061828940182773
2613.0,-0.3141767187145198
2614.0,-0.1948035084390029
2615.0,0.04461541380359474
2616.0,0.12639429994111995
2617.0,0.04010028163155966
2618.0,0.1440113333656028
2619.0,-0.01784984459582168
2620.0,-0.09347215622541735
2621.0,-0.06625609760283456
2622.0,0.18831018733411486
2623.0,0.19998003293413388
2624.0,-0.029719844609388632
2625.0,-0.11665145615025664
2626.0,-0.03910862833839755
2627.0,-0.025799441737077038
2628.0,0.08498431941234012
2629.0,0.15033195857291104
2630.0,0.1283239690554198
2631.0,0.08966945688301721
2632.0,-0.2197467870816052
2633.0,-0.27252997908432125
2634.0,0.0696806304872659
2635.0,0.3047797231062967
2636.0,0.23971528238761422
2637.0,-0.24230417368388932
2638.0,-0.45166850971521283
2639.0,0.1938838912273173
2640.0,0.6236679271307428
2641.0,0.21291306029744814
2642.0,-0.5895158439997409
2643.0,-0.887523677742953
2644.0,-0.03859350220895967
2645.0,0.9193514514669361
2646.0,0.6090416797217879
2647.0,-0.6309121071148942
2648.0,-1.093225319635651
2649.0,-0.3485589704600513
2650.0,0.8679111496877013
2651.0,0.8441673056956323
2652.0,-0.370885399829643
2653.0,-1.0062910692304203
2654.0,-0.1777138150048783
2655.0,0.8778512325146601
2656.0,0.8181816050679067
2657.0,-0.3585760013932188
2658.0,-1.0321279827475769
2659.0,-0.5438280970533059
2660.0,0.5351377321638611
2661.0,0.9175588499603835
2662.0,0.08508702885865778
2663.0,-0.8131496532499534
2664.0,-0.9382769786979214
2665.0,0.10912269304318854
2666.0,1.0361724363639997
2667.0,0.8753703832020764
2668.0,-0.4841279506152884
2669.0,-1.1334521521471792
2670.0,-0.21275640001307222
2671.0,0.6790762652908364
2672.0,0.8570803368418537
2673.0,0.06870909102865994
2674.0,-0.8131738483627055
2675.0,-0.6409952277785873
2676.0,0.3452191566670204
2677.0,1.1724842048202966
2678.0,0.39333967461151975
2679.0,-0.8781509671057526
2680.0,-0.87966468640098
2681.0,0.1028794579865739
2682.0,1.00619285666616
2683.0,0.5694775068653674
2684.0,-0.7159759314350639
2685.0,-1.0454021177308017
2686.0,-0.09769306696718122
2687.0,0.9900695838554926
2688.0,0.6958632343799985
2689.0,-0.4195576213760653
2690.0,-1.2573221688091356
2691.0,-0.41072415247061883
2692.0,0.8897754147876559
2693.0,0.9656033363029466
2694.0,-0.20848654036331007
2695.0,-1.2756148803792309
2696.0,-0.7302942408646054
2697.0,0.704029498398166
2698.0,1.2104853167919651
2699.0,0.4354875962486514
2700.0,-0.7155101442998812
2701.0,-1.0856620775016859
2702.0,0.033750134073451205
2703.0,1.1021662510688268
2704.0,0.5953432833881511
2705.0,-0.8781876372888451
2706.0,-1.1012266133114335
2707.0,0.020673395738590016
2708.0,1.3345710685245418
2709.0,1.0089124007741566
2710.0,-0.6522278806943052
2711.0,-1.3127601278830545
2712.0,-0.3632503877530516
2713.0,0.9962867803215938
2714.0,1.1777247768364847
2715.0,0.002619428841636204
2716.0,-1.1943504849472981
2717.0,-0.9069110781577259
2718.0,0.5136934672096727
2719.0,1.2989347400129518
2720.0,0.3431782092258294
2721.0,-1.0253889926925444
2722.0,-1.1499594188820135
2723.0,0.16246369895072613
2724.0,1.1231097062901598
2725.0,0.6447533225649374
2726.0,-0.748095223059472
2727.0,-1.0947362505143958
2728.0,-0.1360148189227026
2729.0,0.8732198440424097
2730.0,0.4422509899504409
2731.0,-0.37873006316182417
2732.0,-0.7659268350697602
2733.0,-0.02119983696073688
2734.0,0.5549149148947513
2735.0,0.14489105234023872
2736.0,-0.36687249702112557
2737.0,-0.5589512233842038
2738.0,-0.07011236225264161
2739.0,0.30258167625939436
2740.0,0.3942061655675683
2741.0,-0.09132685966113813
2742.0,-0.2867725881421163
2743.0,-0.10359121514357163
2744.0,0.33778988747077854
2745.0,0.1363462011276155
2746.0,-0.20683033223799283
2747.0,-0.24856191866408306
2748.0,0.09358299593582158
2749.0,0.10698285910883867
2750.0,0.09049412872979994
2751.0,0.13851393583420768
2752.0,-0.24503823291797183
2753.0,-0.176557016798458
2754.0,-0.0400376351341723
2755.0,-0.10395959407402162
2756.0,-0.2313211168600989
2757.0,-0.09409552480628573
2758.0,0.052328852209293356
2759.0,-0.19582714935188494
2760.0,-0.22906206853030198
2761.0,-0.12816191879652788
2762.0,-0.03609772294603301
2763.0,0.05525600980500861
2764.0,-0.0004983415865853144
2765.0,0.10866567617303786
2766.0,0.1121449053860352
2767.0,-0.003479116558169006
2768.0,-0.01609576474894961
2769.0,-0.14573974580980864
2770.0,0.13415850795830492
2771.0,0.14839704135900417
2772.0,-0.10716934096413912
2773.0,-0.07139609128573352
2774.0,-0.3541547241867423
2775.0,-0.11744417661801734
2776.0,0.24573348136800494
2777.0,0.3897048087224012
2778.0,0.14899059693909686
2779.0,-0.3127864096588036
2780.0,-0.3752887675635693
2781.0,-0.29147663908107674
2782.0,0.33273909393882556
2783.0,0.4008525730904384
2784.0,-0.023299371628077048
2785.0,-0.3992130461992597
2786.0,-0.26893536818633085
2787.0,0.24009562486848504
2788.0,0.5982149618081981
2789.0,0.18406389082534327
2790.0,-0.6244671795459422
2791.0,-0.5352841794921349
2792.0,-0.02016801659835156
2793.0,0.565767246667059
2794.0,0.49876280612433554
2795.0,-0.335930351236969
2796.0,-0.886210098243892
2797.0,-0.28975705123671724
2798.0,0.6690895219592208
2799.0,0.75307771603447
2800.0,-0.17572200999953022
2801.0,-1.154929536952847
2802.0,-0.6133284928325714
2803.0,0.5211946286215537
2804.0,0.9490488725356716
2805.0,0.041807209260940816
2806.0,-0.9816590733275191
2807.0,-0.6412940644261714
2808.0,0.44215297465594905
2809.0,1.101533977396119
2810.0,0.2794605714446089
2811.0,-0.8560129610359779
2812.0,-0.7489611601956095
2813.0,0.3054008825567452
2814.0,0.8550150671948795
2815.0,0.45657342867269457
2816.0,-0.4747138689390529
2817.0,-0.8967146993324027
2818.0,-0.019756066977383274
2819.0,0.7367884413870179
2820.0,0.7352822374617409
2821.0,-0.11740897917311045
2822.0,-0.9250209663223615
2823.0,-0.34871000127628027
2824.0,0.49947701799274813
2825.0,0.4591727257758524
2826.0,-0.1627144943392553
2827.0,-0.46029650235761116
2828.0,-0.14553457960361832
2829.0,0.43455844966888685
2830.0,0.16698262220504834
2831.0,-0.13927327924217
2832.0,-0.24042422476727462
2833.0,-0.2402945299305137
2834.0,0.03083944139956479
2835.0,0.11661140447862495
2836.0,0.0828498290762622
2837.0,-0.08169036837428732
2838.0,-0.33875366201466967
2839.0,-0.3126623127349571
2840.0,0.10061495509878585
2841.0,0.5771642370963949
2842.0,0.34551854922112296
2843.0,-0.4441997610207133
2844.0,-0.41212840528746203
2845.0,-0.018270117727773268
2846.0,0.5831193864252803
2847.0,0.30181133952206984
2848.0,-0.5194478671575203
2849.0,-0.784914448667585
2850.0,0.08986745663829043
2851.0,0.9236613732508727
2852.0,0.7601305089814505
2853.0,-0.4180816519041568
2854.0,-1.1853487631987645
2855.0,-0.3197167251852188
2856.0,0.7545336463054579
2857.0,0.9223860804401508
2858.0,-0.21713437756047907
2859.0,-0.8918675633041401
2860.0,-0.36587627686878593
2861.0,0.4871289318555733
2862.0,0.6543390066008369
2863.0,0.06668152155411844
2864.0,-0.6177992875501638
2865.0,-0.6989666488214278
2866.0,0.17837969208536494
2867.0,0.7754750239428544
2868.0,0.24563164878034485
2869.0,-0.44017217040423096
2870.0,-0.8385043398991565
2871.0,-0.3466802448032166
2872.0,0.5710645480384394
2873.0,0.6276561737391175
2874.0,-0.12098976164743847
2875.0,-0.8616257048236556
2876.0,-0.7457503664717811
2877.0,0.43683786510404465
2878.0,1.0889635743811081
2879.0,0.4281258783122738
2880.0,-0.6334420835779361
2881.0,-0.8607290516145166
2882.0,0.19367279689810657
2883.0,0.9560138729420019
2884.0,0.24970726678779448
2885.0,-0.8420932862910573
2886.0,-0.8280649378253272
2887.0,0.3636130787058344
2888.0,1.1570899515396045
2889.0,0.5252966962872054
2890.0,-0.7438782447625754
2891.0,-1.056473750959078
2892.0,-0.15154071103924388
2893.0,1.0072378024696191
2894.0,0.7124582245616696
2895.0,-0.5435236810946674
2896.0,-0.9955689545192166
2897.0,-0.1695883950626725
2898.0,0.9700991841192401
2899.0,0.8629575318393051
2900.0,-0.4541118952235663
2901.0,-0.9753970073644209
2902.0,-0.07843995766464451
2903.0,1.019270019056483
2904.0,0.8408333188458891
2905.0,-0.5330560546717013
2906.0,-1.3523545707387108
2907.0,-0.4497549494382436
2908.0,1.1573674191032812
2909.0,1.3664573665904278
2910.0,-0.048612731298622286
2911.0,-1.3619004808484312
2912.0,-0.7460702975991583
2913.0,0.7638821613544027
2914.0,1.2402262278339913
2915.0,0.06953618201047639
2916.0,-1.3353837225173717
2917.0,-1.073322274496988
2918.0,0.6920539128801827
2919.0,1.5760677321150443
2920.0,0.4650972432164283
2921.0,-1.2059515987151326
2922.0,-1.1248257261135024
2923.0,0.20092162053539417
2924.0,1.237306231821918
2925.0,0.7359868982008441
2926.0,-0.8530602659448108
2927.0,-1.2647348696343488
2928.0,0.08340538509166907
2929.0,1.5703802853262414
2930.0,0.8969922779876002
2931.0,-0.8814598349387656
2932.0,-1.715245662087159
2933.0,-0.49064686998548773
2934.0,1.7334280489226157
2935.0,1.618961220286764
2936.0,-0.5029644218250154
2937.0,-1.8593827794490208
2938.0,-0.7290649042162647
2939.0,1.100963107183109
2940.0,1.5747164639751632
2941.0,-0.09648442573827659
2942.0,-1.5645434949618489
2943.0,-1.0936972412383952
2944.0,0.7310725338309956
2945.0,1.5716092563272677
2946.0,0.7322504431713
2947.0,-0.9763645417307404
2948.0,-1.2932208215647658
2949.0,-0.03571635932103989
2950.0,1.4027086069785137
2951.0,1.1226097728862163
2952.0,-0.603701101297132
2953.0,-1.4842189813163553
2954.0,-0.7020389073077781
2955.0,0.9099415025477947
2956.0,1.541383438582962
2957.0,0.027948718800438376
2958.0,-1.4705328230009003
2959.0,-1.248785995147491
2960.0,0.5825624477580517
2961.0,1.7993668355224293
2962.0,0.7280160316727012
2963.0,-1.2834496698959652
2964.0,-1.6488609141994508
2965.0,-0.0581044053900543
2966.0,1.572858291876269
2967.0,1.1545047755158016
2968.0,-0.8727984038492598
2969.0,-1.6701323527003002
2970.0,-0.372644638463169
2971.0,1.560432938941087
2972.0,1.2939116660814078
2973.0,-0.4212320104047166
2974.0,-1.5304451957353724
2975.0,-0.41552797680832154
2976.0,1.161661883993313
2977.0,1.3369122117797543
2978.0,-0.1001679575729383
2979.0,-1.3919777472476407
2980.0,-1.1055559410293188
2981.0,0.5351916410865143
2982.0,1.4061789669748048
2983.0,0.46236635169868867
2984.0,-1.0117846944571989
2985.0,-1.447987791009233
2986.0,-0.10861726305973156
2987.0,1.346848007382424
2988.0,1.1682037291630138
2989.0,-0.3196650706715276
2990.0,-1.381323919062348
2991.0,-0.3616779176402942
2992.0,1.048389682893008
2993.0,1.1725579988678476
2994.0,-0.20228829960040634
2995.0,-1.3880192499177109
2996.0,-0.7444012341635374
2997.0,0.786704604239537
2998.0,1.5173168576845204
2999.0,0.17444043922363164
3000.0,-1.3602736988889785
3001.0,-1.330119177983486
3002.0,0.23205336277159502
3003.0,1.4384025649145247
3004.0,0.906282535235693
3005.0,-1.0387641405523094
3006.0,-1.809437698880443
3007.0,-0.12943727191665605
3008.0,2.0731675572299015
3009.0,1.6427658131867384
3010.0,-0.7027316594265874
3011.0,-2.3023667395912835
3012.0,-1.0704286056746195
3013.0,1.4792030668027774
3014.0,2.330012573370015
3015.0,0.1726477063570464
3016.0,-2.3087435419703692
3017.0,-1.897518363588939
3018.0,0.6504772379954193
3019.0,2.4703214312196256
3020.0,1.0524759063015297
3021.0,-1.6293108702097243
3022.0,-2.2224603554259303
3023.0,-0.0948834061881473
3024.0,2.3191280898590287
3025.0,1.8130594821837185
3026.0,-0.8866881750406559
3027.0,-2.401449037955508
3028.0,-0.8955921207050743
3029.0,1.4982373504286794
3030.0,2.1746243425939262
3031.0,-7.322451117362143e-05
3032.0,-2.3339536288917397
3033.0,-1.5555835427797027
3034.0,1.2723979669526673
3035.0,2.7019583642989438
3036.0,0.7839083435917754
3037.0,-1.874065568601285
3038.0,-2.027022102011165
3039.0,0.2817680670656048
3040.0,2.3589827964051358
3041.0,1.573767612948436
3042.0,-1.437711510274458
3043.0,-2.9315595733684203
3044.0,-0.5803547926879505
3045.0,2.5645082958526197
3046.0,2.209437155791243
3047.0,-0.9455669896645911
3048.0,-3.0136660721591086
3049.0,-1.4679655756638703
3050.0,1.9965374531763453
3051.0,3.0244716344900633
3052.0,0.25486944954490187
3053.0,-2.7793106411707895
3054.0,-2.1020546645130005
3055.0,1.0937276078327767
3056.0,2.670027488119862
3057.0,0.9875617596754971
3058.0,-1.6493709072344647
3059.0,-2.191825342408123
3060.0,0.18329625139656236
3061.0,2.237590445113016
3062.0,1.585399029518778
3063.0,-0.9946394950054929
3064.0,-2.352661709260171
3065.0,-0.5171969769895295
3066.0,1.7373101484994615
3067.0,2.1385230037576104
3068.0,0.06928777048172523
3069.0,-2.1984042970753497
3070.0,-1.408007281261512
3071.0,1.2636397057728546
3072.0,2.181888930574394
3073.0,0.32580381791911456
3074.0,-1.9207584981845256
3075.0,-1.7733132609380957
3076.0,0.634130127183492
3077.0,2.14587845521177
3078.0,1.003381994877337
3079.0,-1.4225235979024353
3080.0,-2.1903380277074285
3081.0,-0.09449743894930593
3082.0,2.145450696725753
3083.0,1.6388692427776246
3084.0,-1.1029665226631369
3085.0,-2.674036623296554
3086.0,-1.1912648222128663
3087.0,1.9863030144113578
3088.0,2.7975315853820373
3089.0,0.08821906968165778
3090.0,-2.8859701445118
3091.0,-2.3596941639546176
3092.0,0.9400334693078637
3093.0,2.9414507706397583
3094.0,1.3491868852224582
3095.0,-1.876312143387323
3096.0,-2.7012856791117374
3097.0,-0.11934731057993837
3098.0,2.7638239972782412
3099.0,2.5092772431716246
3100.0,-0.8798568221818963
3101.0,-3.1538141524100114
3102.0,-1.3515299249895798
3103.0,2.2246637968843657
3104.0,2.899343613080551
3105.0,-0.17160358918675875
3106.0,-2.7827661075073395
3107.0,-1.8445740711010221
3108.0,1.543806899487943
3109.0,3.1511479385765244
3110.0,0.6204589916760244
3111.0,-2.4480868144192147
3112.0,-2.441567676292086
3113.0,0.7450460563359574
3114.0,2.839578690454212
3115.0,1.4077776582210533
3116.0,-1.5984968403522888
3117.0,-2.736397641848806
3118.0,-0.3691371159237774
3119.0,2.322171849767855
3120.0,2.1314814523118413
3121.0,-0.5463620237077583
3122.0,-2.4657264415756956
3123.0,-1.455608888911216
3124.0,1.6112078593752037
3125.0,2.694191824325101
3126.0,0.5642233689140077
3127.0,-2.3802846349474316
3128.0,-2.2593630974678933
3129.0,0.7469499702198632
3130.0,2.8201224153867965
3131.0,1.2654116920225889
3132.0,-1.9457884753890624
3133.0,-2.5492931058975348
3134.0,0.2005410684334771
3135.0,2.549727815631509
3136.0,1.8493509270312523
3137.0,-1.2875319103888994
3138.0,-2.7537940460495602
3139.0,-0.9070790487891918
3140.0,1.950282779757797
3141.0,2.3636719781670417
3142.0,-0.33361820720692426
3143.0,-2.772231207443144
3144.0,-1.7780240103791929
3145.0,1.2216655285599245
3146.0,2.7494146767815915
3147.0,0.7433441137864255
3148.0,-2.1753384349730327
3149.0,-2.32168444911528
3150.0,0.3454164249858818
3151.0,2.4623978532086213
3152.0,1.2424475268836945
3153.0,-1.6643691616796357
3154.0,-2.6307627629130805
3155.0,-0.39339493903349854
3156.0,2.3699903252081924
3157.0,2.295147554132291
3158.0,-0.9937672407055721
3159.0,-3.034585832209259
3160.0,-1.0095695105477729
3161.0,2.2807872594302707
3162.0,2.803441590408889
3163.0,-0.3216943158499878
3164.0,-3.124807535096581
3165.0,-1.8369959407130287
3166.0,1.6576645807019743
3167.0,2.8871647515045082
3168.0,0.5396453755840143
3169.0,-2.249436071544979
3170.0,-2.1321005248392257
3171.0,0.8135903200026515
3172.0,2.5351600756368136
3173.0,0.8981374809633503
3174.0,-1.8949409103897974
3175.0,-2.4465972907828677
3176.0,0.2678858406961454
3177.0,2.6215760815685236
3178.0,1.6717780810478755
3179.0,-1.1998187960273163
3180.0,-2.539154443323199
3181.0,-0.7686216695347295
3182.0,1.9221802683861706
3183.0,1.8925939724001537
3184.0,-0.3619538962977452
3185.0,-2.223955881961128
3186.0,-1.285745333375696
3187.0,1.3374598876142183
3188.0,2.447441285979418
3189.0,0.6077476410853915
3190.0,-2.102153278531718
3191.0,-2.3071338545553264
3192.0,0.2842425553994294
3193.0,2.3831643217744656
3194.0,1.3975107818284997
3195.0,-1.1919265989269445
3196.0,-2.153907515287462
3197.0,-0.5138710193061903
3198.0,1.608072838055545
3199.0,1.7152358653616409
3200.0,-0.20688552972649688
3201.0,-2.062625911421347
3202.0,-1.5412536269609902
3203.0,0.7162286837155415
3204.0,1.9237358049562179
3205.0,0.7337231281364767
3206.0,-1.3520821396927853
3207.0,-1.7339733825651302
3208.0,-0.010159255960359492
3209.0,1.8644954840884462
3210.0,1.4722730273213256
3211.0,-0.8819506367962748
3212.0,-2.0202250683053222
3213.0,-0.45254415652035507
3214.0,1.845203904302717
3215.0,1.6298770060852603
3216.0,-0.6749791179333535
3217.0,-2.2245127726772718
3218.0,-0.7576723838112538
3219.0,1.604325358058969
3220.0,1.9435919021008785
3221.0,-0.17612571389681736
3222.0,-1.9516137682211456
3223.0,-1.4950830382480833
3224.0,0.9747295311531176
3225.0,2.21095409379609
3226.0,0.771385866034282
3227.0,-1.8675830150378179
3228.0,-2.204780213792495
3229.0,0.33791371741430026
3230.0,2.4933184346310964
3231.0,1.4972633204141583
3232.0,-1.4675455235187538
3233.0,-2.6468447923793046
3234.0,-0.4546018830136266
3235.0,2.4502713197601222
3236.0,2.107270882994009
3237.0,-0.8647334426707481
3238.0,-2.669798419722581
3239.0,-1.0208935546607567
3240.0,1.8060533711148894
3241.0,2.3403493914376203
3242.0,-0.19843621056935062
3243.0,-2.344746800820679
3244.0,-1.4842147624531865
3245.0,1.3243431526351872
3246.0,2.4279120150083258
3247.0,0.35111707958376215
3248.0,-2.3841908851830818
3249.0,-2.2186274016507213
3250.0,0.9254024274923567
3251.0,2.9725239641362315
3252.0,1.300095868549217
3253.0,-2.135916855444768
3254.0,-2.8486961308981624
3255.0,0.19884230597113772
3256.0,2.9758854356388498
3257.0,1.9759398293666295
3258.0,-1.2692458206317703
3259.0,-2.859183032706213
3260.0,-0.9444894837276469
3261.0,2.00975873165367
3262.0,2.3063089937280754
3263.0,-0.44655763363302586
3264.0,-2.698601796430409
3265.0,-1.6420707657003215
3266.0,1.6016209454581969
3267.0,2.7984102321437976
3268.0,0.7054993779800083
3269.0,-2.3539881536104805
3270.0,-2.5982347085990076
3271.0,0.7776466462314094
3272.0,3.2860331692152527
3273.0,1.4824098552226932
3274.0,-1.9941691511160091
3275.0,-3.0536409839419156
3276.0,-0.5352176076281255
3277.0,2.6201977968560053
3278.0,2.3101824312507717
3279.0,-0.8065914077445716
3280.0,-2.920463484487054
3281.0,-1.150006360884671
3282.0,2.081324136089133
3283.0,2.7486240365407917
3284.0,-0.1115758538227204
3285.0,-2.72944685605036
3286.0,-2.010879261720185
3287.0,1.337630839861827
3288.0,3.0041188165707653
3289.0,0.9112529876971147
3290.0,-2.4314671020189524
3291.0,-2.945230944227203
3292.0,0.20107235351660813
3293.0,3.3038154141907374
3294.0,2.2996206944047595
3295.0,-1.349702737258584
3296.0,-3.294254314014818
3297.0,-0.8340278400545494
3298.0,2.5493249711698045
3299.0,2.4287521983435325
3300.0,-0.8680915989322043
3301.0,-3.038553842927946
3302.0,-1.475060967312729
3303.0,1.9445551264445247
3304.0,3.0087513458947845
3305.0,0.3427401436597327
3306.0,-2.6377080365901806
3307.0,-2.4025622814349776
3308.0,0.7107496616961545
3309.0,3.036243535659275
3310.0,1.4951101692295596
3311.0,-2.096224142247653
3312.0,-2.8697804613323874
3313.0,0.025209348401300895
3314.0,2.651470118598389
3315.0,2.0886769905076097
3316.0,-0.9746765887433929
3317.0,-2.645536260383881
3318.0,-0.9268154259159536
3319.0,2.172848207298107
3320.0,2.5243759223896953
3321.0,-0.10859157145223862
3322.0,-2.6061078616379523
3323.0,-2.034303889116009
3324.0,1.3056781913579287
3325.0,3.0433660478631697
3326.0,1.0232617053822224
3327.0,-2.2210563971644026
3328.0,-2.6833444626182192
3329.0,0.1557111993752644
3330.0,2.731101071268383
3331.0,1.9972953433499159
3332.0,-1.0955856700058095
3333.0,-2.622750908801186
3334.0,-1.0543954291604647
3335.0,1.9454035719611305
3336.0,2.4301924324773414
3337.0,-0.1696712757851653
3338.0,-2.611328381398491
3339.0,-1.8479688284297737
3340.0,1.2293681777544772
3341.0,2.526936007635274
3342.0,0.32201645519349825
3343.0,-2.2175042847662967
3344.0,-1.844194403622889
3345.0,0.8154552072688372
3346.0,2.350017240209617
3347.0,1.0191123977067524
3348.0,-1.7109135469829067
3349.0,-2.184393690139235
3350.0,0.09960061146454414
3351.0,2.067308866098288
3352.0,1.361180700235666
3353.0,-0.9505526381140748
3354.0,-1.9624671916755905
3355.0,-0.5317514729669833
3356.0,1.3543821787134163
3357.0,1.7302771345676882
3358.0,-0.29452242219262614
3359.0,-1.9729099247261035
3360.0,-1.157027806919763
3361.0,1.0695067535990395
3362.0,1.93626933203739
3363.0,0.2757214619751206
3364.0,-1.5422118652306585
3365.0,-1.5836880217047955
3366.0,0.35378580963063205
3367.0,1.9048904029678368
3368.0,1.2045683421360425
3369.0,-1.2248278806672008
3370.0,-2.0997900326844325
3371.0,-0.22610605935202183
3372.0,1.7866264369571354
3373.0,1.619525014612579
3374.0,-0.4769323715636101
3375.0,-2.0444123774635417
3376.0,-0.6367662936446792
3377.0,1.367700024536494
3378.0,1.7334412317750132
3379.0,-0.10513054341830208
3380.0,-1.743008677643511
3381.0,-1.1677042235551196
3382.0,1.1562033196335983
3383.0,1.7318854212056671
3384.0,-0.03640112382422291
3385.0,-1.6983680371838634
3386.0,-1.2575454108266446
3387.0,0.8608587832413548
3388.0,1.8500901904582594
3389.0,0.260161663012273
3390.0,-1.5309909188002095
3391.0,-1.3940400122543166
3392.0,0.5043194611148255
3393.0,1.611152462886747
3394.0,0.730330579185863
3395.0,-0.9268818055058091
3396.0,-1.3650012196877914
3397.0,0.0412267911120412
3398.0,1.373191264568068
3399.0,0.9279145856184616
3400.0,-0.7049133283543413
3401.0,-1.5293340059373346
3402.0,-0.6528051918522846
3403.0,0.8500762267007423
3404.0,1.3453573526054767
3405.0,0.19513889378371557
3406.0,-1.3317249339725474
3407.0,-1.0562831912876167
3408.0,0.8249161577649206
3409.0,1.7739492316388674
3410.0,0.5851043037596416
3411.0,-1.394435239452286
3412.0,-1.6356560209434576
3413.0,0.13244737849215452
3414.0,1.8031607006477568
3415.0,1.1777293711668673
3416.0,-0.8670056924320263
3417.0,-1.6837079127430903
3418.0,-0.3759656968006657
3419.0,1.3451564224067907
3420.0,1.5371323494696896
3421.0,-0.14523343328746136
3422.0,-1.5233919402284095
3423.0,-1.1183106636099769
3424.0,0.6550437597389233
3425.0,1.6049708901648927
3426.0,0.6682228781517915
3427.0,-1.0585724036805768
3428.0,-1.4910465342070907
3429.0,-0.07550841822597189
3430.0,1.3051215546126302
3431.0,0.8412834659542227
3432.0,-0.6924882205424315
3433.0,-1.280792760051756
3434.0,-0.2117310510345874
3435.0,1.2262873259792093
3436.0,0.9965036424915835
3437.0,-0.6323063593470961
3438.0,-1.3494208987928906
3439.0,-0.3231067134401978
3440.0,1.1060091296441212
3441.0,1.1266541910461723
3442.0,-0.5434252458228498
3443.0,-1.6960373164476148
3444.0,-1.075400054685332
3445.0,0.8108994849697383
3446.0,1.5908558398922923
3447.0,0.3810494580418284
3448.0,-1.2627265333509485
3449.0,-1.3437338187649692
3450.0,0.10613617758341877
3451.0,1.6875660198872053
3452.0,0.9714169944508378
3453.0,-1.0091878391901588
3454.0,-1.9049035717301894
3455.0,-0.6133142726468639
3456.0,1.4316065661429374
3457.0,1.7252029642655977
3458.0,-0.04199576482844751
3459.0,-1.8761848506802963
3460.0,-1.307516342180043
3461.0,0.9064526363949315
3462.0,1.7529038928090244
3463.0,0.5212656910219721
3464.0,-1.337919524351683
3465.0,-1.576068343241172
3466.0,0.10866665683004902
3467.0,1.7258893031365241
3468.0,1.4176846193377095
3469.0,-0.7160792746991667
3470.0,-1.968642542471203
3471.0,-0.798767269176856
3472.0,1.1469669718843511
3473.0,1.4695002281981744
3474.0,-0.14478125406735
3475.0,-1.5090844064810087
3476.0,-0.9234895224301698
3477.0,0.9455532749466816
3478.0,1.8422426499121725
3479.0,0.38897176737340505
3480.0,-1.4795950921649763
3481.0,-1.607199563226564
3482.0,0.4191763488215288
3483.0,1.9831646501299272
3484.0,1.1526597444287174
3485.0,-0.8398502658228433
3486.0,-1.803658190980929
3487.0,-0.4342953462712773
3488.0,1.4010022684791168
3489.0,1.534736997619662
3490.0,-0.1808428538907133
3491.0,-1.6591896522992493
3492.0,-1.0312388027444472
3493.0,0.7571949340614499
3494.0,1.7397129128132824
3495.0,0.22098964211752353
3496.0,-1.4818907260004737
3497.0,-1.439621043833739
3498.0,0.5174293697696081
3499.0,1.7672717946677388
3500.0,0.7671516805352457
3501.0,-1.3279315096274493
3502.0,-1.8922036487281697
3503.0,-0.042109244943397454
3504.0,1.668599221740232
3505.0,1.146337776902774
3506.0,-0.7745867306945933
3507.0,-1.8249073715803652
3508.0,-0.6728629889329208
3509.0,1.120324867936808
3510.0,1.5135748198685903
3511.0,0.02453184393145468
3512.0,-1.595956650330182
3513.0,-1.2009066900304592
3514.0,0.6832489678190744
3515.0,1.7066531538576024
3516.0,0.5780989575502508
3517.0,-1.2703688093162087
3518.0,-1.699747845197073
3519.0,0.1893837377204005
3520.0,1.7515284167576564
3521.0,1.2304393642743277
3522.0,-1.0501253384751421
3523.0,-1.8994866081958317
3524.0,-0.18734810046360048
3525.0,1.6331570142992076
3526.0,1.307015193412087
3527.0,-0.6055872017432383
3528.0,-1.8185627542479657
3529.0,-0.6765138645061785
3530.0,1.3744734295465297
3531.0,1.6832898453004916
3532.0,0.07838061911250453
3533.0,-1.7457431025844097
3534.0,-1.36616637912935
3535.0,0.6936068738518263
3536.0,2.156750467871581
3537.0,0.7646343335953624
3538.0,-1.5899061707775857
3539.0,-1.8053494676733246
3540.0,0.31963226578500087
3541.0,1.926439078121041
3542.0,1.1637646142461897
3543.0,-1.2545136268029675
3544.0,-1.9335850072843803
3545.0,-0.06783500143503134
3546.0,1.7630910383684932
3547.0,1.5322297057345369
3548.0,-0.6734073399338992
3549.0,-2.118878924663482
3550.0,-1.115807949280918
3551.0,1.1476161799038886
3552.0,2.0130000530860768
3553.0,0.40696530581963614
3554.0,-1.786802582536426
3555.0,-1.5583902945406898
3556.0,0.6776251935655634
3557.0,1.8635904332730056
3558.0,0.8075537671649606
3559.0,-1.4270521636097049
3560.0,-1.8226776914736387
3561.0,-0.20933227956473943
3562.0,1.6486978027486483
3563.0,1.5627944707625558
3564.0,-0.4516674422876838
3565.0,-1.761276979189476
3566.0,-0.7866719673938057
3567.0,1.1112258627393192
3568.0,1.8013251893721707
3569.0,0.12619266015408742
3570.0,-1.577065859780778
3571.0,-1.1467794945118188
3572.0,0.7157351433682578
3573.0,1.4628437070931188
3574.0,0.5715198574866259
3575.0,-0.9867746881606798
3576.0,-1.309988212245818
3577.0,0.033202887364772546
3578.0,1.2556043294335881
3579.0,0.851929459367926
3580.0,-0.6259048978066247
3581.0,-1.1683460359561237
3582.0,-0.2924758970001278
3583.0,1.1791187072814382
3584.0,1.1689958269313092
3585.0,-0.4128015917265442
3586.0,-1.5949339421326385
3587.0,-0.791272640930655
3588.0,0.8082334162642101
3589.0,1.471817871040548
3590.0,0.5514039249660634
3591.0,-1.1080762711844958
3592.0,-1.4436210669088816
3593.0,-0.11874794798265736
3594.0,1.2755560979838656
3595.0,1.1619273395837355
3596.0,-0.1967440994378728
3597.0,-1.210322931141828
3598.0,-0.7570444914670473
3599.0,0.768096118237086
3600.0,1.2243998602880233
3601.0,0.07853255269484
3602.0,-1.2365917114083234
3603.0,-1.0591501304806326
3604.0,0.25593202652275526
3605.0,1.2228835335808363
3606.0,0.561766809672959
3607.0,-0.916210223757862
3608.0,-1.2213241924837537
3609.0,0.06522074114194709
3610.0,1.4064908661714832
3611.0,0.7900987149335365
3612.0,-0.8321094904171927
3613.0,-1.4644403388135179
3614.0,-0.3394904936302283
3615.0,1.3654476695078113
3616.0,1.1488375545912748
3617.0,-0.2618702783876159
3618.0,-1.3398321434960174
3619.0,-0.5927961974293234
3620.0,0.8423486519585046
3621.0,1.1546450947304252
3622.0,0.015075453925656202
3623.0,-1.0441122498359243
3624.0,-0.71000345048447
3625.0,0.5473321056395724
3626.0,1.007879169557991
3627.0,0.2311016469044541
3628.0,-0.609825479190845
3629.0,-0.7925390539498499
3630.0,-0.06048500655815581
3631.0,0.5321777330110468
3632.0,0.46864176885385683
3633.0,-0.22560031045972395
3634.0,-0.5186513266493797
3635.0,-0.2473972826373647
3636.0,0.4386284348860893
3637.0,0.5711318371553351
3638.0,0.11715654095148317
3639.0,-0.3840022047166841
3640.0,-0.30931783850555034
3641.0,0.3712131892089273
3642.0,0.4699875460993165
3643.0,0.032104541477987664
3644.0,-0.4895609578808896
3645.0,-0.7682096258265377
3646.0,0.010937984566209822
3647.0,0.6814120772636458
3648.0,0.48224879158965844
3649.0,-0.10436314791356793
3650.0,-0.7392656986890237
3651.0,-0.46707718451087676
3652.0,0.36253038170306273
3653.0,0.8442043059241965
3654.0,0.365421249886144
3655.0,-0.9188471288295615
3656.0,-1.0233281579490523
3657.0,0.04746215355611485
3658.0,0.8606993014693838
3659.0,0.64705873948173
3660.0,-0.45954980999305695
3661.0,-0.9211555594068268
3662.0,-0.2133635827024396
3663.0,0.6093013079645232
3664.0,0.6231978731384687
3665.0,-0.19530085755889467
3666.0,-0.7443912892716256
3667.0,-0.5448409736012562
3668.0,0.36689043438036034
3669.0,0.7895652567199228
3670.0,0.32310809656509853
3671.0,-0.34190054250437396
3672.0,-0.48926178179677643
3673.0,0.028144007142818398
3674.0,0.3971934127360144
3675.0,0.30585958517153694
3676.0,-0.39833619068106224
3677.0,-0.5739387131313832
3678.0,-0.3494890306442315
3679.0,0.2592119002431191
3680.0,0.48142111469130827
3681.0,0.04912053092750257
3682.0,-0.32248532470588875
3683.0,-0.2187155258444345
3684.0,0.2910817350105372
3685.0,0.40530925023154524
3686.0,-0.05580955839992812
3687.0,-0.4722712753776225
3688.0,-0.23810708133576203
3689.0,0.41299438592157905
3690.0,0.5614758659816447
3691.0,-0.004923159962445019
3692.0,-0.5437936188377859
3693.0,-0.3486353834079658
3694.0,0.34122217055629733
3695.0,0.4745617144173087
3696.0,-0.1121556708402573
3697.0,-0.4608986107514023
3698.0,-0.37703145432314206
3699.0,0.09951782139397473
3700.0,0.5738060542864
3701.0,0.5091059914784195
3702.0,-0.1316989118465392
3703.0,-0.8935547551740952
3704.0,-0.4422718574537447
3705.0,0.4775438535509807
3706.0,0.7045492379293232
3707.0,0.12534643078705954
3708.0,-0.6242743255185084
3709.0,-0.32723822397474395
3710.0,0.22879777018719516
3711.0,0.344745306254193
3712.0,0.14452317901551817
3713.0,-0.4673803620244976
3714.0,-0.49038152129969564
3715.0,0.04036593107572191
3716.0,0.5454451807824888
3717.0,0.44035092137823345
3718.0,-0.24688206900755635
3719.0,-0.38959835569659834
3720.0,-0.12789584289486636
3721.0,0.4778493962979192
3722.0,0.41789189030400387
3723.0,-0.1886077065230307
3724.0,-0.6446036366500116
3725.0,-0.18180301864581005
3726.0,0.6185711889243497
3727.0,0.48770800826287297
3728.0,-0.43606534191838203
3729.0,-0.8034339657866998
3730.0,0.0015725388062330478
3731.0,0.8831459666349721
3732.0,0.8237496486797026
3733.0,0.035121138763952946
3734.0,-0.611014646881913
3735.0,-0.4579140168662044
3736.0,0.31611510061134057
3737.0,0.7667707434130925
3738.0,0.33085267296287424
3739.0,-0.42228258700385907
3740.0,-0.6686872891690188
3741.0,-0.013582018987939235
3742.0,0.6858193558794833
3743.0,0.5397646772575064
3744.0,-0.34217570054956264
3745.0,-0.6956731129743866
3746.0,-0.262526248087213
3747.0,0.3370871639759367
3748.0,0.6259806758686125
3749.0,0.09954067046955134
3750.0,-0.36402576692664196
3751.0,-0.2737257565602247
3752.0,-0.10638747449174893
3753.0,0.4856832986838651
3754.0,0.7946129307784486
3755.0,-0.08397083840489118
3756.0,-0.7012402512748144
3757.0,-0.5274878606836242
3758.0,0.2572124781987053
3759.0,0.8690782578444725
3760.0,0.3265842822792505
3761.0,-0.7106085356552189
3762.0,-0.7155669786512404
3763.0,0.09827966844886697
3764.0,0.837177012372214
3765.0,0.48601880358208877
3766.0,-0.6837423164814448
3767.0,-1.0823018627479444
3768.0,-0.21306864808226722
3769.0,0.6743463926976612
3770.0,0.677687321252898
3771.0,0.01792361107262319
3772.0,-0.5304059730408665
3773.0,-0.6273695511281356
3774.0,-0.12986476194380742
3775.0,0.5145226554801159
3776.0,0.36757726150223496
3777.0,-0.40092093731915773
3778.0,-0.3820693475671427
3779.0,-0.04247544278049112
3780.0,0.30728212032342317
3781.0,0.3654631036867059
3782.0,-0.14550445169580584
3783.0,-0.4636337017021486
3784.0,-0.08771855242101106
3785.0,0.4309719345323417
3786.0,0.32099533131436875
3787.0,-0.12044120143971113
3788.0,-0.1477673711481228
3789.0,0.06033503164266545
3790.0,0.3435743262325594
3791.0,0.17807025990829764
3792.0,-0.3102933682707733
3793.0,-0.38948356387857797
3794.0,0.19273450600191203
3795.0,0.5863319246057644
3796.0,0.17467432203324698
3797.0,-0.753168155546593
3798.0,-0.8523208402549031
3799.0,0.08552840246692914
3800.0,1.0578644584812633
3801.0,0.7934323625619366
3802.0,-0.6283682201863128
3803.0,-1.334864974766125
3804.0,-0.44632677797231035
3805.0,0.7579499053366027
3806.0,1.121407131878145
3807.0,0.0681992803861534
3808.0,-1.0845674681550115
3809.0,-0.9946949381055341
3810.0,0.275811736539769
3811.0,1.301144635438354
3812.0,0.8201680753263104
3813.0,-0.7975739104588849
3814.0,-1.5250511799642499
3815.0,-0.24086004165161848
3816.0,1.5216749560441738
3817.0,1.5102728616460672
3818.0,-0.33248947285261765
3819.0,-1.5484933086691282
3820.0,-0.7931616242837682
3821.0,0.794583456741841
3822.0,1.2793424149977355
3823.0,0.11837858677928449
3824.0,-1.2270692911775047
3825.0,-0.9777231674562152
3826.0,0.5613887489547499
3827.0,1.317230494073417
3828.0,0.49916391178840996
3829.0,-0.8590826102204041
3830.0,-1.1480795399632353
3831.0,0.026671617965184302
3832.0,1.1256186635890744
3833.0,0.8553626592735556
3834.0,-0.5523420987324908
3835.0,-1.2450866093548858
3836.0,-0.2656845815785701
3837.0,1.0051970869092715
3838.0,0.9685715247820386
3839.0,-0.1979249381977657
3840.0,-0.9624437971738269
3841.0,-0.48796830952272263
3842.0,0.809225019444767
3843.0,1.2969145109718585
3844.0,0.09825327585891655
3845.0,-1.291925353873845
3846.0,-0.9543236225066569
3847.0,0.5792743957395816
3848.0,1.3772629412302946
3849.0,0.6908892694279012
3850.0,-1.0841874609271638
3851.0,-1.3597269511647623
3852.0,0.1388010951267608
3853.0,1.6218764647350803
3854.0,1.1383417745773663
3855.0,-0.5374519880118039
3856.0,-1.5201107977859754
3857.0,-0.6947302632789731
3858.0,1.118210726060743
3859.0,1.1663463309871027
3860.0,-0.3572244029281871
3861.0,-1.3587452947479974
3862.0,-0.588483813981945
3863.0,1.0696552514656987
3864.0,1.3993373076000943
3865.0,-0.21883867231240917
3866.0,-1.2911391059821185
3867.0,-0.7703562846884853
3868.0,0.7885096224722523
3869.0,1.3924678328736146
3870.0,0.1710802867072131
3871.0,-1.054681070352787
3872.0,-0.8719349135915169
3873.0,0.3311973837227124
3874.0,1.1529287990267691
3875.0,0.5287895192334839
3876.0,-0.8242075060245256
3877.0,-1.0496958938510126
3878.0,-0.036354287130896966
3879.0,0.9827988861460674
3880.0,0.8329022751190214
3881.0,-0.27346755171444775
3882.0,-0.9865604238419987
3883.0,0.0252532736397316
3884.0,0.9547375946795053
3885.0,0.5430059523128381
3886.0,-0.7297989855342677
3887.0,-0.7894631991750516
3888.0,0.11680942464053855
3889.0,1.1573308368422235
3890.0,0.9612449048047893
3891.0,-0.394924601322721
3892.0,-1.4395691626426677
3893.0,-0.7586064696304611
3894.0,0.7992243649581836
3895.0,1.2971339686614676
3896.0,0.1202352906421431
3897.0,-1.1939105050315206
3898.0,-1.049087180277315
3899.0,0.5080663690620331
3900.0,1.2721111368339564
3901.0,0.4972074738408896
3902.0,-0.8756675403672427
3903.0,-1.254088200918508
3904.0,-0.08193604623208472
3905.0,1.1375756159625614
3906.0,0.8702118334286713
3907.0,-0.27958993704093765
3908.0,-1.1694416272827193
3909.0,-0.7563855631693176
3910.0,0.8211822682218731
3911.0,1.3556787297034052
3912.0,0.22061456566318463
3913.0,-1.2498710100376798
3914.0,-1.2222010778269692
3915.0,0.3406824099037357
3916.0,1.4318115780305225
3917.0,0.9521998675748607
3918.0,-0.8736051730479956
3919.0,-1.4719085117456792
3920.0,-0.2544493954329387
3921.0,1.3449159646659554
3922.0,1.3203544204700377
3923.0,-0.22813164455990562
3924.0,-1.4428762418069307
3925.0,-1.083359861986302
3926.0,0.7067447545723785
3927.0,1.7230491531249397
3928.0,0.404875199595974
3929.0,-1.34440463685105
3930.0,-1.1423528020951883
3931.0,0.4721461404919049
3932.0,1.4418620343916213
3933.0,0.6010568599765407
3934.0,-1.1193867500489303
3935.0,-1.3684123089937736
3936.0,0.11395772096788157
3937.0,1.4175068010995637
3938.0,1.0226234728676336
3939.0,-0.44674397239206837
3940.0,-1.5037877040897656
3941.0,-0.6476810506313397
3942.0,0.9335655967410069
3943.0,1.2019176691546956
3944.0,0.05718087993096568
3945.0,-0.95943084822779
3946.0,-0.8146101857593985
3947.0,0.21966439794473236
3948.0,1.291062572301223
3949.0,0.693450758617643
3950.0,-0.6757592979802804
3951.0,-1.1477415169276424
3952.0,-0.037978615892337704
3953.0,1.231536132813948
3954.0,0.881261509679909
3955.0,-0.4018108528881694
3956.0,-1.138959513396933
3957.0,-0.4913302077584333
3958.0,0.7175604561145749
3959.0,1.0729489565957582
3960.0,0.19267657622811402
3961.0,-1.0479498520189325
3962.0,-0.8527900621888527
3963.0,0.20102235516001415
3964.0,1.0823644808527033
3965.0,0.7505621969420206
3966.0,-0.7187425297846586
3967.0,-1.186349684214501
3968.0,-0.15387568717284125
3969.0,1.0399401444967153
3970.0,0.8645190271113811
3971.0,-0.280254120355575
3972.0,-0.9094126757632797
3973.0,-0.3655003552019913
3974.0,0.8156251378277204
3975.0,1.0086424802937775
3976.0,-0.11686418336125554
3977.0,-1.3549415530339464
3978.0,-0.7756880916874803
3979.0,0.6225388250470577
3980.0,1.3227634518166507
3981.0,0.559796710536646
3982.0,-0.8421907606512591
3983.0,-1.2023342508825192
3984.0,0.061041665380911894
3985.0,1.207785916675677
3986.0,0.7281744388017458
3987.0,-0.6008083983602345
3988.0,-1.1849716440245317
3989.0,-0.24385919660401092
3990.0,0.8600735770135859
3991.0,0.7919155735392074
3992.0,-0.15980558027981462
3993.0,-0.8339134224789703
3994.0,-0.5373863758261076
3995.0,0.38364042969179785
3996.0,0.7691897432215414
3997.0,0.2972494142950721
3998.0,-0.5052952722327272
3999.0,-0.4096466793781601
4000.0,0.25037850978084947
4001.0,0.5498422969331817
4002.0,0.33955466769921067
4003.0,-0.3341846500277208
4004.0,-0.7235959215915092
4005.0,-0.21437196490933963
4006.0,0.5005789251418523
4007.0,0.6963171806185187
4008.0,0.08474804123334853
4009.0,-0.810796279765745
4010.0,-0.7561263440410166
4011.0,0.16230420989870079
4012.0,0.7546730748696269
4013.0,0.44422416757946526
4014.0,-0.5437210666582002
4015.0,-0.6668845518571568
4016.0,-0.06626874666327856
4017.0,0.7556581629855287
4018.0,0.7322512882116365
4019.0,-0.2443831251078142
4020.0,-0.926620797971113
4021.0,-0.432691496357447
4022.0,0.4637016905397411
4023.0,0.7378407082207484
4024.0,0.22840330112277682
4025.0,-0.6689905253481264
4026.0,-0.5233833003298688
4027.0,0.10034375361473927
4028.0,0.7164742435115546
4029.0,0.4962102929936575
4030.0,-0.15112222836384442
4031.0,-0.5784205811877899
4032.0,-0.18966078690584223
4033.0,0.37020235526949147
4034.0,0.2131608710400526
4035.0,-0.21089081188552566
4036.0,-0.4955900034683132
4037.0,-0.26088620604157764
4038.0,0.05473017406389887
4039.0,0.26825567056267297
4040.0,0.23925496116555311
4041.0,-0.1468250490381822
4042.0,-0.1565114316606354
4043.0,-0.20753224902491843
4044.0,0.08605930147369371
4045.0,0.40682448465445886
4046.0,0.08504705721735212
4047.0,-0.36211542664791
4048.0,-0.2943433418961673
4049.0,0.0036595424458451924
4050.0,0.1669386154473754
4051.0,-0.009455678365286192
4052.0,-0.21183162693800697
4053.0,-0.05820924885269027
4054.0,0.16474200395166855
4055.0,0.22578376684132498
4056.0,0.27667093450187036
4057.0,0.030573678054179824
4058.0,-0.12076156991625445
4059.0,0.06863287421570584
4060.0,0.2736024462858697
4061.0,0.028871308680169933
4062.0,-0.3698742555791463
4063.0,-0.3603673259130222
4064.0,0.25648278507494365
4065.0,0.5975339393604518
4066.0,0.31060763383796536
4067.0,-0.34072162536593015
4068.0,-0.4688356422547105
4069.0,0.0033868616117560444
4070.0,0.5144094583415922
4071.0,0.47843394581146914
4072.0,-0.11303822654277611
4073.0,-0.9236545815693366
4074.0,-0.6535384755663137
4075.0,0.20418404547399777
4076.0,0.6265766089371453
4077.0,0.022516100431766113
4078.0,-0.5460167053793421
4079.0,-0.34855706602415104
4080.0,0.24201930964623486
4081.0,0.5601510112977345
4082.0,0.008064111342046692
4083.0,-0.7238846231232792
4084.0,-0.5878174608989626
4085.0,0.323678238942669
4086.0,0.9053748514775993
4087.0,0.2809236252522411
4088.0,-0.6526301474133305
4089.0,-0.6536016884653156
4090.0,0.06576583537692084
4091.0,0.7258106740327844
4092.0,0.3430351205033799
4093.0,-0.7606643019409798
4094.0,-1.0627209011553658
4095.0,-0.11919348035295599
4096.0,0.8027373284734077
4097.0,0.7397028763621732
4098.0,-0.4354013871620319
4099.0,-1.0749058393512807
4100.0,-0.38461877803403216
4101.0,0.703190059939542
4102.0,0.8567552887708703
4103.0,-0.14166597553612614
4104.0,-0.9857354056265234
4105.0,-0.654838705631043
4106.0,0.36455613289165173
4107.0,0.9682770920225248
4108.0,0.17332322620385032
4109.0,-0.9539690358787402
4110.0,-1.0707048991969192
4111.0,0.14698926592119002
4112.0,1.328132974920066
4113.0,1.027153964857562
4114.0,-0.5265998651542623
4115.0,-1.3952746881802431
4116.0,-0.6136325921085044
4117.0,0.9988107472373977
4118.0,1.1219960220008327
4119.0,-0.22654224562004455
4120.0,-1.2498527909090658
4121.0,-0.7205846169969419
4122.0,0.7234895889578716
4123.0,1.3240711269404273
4124.0,0.2428196704701461
4125.0,-0.9587139814860451
4126.0,-0.9253726491929583
4127.0,0.28312969039465097
4128.0,1.271645614796625
4129.0,0.5929963175726227
4130.0,-0.6903912810381659
4131.0,-1.1438955171555552
4132.0,-0.28053282755436154
4133.0,0.949657625324886
4134.0,1.0023398379570345
4135.0,-0.30431703414728734
4136.0,-0.925482345121237
4137.0,-0.33907745786791865
4138.0,0.528321279217097
4139.0,0.7003696937499654
4140.0,-0.009232519495927072
4141.0,-0.7135456858893888
4142.0,-0.12596419529939148
4143.0,0.7153430402658543
4144.0,0.5181805482300961
4145.0,-0.33306656024276904
4146.0,-0.9382188760710392
4147.0,-0.409315290112526
4148.0,0.8129482079318704
4149.0,1.1002673340375413
4150.0,0.15048699285648928
4151.0,-0.8720078890464401
4152.0,-0.5823448803552135
4153.0,0.5349630600412001
4154.0,1.0009072927930216
4155.0,0.18216990289633228
4156.0,-1.001424682075914
4157.0,-1.220318676696555
4158.0,-0.26071433459582455
4159.0,1.3907121085600436
4160.0,1.4316647580568236
4161.0,-0.11534312662107375
4162.0,-1.5680309177580443
4163.0,-0.9457991121670158
4164.0,0.8598807076770544
4165.0,1.5748714096314238
4166.0,0.21081633055743448
4167.0,-1.2932569963649394
4168.0,-1.1089191997266195
4169.0,0.4986500952119249
4170.0,1.5968816806117228
4171.0,0.49653357433872536
4172.0,-1.4678564159148955
4173.0,-1.7193322358014915
4174.0,0.19919994421180023
4175.0,1.6219724006760843
4176.0,0.8441767613882858
4177.0,-1.1180871070730092
4178.0,-1.634545681960042
4179.0,0.06258260287976504
4180.0,1.6083783416579804
4181.0,1.2923453578736868
4182.0,-0.5479714044903546
4183.0,-1.5156212521757275
4184.0,-0.5512967892611295
4185.0,1.1712956701423174
4186.0,1.5126121420380534
4187.0,-0.12826441831504537
4188.0,-1.533311325130909
4189.0,-0.987675672544755
4190.0,0.8091962838156931
4191.0,1.6610960930178653
4192.0,0.3996355140708686
4193.0,-1.5744664094133047
4194.0,-1.4131727504579505
4195.0,0.49588967377381965
4196.0,1.8210309746448883
4197.0,0.8750897666453368
4198.0,-1.102160168162284
4199.0,-1.7905268644303458
4200.0,-0.25545348159577935
4201.0,1.688183600185682
4202.0,1.4478046497486368
4203.0,-0.7727677892538933
4204.0,-2.1665511384710827
4205.0,-0.5804243679249158
4206.0,1.7971216702650807
4207.0,1.9977662154130185
4208.0,-0.3566700399770955
4209.0,-2.280911202318693
4210.0,-1.4112336191581838
4211.0,1.0001754752988088
4212.0,2.320676273971845
4213.0,0.7625796410377934
4214.0,-1.79282352515139
4215.0,-2.113351027588672
4216.0,0.1865797984383829
4217.0,2.3198153169233895
4218.0,1.6628798273622154
4219.0,-0.9451166466104295
4220.0,-2.1028957581918233
4221.0,-0.8712892337665342
4222.0,1.2794620464338746
4223.0,1.9397384533583524
4224.0,0.04413693898312538
4225.0,-1.7614812822046966
4226.0,-1.5063584965388395
4227.0,0.47597236132267967
4228.0,1.863904144191289
4229.0,0.8751677247840693
4230.0,-1.2088306808498295
4231.0,-1.8293990523705717
4232.0,-0.16412184506815258
4233.0,1.5131348602576635
4234.0,1.1060232420902818
4235.0,-0.6837927669928832
4236.0,-1.601777231877833
4237.0,-0.5635817294784687
4238.0,1.2359078735447644
4239.0,1.4400312882209545
4240.0,-0.18192875776590586
4241.0,-1.4667096778993227
4242.0,-0.8727863446109175
4243.0,0.7863498497772087
4244.0,1.5796509900687752
4245.0,0.43159106973241673
4246.0,-1.1468326885785178
4247.0,-1.216635930680551
4248.0,0.15826450180453552
4249.0,1.3016502988739616
4250.0,0.81988766055487
4251.0,-0.943206063578174
4252.0,-1.2578150882122208
4253.0,-0.05507939382840083
4254.0,1.1482852569092703
4255.0,0.6985205198758946
4256.0,-0.752698488648644
4257.0,-1.107979859503452
4258.0,-0.0013274374159119267
4259.0,0.9700864424004169
4260.0,0.6271057362865012
4261.0,-0.4642778837339862
4262.0,-0.9098056271333361
4263.0,-0.26296518886781184
4264.0,0.7255102062657302
4265.0,0.9022096529557466
4266.0,-0.05711969032890848
4267.0,-0.7557991460610315
4268.0,-0.4053660567055356
4269.0,0.4148977248083122
4270.0,0.7673178379896292
4271.0,0.020845138261372215
4272.0,-0.46888127172925803
4273.0,-0.4647264499843249
4274.0,-0.007996072251126791
4275.0,0.4295271260435217
4276.0,0.14633067551608805
4277.0,-0.4737088885773685
4278.0,-0.2642320781100326
4279.0,0.1168940226806365
4280.0,0.5489435020873973
4281.0,0.13636131757121325
4282.0,-0.47465910166456066
4283.0,-0.41826814208778573
4284.0,0.01476847821703252
4285.0,0.4431633632964684
4286.0,0.07816900231492858
4287.0,-0.42308305279117114
4288.0,-0.2280196825276429
4289.0,0.23876443556950555
4290.0,0.2604413088156564
4291.0,-0.00737162109173725
4292.0,-0.3618793408272533
4293.0,-0.5806109848064388
4294.0,0.22582684607736198
4295.0,0.8394860744596927
4296.0,0.33613330333690605
4297.0,-0.4928280098079101
4298.0,-0.5642765303974223
4299.0,-0.0656171970290518
4300.0,0.5718860458983057
4301.0,0.456892460945448
4302.0,-0.18754145462242405
4303.0,-0.5907164457325415
4304.0,-0.36760961961076555
4305.0,0.3168608744797961
4306.0,0.4936030188249406
4307.0,0.07687144860763614
4308.0,-0.5914397377615351
4309.0,-0.6252313843079006
4310.0,0.2953454434529221
4311.0,0.8192016869584531
4312.0,0.20479523501683758
4313.0,-0.5911073275111867
4314.0,-0.8523700446136316
4315.0,-0.03810208741742397
4316.0,0.7250530819851915
4317.0,0.3360420177561905
4318.0,-0.4727052934548748
4319.0,-0.9373946275865994
4320.0,-0.11832386700575706
4321.0,0.8233976040471508
4322.0,0.680655307655664
4323.0,-0.4580705976128499
4324.0,-0.9776429995560538
4325.0,-0.16312269674745397
4326.0,0.7838980550199504
4327.0,0.5132575204505283
4328.0,-0.26050986355637185
4329.0,-0.6450925653291391
4330.0,0.042919542029848885
4331.0,0.6870831051870177
4332.0,0.46338271630746103
4333.0,-0.4074565735544299
4334.0,-0.8284996887661279
4335.0,-0.28289585012467616
4336.0,0.6211998037281377
4337.0,0.5132338511187887
4338.0,-0.1572341422970264
4339.0,-0.5142641042638069
4340.0,-0.21764516895056693
4341.0,0.40230314658868704
4342.0,0.4264932433607899
4343.0,-0.15798282216367485
4344.0,-0.8706128449689506
4345.0,-0.40278539640126465
4346.0,0.5143959680613523
4347.0,0.6685071881016947
4348.0,-0.009882696485088003
4349.0,-1.0249460689646235
4350.0,-0.6918384413130745
4351.0,0.5787003439079068
4352.0,1.2095249651093347
4353.0,0.5076688313803472
4354.0,-0.7781048941160165
4355.0,-1.0597483375771874
4356.0,-0.125439504101922
4357.0,1.0261634334873673
4358.0,0.9857290537259051
4359.0,-0.00817015832413714
4360.0,-0.8154515483387095
4361.0,-0.6766763469002238
4362.0,0.3627781570265019
4363.0,0.9962064914804416
4364.0,0.41791482942568287
4365.0,-0.5658520190772094
4366.0,-0.8484689021546551
4367.0,-0.19981651164409311
4368.0,0.46672814777864613
4369.0,0.6493380138804704
4370.0,0.15695268160435227
4371.0,-0.7702926015385827
4372.0,-0.725238962161766
4373.0,0.17822482637749545
4374.0,0.7775199462463345
4375.0,0.23762443622526214
4376.0,-0.5063975549243639
4377.0,-0.5484028766689096
4378.0,0.06061957678146349
4379.0,0.540696359682277
4380.0,0.6086214301167554
4381.0,-0.033258863419945286
4382.0,-0.6395113384991895
4383.0,-0.6057440403966989
4384.0,0.4618818442131631
4385.0,0.9129537406523754
4386.0,0.34937433913479843
4387.0,-0.798789103876201
4388.0,-0.9114728396363044
4389.0,0.20837647732580414
4390.0,0.8025770883063517
4391.0,0.4436324653105891
4392.0,-0.4720247828011953
4393.0,-0.9464730909507778
4394.0,-0.17394151609254507
4395.0,0.7590025179741351
4396.0,0.838329351015932
4397.0,-0.1449273793626693
4398.0,-0.7431035044162878
4399.0,-0.40491601572710645
4400.0,0.49629932676664895
4401.0,0.6838100992242963
4402.0,0.10985649154458285
4403.0,-0.5311989051451176
4404.0,-0.37243546679380446
4405.0,0.16800517491267372
4406.0,0.41023166706047665
4407.0,0.1999697087184843
4408.0,-0.35517181551426547
4409.0,-0.2051405466903308
4410.0,0.11432543271494963
4411.0,0.14002392584543016
4412.0,0.05325637217553786
4413.0,-0.02729543776466475
4414.0,-0.10479324954648167
4415.0,0.09733739719861988
4416.0,0.028700335731210332
4417.0,-0.19104358823632653
4418.0,-0.23317528841255325
4419.0,0.02067986496698322
4420.0,0.25780795634798537
4421.0,0.47920400198569985
4422.0,-0.15078428219027315
4423.0,-0.6211569840538232
4424.0,-0.29986769633690336
4425.0,0.3377649529313316
4426.0,0.5034875114980483
4427.0,-0.05358750882261704
4428.0,-0.5498417524147761
4429.0,-0.19486007547069706
4430.0,0.37549109465051067
4431.0,0.2520091523897179
4432.0,-0.20414242498323004
4433.0,-0.37214996289009544
4434.0,-0.13010665972570284
4435.0,0.33166144420802873
4436.0,0.2814685955773401
4437.0,0.0047345577183008514
4438.0,-0.31774838256421856
4439.0,-0.087427109187514
4440.0,0.2780266407238029
4441.0,0.2728586237844879
4442.0,0.19511073461946657
4443.0,0.17850569973809832
4444.0,-0.24158552625427826
4445.0,-0.2475921671762486
4446.0,0.004009116717298191
4447.0,0.3116405747687351
4448.0,-0.01747714027299962
4449.0,-0.2629136131114462
4450.0,-0.3252408470480186
4451.0,0.012492368915332643
4452.0,0.31948710848094297
4453.0,0.3767643162434748
4454.0,-0.16974146538666146
4455.0,-0.5699505149719793
4456.0,-0.356809360091826
4457.0,0.14022897051383149
4458.0,0.495008421336902
4459.0,0.4645775055530327
4460.0,-0.3619423615174028
4461.0,-0.7990291787145017
4462.0,-0.4229390481451283
4463.0,0.2937742683731524
4464.0,0.6392963630992861
4465.0,0.10721519426211411
4466.0,-0.5515483863517913
4467.0,-0.5495616979795844
4468.0,0.23435584822132693
4469.0,0.8607748618308281
4470.0,0.6756954935280004
4471.0,-0.47835140009376753
4472.0,-0.9424491451667599
4473.0,-0.11198389489801192
4474.0,0.7192402189156445
4475.0,0.5101756123492247
4476.0,-0.3474309877555763
4477.0,-0.834352506236727
4478.0,-0.2614317907405412
4479.0,0.6071376145502092
4480.0,0.7317398339727257
4481.0,0.09673877812344628
4482.0,-0.5497814324317889
4483.0,-0.4485484052090838
4484.0,0.11281459926157801
4485.0,0.6790245144385012
4486.0,0.37185499934041916
4487.0,-0.19046062613511242
4488.0,-0.47788128347973063
4489.0,-0.257848535021044
4490.0,0.274865006052466
4491.0,0.36869745593769726
4492.0,0.10442072304431614
4493.0,-0.32046079308871234
4494.0,-0.10269779011662894
4495.0,0.3873288603976064
4496.0,0.29085883310361577
4497.0,-0.31127108126544983
4498.0,-0.40574611711372716
4499.0,-0.08194716850666282
4500.0,0.675988964256479
4501.0,0.24219679667598967
4502.0,-0.4702481850759933
4503.0,-0.6529252178858422
4504.0,-0.04613060597537579
4505.0,0.7881118227174571
4506.0,0.6988383049494294
4507.0,-0.5040056653786226
4508.0,-1.0952785981225701
4509.0,-0.350152184663067
4510.0,0.6061172283308217
4511.0,0.7885142954440807
4512.0,-0.054915383243528196
4513.0,-0.6298535248257017
4514.0,-0.4193137217838626
4515.0,0.3395610872779616
4516.0,0.5023961622292005
4517.0,0.1237695099197713
4518.0,-0.2858789390650649
4519.0,-0.3873568739713606
4520.0,0.1489313146420557
4521.0,0.32514805215430886
4522.0,-0.13528881044146052
4523.0,-0.24249799079786802
4524.0,-0.16992242080423411
4525.0,0.002132794191737615
4526.0,0.001832289244403541
4527.0,-0.08304205985981651
4528.0,-0.3643669604166544
4529.0,-0.08597326312305435
4530.0,0.36574956615968846
4531.0,0.44221572742195087
4532.0,0.022886861721520067
4533.0,-0.3958045101856793
4534.0,-0.147974185382147
4535.0,0.2646893943016232
4536.0,0.378415027458565
4537.0,0.0304507887693042
4538.0,-0.4277655368122758
4539.0,-0.4767716100423565
4540.0,-0.010887852013611928
4541.0,0.6053342082649992
4542.0,0.40661503603771626
4543.0,-0.36584257063773135
4544.0,-0.6975006416506202
4545.0,-0.14944431658763968
4546.0,0.42596678736655386
4547.0,0.43941401782945844
4548.0,-0.19917597860224182
4549.0,-0.7387986211554772
4550.0,-0.2807853226889803
4551.0,0.4610343886221835
4552.0,0.6526781686574917
4553.0,-0.07938632024705601
4554.0,-0.8224368849080205
4555.0,-0.36313722405515214
4556.0,0.6089830043860393
4557.0,0.8949716729169354
4558.0,-0.1185115956107475
4559.0,-0.8442854786696622
4560.0,-0.7453273107549337
4561.0,0.2016441566873217
4562.0,0.8760152078703705
4563.0,0.5706515275887487
4564.0,-0.42214113520388397
4565.0,-0.8921856155242838
4566.0,-0.24277306405207205
4567.0,0.6927117654775115
4568.0,0.5853982295809427
4569.0,-0.1791525480518025
4570.0,-0.5779546590641337
4571.0,-0.23078509794256083
4572.0,0.32691741096750254
4573.0,0.6665942844614954
4574.0,0.20078004890707177
4575.0,-0.5082185981184659
4576.0,-0.5146058500951921
4577.0,0.1264890815858844
4578.0,0.5199281061566016
4579.0,0.2509622772107947
4580.0,-0.44014142995525524
4581.0,-0.5729825935506709
4582.0,0.08072656091912891
4583.0,0.5694592134704995
4584.0,0.0469088081292473
4585.0,-0.5199877559422934
4586.0,-0.6471175460194241
4587.0,0.09419098275753325
4588.0,0.6912387682207426
4589.0,0.31509639221809715
4590.0,-0.4133105438189947
4591.0,-0.6018553349128136
4592.0,-0.10176892214511521
4593.0,0.41097818310739875
4594.0,0.3227958548510997
4595.0,-0.12124490804024257
4596.0,-0.470585237522122
4597.0,-0.03354310841827667
4598.0,0.2919158141288999
4599.0,0.16458189883810595
4600.0,-0.4593262185309119
4601.0,-0.4208669713418602
4602.0,0.08360661424417296
4603.0,0.6657765775299478
4604.0,0.5158829003423285
4605.0,-0.16187790779111239
4606.0,-0.4276642008184198
4607.0,-0.20386272579325979
4608.0,0.2895259239630564
4609.0,0.5432389010083803
4610.0,0.11431745643445342
4611.0,-0.3075654363910711
4612.0,-0.05663734560702208
4613.0,0.3162543392531469
4614.0,0.54425149434817
4615.0,0.14975059540420124
4616.0,-0.4056901474931036
4617.0,-0.4847843748441224
4618.0,0.07415011796785008
4619.0,0.45990954302663717
4620.0,0.26913977071561945
4621.0,-0.02869063639976128
4622.0,-0.26000719394905886
4623.0,-0.16278888867120608
4624.0,0.3455512622114747
4625.0,0.4524910497298085
4626.0,-0.19467793705825753
4627.0,-0.6618874800759328
4628.0,-0.3966108533505037
4629.0,0.1535214500910014
4630.0,0.4983747414087028
4631.0,0.39845241240266266
4632.0,0.05233945158804541
4633.0,-0.40089504000408394
4634.0,-0.37363389184224954
4635.0,0.06536169363716182
4636.0,0.525979161609064
4637.0,0.16169025205395923
4638.0,-0.4821332410312034
4639.0,-0.4925863372562088
4640.0,0.07282767278689278
4641.0,0.6676008936040474
4642.0,0.23088209556628556
4643.0,-0.3456823214334704
4644.0,-0.7106277467808105
4645.0,-0.013130804419472309
4646.0,0.6970741270932722
4647.0,0.6182365450039278
4648.0,-0.27471403626386515
4649.0,-0.9961522167117186
4650.0,-0.7027687387825854
4651.0,0.5646879220877964
4652.0,1.3500472132268786
4653.0,0.4258609770195187
4654.0,-1.0225031797796216
4655.0,-1.0327596817969025
4656.0,0.15452960048834322
4657.0,1.35752598185899
4658.0,0.9811590452063779
4659.0,-0.34887027651572095
4660.0,-1.1509106347477411
4661.0,-0.38784237806837635
4662.0,0.6129463231474124
4663.0,0.670200122727527
4664.0,0.20418960818976872
4665.0,-0.5609150028645333
4666.0,-0.571233252497592
4667.0,0.38554324507648835
4668.0,0.9371802010066567
4669.0,0.1414709531452978
4670.0,-0.9938385469770441
4671.0,-1.1631534809456807
4672.0,0.16344472440493835
4673.0,1.5135579818400344
4674.0,1.0263071245741198
4675.0,-0.9591499924311662
4676.0,-1.790215875829598
4677.0,-0.4311757665944554
4678.0,1.3481772188709737
4679.0,1.3333804096044233
4680.0,-0.3147328482007317
4681.0,-1.6500199312429964
4682.0,-1.1528971810176265
4683.0,0.6870580740732559
4684.0,1.6555762094417068
4685.0,0.3404433685833046
4686.0,-1.4329144664462314
4687.0,-1.398666937407149
4688.0,0.5839502494200095
4689.0,1.8465761154212812
4690.0,0.583136312412302
4691.0,-1.6689391690358304
4692.0,-1.7736504892261222
4693.0,0.3415261250460201
4694.0,1.6709928697840697
4695.0,0.7447546938516584
4696.0,-1.0360117143874543
4697.0,-1.5444727451162918
4698.0,-0.08886653699379417
4699.0,1.6709431838032678
4700.0,1.1393945337686848
4701.0,-0.6882887598474244
4702.0,-1.7085147958414935
4703.0,-0.5569177920935211
4704.0,1.3506006763740592
4705.0,1.53229218767903
4706.0,-0.327216142131316
4707.0,-1.8487122760359849
4708.0,-0.9842263506014961
4709.0,1.2176923034971086
4710.0,1.6438966140508369
4711.0,0.21310498844757303
4712.0,-1.399238211201443
4713.0,-0.9759897895394511
4714.0,0.6215640660829024
4715.0,1.4029243932927569
4716.0,0.49251390488423424
4717.0,-0.9738502667551415
4718.0,-1.3868067657798975
4719.0,0.03280469755481152
4720.0,1.4717061796383277
4721.0,0.9228409574977181
4722.0,-0.9273210654822995
4723.0,-1.6997032960437028
4724.0,-0.27638549394634104
4725.0,1.5345472698821148
4726.0,1.3554168508403999
4727.0,-0.621376876946461
4728.0,-1.9601534057857781
4729.0,-0.9826379747180625
4730.0,1.0312058268624216
4731.0,1.617854960008528
4732.0,0.22992406015061898
4733.0,-1.4272282703295134
4734.0,-1.5198877739402379
4735.0,0.2939106942945312
4736.0,1.7031590202642988
4737.0,1.031644156902082
4738.0,-0.7024924323979964
4739.0,-1.611469608110224
4740.0,-0.579617993596153
4741.0,1.2703114116427627
4742.0,1.3521841044412963
4743.0,-0.2673198247329375
4744.0,-1.3744875936084133
4745.0,-0.9607088490896181
4746.0,0.5899969919044321
4747.0,1.525505785022976
4748.0,0.462138980632951
4749.0,-1.3267212648285505
4750.0,-1.2195390136718456
4751.0,0.46179008891943185
4752.0,1.4630695892411925
4753.0,0.5174902176247517
4754.0,-1.1121583581037864
4755.0,-1.1559802923720555
4756.0,0.1895471087177045
4757.0,1.179911272430288
4758.0,0.6633571786179203
4759.0,-0.6952373235095238
4760.0,-1.1110912848230023
4761.0,0.08552184979427921
4762.0,1.1665968021171171
4763.0,0.8589418715357124
4764.0,-0.47100810936098797
4765.0,-1.418583622579517
4766.0,-0.5732944038235412
4767.0,1.0123956048660523
4768.0,1.2026681888448856
4769.0,-0.3457623249812148
4770.0,-1.3718398524268536
4771.0,-0.5452832632302783
4772.0,0.8988422135803811
4773.0,1.36513921710498
4774.0,0.30617440758116116
4775.0,-1.288506594098602
4776.0,-1.3276327821202014
4777.0,0.46487473657566614
4778.0,1.5538348548925593
4779.0,0.7014807030485524
4780.0,-1.058565937115444
4781.0,-1.4000908634308928
4782.0,0.10107532437080491
4783.0,1.1786264867526552
4784.0,1.044242911652255
4785.0,-0.2604979794151335
4786.0,-1.1940470494429556
4787.0,-0.4869607134275434
4788.0,1.0013608360786619
4789.0,1.3013874571453836
4790.0,-0.14835376676609577
4791.0,-1.5106245435142045
4792.0,-0.9251980912173727
4793.0,0.7067707814990546
4794.0,1.6349580001982846
4795.0,0.6165674014079421
4796.0,-1.2846185246870057
4797.0,-1.7814087388201394
4798.0,0.05936764205354626
4799.0,1.8026848401045288
4800.0,1.425857401794757
4801.0,-0.8813381973557534
4802.0,-1.8328989324383602
4803.0,-0.4646694828853609
4804.0,1.2842091834404945
4805.0,1.3415521798793648
4806.0,-0.3836685825516111
4807.0,-1.5679145142777893
4808.0,-0.8160859708031193
4809.0,0.6990833431589957
4810.0,1.2550978982579732
4811.0,0.32655609528109864
4812.0,-0.9220724033990687
4813.0,-0.9801100344332683
4814.0,0.12085632356504361
4815.0,1.2058315291075337
4816.0,0.8663526114209132
4817.0,-0.6308089260215013
4818.0,-1.2904627907103752
4819.0,-0.4270687618303419
4820.0,1.0257843722496232
4821.0,1.0563570410757546
4822.0,-0.058994410047378223
4823.0,-1.1825654386187683
4824.0,-0.8705238523446384
4825.0,0.7210183364270021
4826.0,1.4145939264669438
4827.0,0.35926891874782374
4828.0,-0.9246279332742302
4829.0,-1.2260265375839525
4830.0,0.1630743521726421
4831.0,1.1901621150345334
4832.0,0.6472027080980154
4833.0,-0.6966556125226324
4834.0,-1.303000836620002
4835.0,-0.35082303658824004
4836.0,0.810245148935826
4837.0,1.0970268900203608
4838.0,0.12084074366990537
4839.0,-1.0782717605551198
4840.0,-0.9158879479949461
4841.0,0.4629086345028515
4842.0,0.968418719161877
4843.0,0.30232889793041423
4844.0,-0.7375262537586829
4845.0,-0.8466959341249874
4846.0,0.3528368097088998
4847.0,1.1608905431704837
4848.0,0.47584924286760977
4849.0,-0.7858498386857373
4850.0,-0.9380249530333702
4851.0,0.49644559519344506
4852.0,1.2176742674099594
4853.0,0.5299513373258609
4854.0,-0.7718825996897423
4855.0,-1.3181016707723752
4856.0,-0.1661633394601997
4857.0,1.1730753780182148
4858.0,0.950455693198064
4859.0,-0.6124035961671713
4860.0,-1.489538354196263
4861.0,-0.5524625608753319
4862.0,1.1695192431325263
4863.0,1.4359842001404075
4864.0,-0.05907246620785897
4865.0,-1.5036731479649947
4866.0,-1.2183680924187543
4867.0,0.3736140312671453
4868.0,1.4926523705140862
4869.0,0.6115214753049522
4870.0,-0.9628557202564514
4871.0,-1.4074569232854404
4872.0,0.025537666885532908
4873.0,1.4751090936393838
4874.0,1.0097859852999258
4875.0,-1.0082121621840678
4876.0,-1.7543037168014706
4877.0,-0.22627429786930728
4878.0,1.4649541675869016
4879.0,1.3238074215804576
4880.0,-0.8005380384159986
4881.0,-2.1452269011952994
4882.0,-0.8221089138305355
4883.0,1.5766658784614938
4884.0,1.9103327883448624
4885.0,-0.14695581505550265
4886.0,-1.9245570638694955
4887.0,-1.4075229684262418
4888.0,0.80188128900947
4889.0,2.0741669568316983
4890.0,0.8571159164994543
4891.0,-1.3972042890462741
4892.0,-1.6990707572560453
4893.0,0.05826670183697894
4894.0,1.5186814418338561
4895.0,1.107597485985333
4896.0,-0.6653525214816951
4897.0,-1.6854212594831317
4898.0,-0.3513198456698189
4899.0,1.5389646142109872
4900.0,1.6791156643876648
4901.0,-0.3327762170888044
4902.0,-1.8991754721791483
4903.0,-0.9447949961267
4904.0,1.198617926740371
4905.0,2.03673875061388
4906.0,0.11296648470054055
4907.0,-2.0011977098817537
4908.0,-1.692898986040988
4909.0,0.7487219397863832
4910.0,2.15015016627826
4911.0,0.8184995932297231
4912.0,-1.3230197532783003
4913.0,-1.693192751108908
4914.0,0.23257713318197645
4915.0,1.8970346983616564
4916.0,1.1303489941581106
4917.0,-0.913613787468402
4918.0,-1.8584077074999243
4919.0,-0.6417004527244774
4920.0,1.4447296423635774
4921.0,1.8381836184832274
4922.0,-0.1423508899965477
4923.0,-1.9941038645574296
4924.0,-1.3572456834482765
4925.0,0.8632285247652279
4926.0,2.1787805089718586
4927.0,0.6200472651880694
4928.0,-1.7969966767654955
4929.0,-1.683240433577263
4930.0,0.44317713846378715
4931.0,1.9752122511057284
4932.0,1.0183269393243901
4933.0,-1.2735146353074056
4934.0,-2.0516285810625616
4935.0,-0.33161782906079695
4936.0,1.603573155886676
4937.0,1.4558868252913795
4938.0,-0.3635708323176294
4939.0,-1.7180408087101653
4940.0,-0.9555361840277092
4941.0,1.186225031996927
4942.0,1.8680050590434716
4943.0,0.06197956992074086
4944.0,-1.6072621287750377
4945.0,-1.3595248537351925
4946.0,0.7594083149795181
4947.0,1.9019616752123822
4948.0,0.34679918568900164
4949.0,-1.6013835951307565
4950.0,-1.6481538302712413
4951.0,0.49591673533617076
4952.0,1.9533955061791317
4953.0,0.9592185145835297
4954.0,-1.2139126410526262
4955.0,-1.6186695853715969
4956.0,0.16944747219864886
4957.0,1.576480775470816
4958.0,0.9614222043572259
4959.0,-0.9764281813166874
4960.0,-1.7102074711994752
4961.0,-0.1322891669155827
4962.0,1.5791255537686633
4963.0,1.3990971603114972
4964.0,-0.44023008083842774
4965.0,-1.4532443594810756
4966.0,-0.6876236813741974
4967.0,1.0732436717263432
4968.0,1.4474139283993943
4969.0,-0.2455925189309948
4970.0,-1.6122273831945977
4971.0,-0.9259871113245682
4972.0,0.7949413224982388
4973.0,1.3874251170446594
4974.0,0.039151752723037184
4975.0,-1.1584700959000538
4976.0,-0.7745166909764437
4977.0,0.3662512064312593
4978.0,1.0768022429551856
4979.0,0.3862326638606281
4980.0,-0.8916983588872331
4981.0,-0.9983079142208198
4982.0,0.33351357383141145
4983.0,1.414164618082349
4984.0,0.820613220262401
4985.0,-0.6028826866265247
4986.0,-1.2668799820122638
4987.0,-0.41280352587835534
4988.0,1.0094363741219479
4989.0,1.1583483520620432
4990.0,-0.35396603526016573
4991.0,-1.4054458799003524
4992.0,-0.38791663241333735
4993.0,0.9034782684392845
4994.0,0.9313970574266008
4995.0,-0.24247585024250384
4996.0,-1.0919735161409458
4997.0,-0.5584511287859389
4998.0,0.5652986013202951
4999.0,0.9148918078265146
5000.0,-0.03954009909954935
5001.0,-0.7683451831445156
5002.0,-0.6002955533118491
5003.0,0.48737394373487347
5004.0,1.1532633019222758
5005.0,0.47075684117621136
5006.0,-1.1351232717371558
5007.0,-1.326964781518789
5008.0,0.15685691383365938
5009.0,1.3756495592735292
5010.0,0.7978392234722239
5011.0,-0.6642852420710273
5012.0,-1.0821699404485852
5013.0,-0.014141877816444883
5014.0,0.7513419989286808
5015.0,0.6680062580270578
5016.0,-0.04966223839568398
5017.0,-0.5806728061638627
5018.0,-0.19382395637103625
5019.0,0.6337117366922558
5020.0,0.5640836069056493
5021.0,-0.190462644976674
5022.0,-0.7385118377150892
5023.0,-0.19572421885414498
5024.0,0.6754141008735568
5025.0,0.6316005835639453
5026.0,-0.08029978077826795
5027.0,-0.8202583452507493
5028.0,-0.18917887543761397
5029.0,0.8283028621488009
5030.0,0.6890040607918574
5031.0,-0.2964906983869687
5032.0,-0.8513699007137067
5033.0,-0.14745718966071777
5034.0,0.6573682292686852
5035.0,0.6950061707049605
5036.0,-0.26092043705100293
5037.0,-1.0624144687727826
5038.0,-0.4117123976700437
5039.0,0.9017993359894503
5040.0,1.336128674552149
5041.0,-0.14803945692461848
5042.0,-1.662909124377551
5043.0,-1.1781863285858498
5044.0,1.285753710519531
5045.0,2.282305670900347
5046.0,0.4064798048015176
5047.0,-2.1248550115418166
5048.0,-2.0179531975971146
5049.0,0.5471421020869988
5050.0,2.390301456180448
5051.0,1.2507385232829358
5052.0,-1.393882484163672
5053.0,-2.38419806580458
5054.0,-0.4484983719591256
5055.0,1.8644904692558164
5056.0,2.013731827602892
5057.0,-0.2953157262459688
5058.0,-2.2833101169683196
5059.0,-1.3759903309192498
5060.0,1.2451847349994032
5061.0,2.204389975206686
5062.0,0.3713693125884232
5063.0,-1.7743342136081912
5064.0,-1.7250035346196855
5065.0,0.44389252929327155
5066.0,1.7941596740075896
5067.0,0.8082723891267459
5068.0,-1.2132126975137432
5069.0,-1.6572329758659234
5070.0,0.29271813121389084
5071.0,2.0052081144082785
5072.0,1.0962007915597602
5073.0,-1.3779598896336556
5074.0,-2.0772450959106745
5075.0,-0.1472046141131696
5076.0,2.221390311857911
5077.0,1.6415570980552026
5078.0,-0.9122269310631832
5079.0,-2.264024660642521
5080.0,-0.7084264835279562
5081.0,1.8425856242208627
5082.0,1.9120257675936116
5083.0,-0.2988850478062829
5084.0,-2.1491016346898997
5085.0,-1.1199539975182633
5086.0,1.1886273842593291
5087.0,2.0611537271155997
5088.0,0.22603225007867234
5089.0,-2.0703063003902975
5090.0,-1.7067383016582511
5091.0,0.8649463742286457
5092.0,2.4205398234247903
5093.0,0.7327067375945137
5094.0,-1.7393023273548784
5095.0,-1.9581044286889553
5096.0,0.33568597642928544
5097.0,2.002900302030598
5098.0,1.2209810667285241
5099.0,-1.4246881981329544
5100.0,-2.2922138151740534
5101.0,-0.2797216942795743
5102.0,2.0307629110373115
5103.0,1.8793851928297058
5104.0,-0.5725347953617814
5105.0,-2.374586556016564
5106.0,-1.1706581566278071
5107.0,1.4635634244148372
5108.0,2.079540926893815
5109.0,-0.10372538196919813
5110.0,-2.1038005833514366
5111.0,-1.4342975889249423
5112.0,1.1453589043994505
5113.0,2.1658307982886256
5114.0,0.2754749927213733
5115.0,-1.7145149557821935
5116.0,-1.4180106758482882
5117.0,0.7412444742796434
5118.0,1.7656330512561023
5119.0,0.4241136268312019
5120.0,-1.4541891007429597
5121.0,-1.4212835798090149
5122.0,0.5853831292689798
5123.0,1.6928700778469485
5124.0,0.7022954613195397
5125.0,-1.3955039441413404
5126.0,-1.7599162450145376
5127.0,0.03129905693232062
5128.0,1.6842349438882351
5129.0,1.3450148555422046
5130.0,-0.7858919663002473
5131.0,-2.0775942507598004
5132.0,-0.6716416498233977
5133.0,1.5972981776224378
5134.0,2.016831401280132
5135.0,-0.08212379390750098
5136.0,-2.031202587641126
5137.0,-1.1930994576723286
5138.0,1.5652374473062611
5139.0,2.3390212236743952
5140.0,0.14092994058023617
5141.0,-2.171763425719333
5142.0,-1.5949825149211763
5143.0,0.8740252730754844
5144.0,2.315132190497779
5145.0,0.6095069649889324
5146.0,-1.7849555060989177
5147.0,-1.8285928067034851
5148.0,0.3221803037414044
5149.0,1.8359875315297158
5150.0,1.1018698966221863
5151.0,-1.1616410576829361
5152.0,-1.8817175262958852
5153.0,-0.16445133611209797
5154.0,1.6350716433131882
5155.0,1.496095894844711
5156.0,-0.46647863249222093
5157.0,-1.8243406577526844
5158.0,-0.8587073767712248
5159.0,0.9474313632184238
5160.0,1.558218501538719
5161.0,0.362033171550262
5162.0,-1.1784117536137564
5163.0,-1.3454557597853076
5164.0,0.1302871829111963
5165.0,1.3053654163927038
5166.0,0.6989182026228081
5167.0,-0.6605986480988933
5168.0,-1.2291514374616774
5169.0,-0.16173885775822044
5170.0,1.011851106170458
5171.0,0.9207812172133552
5172.0,-0.3467486586319803
5173.0,-1.2986541620701963
5174.0,-0.5589270466803377
5175.0,0.959260661427337
5176.0,1.1494640378011625
5177.0,-0.09761405299808598
5178.0,-1.1066665494472248
5179.0,-0.7367042882262483
5180.0,0.49844985777622275
5181.0,1.1269680979628516
5182.0,0.37178263255169486
5183.0,-0.627711645428239
5184.0,-0.8233595456095377
5185.0,0.09122895367521944
5186.0,0.9829309130071624
5187.0,0.4288601986789631
5188.0,-0.5666926866238512
5189.0,-1.0706742173360408
5190.0,-0.2967194086088497
5191.0,0.9516682631619781
5192.0,0.9695017943618015
5193.0,-0.1345410888867466
5194.0,-0.9032323869514095
5195.0,-0.6023322007405622
5196.0,0.439510439951479
5197.0,0.8693161090917981
5198.0,0.14713993530791403
5199.0,-0.6517860371895013
5200.0,-0.4622577642445901
5201.0,0.19400058754672364
5202.0,0.6742357760659583
5203.0,0.13915580600037242
5204.0,-0.524630445545514
5205.0,-0.6974162275972703
5206.0,-0.07834466764543857
5207.0,0.5912266833494049
5208.0,0.5396716081178271
5209.0,0.02883625818945837
5210.0,-0.5624443173583806
5211.0,-0.5440686193901492
5212.0,0.3533415595264809
5213.0,0.83036655578506
5214.0,0.16275106438292206
5215.0,-0.7484771057458416
5216.0,-0.7109528706826251
5217.0,0.34745936996435317
5218.0,0.9149230119707594
5219.0,0.16855235518676534
5220.0,-0.8597667525278989
5221.0,-0.8827308505185172
5222.0,0.3216004458423456
5223.0,1.1638799349171238
5224.0,0.5970301213079509
5225.0,-0.7867206962497559
5226.0,-1.2359649185701875
5227.0,-0.22434615431448576
5228.0,0.8251113630949428
5229.0,0.8933433425084613
5230.0,-0.14068497347906422
5231.0,-1.2198542205331853
5232.0,-0.9621741896464412
5233.0,0.3582369901161433
5234.0,1.1310125469152708
5235.0,0.5023530646257309
5236.0,-0.926476537186244
5237.0,-1.1393875101656274
5238.0,0.10473999700163338
5239.0,1.3881710993176968
5240.0,0.7755970554202393
5241.0,-0.593218290419332
5242.0,-1.3558608913423986
5243.0,-0.3400922911811375
5244.0,1.313165470447755
5245.0,1.3885738026274985
5246.0,-0.04543473530542074
5247.0,-1.6980577015482876
5248.0,-1.2887008352843246
5249.0,0.6319803836641503
5250.0,1.6584116727509457
5251.0,0.3916101105424671
5252.0,-1.3336473523896835
5253.0,-1.4528200619164044
5254.0,0.39021414374140334
5255.0,1.8139376118115191
5256.0,1.1788909225320734
5257.0,-0.8974869820508706
5258.0,-1.9132860139384558
5259.0,-0.7184304197892725
5260.0,1.4954720268513941
5261.0,1.836715331634276
5262.0,-0.20603385090315285
5263.0,-2.1348011205201094
5264.0,-1.323084178236109
5265.0,1.1173456247370783
5266.0,2.0441536792201025
5267.0,0.24691865352878245
5268.0,-1.8923349939631549
5269.0,-1.5943536025852247
5270.0,0.7326151860166933
5271.0,2.1580596909092513
5272.0,0.6791811317096077
5273.0,-1.7764706193907922
5274.0,-2.0449197521511486
5275.0,0.4086284484838459
5276.0,2.1562113372693172
5277.0,1.0788412605352553
5278.0,-1.2543658037096828
5279.0,-2.0701788317020453
5280.0,0.031630160728645704
5281.0,2.093348548475009
5282.0,1.5432710638477487
5283.0,-0.8863819769743613
5284.0,-2.391791790130017
5285.0,-0.8294171056406104
5286.0,1.6019366908933608
5287.0,1.979242447043742
5288.0,-0.0961080567956311
5289.0,-1.7814884429656952
5290.0,-1.2167681106421793
5291.0,0.8619911026628582
5292.0,2.0720344974489024
5293.0,0.6160472011644265
5294.0,-1.6459714421309957
5295.0,-1.6308891261863843
5296.0,0.42682044604381486
5297.0,1.9578986460513566
5298.0,1.1488849554622707
5299.0,-0.9390746427667241
5300.0,-1.925380397764568
5301.0,-0.4009725899189775
5302.0,1.6871605437399333
5303.0,1.5883775519868204
5304.0,-0.42680383009574346
5305.0,-2.0211812493556103
5306.0,-1.0967696761976053
5307.0,1.3219473104770054
5308.0,1.9817514166860144
5309.0,0.3367085852681962
5310.0,-1.502002609798843
5311.0,-1.4930761066417884
5312.0,0.40441473588848464
5313.0,1.7633591558075097
5314.0,0.8732714837575181
5315.0,-1.2121976244690802
5316.0,-1.883068329045629
5317.0,-0.19027758711502973
5318.0,1.710692966166279
5319.0,1.494314102389366
5320.0,-0.45506798233839174
5321.0,-1.9466822279909886
5322.0,-0.8173388048652437
5323.0,1.1748528002151115
5324.0,1.6789199825489718
5325.0,0.14557034386358464
5326.0,-1.8064200205332144
5327.0,-1.402635937440521
5328.0,0.5821854619038577
5329.0,1.6977430235257573
5330.0,0.40550105897609745
5331.0,-1.561803362887628
5332.0,-1.573306014121033
5333.0,0.44427015643510576
5334.0,1.9171601684791428
5335.0,0.7352883682732576
5336.0,-1.3419550773975684
5337.0,-1.6936342760561163
5338.0,0.22432981498666388
5339.0,1.684791672034454
5340.0,1.0911519106948369
5341.0,-0.9939253459495185
5342.0,-1.8770311380946942
5343.0,-0.30268883519466244
5344.0,1.741431358187475
5345.0,1.541578326369764
5346.0,-0.715989051399978
5347.0,-2.1406660843039997
5348.0,-1.0550933849636794
5349.0,1.3692023407546252
5350.0,2.084970153507734
5351.0,0.011664197655337718
5352.0,-1.9373398414451621
5353.0,-1.3634081922437333
5354.0,0.7885791002618444
5355.0,1.7772523460435476
5356.0,0.5324684643755052
5357.0,-1.088535542266832
5358.0,-1.4106686406833413
5359.0,0.018522763850037923
5360.0,1.171723278200496
5361.0,0.8656824860835745
5362.0,-0.4507764969889253
5363.0,-1.1269816855877715
5364.0,-0.28349379048671547
5365.0,0.9663283403733072
5366.0,1.1926196688833661
5367.0,-0.08629027780788127
5368.0,-1.0129939144928246
5369.0,-0.6039174017474063
5370.0,0.5701021261194221
5371.0,0.947904801805633
5372.0,0.14012564924030968
5373.0,-0.9169804025984369
5374.0,-0.7510609311054403
5375.0,0.40424556279302737
5376.0,1.1411563611176285
5377.0,0.6451649797798071
5378.0,-0.49923328958630214
5379.0,-0.8128511911789216
5380.0,-0.2920949941262366
5381.0,0.42160172879446595
5382.0,0.779467914214463
5383.0,0.17395935583198813
5384.0,-0.606496278111618
5385.0,-0.7964302767461499
5386.0,0.058185591076036054
5387.0,0.6466534865660946
5388.0,0.29741549612282187
5389.0,-0.2737142853622978
5390.0,-0.44261257314490676
5391.0,-0.19702526249508637
5392.0,0.495680132259193
5393.0,0.6147095079969563
5394.0,0.0888663166897449
5395.0,-0.4695564931430362
5396.0,-0.41656324146950635
5397.0,0.13578767828940758
5398.0,0.4740465190885168
5399.0,0.28117253463323605
5400.0,-0.17206379511574302
5401.0,-0.17153053070113589
5402.0,0.002284829031219508
5403.0,0.2044587286134741
5404.0,0.08358239380531148
5405.0,-0.08424098757796537
5406.0,-0.2846161165147946
5407.0,-0.12767180050802926
5408.0,0.035434080338202216
5409.0,0.20095369539186003
5410.0,0.16120145485698767
5411.0,-0.0719156216694979
5412.0,-0.20259683066701692
5413.0,0.24083175444076388
5414.0,0.3073721118106943
5415.0,0.030530265472265658
5416.0,-0.28820702860616776
5417.0,-0.15116969203529987
5418.0,0.2798383881688854
5419.0,0.41273942770850236
5420.0,0.044871643296791136
5421.0,-0.10893756846455782
5422.0,-0.18039677742872787
5423.0,0.030845805654184898
5424.0,0.268641325392117
5425.0,0.10511837686809328
5426.0,-0.05126770370313714
5427.0,-0.10576603223629484
5428.0,-0.018377221059757802
5429.0,0.10740591893380189
5430.0,-0.06074285118448753
5431.0,-0.11370665645402507
5432.0,0.08144670968789833
5433.0,0.12120812396527936
5434.0,-0.009377407231073586
5435.0,-0.22483606990636035
5436.0,-0.15245612218895993
5437.0,-0.042120050028835856
5438.0,0.045334046190279254
5439.0,0.11240213337901848
5440.0,0.06460910238690915
5441.0,-0.29801241416467433
5442.0,-0.1260904612791287
5443.0,0.13998937359355365
5444.0,0.38781265188914144
5445.0,0.38301214395927907
5446.0,-0.24327629990924618
5447.0,-0.5960864270033079
5448.0,-0.17837648113915242
5449.0,0.4714995142302756
5450.0,0.6391491069972961
5451.0,-0.20194826858425405
5452.0,-0.8066142016532963
5453.0,-0.35731196249744507
5454.0,0.3338445436817795
5455.0,0.7528361296785845
5456.0,0.32935055270182606
5457.0,-0.42375027773656576
5458.0,-0.620525775560893
5459.0,0.00029229988868073435
5460.0,0.5435833346594949
5461.0,0.14345499210005888
5462.0,-0.49050482903616804
5463.0,-0.6248688886398978
5464.0,0.31238738531865623
5465.0,0.7731291114001011
5466.0,0.11604579500029692
5467.0,-0.5636970601774832
5468.0,-0.619569154739219
5469.0,-0.08076337499601245
5470.0,0.587183513975365
5471.0,0.38249477221352546
5472.0,-0.06277041087079756
5473.0,-0.13300065336070702
5474.0,-0.2025167227384603
5475.0,0.02037608817128966
5476.0,0.1861813465161714
5477.0,0.11901316297984951
5478.0,0.1904923888887677
5479.0,-0.11582886758477076
5480.0,-0.33297068862965695
5481.0,0.08560831953662364
5482.0,0.40078303799620674
5483.0,0.11652822855180768
5484.0,-0.38528964059933024
5485.0,-0.23366960387313815
5486.0,0.04708866595425963
5487.0,0.3018007474208133
5488.0,0.17489737943061842
5489.0,-0.14992410090252206
5490.0,-0.1439870363959084
5491.0,-0.24283919094141102
5492.0,-0.28775422706159687
5493.0,-0.05307701617332402
5494.0,0.292439747056912
5495.0,0.36178101329806156
5496.0,0.0006928440978909652
5497.0,-0.15640320534491592
5498.0,-0.15963035217991384
5499.0,0.32261554270190074
5500.0,0.46609945858603385
5501.0,0.09904556966403055
5502.0,-0.41420776426595296
5503.0,-0.4117800903452281
5504.0,0.06189170152558809
5505.0,0.4467007071152846
5506.0,0.2272574900926145
5507.0,-0.27000068033511254
5508.0,-0.5836387228264971
5509.0,-0.1903852717118668
5510.0,0.5561663863643337
5511.0,0.5008804242232018
5512.0,-0.20836693077200985
5513.0,-0.42251896525237204
5514.0,-0.20848487679426086
5515.0,0.22079247492763038
5516.0,0.2922198063647875
5517.0,-0.09588007680534351
5518.0,-0.4641146975394642
5519.0,-0.05862510265464731
5520.0,0.4083898683824379
5521.0,0.5184811516908652
5522.0,-0.08348367821265601
5523.0,-0.8152355974103009
5524.0,-0.6044343163895819
5525.0,0.6299453496576447
5526.0,1.1767780222323283
5527.0,0.015536223529105764
5528.0,-1.369976879145807
5529.0,-0.9235240194537123
5530.0,0.5362078999465512
5531.0,1.35234648434795
5532.0,0.4428115426874568
5533.0,-1.0914949869849269
5534.0,-1.0169028134729015
5535.0,0.5319739262579761
5536.0,1.5575507013516339
5537.0,0.6005451498379997
5538.0,-1.251375692157816
5539.0,-1.3744030301731929
5540.0,0.16222589761671763
5541.0,1.4495087046473007
5542.0,0.6527386465423957
5543.0,-0.8487031901083605
5544.0,-1.2889315795848237
5545.0,-0.05379733381851362
5546.0,1.3904887892303297
5547.0,0.8025379511619699
5548.0,-0.7477713016058892
5549.0,-1.4406116318848583
5550.0,-0.4442969870342872
5551.0,1.1934237939659749
5552.0,1.3388510085375898
5553.0,-0.13943051372667695
5554.0,-1.4334560820768993
5555.0,-0.9536782267861784
5556.0,0.7710675251998453
5557.0,1.498792476916614
5558.0,0.186976937203367
5559.0,-1.5223711485120575
5560.0,-1.3917631817221046
5561.0,0.5639702314158483
5562.0,1.8249254068835838
5563.0,0.9397301967509862
5564.0,-1.0445806185850126
5565.0,-1.6318657116061308
5566.0,-0.3268397558235014
5567.0,1.2714775094236828
5568.0,1.0755749770076852
5569.0,-0.34374099555065873
5570.0,-1.2777115864593875
5571.0,-0.4136540444955578
5572.0,0.923404978615468
5573.0,1.0625740285909058
5574.0,-0.30274705597539714
5575.0,-1.1142329748746955
5576.0,-0.6424330530271898
5577.0,0.5482952793033951
5578.0,0.8463394950315203
5579.0,0.3844857340975876
5580.0,-0.5560304953959416
5581.0,-0.9090456348591744
5582.0,0.12907013940008874
5583.0,1.1442412570249547
5584.0,0.6028489307093052
5585.0,-0.9732570582786295
5586.0,-1.3272524441382674
5587.0,-0.2117319837705432
5588.0,1.0659851770429234
5589.0,0.9319708217109165
5590.0,-0.4748718281798
5591.0,-1.2143678422418362
5592.0,-0.6619728987762371
5593.0,0.622834890433627
5594.0,1.050331692235801
5595.0,0.06724859419454285
5596.0,-0.9438730312189537
5597.0,-0.5805017652381375
5598.0,0.49962549148475177
5599.0,0.9637787811925685
5600.0,0.07255426811351903
5601.0,-0.7631591565596548
5602.0,-0.5868040845848825
5603.0,0.2619793019182613
5604.0,0.8535299593711028
5605.0,0.5965989098283904
5606.0,-0.39329907529093877
5607.0,-1.0016716949232396
5608.0,-0.3952778997259114
5609.0,0.5710067494650718
5610.0,0.8922070161301805
5611.0,-0.05093192685935796
5612.0,-0.7470140503547436
5613.0,-0.35165502793872744
5614.0,0.2909813792011237
5615.0,0.6408661338701397
5616.0,0.04505820990058209
5617.0,-0.6172034471218323
5618.0,-0.5724070362135899
5619.0,0.28908329751172024
5620.0,0.912565259536316
5621.0,0.381673359487209
5622.0,-0.8334219485260046
5623.0,-0.8310755304633852
5624.0,0.1348638103705773
5625.0,0.8794438051541548
5626.0,0.5614557454045838
5627.0,-0.41976238613637046
5628.0,-0.7580506746709259
5629.0,-0.03925437195474803
5630.0,0.6211169835438032
5631.0,0.2903699199963516
5632.0,-0.15105614186469907
5633.0,-0.5136936393083437
5634.0,-0.3510793907142359
5635.0,0.24214240893863942
5636.0,0.8055656454043829
5637.0,0.2622046964279202
5638.0,-0.7563401148952621
5639.0,-0.915887315256749
5640.0,0.049999116588955624
5641.0,1.0203663515433161
5642.0,0.588686196399359
5643.0,-0.7576367326173591
5644.0,-1.116709477765027
5645.0,-0.26898204509604634
5646.0,0.8016694448703119
5647.0,0.9063712403322878
5648.0,-0.23442540906813936
5649.0,-1.2540419439816475
5650.0,-0.7136822266269556
5651.0,0.8537000070890214
5652.0,1.4165442381129412
5653.0,-0.08597879228060501
5654.0,-1.4938289107563025
5655.0,-0.9448322090041664
5656.0,0.6896506531560461
5657.0,1.5943051926276575
5658.0,0.5527714759361211
5659.0,-1.2203941500009439
5660.0,-1.3382690896158018
5661.0,0.11600628464382709
5662.0,1.4814094471506825
5663.0,0.987215312529452
5664.0,-0.6268394312858261
5665.0,-1.2237603600266527
5666.0,-0.19473355964746733
5667.0,1.0384666977309178
5668.0,1.0978010861932332
5669.0,-0.2719587564936163
5670.0,-1.3103148655387464
5671.0,-0.4233517820477506
5672.0,1.054048966261042
5673.0,1.3450826235913134
5674.0,0.2322909867763132
5675.0,-1.0690204381912205
5676.0,-1.083844398680537
5677.0,0.1772728078416241
5678.0,1.2230865308118357
5679.0,0.5850301462142778
5680.0,-0.928223737300148
5681.0,-1.3601402687321322
5682.0,0.030655135473697383
5683.0,1.4528057245390693
5684.0,1.0851616522550835
5685.0,-0.689262708372112
5686.0,-1.4450012592937918
5687.0,-0.29269733874518855
5688.0,1.1983560961842268
5689.0,1.0344162293911177
5690.0,-0.2997924899931667
5691.0,-1.2552080652974773
5692.0,-0.8375845149839142
5693.0,0.596991075603915
5694.0,1.3197360365644448
5695.0,0.44160937277187806
5696.0,-0.9750181702767342
5697.0,-1.1374746800410158
5698.0,0.46625956018154174
5699.0,1.4394425934943773
5700.0,0.6561222829785813
5701.0,-0.9349773210962067
5702.0,-1.1082255331096122
5703.0,-0.12179015972507526
5704.0,1.232581117679481
5705.0,0.9602274114137078
5706.0,-0.5625424998002979
5707.0,-1.4348350508089434
5708.0,-0.5948337873515526
5709.0,1.3950972970049424
5710.0,1.5837775637764573
5711.0,-0.21562291678905907
5712.0,-1.8397273702442625
5713.0,-1.027703389615519
5714.0,1.0381540353452705
5715.0,1.732787614819827
5716.0,0.2437057696492256
5717.0,-1.4739065464038472
5718.0,-1.2558919269724287
5719.0,0.6275892507679461
5720.0,1.7432992699419347
5721.0,0.4984369568172007
5722.0,-1.3929936969070764
5723.0,-1.6672291164625686
5724.0,0.20849386240258858
5725.0,1.9287216044795095
5726.0,1.4756374559925478
5727.0,-1.136261568225902
5728.0,-2.2754845353043134
5729.0,-0.5535110885365062
5730.0,1.5867428540258361
5731.0,1.807250464331592
5732.0,-0.09982684825404159
5733.0,-1.834739625325959
5734.0,-1.3135841712124405
5735.0,0.8776282017929264
5736.0,2.019928818646756
5737.0,0.45048175580713706
5738.0,-1.691780352018483
5739.0,-1.4475879507444585
5740.0,0.7099469088353466
5741.0,1.8859040010184491
5742.0,0.6577412290640607
5743.0,-1.3704502853838805
5744.0,-1.541827060462352
5745.0,0.45123697939072344
5746.0,1.7556705937226003
5747.0,0.6598013095279401
5748.0,-1.1885674150263161
5749.0,-1.6213299437689426
5750.0,-0.15451794357146073
5751.0,1.6386292868090013
5752.0,1.3481818182121443
5753.0,-0.630808749404488
5754.0,-1.9232662497415753
5755.0,-0.8404515840594478
5756.0,1.1902387636300016
5757.0,1.7727305730251162
5758.0,0.2592036375584684
5759.0,-1.3337520022879348
5760.0,-1.1693459662702312
5761.0,0.6348396264109606
5762.0,1.7180473994542556
5763.0,0.3886491839177133
5764.0,-1.2685817942049946
5765.0,-1.3511722746951875
5766.0,0.11611264520431908
5767.0,1.4394896522761027
5768.0,0.9984506092795956
5769.0,-0.5171015819377012
5770.0,-1.3496968548001826
5771.0,-0.456252299034028
5772.0,1.0040457388595725
5773.0,1.258592126067994
5774.0,0.12745259097569997
5775.0,-1.286668613683698
5776.0,-1.2054925784573307
5777.0,0.22793146238015113
5778.0,1.3607602487420738
5779.0,0.5978251865621617
5780.0,-1.0364853770345446
5781.0,-1.323367388831608
5782.0,0.22052027028278012
5783.0,1.6583829143179056
5784.0,0.8702084603847683
5785.0,-1.1141714719388796
5786.0,-1.673802272128828
5787.0,-0.1669994727947251
5788.0,1.4606082955335715
5789.0,1.1888048540346332
5790.0,-0.30928110425619715
5791.0,-1.4879924061116507
5792.0,-0.7606506472461745
5793.0,1.0140894533657976
5794.0,1.5719357279865533
5795.0,0.18539327392569976
5796.0,-1.662610648101048
5797.0,-1.5128559281526746
5798.0,0.5334507353517085
5799.0,1.8342166809547789
5800.0,0.7372882867520454
5801.0,-1.2672154344568496
5802.0,-1.6807421958980822
5803.0,-0.04553987836568965
5804.0,1.6433364234119132
5805.0,1.1563199671570294
5806.0,-0.7748106960966191
5807.0,-1.7097998157333447
5808.0,-0.5572058566071868
5809.0,1.2054833336180857
5810.0,1.5215984639383948
5811.0,0.0416961107486146
5812.0,-1.2540848510244045
5813.0,-0.80481476763679
5814.0,0.6109058220937689
5815.0,1.3669666558655922
5816.0,0.19899646842006888
5817.0,-1.5237906425796008
5818.0,-1.3420457602160987
5819.0,0.29642211787327505
5820.0,1.386648645756721
5821.0,0.8120591317341257
5822.0,-0.8467745471824656
5823.0,-1.1974442261545655
5824.0,0.03228712146845821
5825.0,1.1045925548063005
5826.0,0.8196623324922273
5827.0,-0.28445126620313954
5828.0,-0.8123448505672161
5829.0,-0.3340119184885303
5830.0,0.48778098908095685
5831.0,0.7178727851287974
5832.0,0.3298543688904886
5833.0,-0.5445326389665326
5834.0,-0.7068304453668656
5835.0,0.21278206686049395
5836.0,0.8937989417141047
5837.0,0.3589588712666428
5838.0,-0.8266877982419912
5839.0,-1.1487157703447957
5840.0,-0.15403864944526488
5841.0,1.0409171997851594
5842.0,0.9794990396166227
5843.0,-0.18872500178007806
5844.0,-1.2801514229609652
5845.0,-0.912015920920445
5846.0,0.4489999094085158
5847.0,1.354788504462665
5848.0,0.4795175480262516
5849.0,-0.8962917995170651
5850.0,-1.2416723775199605
5851.0,-0.04063377986765628
5852.0,1.1118307569930237
5853.0,0.9079895044718004
5854.0,-0.5272376360776324
5855.0,-1.3823531716233493
5856.0,-0.572098924038206
5857.0,1.1035086203219717
5858.0,1.2126392504229344
5859.0,-0.23418488620263436
5860.0,-1.3688417283737093
5861.0,-0.7272370215275964
5862.0,0.8156412614881541
5863.0,1.4127817240342508
5864.0,0.35556165636356657
5865.0,-1.1904469830674231
5866.0,-1.238966493792546
5867.0,0.20180947728714008
5868.0,1.1457391818728797
5869.0,0.6598792866837182
5870.0,-0.7376740929966505
5871.0,-1.065867767260167
5872.0,-0.22121937844397838
5873.0,0.9207281369231272
5874.0,0.879806744706369
5875.0,-0.1071495097669178
5876.0,-1.0701096583294631
5877.0,-0.7968397624728658
5878.0,0.4120539319352427
5879.0,0.9574306619978887
5880.0,-0.03712779809754188
5881.0,-1.0758077815699398
5882.0,-0.7855107389552333
5883.0,0.6159897710609948
5884.0,1.2009542910617947
5885.0,0.1734024651508213
5886.0,-1.0530299663863765
5887.0,-0.7581073275085111
5888.0,0.42390101801713204
5889.0,1.1237920284197918
5890.0,0.5605421325423824
5891.0,-0.7643772742995774
5892.0,-1.1706823257129306
5893.0,-0.2926137458851765
5894.0,1.1313111778609384
5895.0,1.0969634463366007
5896.0,-0.2731463424646479
5897.0,-1.3395867403473127
5898.0,-0.7432423950044643
5899.0,0.7890049557492238
5900.0,1.4115025990921808
5901.0,0.085641560421724
5902.0,-1.4407624508538601
5903.0,-1.031067147290171
5904.0,0.7297211334024043
5905.0,1.707302120197878
5906.0,0.6774220399903262
5907.0,-1.285356828085387
5908.0,-1.7052478244924814
5909.0,0.1266093501558818
5910.0,1.8303646942349021
5911.0,1.1653403364306727
5912.0,-1.1633670914888503
5913.0,-1.9758267372785054
5914.0,-0.2643782709259912
5915.0,1.7717811598117212
5916.0,1.572572677942259
5917.0,-0.2790473776241588
5918.0,-1.7349327561834587
5919.0,-0.8865507664501914
5920.0,0.9117088641987662
5921.0,1.4509510095059195
5922.0,0.20955910436828384
5923.0,-1.407604414355873
5924.0,-1.454509172517125
5925.0,0.49481610915425145
5926.0,1.6503240247033784
5927.0,0.7476581311818874
5928.0,-1.1784198958033798
5929.0,-1.725648508498483
5930.0,-0.13834710968740155
5931.0,1.4023036467585324
5932.0,1.2788822274339975
5933.0,-0.22498497200157805
5934.0,-1.5324510361767747
5935.0,-0.8451143066492758
5936.0,0.8236521847697382
5937.0,1.6777528280422704
5938.0,0.4143253335730756
5939.0,-1.5231957935413825
5940.0,-1.5373577072205056
5941.0,0.5257814832376067
5942.0,2.0117089447603385
5943.0,0.7894606563473805
5944.0,-1.6222601859509838
5945.0,-1.9794514044933538
5946.0,0.138201824354785
5947.0,2.00352743582797
5948.0,1.5385485803888492
5949.0,-0.8350382522040632
5950.0,-2.301423303495547
5951.0,-0.9687555062506009
5952.0,1.4679729373282737
5953.0,2.0268798986979624
5954.0,0.06368547715769204
5955.0,-1.9669357686904634
5956.0,-1.666461716464962
5957.0,0.6620221562830554
5958.0,2.2088019573850253
5959.0,1.0227416492797163
5960.0,-1.6010839927564786
5961.0,-2.1713406077442294
5962.0,-0.09678658569732626
5963.0,2.1947765847162097
5964.0,1.6551480191744141
5965.0,-0.9012129898244676
5966.0,-2.289181281121496
5967.0,-0.6910740089125263
5968.0,1.6974469062131534
5969.0,2.0260988119447054
5970.0,-0.21557127990720243
5971.0,-2.118336853567606
5972.0,-1.2843450958475584
5973.0,1.4212362641150198
5974.0,2.3381730572849144
5975.0,0.3174232302435163
5976.0,-2.0530541364704806
5977.0,-2.0705496077275125
5978.0,0.2140792661648167
5979.0,2.2502370967918623
5980.0,1.5382982337638207
5981.0,-0.9928894574381086
5982.0,-2.192116639909929
5983.0,-0.721256519397267
5984.0,1.6618360221157469
5985.0,1.926504848858032
5986.0,-0.5186368259779541
5987.0,-2.2338841377334404
5988.0,-1.0108738704356484
5989.0,1.298612171909887
5990.0,2.2769150341586526
5991.0,0.5514308572441945
5992.0,-1.6584132659105957
5993.0,-1.8505341512981348
5994.0,0.4511402478010716
5995.0,2.1313127497446986
5996.0,1.000859517760964
5997.0,-1.3557376697223933
5998.0,-1.9756914163203942
5999.0,-0.2392092892836554
6000.0,1.7524993022866977
6001.0,1.6390836613677868
6002.0,-0.5746683005077808
6003.0,-2.081846627428033
6004.0,-1.2297551949143108
6005.0,1.1798385844603778
6006.0,2.0435656157027764
6007.0,0.46014653433065916
6008.0,-1.8059067382392027
6009.0,-1.7918516202348538
6010.0,0.606165102860313
6011.0,2.221092714696813
6012.0,0.9932903759748304
6013.0,-1.6023478465539367
6014.0,-2.2892879215672974
6015.0,0.12905119405845378
6016.0,2.4431924625126684
6017.0,1.4810068554338065
6018.0,-1.2993976061902115
6019.0,-2.443841092922229
6020.0,-0.42262835160154655
6021.0,2.1652721451929526
6022.0,1.9921742138582836
6023.0,-0.45352866844668566
6024.0,-2.4386901281060633
6025.0,-1.43390931131632
6026.0,1.498603406233136
6027.0,2.488386513225559
6028.0,0.5568942605363999
6029.0,-2.152398906560901
6030.0,-2.2100069519279666
6031.0,0.8356377725118387
6032.0,2.767752275702909
6033.0,1.1453824572781015
6034.0,-2.002923195067193
6035.0,-2.538031775742835
6036.0,0.07649197320609913
6037.0,2.646379957847118
6038.0,1.7652986120169603
6039.0,-1.432979952386798
6040.0,-2.84633249896136
6041.0,-0.6358764609888526
6042.0,2.293083297979749
6043.0,2.0336001895842633
6044.0,-0.6951924870619803
6045.0,-2.8167424877812404
6046.0,-1.255921744189779
6047.0,1.9432817658945802
6048.0,2.7167484636900587
6049.0,0.18951258006585167
6050.0,-2.6820296064850817
6051.0,-1.9907146044531856
6052.0,1.2000069802776077
6053.0,2.794420999330439
6054.0,1.0193910719954904
6055.0,-1.9834556167288193
6056.0,-2.609539604022311
6057.0,0.1981375891163398
6058.0,2.519067478067631
6059.0,1.5581427890646593
6060.0,-1.417312889259688
6061.0,-2.3702066086371674
6062.0,-0.11459613672682588
6063.0,2.553575813872677
6064.0,2.064861127255349
6065.0,-1.0894908883351546
6066.0,-2.916575370842509
6067.0,-1.0710158136940293
6068.0,2.0670207512592356
6069.0,2.4359403576830228
6070.0,-0.30733820221188785
6071.0,-2.5264878424714015
6072.0,-1.486275447718965
6073.0,1.4033047949299922
6074.0,2.4190001781383597
6075.0,0.43093608151172547
6076.0,-2.2272995753815397
6077.0,-2.0113913294859302
6078.0,0.7152567930223742
6079.0,2.2914166118147072
6080.0,0.7979090837578611
6081.0,-1.7127605675351247
6082.0,-2.4801090467719926
6083.0,-0.20252708841712133
6084.0,2.420359102713845
6085.0,1.9928885403466163
6086.0,-1.0526829227888495
6087.0,-2.8718586588004
6088.0,-1.0239683262333492
6089.0,1.990322922467792
6090.0,2.3920728463751866
6091.0,-0.01767344497215969
6092.0,-2.384712582544927
6093.0,-1.7586418052401775
6094.0,1.3075107439527367
6095.0,2.7744352253938103
6096.0,0.6528502675871912
6097.0,-2.280443686454111
6098.0,-2.183788589086577
6099.0,0.6290843937398235
6100.0,2.7344182474408423
6101.0,1.4398050005811531
6102.0,-1.7287737889009152
6103.0,-2.675053129703396
6104.0,-0.5364625926054393
6105.0,2.3430217043727684
6106.0,2.1549218942764594
6107.0,-1.0832917210851865
6108.0,-2.6733072123450015
6109.0,-0.6821250164290227
6110.0,2.0014148019973503
6111.0,2.243100084943269
6112.0,-0.5033050315575198
6113.0,-2.7103877094155413
6114.0,-1.582857346079721
6115.0,1.2495555583902425
6116.0,2.4407154241973985
6117.0,0.4191399345746866
6118.0,-2.136203141578701
6119.0,-2.0797443530504873
6120.0,0.5281652330857463
6121.0,2.538670361779908
6122.0,1.0512001566042115
6123.0,-1.6768662983528335
6124.0,-2.147138039058862
6125.0,0.07056051641355593
6126.0,2.2352320365238008
6127.0,1.56646562126579
6128.0,-1.0482200671216315
6129.0,-2.3292627575707634
6130.0,-0.5671160523690096
6131.0,1.7923658803839493
6132.0,1.6816314215939927
6133.0,-0.5051420115342096
6134.0,-2.028285911015758
6135.0,-0.9459568866234251
6136.0,1.2668137708331697
6137.0,1.9593984580032586
6138.0,0.14405099535648655
6139.0,-1.8828780353982812
6140.0,-1.3463683049847213
6141.0,0.7718201192556646
6142.0,1.624122831482886
6143.0,0.3792590114922183
6144.0,-1.429777521192304
6145.0,-1.317110983606029
6146.0,0.46734805500399795
6147.0,1.685866528135232
6148.0,0.7475791752174361
6149.0,-1.0902932637792182
6150.0,-1.3372996003529967
6151.0,0.22520064926598374
6152.0,1.8630243894366911
6153.0,1.033778832074315
6154.0,-1.1185760388542418
6155.0,-1.9440874726357993
6156.0,-0.38791676308531836
6157.0,1.7294834275619861
6158.0,1.731283834611871
6159.0,-0.06654165786403234
6160.0,-1.7994230027525961
6161.0,-1.1641498103768027
6162.0,0.9242513950779297
6163.0,1.7435361830748135
6164.0,0.31120517286046057
6165.0,-1.6778962825297472
6166.0,-1.480870191277277
6167.0,0.6903291025635895
6168.0,1.7604686970158352
6169.0,0.5877411718801576
6170.0,-1.4431407933032596
6171.0,-1.5984888940590338
6172.0,0.4607775498492365
6173.0,1.9363384078268626
6174.0,0.9994436875608332
6175.0,-1.2266183144786569
6176.0,-1.9008240901157731
6177.0,-0.179830393867096
6178.0,1.5995706761332944
6179.0,1.4940928642920703
6180.0,-0.6376769692092225
6181.0,-1.9317652726055614
6182.0,-0.8729447511120703
6183.0,1.1062793115729708
6184.0,1.5717319998026202
6185.0,0.09063250275850984
6186.0,-1.3011139950265551
6187.0,-1.1247068009898864
6188.0,0.6343057954875424
6189.0,1.3814873253995223
6190.0,0.45099559814101214
6191.0,-1.243618051679672
6192.0,-1.514596704700153
6193.0,0.08940405221072036
6194.0,1.4201311635945757
6195.0,1.0219870107660771
6196.0,-0.4573973909176953
6197.0,-1.2322015829052366
6198.0,-0.5193308099990005
6199.0,0.6359304375221573
6200.0,1.0691205919763374
6201.0,0.4346666829276757
6202.0,-0.7008515956295579
6203.0,-1.069530017539677
6204.0,-0.20983408584139296
6205.0,0.8744875911356652
6206.0,0.8561729761540037
6207.0,-0.23829040765702236
6208.0,-0.8973082959052181
6209.0,-0.41027705601724485
6210.0,0.5849236554011907
6211.0,0.827504908304452
6212.0,0.14348868148920418
6213.0,-0.5968050155891775
6214.0,-0.7710203698259307
6215.0,0.20956164379207387
6216.0,0.871535544222688
6217.0,0.3647721796693338
6218.0,-0.6171578479985559
6219.0,-0.7001612253254879
6220.0,-0.10431700261011533
6221.0,0.5311376211532485
6222.0,0.47670832923732276
6223.0,-0.1956643689909788
6224.0,-0.4729361004313195
6225.0,-0.09849559911283047
6226.0,0.29995277373512114
6227.0,0.5260917228631854
6228.0,-0.09840465689395764
6229.0,-0.7139513918536317
6230.0,-0.4586494463390999
6231.0,0.12064781798711202
6232.0,0.5838849439601608
6233.0,0.17934968167404672
6234.0,-0.34851488091995925
6235.0,-0.7638843251537596
6236.0,-0.15063518528433967
6237.0,0.6065313962035073
6238.0,0.5293330976387992
6239.0,-0.1991304132552199
6240.0,-0.6978097787842735
6241.0,-0.30518728328015765
6242.0,0.5758932217930915
6243.0,0.9778329269854814
6244.0,0.3023871344639493
6245.0,-0.7062014491798562
6246.0,-1.0373053290853285
6247.0,-0.13044829835311336
6248.0,1.0416806688913205
6249.0,1.0731481347745455
6250.0,-0.41042985569328694
6251.0,-1.3581868545244882
6252.0,-0.8388637881940554
6253.0,0.6972997125618183
6254.0,1.32421043073092
6255.0,0.19250979595469594
6256.0,-0.9848269588713638
6257.0,-0.8376293941041909
6258.0,0.47477695981525786
6259.0,1.150461026274522
6260.0,0.04112063397969118
6261.0,-1.1241326121508188
6262.0,-0.775456286056376
6263.0,0.4958945756544866
6264.0,1.2860612622650671
6265.0,0.2767227349439565
6266.0,-0.8932289172999506
6267.0,-0.7936874602670487
6268.0,0.37424584248466464
6269.0,1.0724886216922032
6270.0,0.38560645482109457
6271.0,-0.723650377272022
6272.0,-1.0435520374301193
6273.0,-0.14382286010466364
6274.0,0.8108481698628889
6275.0,0.7505103742921907
6276.0,-0.35416759733033215
6277.0,-1.079096627050422
6278.0,-0.42707797226869487
6279.0,0.7782238133413393
6280.0,0.7765307324836086
6281.0,-0.25602014806673895
6282.0,-0.8906290359707102
6283.0,-0.3712015521399908
6284.0,0.605702363379805
6285.0,0.6904768410195323
6286.0,0.19693957321260436
6287.0,-0.564004279737197
6288.0,-0.4121407094837475
6289.0,0.24808526008279536
6290.0,0.8467736766571584
6291.0,0.3943100998506052
6292.0,-0.44171859468867697
6293.0,-0.35942813598240597
6294.0,0.10505927627815229
6295.0,0.45908773561449595
6296.0,0.09532307519393941
6297.0,-0.2585772979254871
6298.0,-0.48550168350032874
6299.0,-0.13034630265118646
6300.0,0.303277105507028
6301.0,0.4233503235178481
6302.0,-0.2791669236039255
6303.0,-0.4853299311183092
6304.0,-0.0701612109204959
6305.0,0.3015584488699114
6306.0,0.4503521457252079
6307.0,-0.2105874072978237
6308.0,-0.6252860044735861
6309.0,-0.2092273222885839
6310.0,0.4685599326806998
6311.0,0.4668182819607128
6312.0,-0.3329045555290469
6313.0,-0.7452069721758333
6314.0,-0.20549053673639903
6315.0,0.7091086377211141
6316.0,0.7070204574349205
6317.0,0.2003357841620092
6318.0,-0.6279094135685969
6319.0,-0.7021243033513678
6320.0,0.1693512470812412
6321.0,0.8547826104515682
6322.0,0.7153397081003017
6323.0,-0.269653375335683
6324.0,-0.9261366519084694
6325.0,-0.4024234868639401
6326.0,0.7809643415748925
6327.0,1.0875798237063856
6328.0,-0.016626943065352458
6329.0,-1.1209757784750307
6330.0,-0.7370308899870887
6331.0,0.5367784464752395
6332.0,1.3434843407604258
6333.0,0.3200638200479527
6334.0,-1.121840837753814
6335.0,-1.157119346198358
6336.0,0.3697216861705088
6337.0,1.4564324460839093
6338.0,0.7360498539476071
6339.0,-0.6864207154282993
6340.0,-1.2476007101237612
6341.0,-0.21864473059868036
6342.0,0.9019650169555989
6343.0,0.8132143982199967
6344.0,-0.3015440399208575
6345.0,-1.3793095029444253
6346.0,-0.5879234062429602
6347.0,0.7177667778765799
6348.0,0.9508954445072136
6349.0,0.12231167116548444
6350.0,-0.9566404829360822
6351.0,-0.696613004718189
6352.0,0.41967658972408806
6353.0,1.1450953400821404
6354.0,0.23579483640068802
6355.0,-1.04835869681572
6356.0,-0.8711791617735092
6357.0,0.4699229341752271
6358.0,1.3054538216833504
6359.0,0.2026472176210096
6360.0,-1.1317071474902471
6361.0,-1.0018615570467193
6362.0,0.6548706870931983
6363.0,1.5811332937011737
6364.0,0.49987898405836706
6365.0,-1.3668623109167173
6366.0,-1.3010456765928036
6367.0,0.3168689080277892
6368.0,1.6152204870354185
6369.0,0.6109731184987853
6370.0,-1.305810680489746
6371.0,-1.416288516783499
6372.0,0.1564162028676457
6373.0,1.7496320807755736
6374.0,1.105198018942145
6375.0,-1.1211978789361916
6376.0,-2.1000889492951798
6377.0,-0.4090782097733771
6378.0,1.73210193935837
6379.0,1.726451873223342
6380.0,-0.4503978964092381
6381.0,-1.8962500550727466
6382.0,-0.8347689648190618
6383.0,1.2143403920278857
6384.0,1.761796752251231
6385.0,-0.11161007446758339
6386.0,-1.553852743600139
6387.0,-0.8895171629278094
6388.0,0.9750472985954254
6389.0,1.6211315783934006
6390.0,0.36457837401562065
6391.0,-1.4294563942464935
6392.0,-1.4409572728627844
6393.0,0.440805170076674
6394.0,1.306622210464361
6395.0,0.34691769389671273
6396.0,-1.1563748296413068
6397.0,-1.1385960580132284
6398.0,0.40143533144684046
6399.0,1.537240275033421
6400.0,0.882613868699034
6401.0,-0.89858801725651
6402.0,-1.4005100145521574
6403.0,-0.03045676526846638
6404.0,1.3879853493748615
6405.0,0.922914703361021
6406.0,-0.49249705109492775
6407.0,-1.2780984399693824
6408.0,-0.22973293603896144
6409.0,1.2592909263997734
6410.0,1.4176687180537664
6411.0,-0.32482240160453113
6412.0,-1.6680152216050246
6413.0,-0.9681888953323973
6414.0,0.9925702709987367
6415.0,1.7344707716194896
6416.0,0.29931054052946593
6417.0,-1.4799923628294707
6418.0,-1.1680260167255516
6419.0,0.5057822543160555
6420.0,1.7277852341016426
6421.0,0.5645074237264195
6422.0,-1.4312365060931918
6423.0,-1.9384011287006706
6424.0,0.00838661863187476
6425.0,1.899650345515712
6426.0,1.3215435616587596
6427.0,-0.9100527878134798
6428.0,-2.1213630447852605
6429.0,-0.7675502989244175
6430.0,1.3276739109785676
6431.0,1.7513123762337983
6432.0,-0.19690887834926718
6433.0,-1.9760386510719878
6434.0,-1.3192708277927725
6435.0,0.9552792302822
6436.0,2.024173752698517
6437.0,0.6612893880988293
6438.0,-1.4317240906486257
6439.0,-1.7013292900613108
6440.0,0.3466051341265975
6441.0,2.0036675474583068
6442.0,0.9622207583877253
6443.0,-1.5361716625197805
6444.0,-2.310387705008224
6445.0,-0.09092524529913551
6446.0,2.220866472379936
6447.0,1.660135215578011
6448.0,-1.195010120538068
6449.0,-2.408936639372886
6450.0,-0.31232249509802157
6451.0,2.012766402632772
6452.0,1.8852532706998508
6453.0,-0.6411941470877285
6454.0,-2.1976131153586804
6455.0,-0.7560113009520815
6456.0,1.4165026473295028
6457.0,1.8501056869601948
6458.0,-0.2808563564080692
6459.0,-1.8613420647587404
6460.0,-0.9177141341618038
6461.0,1.1783375183020743
6462.0,1.6927827782229883
6463.0,0.18776103965459612
6464.0,-1.2998352608434947
6465.0,-1.2257686073284682
6466.0,0.4117925299742325
6467.0,1.529071933567151
6468.0,0.7070655510726775
6469.0,-0.9856152617119536
6470.0,-1.487573731648597
6471.0,0.052890968299416266
6472.0,1.5538014076122688
6473.0,1.1820321545471588
6474.0,-0.5187195121113034
6475.0,-1.6060775235463407
6476.0,-0.624059767578591
6477.0,1.1009447900867588
6478.0,1.5132374945809661
6479.0,0.10032979065371983
6480.0,-1.1915678956047644
6481.0,-0.8908642172599257
6482.0,0.7823941077838771
6483.0,1.4451025019558268
6484.0,0.4950668249092666
6485.0,-1.2268732227894168
6486.0,-1.330879895562673
6487.0,0.28660394087877816
6488.0,1.5881534130323742
6489.0,1.0793597638359835
6490.0,-0.9033366423566195
6491.0,-1.635826731627866
6492.0,-0.2608516540691314
6493.0,1.2908752729936763
6494.0,1.2518891774908718
6495.0,-0.6260346323895496
6496.0,-1.8310485900447484
6497.0,-0.7265433587808855
6498.0,1.2627483469632523
6499.0,1.6330927706206853
6500.0,0.0008418034016941736
6501.0,-1.655346886183068
6502.0,-1.3363192536407913
6503.0,0.6987663332598394
6504.0,1.9239199753032759
6505.0,0.944549980189221
6506.0,-1.3211889376928254
6507.0,-1.98790131885396
6508.0,-0.12113307318258318
6509.0,2.065353043308963
6510.0,1.5676229909064014
6511.0,-0.793993647946755
6512.0,-2.029203777609475
6513.0,-0.8826002071261573
6514.0,1.5602486363224823
6515.0,2.2007286062383775
6516.0,0.02247142408873506
6517.0,-2.0881615123302835
6518.0,-1.4843435028340604
6519.0,0.9792624881859391
6520.0,2.09166115638799
6521.0,0.8616538151781835
6522.0,-1.2560549911972467
6523.0,-1.5846572451376744
6524.0,-0.017296005345583145
6525.0,1.6999548468387553
6526.0,1.276361936347628
6527.0,-0.8290089060664072
6528.0,-1.8339305786772
6529.0,-0.5347080845140123
6530.0,1.3215482769861642
6531.0,1.3763059319520385
6532.0,-0.175356055458791
6533.0,-1.510954203550526
6534.0,-1.008291868345013
6535.0,0.7849887348909754
6536.0,1.4554193082896991
6537.0,0.2619424999320444
6538.0,-1.0925242299974587
6539.0,-1.0377974367324496
6540.0,0.18793437563230944
6541.0,1.1629992396756843
6542.0,0.732037610067593
6543.0,-0.7018690864893674
6544.0,-1.3039153649747814
6545.0,-0.11592504812378042
6546.0,1.3848799166018475
6547.0,0.9831479147515254
6548.0,-0.5200079997510589
6549.0,-1.2826631299047881
6550.0,-0.3792727337218226
6551.0,1.0582268194088802
6552.0,1.013470453949412
6553.0,-0.15125381165065022
6554.0,-1.344396783435119
6555.0,-0.9024590793700902
6556.0,0.8418276955668804
6557.0,1.4349401324085782
6558.0,0.18617892993816915
6559.0,-1.11118168983342
6560.0,-1.1424414071660765
6561.0,0.43098117256739044
6562.0,1.255854007612109
6563.0,0.768607684645869
6564.0,-0.49308167792382046
6565.0,-1.1889086429719609
6566.0,-0.2527443680182779
6567.0,0.99303250364413
6568.0,1.0163774916535906
6569.0,-0.35466733459901606
6570.0,-1.251272932463746
6571.0,-0.6258900490809947
6572.0,0.8222880151470132
6573.0,1.080638158059311
6574.0,0.0029851926096322273
6575.0,-0.8331774322600095
6576.0,-0.8063015406873952
6577.0,0.1501356262510169
6578.0,0.9591737541327698
6579.0,0.4477197985835497
6580.0,-0.6634553710590215
6581.0,-0.8222440314523323
6582.0,0.0552898091598914
6583.0,0.9521281983377186
6584.0,0.536254221106468
6585.0,-0.47693657886450214
6586.0,-0.8365351528602067
6587.0,-0.34112835092396404
6588.0,0.4139911713398366
6589.0,0.7618965437765368
6590.0,0.21471334238510822
6591.0,-0.4900903896306891
6592.0,-0.5724370930204964
6593.0,0.2647727748148335
6594.0,0.6978559801829243
6595.0,0.10049760906232094
6596.0,-0.6049796646164448
6597.0,-0.5800432516900482
6598.0,0.5020484166650812
6599.0,1.0018553274753468
6600.0,0.1617948379009829
6601.0,-0.6546223745938389
6602.0,-0.6724157280906436
6603.0,0.18296472698078936
6604.0,0.957930788756705
6605.0,0.49825445869957297
6606.0,-0.48029302140977226
6607.0,-0.8765148413348508
6608.0,-0.014620767690942806
6609.0,0.9261620906090395
6610.0,0.7032054082386031
6611.0,-0.22083561843214955
6612.0,-1.0085658472596302
6613.0,-0.5466553324216566
6614.0,0.6894117115886516
6615.0,1.0349626644989587
6616.0,0.2915576648093324
6617.0,-1.0607780919709424
6618.0,-1.1056418496914875
6619.0,0.38940125576505935
6620.0,1.4726093481724385
6621.0,0.5256440817946271
6622.0,-0.8317247529410928
6623.0,-1.085263973379704
6624.0,0.027994042675813183
6625.0,1.1310202569796306
6626.0,0.7278161957514954
6627.0,-0.4013099695928409
6628.0,-1.2409547204906826
6629.0,-0.6326933170436095
6630.0,0.8131535912395715
6631.0,1.1322557967968834
6632.0,0.12194095256138977
6633.0,-1.118430029681148
6634.0,-0.983442387771633
6635.0,0.31673853272972724
6636.0,1.2608802625107989
6637.0,0.48191906623395614
6638.0,-1.0250055073556417
6639.0,-1.301867062773293
6640.0,0.1424545205561052
6641.0,1.5554457962155535
6642.0,1.1118746525868572
6643.0,-0.8697410901430503
6644.0,-1.8708929109822976
6645.0,-0.4997990668452417
6646.0,1.430975346804722
6647.0,1.4331572526005636
6648.0,-0.5747314648964443
6649.0,-1.8672972571624322
6650.0,-0.7310448754483265
6651.0,1.3452793408849506
6652.0,1.9190826212444365
6653.0,0.10210137615844969
6654.0,-1.6599284870319655
6655.0,-1.3012916763625975
6656.0,0.6381438603390388
6657.0,1.8309570475610013
6658.0,0.59661220616919
6659.0,-1.2572192460771554
6660.0,-1.6935443517252136
6661.0,-0.006418617455826729
6662.0,1.92055807835922
6663.0,1.4932626363032058
6664.0,-0.8023119717817767
6665.0,-2.33117219530498
6666.0,-0.7039383791439541
6667.0,1.9970142703591942
6668.0,2.19895160340898
6669.0,-0.27496592052929025
6670.0,-2.270878799019064
6671.0,-1.5167132056844854
6672.0,1.307354609026523
6673.0,2.3076728208961574
6674.0,0.36735877148619445
6675.0,-2.1283591593095688
6676.0,-2.0055818363533913
6677.0,0.5748525351555246
6678.0,2.504121245804183
6679.0,1.254661606299171
6680.0,-1.2099566405120352
6681.0,-2.246406537702043
6682.0,-0.5969331783226154
6683.0,1.8169329431920795
6684.0,1.8424537085474877
6685.0,-0.4124015856372631
6686.0,-2.196607170841068
6687.0,-1.4760445471350727
6688.0,0.9235660871699358
6689.0,2.1038627725771035
6690.0,0.6218277125122649
6691.0,-1.576882808190927
6692.0,-1.681018507215628
6693.0,0.23767921867192954
6694.0,1.822744025364549
6695.0,0.8733990327974915
6696.0,-1.2177828404065283
6697.0,-1.8436320599590974
6698.0,-0.15174847162963773
6699.0,1.7006138950658392
6700.0,1.625681871213788
6701.0,-0.4910676833264059
6702.0,-1.8743465476824164
6703.0,-0.7633018194198979
6704.0,1.1323299056998795
6705.0,1.5246755149976763
6706.0,0.06705569834030241
6707.0,-1.3141271089635735
6708.0,-1.0149304292154528
6709.0,0.39784392382626665
6710.0,1.235437623952517
6711.0,0.5964227402948641
6712.0,-0.6912249206880278
6713.0,-1.348942183678916
6714.0,-0.364900863721861
6715.0,1.0232683859212153
6716.0,1.2066043188796536
6717.0,0.1355678940749205
6718.0,-0.9855895180072921
6719.0,-0.888864103919456
6720.0,0.29235555241478234
6721.0,1.1946088072581942
6722.0,0.5353172467695542
6723.0,-0.9194678576701879
6724.0,-1.1198553446569146
6725.0,-0.13818539366640292
6726.0,1.1434236649578424
6727.0,1.1136014292958691
6728.0,-0.3113374507225093
6729.0,-1.4627464111205135
6730.0,-0.8658183119027734
6731.0,0.7471332483606551
6732.0,1.4133613824230444
6733.0,0.30989940370549923
6734.0,-1.2046481243088298
6735.0,-1.2991443951100026
6736.0,0.15786139700512763
6737.0,1.2821910945436115
6738.0,0.696361234309135
6739.0,-1.049440247096305
6740.0,-1.4293539628872223
6741.0,-0.08356212639189096
6742.0,1.45526104710602
6743.0,0.9625630774171002
6744.0,-0.7084312162950454
6745.0,-1.426048819591726
6746.0,-0.30849528065674864
6747.0,1.2122164368377277
6748.0,1.1642645093263562
6749.0,-0.4960487630935119
6750.0,-1.474200374075887
6751.0,-0.5480063457117577
6752.0,0.9402787014794184
6753.0,1.3306175415475507
6754.0,-0.07224238871547006
6755.0,-1.217839085699643
6756.0,-0.8375740781559045
6757.0,0.5395296230918019
6758.0,1.3461803413076958
6759.0,0.5518074899468499
6760.0,-0.8338211967191353
6761.0,-1.0988233989459555
6762.0,-0.02861863118425936
6763.0,1.036429699126719
6764.0,0.7977636409053488
6765.0,-0.3176832634907556
6766.0,-1.064490675618494
6767.0,-0.43568940693497277
6768.0,0.6525749644905837
6769.0,0.8449259251133928
6770.0,0.1816104038910851
6771.0,-0.7892628237730076
6772.0,-0.8721765477505444
6773.0,0.033952739175863576
6774.0,0.7338461055642496
6775.0,0.3642259651306293
6776.0,-0.5473313576145502
6777.0,-0.6206173236455019
6778.0,0.20630998982564422
6779.0,0.817886672593095
6780.0,0.2777846099000731
6781.0,-0.6443616423431289
6782.0,-0.8483639072769009
6783.0,0.02439952145187006
6784.0,0.850052874267706
6785.0,0.718487749393674
6786.0,-0.2722033797152491
6787.0,-0.7180522632381343
6788.0,-0.520536416858154
6789.0,0.3803371394558489
6790.0,0.6462523501223255
6791.0,0.12101167944955656
6792.0,-0.5187939586092266
6793.0,-0.624741177066605
6794.0,-0.0034152123863037125
6795.0,0.7506178589448196
6796.0,0.7051311197557656
6797.0,-0.24554702837777934
6798.0,-0.9400359699481426
6799.0,-0.5904346421989115
6800.0,0.6460598630568948
6801.0,0.8996437025170001
6802.0,0.01579322484281465
6803.0,-0.9308753736526021
6804.0,-0.6375739088737787
6805.0,0.5090487977132596
6806.0,0.8350481760612793
6807.0,0.14318334956712608
6808.0,-0.8615591697057474
6809.0,-0.7699301643783006
6810.0,0.17093103063303355
6811.0,0.9661605492384915
6812.0,0.6218318392275837
6813.0,-0.29437398000921555
6814.0,-0.7776051984029492
6815.0,-0.19134234581280304
6816.0,0.6655753038522849
6817.0,0.7207477013920155
6818.0,-0.1912856111674223
6819.0,-0.7065884484099919
6820.0,-0.198518720255477
6821.0,0.5772356149748094
6822.0,0.7321076499026666
6823.0,0.14994561111524318
6824.0,-0.41502577428758414
6825.0,-0.3467688371041416
6826.0,0.08262136504120164
6827.0,0.36298299157190284
6828.0,-0.13895400659127805
6829.0,-0.49934585886523175
6830.0,-0.15908771917937545
6831.0,0.2734765500488203
6832.0,0.4682673110729201
6833.0,-0.06818647828096172
6834.0,-0.6037588042235077
6835.0,-0.5788238390651939
6836.0,0.11973860461625276
6837.0,0.5347008856409157
6838.0,0.10528853467395997
6839.0,-0.39883730938421497
6840.0,-0.36321782402496783
6841.0,0.12451541964309597
6842.0,0.511321585640267
6843.0,0.058616596112174596
6844.0,-0.567036358538152
6845.0,-0.08221945482117177
6846.0,0.3317464324658621
6847.0,0.14431274956918036
6848.0,-0.38106703558922156
6849.0,-0.4807288517419793
6850.0,0.044078553237161436
6851.0,0.5245209186362426
6852.0,0.37515063705587304
6853.0,-0.18321572631708072
6854.0,-0.5587439117444851
6855.0,-0.3435552467582525
6856.0,0.4769053040610858
6857.0,0.6583705759576991
6858.0,0.051190301677164485
6859.0,-0.44393524801788664
6860.0,-0.36105923256603983
6861.0,0.4137067529887715
6862.0,0.47764681953889565
6863.0,-0.03583289210548514
6864.0,-0.4721381208358024
6865.0,-0.2664428460401002
6866.0,0.3893894609272702
6867.0,0.5461442076336901
6868.0,0.037489970738969744
6869.0,-0.45871531014899136
6870.0,-0.5388617911755006
6871.0,-0.1285251241668094
6872.0,0.4231896064333835
6873.0,0.4998389444123633
6874.0,0.07192303899084473
6875.0,-0.5481157211074105
6876.0,-0.5426054137292909
6877.0,0.1748135817432203
6878.0,0.5156644296479195
6879.0,0.32310470861545804
6880.0,-0.3093781465065176
6881.0,-0.4624378263582368
6882.0,-0.019625949108022418
6883.0,0.37871449209670816
6884.0,0.2309351520369249
6885.0,-0.27943256319090387
6886.0,-0.2515558108168788
6887.0,0.0011331799105467203
6888.0,0.1825638443180622
6889.0,0.018735399445308058
6890.0,-0.16243356374208098
6891.0,-0.2117230032026528
6892.0,-0.1013045751992154
6893.0,0.3664191880680731
6894.0,0.4178247056246271
6895.0,-0.0553121158293501
6896.0,-0.6203725870452791
6897.0,-0.1418172749517385
6898.0,0.4891963990515534
6899.0,0.5325429772362592
6900.0,0.13972672107051132
6901.0,-0.42457818944402737
6902.0,-0.37204327637675777
6903.0,0.10308107590042552
6904.0,0.5732204339083282
6905.0,0.15831710464550067
6906.0,-0.6538319964812292
6907.0,-0.3412926877001895
6908.0,0.5553354509332575
6909.0,0.7805713794247379
6910.0,-0.1497024737677747
6911.0,-0.9636926516129123
6912.0,-0.6124721491812821
6913.0,0.723618591956832
6914.0,1.2965486109079705
6915.0,0.32483364146875215
6916.0,-1.174229247665067
6917.0,-1.3939106403359698
6918.0,0.10918341444304408
6919.0,1.6203621235816623
6920.0,0.9536954588602637
6921.0,-0.7326164913340082
6922.0,-1.5629860408875005
6923.0,-0.382088278746572
6924.0,1.1316743345754674
6925.0,1.01457634002384
6926.0,-0.24580773574052817
6927.0,-1.1420365479610826
6928.0,-0.5404966782837535
6929.0,0.7394143113347933
6930.0,0.8715390533908737
6931.0,-0.25499543512485023
6932.0,-1.0935738288494161
6933.0,-0.6370931627030262
6934.0,0.5415334486769366
6935.0,1.1588417438316414
6936.0,0.4091921975786388
6937.0,-1.0766242889644786
6938.0,-1.341268742906478
6939.0,0.21508141732589045
6940.0,1.703876694283074
6941.0,1.0544510413622752
6942.0,-0.8986055868237417
6943.0,-1.8311923776084589
6944.0,-0.5670981471155974
6945.0,1.5737694118427137
6946.0,1.7805318679035051
6947.0,-0.3452284873281879
6948.0,-1.8971992175793335
6949.0,-1.2963560925988582
6950.0,0.9896671519393562
6951.0,2.107829478508494
6952.0,0.4927581214281732
6953.0,-1.6691077728382924
6954.0,-1.7050293894707764
6955.0,0.5091096787928776
6956.0,2.12321366760858
6957.0,1.0755884556227153
6958.0,-1.3970747738868723
6959.0,-1.957664738718988
6960.0,-0.08666045524852015
6961.0,1.8693323022325044
6962.0,1.6828076322099448
6963.0,-0.7884514407388522
6964.0,-2.1881175672682622
6965.0,-0.8002140995883996
6966.0,1.6093577559841035
6967.0,2.123283337780805
6968.0,-0.023718983597935648
6969.0,-2.073198515904036
6970.0,-1.6960552866235454
6971.0,1.0257149105755317
6972.0,2.306311634167996
6973.0,0.6243425613794664
6974.0,-1.7599341014132452
6975.0,-2.0204077932180744
6976.0,0.012872124099456735
6977.0,1.9972085504873138
6978.0,1.4196941115960866
6979.0,-0.9036237245241135
6980.0,-2.055250958284579
6981.0,-0.6546117769967097
6982.0,1.6265123462712108
6983.0,1.9709015336848332
6984.0,-0.006511737576494533
6985.0,-2.066283490338488
6986.0,-1.3441097726695683
6987.0,0.9652468780539768
6988.0,1.9724530089726635
6989.0,0.5580615318492724
6990.0,-1.4055205856075819
6991.0,-1.546559398630476
6992.0,0.16930856397539848
6993.0,1.791969165596902
6994.0,1.2114203656045077
6995.0,-0.8017478903402642
6996.0,-1.8321663447092862
6997.0,-0.5004669217982919
6998.0,1.4768160305908926
6999.0,1.6805063222608085
7000.0,-0.10353363071604624
7001.0,-1.42965515455187
7002.0,-0.9637893709188592
7003.0,0.7485972008889534
7004.0,1.522182027798669
7005.0,0.4504813776811088
7006.0,-0.8742025259349998
7007.0,-0.8870340080864586
7008.0,0.19235631328620997
7009.0,1.2152445028086583
7010.0,0.5478865889660431
7011.0,-0.9237624704859538
7012.0,-1.2796358421761937
7013.0,0.2554868668349771
7014.0,1.4169496992993256
7015.0,1.0093507794947698
7016.0,-0.8485215573626635
7017.0,-1.633192559093411
7018.0,-0.3636385703652296
7019.0,1.2642928234425421
7020.0,1.402093553727053
7021.0,-0.09451751631846668
7022.0,-1.3215601221099489
7023.0,-0.6875639564601382
7024.0,1.1669476817957969
7025.0,1.613566650259295
7026.0,0.1363827774327357
7027.0,-1.5245073051893336
7028.0,-1.302195556258804
7029.0,0.42162389568598985
7030.0,1.517710429132938
7031.0,0.6718594256689233
7032.0,-0.9765838676788322
7033.0,-1.4519802926765513
7034.0,-0.14105272012627063
7035.0,1.4618977162582267
7036.0,1.3471584453740102
7037.0,-0.6817875854552327
7038.0,-1.9234408186471665
7039.0,-0.7606075533083028
7040.0,1.305292732670694
7041.0,1.9263480044975927
7042.0,0.003067851229417498
7043.0,-1.8798459974830795
7044.0,-1.3435501180352027
7045.0,0.8978678035560098
7046.0,2.148551898517179
7047.0,0.5921230404879757
7048.0,-1.5312851673847183
7049.0,-1.769557896682182
7050.0,0.2237206729602976
7051.0,1.965743699926139
7052.0,1.240402712133219
7053.0,-1.0662148943643153
7054.0,-1.8053954868854265
7055.0,-0.21765796820099262
7056.0,1.4315225842855912
7057.0,1.0521534971380626
7058.0,-0.6056125898816355
7059.0,-1.6435064564708257
7060.0,-0.504803242002329
7061.0,1.3083681055940362
7062.0,1.2563910878823532
7063.0,-0.4538948298210494
7064.0,-1.5185996724914839
7065.0,-0.7179534747656966
7066.0,1.0619608850702593
7067.0,1.6443372498200477
7068.0,0.3230060093927073
7069.0,-1.0415029030726353
7070.0,-1.3423595122967495
7071.0,-0.10502755734840712
7072.0,1.0431137038668352
7073.0,0.8509718139561183
7074.0,-0.36093098488902964
7075.0,-1.320076312004236
7076.0,-0.8122054954064633
7077.0,0.7529223150547072
7078.0,1.277076434886082
7079.0,0.22326405945325045
7080.0,-0.9358588416450924
7081.0,-0.8853175306512546
7082.0,0.551447781281952
7083.0,1.1794476449950873
7084.0,0.19320982064095438
7085.0,-1.2624464143426586
7086.0,-1.2507592681641582
7087.0,0.4212630421778406
7088.0,1.564577628702014
7089.0,0.8521398231663091
7090.0,-1.0250055291356175
7091.0,-1.5391938999362185
7092.0,-0.0890640901224965
7093.0,1.5106902130526747
7094.0,1.2643889380129028
7095.0,-0.5528318183176626
7096.0,-1.5611159115804008
7097.0,-0.6113357357915996
7098.0,0.9602888884664429
7099.0,1.3682423169587155
7100.0,0.010730660702007615
7101.0,-1.2497888186847528
7102.0,-0.8538614488665178
7103.0,0.5372857010510586
7104.0,1.1974472963335347
7105.0,0.32634595179701775
7106.0,-0.9619946365787282
7107.0,-1.0052413087331442
7108.0,0.5669985672731117
7109.0,1.2420663287491822
7110.0,0.4313707727115881
7111.0,-0.8456453376783936
7112.0,-1.1347337317420962
7113.0,-0.07313789743528454
7114.0,1.1178204889922945
7115.0,0.875393816887978
7116.0,-0.6070722522637555
7117.0,-1.2893239789929476
7118.0,-0.617822421655981
7119.0,0.6253443218969469
7120.0,1.0870559335991696
7121.0,0.1373171846691719
7122.0,-0.7796666792742114
7123.0,-0.6934542053427878
7124.0,0.31017329584175607
7125.0,0.8234881316587565
7126.0,0.39411253636405236
7127.0,-0.6103434168190299
7128.0,-0.7859162053783992
7129.0,0.13572960744661872
7130.0,0.9853210983425186
7131.0,0.7472645946732868
7132.0,-0.5462816083830409
7133.0,-1.0968267889681005
7134.0,-0.33506395560769675
7135.0,0.8089372379428892
7136.0,0.8998257625837964
7137.0,-0.2607378130243675
7138.0,-1.2746321162718868
7139.0,-0.7571338125453262
7140.0,0.8654584211114347
7141.0,1.2829195042408208
7142.0,-0.04269505041533751
7143.0,-1.334824848128119
7144.0,-0.7691488340308521
7145.0,0.7026482526781358
7146.0,1.1719997703553968
7147.0,0.18829856322627203
7148.0,-0.9521765720259255
7149.0,-0.924839183871347
7150.0,0.2422113533575019
7151.0,1.0876012988890256
7152.0,0.695392771013851
7153.0,-0.43894734844508254
7154.0,-0.7469180719527811
7155.0,-0.06555502295816595
7156.0,0.6245596253136196
7157.0,0.7269350050498423
7158.0,-0.0018200184197939087
7159.0,-0.9912017385514622
7160.0,-0.7790918636926575
7161.0,0.2959262021052265
7162.0,0.7876687616039272
7163.0,0.3482294853837694
7164.0,-0.5217667456099542
7165.0,-0.7895433499266852
7166.0,-0.03007752849650905
7167.0,0.7331684719638017
7168.0,0.4428039485566164
7169.0,-0.22874880208625614
7170.0,-0.628110536114742
7171.0,-0.1295446187656188
7172.0,0.6264232600384418
7173.0,0.6004351783674565
7174.0,-0.12687798879652507
7175.0,-0.9771788362656487
7176.0,-0.6420598615529013
7177.0,0.14313335095658522
7178.0,0.9089483731303023
7179.0,0.5376090597173699
7180.0,-0.4664400687969657
7181.0,-0.9115624868257546
7182.0,-0.4370421327901642
7183.0,0.7343492287729155
7184.0,0.6960301310973261
7185.0,-0.34840679175922307
7186.0,-0.8241665683611165
7187.0,-0.17551918546834402
7188.0,0.6545701611156564
7189.0,0.6068975684608736
7190.0,-0.37609417289263014
7191.0,-0.982902129655006
7192.0,-0.3551690472751988
7193.0,0.6615011387317629
7194.0,0.9188293943685358
7195.0,0.07891872564764363
7196.0,-0.9258015844404354
7197.0,-0.7469044864057803
7198.0,0.4190189867164358
7199.0,0.8880928129711835
7200.0,0.13382442187662563
7201.0,-0.812474968131355
7202.0,-0.8115877482656357
7203.0,0.13191257545448515
7204.0,1.0521623501080997
7205.0,0.7057689882551793
7206.0,-0.6985091563124208
7207.0,-1.0650028422853404
7208.0,-0.04606773186408669
7209.0,0.8661486800911943
7210.0,0.6538284852748729
7211.0,-0.22869959579685914
7212.0,-0.7724484196469432
7213.0,-0.5500246536201506
7214.0,0.4155702880096382
7215.0,0.9373435329049915
7216.0,0.25721396915427414
7217.0,-0.8703306321521398
7218.0,-0.9047611673589682
7219.0,0.19713931188927664
7220.0,1.346746730166514
7221.0,0.5103713043914457
7222.0,-0.6696812542200912
7223.0,-1.054785680412994
7224.0,0.17443956578665384
7225.0,1.2027535753027352
7226.0,0.9736585609935436
7227.0,-0.6599670163009497
7228.0,-1.211505469187023
7229.0,-0.28569895300963893
7230.0,1.0376954914428556
7231.0,1.0571617763904615
7232.0,-0.3779977935066622
7233.0,-1.348498473610607
7234.0,-0.6224300796087717
7235.0,0.9204280434648212
7236.0,1.166960240069448
7237.0,-0.02710592913770961
7238.0,-1.1963586770024859
7239.0,-1.078042590540963
7240.0,0.34755218187147807
7241.0,1.0262873383013111
7242.0,0.7033482179641712
7243.0,-0.525204454138392
7244.0,-0.9792591556830222
7245.0,-0.05151956337860232
7246.0,0.900871988661541
7247.0,0.8028952088255195
7248.0,-0.1644782718884799
7249.0,-0.8969341580896626
7250.0,-0.3348292308686301
7251.0,0.3149157984928636
7252.0,0.4547650065285173
7253.0,-0.014344757796353743
7254.0,-0.35296248812660125
7255.0,-0.08724472685839879
7256.0,0.4137038174784884
7257.0,0.4187106504721197
7258.0,-0.2722721727280256
7259.0,-0.7536471685211549
7260.0,-0.3841032018232327
7261.0,0.46290397318911064
7262.0,0.5891493726844331
7263.0,-0.04981562484639955
7264.0,-0.9168174715960159
7265.0,-0.6454576581811028
7266.0,0.1705210017068609
7267.0,0.7801897782934718
7268.0,0.35185261384666183
7269.0,-0.5203131179697335
7270.0,-0.7556798147912852
7271.0,-0.23807243678315412
7272.0,0.5009966529906905
7273.0,0.8000481693753212
7274.0,0.12274317738467518
7275.0,-0.5682426159804437
7276.0,-0.6137802854615905
7277.0,0.1225507393324602
7278.0,0.5127782963297827
7279.0,-0.01811284129838595
7280.0,-0.6366286388879745
7281.0,-0.5424498686484938
7282.0,0.19044552592844635
7283.0,0.631944229377604
7284.0,0.1635061102793689
7285.0,-0.4173874753776723
7286.0,-0.6396328289044433
7287.0,0.02704724015186258
7288.0,0.5488179783532542
7289.0,0.21747291048186235
7290.0,-0.48479194588769536
7291.0,-0.5697872427241019
7292.0,-0.15427361163771766
7293.0,0.32125672855577253
7294.0,0.42397033393332734
7295.0,-0.09600834104789084
7296.0,-0.28380734459791446
7297.0,-0.07176391958356876
7298.0,0.40391946055474764
7299.0,0.15404610585918757
7300.0,-0.35269198825612436
7301.0,-0.3447360011877947
7302.0,0.32234232898634846
7303.0,0.32037640642178306
7304.0,0.04748905970479071
7305.0,-0.4209293260729049
7306.0,-0.45399346562705883
7307.0,0.17292049779561883
7308.0,0.699111286354205
7309.0,0.41038374751695883
7310.0,-0.47879174100922645
7311.0,-0.8099166009219009
7312.0,0.0733229108410859
7313.0,0.9305887651434229
7314.0,0.5041628713629026
7315.0,-0.5572322904157038
7316.0,-0.5580801852208874
7317.0,0.29411169214850563
7318.0,0.8342237843400758
7319.0,0.41933873616419903
7320.0,-0.6687611442391889
7321.0,-0.80491669446647
7322.0,0.07419616251725072
7323.0,0.904772274910575
7324.0,0.477097216598528
7325.0,-0.6621407015915844
7326.0,-0.9303388036547952
7327.0,-0.11693393052188797
7328.0,0.9407001775479263
7329.0,0.8337169572609449
7330.0,-0.21846311798136678
7331.0,-0.8049172764694421
7332.0,-0.3787652391064659
7333.0,0.6535966731308582
7334.0,1.1595214232005175
7335.0,0.23445410038761727
7336.0,-0.7382697877489893
7337.0,-0.7060389941546028
7338.0,0.004728715107157263
7339.0,0.7603678500440809
7340.0,0.5250332188426006
7341.0,-0.25322950329098076
7342.0,-0.757212731204937
7343.0,-0.4035425431846439
7344.0,0.4290339227974437
7345.0,0.7767830951894725
7346.0,-0.018622366274116963
7347.0,-0.8264697473996525
7348.0,-0.7697147060996078
7349.0,0.3697588027930318
7350.0,1.1491594231394
7351.0,0.4646327873621043
7352.0,-0.8674049717252503
7353.0,-0.9909389099945394
7354.0,-0.03577808631654892
7355.0,0.8059963143479658
7356.0,0.6002287612134005
7357.0,-0.49493937393487414
7358.0,-1.071933859595216
7359.0,-0.0940215566223697
7360.0,1.0689915860110095
7361.0,0.6551443261633697
7362.0,-0.29611452340969
7363.0,-0.9748279800727264
7364.0,-0.585591815819613
7365.0,0.6321768664545392
7366.0,0.9750727942780661
7367.0,-0.20980041816099548
7368.0,-1.1115478325665995
7369.0,-0.6044012990807204
7370.0,0.5182503152499878
7371.0,0.9166817819251919
7372.0,0.17433888409842202
7373.0,-0.7053126471876265
7374.0,-0.6216365565458374
7375.0,-0.008019722031985092
7376.0,0.5766950704586428
7377.0,0.2467162107954735
7378.0,-0.19750783184736245
7379.0,-0.4036105896592957
7380.0,-0.041205684122061825
7381.0,0.3487710565178967
7382.0,0.42013610030217824
7383.0,-0.21167476911554733
7384.0,-0.5734491903853831
7385.0,-0.23479808890795326
7386.0,0.4683138189064399
7387.0,0.8348276162407051
7388.0,-0.17992622307717213
7389.0,-1.0474186789856204
7390.0,-0.7621534564542508
7391.0,0.482892406651996
7392.0,1.224179386865034
7393.0,0.45427298083547407
7394.0,-0.7820586187210483
7395.0,-1.1779375145146218
7396.0,-0.152188167850887
7397.0,1.1769062965733699
7398.0,1.0203532044265664
7399.0,-0.6553793685507134
7400.0,-1.79869244966068
7401.0,-0.6130423511822061
7402.0,1.4160019743548058
7403.0,1.8559219085123022
7404.0,-0.007033981963762876
7405.0,-1.9191641706548794
7406.0,-1.4705326148063513
7407.0,0.822723652108848
7408.0,2.1767278216678014
7409.0,0.5442647435766557
7410.0,-1.7605194256906982
7411.0,-1.76332154870366
7412.0,0.5753980614170651
7413.0,2.2218426464949688
7414.0,0.9706391207995386
7415.0,-1.6178879812596056
7416.0,-2.1055408175065424
7417.0,-0.077988437027412
7418.0,1.9530894879492504
7419.0,1.4606050240258617
7420.0,-1.0535675903274555
7421.0,-2.3805769479455665
7422.0,-0.5466006930375956
7423.0,1.9665585042580058
7424.0,2.042978361074376
7425.0,-0.28792157430197896
7426.0,-2.2952882767295333
7427.0,-1.4671599825861947
7428.0,1.2621768528406005
7429.0,2.5246740747515832
7430.0,0.5449041032660812
7431.0,-1.9650519755949727
7432.0,-1.9281386567837768
7433.0,0.6167076429536276
7434.0,2.247570529816297
7435.0,0.8861566200918721
7436.0,-1.5638977088056838
7437.0,-2.1400713319134463
7438.0,-0.14474497367832112
7439.0,2.138706534576477
7440.0,1.7112136970341
7441.0,-0.915620117858182
7442.0,-2.3379260512882163
7443.0,-0.8701683435299061
7444.0,1.7728490654278788
7445.0,2.070431313689508
7446.0,0.04126176203001892
7447.0,-2.068426241831171
7448.0,-1.5244077909674856
7449.0,0.9546777846397071
7450.0,2.175212579998075
7451.0,0.6654631257564495
7452.0,-1.6498909006072686
7453.0,-1.8957493520594901
7454.0,0.11786954965808026
7455.0,2.0738095818098623
7456.0,1.440554423302591
7457.0,-0.9628136264618253
7458.0,-2.2105537377501525
7459.0,-0.8179068561222869
7460.0,1.4866726335566904
7461.0,1.8176304932149743
7462.0,-0.0026155268536505257
7463.0,-1.7200590017281392
7464.0,-1.069308337067274
7465.0,0.8349506127016698
7466.0,1.52253469439797
7467.0,0.31431719175480966
7468.0,-1.4889145450873953
7469.0,-1.251877809673361
7470.0,0.6110698553404086
7471.0,1.6780500510346525
7472.0,0.47049514101522927
7473.0,-1.2884849423756302
7474.0,-1.5568988682867642
7475.0,-0.06031850425929635
7476.0,1.5077678758780317
7477.0,1.0349891408283964
7478.0,-0.6410652141487527
7479.0,-1.7167471586394945
7480.0,-0.8180830579203879
7481.0,1.19101580904132
7482.0,1.5883985848934137
7483.0,-0.011545300652501065
7484.0,-1.5882093287232235
7485.0,-1.136806404178247
7486.0,0.8712402137480968
7487.0,1.7513698953560057
7488.0,0.37877840061539075
7489.0,-1.20126281699631
7490.0,-1.4165505061244135
7491.0,0.16290964855382348
7492.0,1.3783231319285498
7493.0,0.8467550913828102
7494.0,-0.7845618780980766
7495.0,-1.2812342344818022
7496.0,-0.01326128538998631
7497.0,1.0712438866409424
7498.0,0.801192668532681
7499.0,-0.7129651613326169
7500.0,-1.3418716763700707
7501.0,-0.399677253580365
7502.0,0.9720722192666255
7503.0,1.057489371620103
7504.0,-0.30057396194489133
7505.0,-1.3599621285233636
7506.0,-0.8062864004640209
7507.0,0.5956113005180352
7508.0,1.3578824177784274
7509.0,0.4513985629481678
7510.0,-0.9961928810925358
7511.0,-1.2133998565285649
7512.0,0.15216260314983215
7513.0,1.427898394287364
7514.0,0.8239634929835571
7515.0,-0.8986488466028681
7516.0,-1.269883163621276
7517.0,-0.14984428197363653
7518.0,1.1314773313724995
7519.0,0.7856043688167518
7520.0,-0.46167061440063994
7521.0,-1.1854198834555556
7522.0,-0.33487399887587915
7523.0,0.8094212158621787
7524.0,1.0481651000006498
7525.0,-0.011044902887785068
7526.0,-0.9497787546029489
7527.0,-0.5023770210777048
7528.0,0.5047064155799742
7529.0,1.0129965045284122
7530.0,0.06759484327337359
7531.0,-0.802356115222685
7532.0,-0.6249281586918208
7533.0,0.2987637840388701
7534.0,0.7197601519501452
7535.0,0.29934655488120676
7536.0,-0.35718985732717834
7537.0,-0.6878703006357478
7538.0,-0.29785579146805524
7539.0,0.47338494733960607
7540.0,0.7578603023091546
7541.0,-0.11714315681608876
7542.0,-0.9958353957805149
7543.0,-0.6633925482191155
7544.0,0.44609325750527784
7545.0,1.1356576174406303
7546.0,0.39508022423622546
7547.0,-0.8468863254596979
7548.0,-1.081431422179747
7549.0,0.019093282486211168
7550.0,0.9203008849399175
7551.0,0.7234535989329081
7552.0,-0.3254668744288006
7553.0,-0.8047070500960639
7554.0,-0.05276002120751538
7555.0,0.7289787681676165
7556.0,0.4584922849421133
7557.0,-0.4526570796867198
7558.0,-0.5998332234792988
7559.0,-0.04231840271332
7560.0,0.7641040685577226
7561.0,0.4809551983695781
7562.0,-0.6365938167725056
7563.0,-1.004241040850925
7564.0,-0.15800669468982667
7565.0,0.6616561136562666
7566.0,0.930643133435266
7567.0,0.2222868972890538
7568.0,-0.6155370543970065
7569.0,-0.7943583280705291
7570.0,-0.12252005820571567
7571.0,0.9606377197623648
7572.0,0.9669709220811908
7573.0,-0.2728044540446217
7574.0,-1.2864505919352514
7575.0,-0.5788251188406446
7576.0,0.7405525441461549
7577.0,1.2950328962691628
7578.0,0.3869714563563597
7579.0,-0.8915562273261216
7580.0,-1.1202977311498303
7581.0,0.1847623718188162
7582.0,1.1734217257501445
7583.0,0.653070831903328
7584.0,-0.8014920541150419
7585.0,-1.2757740876969923
7586.0,-0.05582047568891177
7587.0,1.096093848328484
7588.0,0.998304933931943
7589.0,-0.4805677038845987
7590.0,-1.4424810858565975
7591.0,-0.8257920451981208
7592.0,0.8456632164810631
7593.0,1.4591793553448207
7594.0,-0.005505112809170209
7595.0,-1.662955787886768
7596.0,-1.103057033940871
7597.0,0.6556199618053147
7598.0,1.5012604345607155
7599.0,0.3487207207260024
7600.0,-1.1774465699154364
7601.0,-1.1873627384944327
7602.0,0.19108539456914403
7603.0,1.3923037946436305
7604.0,0.6506255040766282
7605.0,-0.8330050583897767
7606.0,-1.2022159676596949
7607.0,-0.020150554561888707
7608.0,1.3468292258560632
7609.0,1.1151027522401342
7610.0,-0.34716550164484367
7611.0,-1.399147550350611
7612.0,-0.5878092599921196
7613.0,0.9014443239327274
7614.0,0.9763832827200449
7615.0,-0.1823112851388524
7616.0,-0.9885860621842719
7617.0,-0.6179104646580764
7618.0,0.4569303246077862
7619.0,1.0617935105605445
7620.0,0.2959680759164824
7621.0,-0.9434732019707481
7622.0,-0.9256718206704135
7623.0,0.08185285428175422
7624.0,0.9743000099143485
7625.0,0.805105609431287
7626.0,-0.2060282428289968
7627.0,-1.1867971010285565
7628.0,-0.8089389949990915
7629.0,0.29728598072166096
7630.0,1.0333958050281058
7631.0,0.43280471150822736
7632.0,-0.7674699981206444
7633.0,-1.0056221719011498
7634.0,0.009463054340128821
7635.0,1.3089579221264833
7636.0,0.939216087078835
7637.0,-0.716336023507778
7638.0,-1.6954647051958278
7639.0,-0.6466406049102363
7640.0,1.2040031456677807
7641.0,1.7542102522861927
7642.0,0.12442293736974255
7643.0,-1.5568907991753225
7644.0,-1.1215868160345572
7645.0,0.9074132017968424
7646.0,1.987399163677956
7647.0,0.7151797622058719
7648.0,-1.5830500928384974
7649.0,-1.9439796735164545
7650.0,0.1078112716997711
7651.0,1.94224074614431
7652.0,1.204885140556761
7653.0,-1.050117659934
7654.0,-1.8972644420936842
7655.0,-0.2810537877519514
7656.0,1.783785404643606
7657.0,1.6434941697987713
7658.0,-0.59427754381845
7659.0,-1.9316674069716977
7660.0,-0.7150142141538838
7661.0,1.2814699778029708
7662.0,1.57759709352797
7663.0,-0.10425438681695418
7664.0,-1.843429054334023
7665.0,-1.052903679882778
7666.0,0.9428073598390045
7667.0,1.6296017872106399
7668.0,0.13580743372120183
7669.0,-1.5462464477386009
7670.0,-1.1643633817742647
7671.0,0.5457419516704626
7672.0,1.328405916630245
7673.0,0.4981352767733054
7674.0,-0.920488247863183
7675.0,-1.0867790481259485
7676.0,0.02883745551631801
7677.0,1.2556427142240632
7678.0,0.7778675427954076
7679.0,-0.8834683120365966
7680.0,-1.2587876177891477
7681.0,-0.001413997838679284
7682.0,1.1544136918999766
7683.0,0.7866648461758801
7684.0,-0.6587018287592112
7685.0,-1.4797581450399044
7686.0,-0.371970065610729
7687.0,1.0183484214512748
7688.0,1.1128672088016438
7689.0,-0.4512814084255489
7690.0,-1.4955391133340767
7691.0,-0.3424346704602161
7692.0,1.4068106966368061
7693.0,1.2161761558381068
7694.0,-0.659096843476803
7695.0,-1.515018163248877
7696.0,-0.7424800871402386
7697.0,0.9528318941285132
7698.0,1.675803775883195
7699.0,0.33200526921566115
7700.0,-1.43038409753511
7701.0,-1.2892825437645585
7702.0,0.45403779060574045
7703.0,1.5414969549517792
7704.0,0.8558594188091613
7705.0,-0.880383826260495
7706.0,-1.524124660129186
7707.0,-0.044346033399131186
7708.0,1.5193002560943614
7709.0,1.3521938699101845
7710.0,-0.21230320236949854
7711.0,-1.4107728473112873
7712.0,-0.7332422051342739
7713.0,0.8796826748597633
7714.0,1.315250052838542
7715.0,0.11117501231431463
7716.0,-1.298412105441358
7717.0,-0.9284734998586636
7718.0,0.7683829539772115
7719.0,1.257523672692173
7720.0,0.11755522012378541
7721.0,-1.1727018925771568
7722.0,-0.9651750415864806
7723.0,0.5833923309326317
7724.0,1.3475110095310676
7725.0,0.3559602503664915
7726.0,-0.8996345672295993
7727.0,-1.2018581572323157
7728.0,0.01373681574486934
7729.0,1.272135107792837
7730.0,0.7516199055310868
7731.0,-0.6586317485994116
7732.0,-1.5245306110848296
7733.0,-0.5411268978252005
7734.0,1.0803195747264884
7735.0,1.3554815711714279
7736.0,-0.14445973441884224
7737.0,-1.3775099365628385
7738.0,-0.8615592455206319
7739.0,0.7782229033339653
7740.0,1.624330515217789
7741.0,0.5053361315389724
7742.0,-1.1337672155921397
7743.0,-1.3258235241888439
7744.0,0.1051334809244399
7745.0,1.4542162469568345
7746.0,0.9832303445410944
7747.0,-0.8613050138992572
7748.0,-1.3198682122015188
7749.0,0.08310287083132276
7750.0,1.6725304696971275
7751.0,0.8289549318180707
7752.0,-1.0962403671073078
7753.0,-1.662545586968448
7754.0,-0.08903089149128067
7755.0,1.7757893348996718
7756.0,1.4460581785533235
7757.0,-0.817380089165849
7758.0,-1.935849985771638
7759.0,-0.7286761039237362
7760.0,1.3531524610779928
7761.0,1.7830999450655756
7762.0,-0.05308929592073554
7763.0,-1.9132007472546257
7764.0,-1.1749473886787407
7765.0,1.1233967521191943
7766.0,1.917080400915853
7767.0,0.3525399686259537
7768.0,-1.464045817139342
7769.0,-1.6103207228167902
7770.0,0.13152899761046177
7771.0,1.677429687860353
7772.0,1.215178013656157
7773.0,-0.8691538579594609
7774.0,-1.7287124143077806
7775.0,-0.6517515647321945
7776.0,1.4172762676883424
7777.0,1.63755323961148
7778.0,-0.4082176682933485
7779.0,-1.8934688306439982
7780.0,-0.9353578749927118
7781.0,1.146651049426544
7782.0,1.9175497023629486
7783.0,0.4176765293911437
7784.0,-1.7816649551963786
7785.0,-1.6787520459842555
7786.0,0.7725601454182176
7787.0,2.3688736067440685
7788.0,1.0398558750933549
7789.0,-1.4709177314092385
7790.0,-2.184500014653962
7791.0,0.022620040257795435
7792.0,2.2339972807814283
7793.0,1.5708904297831552
7794.0,-1.0801305845191091
7795.0,-2.467899648650359
7796.0,-0.570380528598736
7797.0,1.7712605276405413
7798.0,2.0304115464779158
7799.0,-0.13216310106795484
7800.0,-2.3332555378555773
7801.0,-1.5300028607366776
7802.0,1.0273993653170317
7803.0,2.4094753975409042
7804.0,0.8838130886247125
7805.0,-1.6720410144316336
7806.0,-2.1467283890910434
7807.0,-0.014976061555313152
7808.0,1.948444586893683
7809.0,1.4033543803641255
7810.0,-0.9428899846102987
7811.0,-2.1231663796552636
7812.0,-0.6493880270305014
7813.0,1.5023837464949226
7814.0,1.7483442483018248
7815.0,-0.30318747552897035
7816.0,-1.9581364431323351
7817.0,-1.3641163765710818
7818.0,0.8281497928479957
7819.0,1.9443175733758353
7820.0,0.6393874845793069
7821.0,-1.3936310791063247
7822.0,-1.7888040828753902
7823.0,0.19756578034669672
7824.0,1.8398338633477214
7825.0,1.2863161951471596
7826.0,-0.6750733082459817
7827.0,-1.7643676187618982
7828.0,-0.47527404887974783
7829.0,1.4020860868409304
7830.0,1.7417914068718647
7831.0,0.04495232037759376
7832.0,-1.635242238213389
7833.0,-1.4669815337170904
7834.0,0.558019815881606
7835.0,1.8382687719774111
7836.0,0.7506468468279489
7837.0,-1.246061362620866
7838.0,-1.7354210258744187
7839.0,-0.20678906576652237
7840.0,1.5307864404061948
7841.0,1.2805516716014256
7842.0,-0.6275397753730302
7843.0,-1.663185178595711
7844.0,-0.358227076410118
7845.0,1.4336328627551755
7846.0,1.4590426837680541
7847.0,-0.22227824361094173
7848.0,-1.91612223330096
7849.0,-1.304679635092189
7850.0,0.8153310709072621
7851.0,1.922452428528283
7852.0,0.5504419528197733
7853.0,-1.4689699123460804
7854.0,-1.7301365237135449
7855.0,0.22819318135220143
7856.0,1.9318125616148125
7857.0,1.2118112287229106
7858.0,-1.069365565504072
7859.0,-1.719612002242354
7860.0,-0.1643609028325461
7861.0,1.5110229002851676
7862.0,1.2524992837030868
7863.0,-0.34700371721128226
7864.0,-1.6106649923512597
7865.0,-0.9232869390372918
7866.0,0.8953267365004892
7867.0,1.817302468590415
7868.0,0.27780161120466884
7869.0,-1.4388248508346442
7870.0,-1.2893605574170421
7871.0,0.5469231231989014
7872.0,1.515339996870244
7873.0,0.5877599407522416
7874.0,-1.1928563712878
7875.0,-1.4246000404465182
7876.0,0.1833858731606987
7877.0,1.5173565089814902
7878.0,0.847640032279056
7879.0,-0.8105221838681508
7880.0,-1.4072833768414477
7881.0,-0.24277991933721038
7882.0,1.1063896854958484
7883.0,0.92746340100705
7884.0,-0.4287802526405124
7885.0,-1.3303138213297585
7886.0,-0.4896618990275807
7887.0,0.7859656719998619
7888.0,0.958241855304966
7889.0,-0.043207133478399294
7890.0,-0.9469692181172036
7891.0,-0.6320899819446771
7892.0,0.24632332895437192
7893.0,0.8885328417030811
7894.0,0.531621759408837
7895.0,-0.4558472223834939
7896.0,-0.8427086075696917
7897.0,0.1493195079707234
7898.0,0.7103567560382342
7899.0,0.40547404059999875
7900.0,-0.3411502973963981
7901.0,-0.5358996627857172
7902.0,-0.006616874508249578
7903.0,0.6680866378342902
7904.0,0.6160642463098809
7905.0,-0.28352140414466964
7906.0,-0.8277577046124386
7907.0,-0.39599035103390706
7908.0,0.34530245415153143
7909.0,0.800809633158678
7910.0,0.2717068874347528
7911.0,-0.389414155861209
7912.0,-0.7156894035078817
7913.0,-0.1776012258468319
7914.0,0.4286644282648463
7915.0,0.6313391552327375
7916.0,-0.09836864085314323
7917.0,-0.6680133469454291
7918.0,-0.26551712844323183
7919.0,0.6584636857923224
7920.0,0.7234420817197584
7921.0,0.1983605112486579
7922.0,-0.6944679017580387
7923.0,-0.6448880023524585
7924.0,0.17726176184085363
7925.0,0.8647574429431972
7926.0,0.3076105726558437
7927.0,-0.7908139318522989
7928.0,-0.9074270213859125
7929.0,0.4149421752604046
7930.0,1.1104558450967938
7931.0,0.20682849988395355
7932.0,-0.888084317853187
7933.0,-1.1696677879181159
7934.0,-0.06149660282187397
7935.0,0.9367949194849025
7936.0,0.61626842090209
7937.0,-0.4334915517115897
7938.0,-0.9668180556440503
7939.0,-0.33023495631391186
7940.0,0.7011749969380867
7941.0,0.6790644727124405
7942.0,-0.1848952435138124
7943.0,-0.9247015119243931
7944.0,-0.6401537663722496
7945.0,0.5875336931565691
7946.0,0.9606130751027038
7947.0,0.15809899298702892
7948.0,-0.7808813450539701
7949.0,-0.7051796622020321
7950.0,0.3364535922915351
7951.0,0.7108019324435912
7952.0,0.20391637777136143
7953.0,-0.5840191983101942
7954.0,-0.8906572599477658
7955.0,-0.1983582998138278
7956.0,0.8001294114744829
7957.0,0.6870858433340621
7958.0,-0.1757362107265247
7959.0,-0.796660925111701
7960.0,-0.2756699700480697
7961.0,0.5323650399946697
7962.0,0.5537738520040515
7963.0,-0.1789157630559627
7964.0,-0.8359801581048467
7965.0,-0.4859572838527715
7966.0,0.5450434850120977
7967.0,0.974597601730119
7968.0,0.37407357076320696
7969.0,-0.6984307294013875
7970.0,-0.9424447834655593
7971.0,-0.1266477786662902
7972.0,0.7812153503537322
7973.0,0.4866770423483807
7974.0,-0.20863917667516144
7975.0,-0.7342134389861831
7976.0,-0.4697181289576844
7977.0,0.2709920179633428
7978.0,0.43626009275292604
7979.0,0.12129391028720844
7980.0,-0.20508162404166574
7981.0,-0.34467579144163685
7982.0,-0.19716623773226621
7983.0,0.16999781358102986
7984.0,0.39560170907004566
7985.0,0.2518847328570664
7986.0,-0.43829362866726934
7987.0,-0.459345531474999
7988.0,0.2320492807036701
7989.0,0.8935082142959218
7990.0,0.3744083884027305
7991.0,-0.4634804627071585
7992.0,-0.6049707734879242
7993.0,0.33760916263387025
7994.0,0.7539352600667187
7995.0,0.2550547104512925
7996.0,-0.629621365892555
7997.0,-0.5705141108376247
7998.0,0.44523626847410297
7999.0,0.8299822609351513
8000.0,0.03950697670845538
8001.0,-0.5716441933279218
8002.0,-0.3470188919648308
8003.0,0.2630668248794554
8004.0,0.653363277266014
8005.0,0.17678990006546708
8006.0,-0.46298250421875237
8007.0,-0.47722117242301854
8008.0,-0.01613333436764628
8009.0,0.27873003693051307
8010.0,0.3721860600423237
8011.0,-0.0997522426905116
8012.0,-0.29008669782823054
8013.0,-0.2785175563278835
8014.0,0.20349138892685414
8015.0,0.3836272734544907
8016.0,0.4259297856670317
8017.0,-0.18681505094818604
8018.0,-0.5862420679655448
8019.0,-0.2107440187548006
8020.0,0.417014488561001
8021.0,0.3562488757769763
8022.0,-0.09282432229753738
8023.0,-0.27242375845161804
8024.0,-0.053581365330332954
8025.0,0.1914045486715843
8026.0,0.46266396003457594
8027.0,0.21064732438943234
8028.0,-0.20207149536249552
8029.0,-0.46143701062177256
8030.0,-0.18698724937598846
8031.0,0.43830379589592905
8032.0,0.6148750155737145
8033.0,0.13053686466959874
8034.0,-0.491705913253832
8035.0,-0.748330187483632
8036.0,-0.3598259675497228
8037.0,0.5521151245932789
8038.0,0.8468881657112324
8039.0,0.12581802485634955
8040.0,-0.6644526638592368
8041.0,-0.7095547668054174
8042.0,0.12783579827393743
8043.0,0.8720888556958339
8044.0,0.7642189978510648
8045.0,-0.26826501778332956
8046.0,-0.9678645734740048
8047.0,-0.1735088412733694
8048.0,0.7929051468598826
8049.0,0.7460413414891339
8050.0,-0.35847754958255595
8051.0,-1.0467106873658742
8052.0,-0.20141397633132344
8053.0,0.8021955378929224
8054.0,0.5581813298020748
8055.0,-0.5011232246389369
8056.0,-0.9731847216760047
8057.0,-0.20654831717576624
8058.0,0.6693417329046496
8059.0,0.7133548174631387
8060.0,-0.14384672305067905
8061.0,-0.9004695474276903
8062.0,-0.6000451176384829
8063.0,0.8628691059292589
8064.0,1.504075132993102
8065.0,0.04106259751708085
8066.0,-1.4953715067930025
8067.0,-1.0160996984050121
8068.0,0.6799258599098562
8069.0,1.5730764047696317
8070.0,0.5790549149527628
8071.0,-1.3014635055930996
8072.0,-1.5934848035545455
8073.0,0.0009747655765086625
8074.0,1.5991793853576821
8075.0,1.109071978902777
8076.0,-0.9956540051045778
8077.0,-1.752988660412601
8078.0,-0.2503090808934207
8079.0,1.6153097570128239
8080.0,1.4554705198207012
8081.0,-0.5353685125769945
8082.0,-1.9258331298990856
8083.0,-0.8299384757570196
8084.0,1.6405147270767964
8085.0,2.207946335565814
8086.0,0.062354117859078455
8087.0,-2.0188303819754974
8088.0,-1.4354438534748102
8089.0,1.0461259388985928
8090.0,2.3315561910806704
8091.0,0.5294356257675169
8092.0,-2.0672722571388844
8093.0,-2.217369962680273
8094.0,0.39466335064594804
8095.0,2.4857141438593717
8096.0,1.590912276221944
8097.0,-1.3710143059581186
8098.0,-2.462773690375224
8099.0,-0.36437061337729354
8100.0,2.4827732663500526
8101.0,2.301281720108157
8102.0,-0.5229296397973343
8103.0,-2.6858995530610508
8104.0,-1.4848283048254154
8105.0,1.6166078838075264
8106.0,2.550287533550309
8107.0,0.2562708582553013
8108.0,-2.5503701545324815
8109.0,-2.3468557974290034
8110.0,0.9673825760939944
8111.0,3.0762744892043985
8112.0,1.4258845352289575
8113.0,-2.297786912331261
8114.0,-3.1121286518052345
8115.0,-0.009202025693885792
8116.0,3.0199298595000053
8117.0,2.5084551114047553
8118.0,-1.004085667934222
8119.0,-3.2929322770511553
8120.0,-1.410669502652283
8121.0,2.205700451390587
8122.0,3.0606260056291403
8123.0,-0.059682589384758025
8124.0,-2.9693306316196835
8125.0,-2.1451925265018352
8126.0,1.4354980003073248
8127.0,3.0421899638295824
8128.0,0.9661848405497881
8129.0,-2.3653100969269727
8130.0,-2.5179753955093753
8131.0,0.21506795114460298
8132.0,2.5251426187153396
8133.0,1.3222720421888492
8134.0,-1.6091291487477972
8135.0,-2.474812462986486
8136.0,-0.23098702892891573
8137.0,2.4720139314659355
8138.0,1.9572967187532586
8139.0,-1.15159699884704
8140.0,-2.5882461560735304
8141.0,-0.7943380370552694
8142.0,1.9779819705815949
8143.0,2.411909039053549
8144.0,-0.023913204769544814
8145.0,-2.4734716432497184
8146.0,-1.913020734708355
8147.0,0.9059067514047398
8148.0,2.6569596203046126
8149.0,1.303187991784333
8150.0,-1.603036646848677
8151.0,-2.2325508057655443
8152.0,0.029140575746356374
8153.0,2.185736223232522
8154.0,1.7735160387076947
8155.0,-0.8397600631771941
8156.0,-2.2182790041955416
8157.0,-0.6180685240645979
8158.0,1.665179822534034
8159.0,1.7007437078117436
8160.0,-0.4466250299420655
8161.0,-1.9705935436317847
8162.0,-1.2897574388172313
8163.0,1.006276080283258
8164.0,1.8848349794479045
8165.0,0.25248960686968935
8166.0,-1.6889523268680688
8167.0,-1.5883909728154697
8168.0,0.6668932443633261
8169.0,1.7493524856631941
8170.0,0.6154398820972495
8171.0,-1.1882173586585516
8172.0,-1.5235044947833747
8173.0,0.012959309479341541
8174.0,1.624672588857124
8175.0,1.0436774771086155
8176.0,-0.9082264874168806
8177.0,-1.599170346204185
8178.0,-0.29335314716884064
8179.0,1.3158861979173968
8180.0,1.298842188743526
8181.0,-0.4212486798393522
8182.0,-1.7101867122258614
8183.0,-0.8248886635683708
8184.0,1.3047453471373216
8185.0,1.776243940796872
8186.0,-0.06470821040300702
8187.0,-1.9240971184021765
8188.0,-1.0211770077966789
8189.0,1.1478691608708336
8190.0,1.6514723633816926
8191.0,0.07130974353339035
8192.0,-1.6073496258103572
8193.0,-1.2466265395552603
8194.0,1.046446207852741
8195.0,2.1289684223402245
8196.0,0.5203280027409724
8197.0,-1.7550347394402435
8198.0,-1.931290871077936
8199.0,0.48729671216714215
8200.0,2.445372672404939
8201.0,1.2910151924549618
8202.0,-1.4819826961650804
8203.0,-2.2984688274017375
8204.0,-0.3361336835322407
8205.0,2.1826911332610632
8206.0,2.0205917708361514
8207.0,-0.5488405359055571
8208.0,-2.322567824962181
8209.0,-1.3334691539098333
8210.0,1.3452240483705993
8211.0,2.326959133735583
8212.0,0.38202408438474234
8213.0,-2.0788728493569106
8214.0,-1.7429195345793804
8215.0,0.8176044082651671
8216.0,2.3221055102518715
8217.0,0.9032782568588403
8218.0,-1.7542837017440613
8219.0,-2.3232607894971617
8220.0,-0.11595805132724693
8221.0,2.2186416147667125
8222.0,1.8234294871030203
8223.0,-0.7612275242915985
8224.0,-2.3740871698280657
8225.0,-0.9360526053033636
8226.0,1.8568241638530265
8227.0,2.1281107346689643
8228.0,-0.375366067733911
8229.0,-2.6047271200842124
8230.0,-1.5977768595499258
8231.0,1.4873146436866873
8232.0,2.688819803795476
8233.0,0.5994383113130829
8234.0,-2.113592312306112
8235.0,-2.096883885538199
8236.0,0.37782964225397814
8237.0,2.3611305011892405
8238.0,1.4822397038251265
8239.0,-1.2565275731530023
8240.0,-2.4021892793661657
8241.0,-0.5878007580361103
8242.0,2.116097279826952
8243.0,2.3705436785712823
8244.0,-0.3843604237240124
8245.0,-2.552900166425616
8246.0,-1.3070651963641542
8247.0,1.6690640475862428
8248.0,2.374681548019661
8249.0,0.1294648008726791
8250.0,-2.254149726838739
8251.0,-1.518798459250595
8252.0,1.0777587983723533
8253.0,2.2115227419175154
8254.0,0.8351381114582145
8255.0,-1.6298256958708162
8256.0,-2.2551396958530785
8257.0,-0.07920707989888216
8258.0,2.2319228626339713
8259.0,1.7030159649701757
8260.0,-1.0064542672055687
8261.0,-2.3526769430426793
8262.0,-0.8305875430966775
8263.0,1.639317673760246
8264.0,2.077917310196725
8265.0,-0.09453038727800235
8266.0,-1.9378456056581745
8267.0,-1.3902019821534093
8268.0,0.7706865447196316
8269.0,1.8332986596028127
8270.0,0.5674305860633547
8271.0,-1.0984990275482625
8272.0,-1.356857221684188
8273.0,0.08772544701692708
8274.0,1.4649598078624841
8275.0,1.0014758506064516
8276.0,-0.9211424928527149
8277.0,-1.820470206817957
8278.0,-0.3338670079878938
8279.0,1.6411617994571004
8280.0,1.7597175402747727
8281.0,-0.21724802181908495
8282.0,-1.8623585485454306
8283.0,-0.9835998640094478
8284.0,1.0082213020314286
8285.0,1.7213266006069325
8286.0,0.3452370678587636
8287.0,-1.6144086436227743
8288.0,-1.625150153984267
8289.0,0.45948573219044947
8290.0,2.051945974540024
8291.0,1.0061045803600717
8292.0,-1.2929007532146957
8293.0,-1.8831245893675232
8294.0,0.10539270691537399
8295.0,2.070013750630054
8296.0,1.6275874876423544
8297.0,-0.6617596633630708
8298.0,-2.2171477153888155
8299.0,-0.8755859697536307
8300.0,1.5385638625825062
8301.0,2.0958745070631024
8302.0,0.19009021475154764
8303.0,-1.7932681947297506
8304.0,-1.26877582635139
8305.0,0.901677278583085
8306.0,1.9643785658964332
8307.0,0.2666602628448817
8308.0,-1.8143430501849318
8309.0,-1.5678946875610593
8310.0,0.6093536152652748
8311.0,2.0636049610326093
8312.0,0.9135962253302252
8313.0,-1.293515592162007
8314.0,-1.9185425620542835
8315.0,0.07724857540825958
8316.0,2.0035580037923313
8317.0,1.5312605311263885
8318.0,-0.9305459439845768
8319.0,-2.2022585175678433
8320.0,-0.7637149921922873
8321.0,1.6729769035448916
8322.0,1.8241274593084449
8323.0,-0.3502212919326505
8324.0,-2.1237940654452054
8325.0,-1.2547476559336834
8326.0,0.9432412088012914
8327.0,2.129112995172512
8328.0,0.6112811715311421
8329.0,-1.8782002691066033
8330.0,-1.8667663500262164
8331.0,0.5596846075730817
8332.0,2.223123766692068
8333.0,1.3627459685005767
8334.0,-1.156568899366685
8335.0,-2.259428076087755
8336.0,-0.47136385617779625
8337.0,1.6784223880976403
8338.0,1.7140573457758683
8339.0,-0.5579816584099768
8340.0,-2.1071973393667136
8341.0,-0.6496621069103828
8342.0,1.4914524713657062
8343.0,1.9836287646683695
8344.0,-0.03173345523743653
8345.0,-2.0424959581821245
8346.0,-1.2831836842153097
8347.0,0.9578418758183654
8348.0,2.0235079641071914
8349.0,0.7803300912611171
8350.0,-1.5156621829507257
8351.0,-1.7422711134175266
8352.0,0.2464428043010602
8353.0,1.8695527252062043
8354.0,1.0324514734834564
8355.0,-1.1926439532125483
8356.0,-2.0717282986276615
8357.0,-0.5607669322768785
8358.0,1.7487280559058216
8359.0,1.7380940039907415
8360.0,-0.3660051658428545
8361.0,-1.9848141996079613
8362.0,-1.342601853308441
8363.0,0.9775946108872255
8364.0,2.0387617381049936
8365.0,0.31122360979044106
8366.0,-1.652864453319029
8367.0,-1.4615810655482493
8368.0,0.5749798002489889
8369.0,1.7335626943706368
8370.0,0.5985410953855612
8371.0,-1.250062210476301
8372.0,-1.4745724275559429
8373.0,0.19716552580095098
8374.0,1.5579204685469301
8375.0,0.7295450918149387
8376.0,-0.743726301398795
8377.0,-1.1993289129420386
8378.0,-0.2293004107288315
8379.0,0.849354316090391
8380.0,1.1747572865928329
8381.0,-0.082293855589575
8382.0,-1.1304461850738345
8383.0,-0.7155992668395607
8384.0,0.6911289039845724
8385.0,1.170254099817834
8386.0,0.2547293869419162
8387.0,-0.9299752968354349
8388.0,-0.9083868953096005
8389.0,0.49314840679277777
8390.0,1.1882407453594792
8391.0,0.33400353660753046
8392.0,-0.9310306090362861
8393.0,-1.0010903407399208
8394.0,0.12754949566682344
8395.0,1.1068176212166554
8396.0,0.6182236190282906
8397.0,-0.7219728585000753
8398.0,-1.0942818245275765
8399.0,-0.13936686162495224
8400.0,0.9668060790227182
8401.0,0.9497056454454573
8402.0,-0.45768292594866444
8403.0,-1.1147842606035523
8404.0,-0.47966018160361545
8405.0,1.0133168133456525
8406.0,1.3871863043059875
8407.0,0.014353718325408292
8408.0,-1.4634487630767157
8409.0,-0.8185589012681018
8410.0,0.8614196340297907
8411.0,1.4571167933197398
8412.0,0.16793054846243838
8413.0,-1.3749214728383667
8414.0,-1.1997861514989516
8415.0,0.5021019401684313
8416.0,1.628766107532999
8417.0,0.7497688788124094
8418.0,-0.9944867762240636
8419.0,-1.453697048300603
8420.0,-0.016467377094948166
8421.0,1.2446581986334928
8422.0,0.924481094543444
8423.0,-0.4824724860193225
8424.0,-1.4088290117921034
8425.0,-0.525588450042859
8426.0,1.0796610446489823
8427.0,1.3131745574780842
8428.0,-0.0945830845339876
8429.0,-1.626542709800304
8430.0,-0.9135760189769273
8431.0,0.7719627350062617
8432.0,1.3280806131560177
8433.0,0.20510360026538768
8434.0,-1.3429855202004506
8435.0,-0.9255447200479527
8436.0,0.6384713490607564
8437.0,1.3280219821219221
8438.0,0.5224080612374882
8439.0,-1.0961976862092078
8440.0,-1.2789716548162633
8441.0,0.07890163347064533
8442.0,1.4325805366612707
8443.0,0.9904851680342571
8444.0,-0.7706065837721796
8445.0,-1.7914245694899553
8446.0,-0.6573519682273
8447.0,1.6553155361280563
8448.0,1.6931104725255561
8449.0,-0.3929385183527335
8450.0,-1.981044530896868
8451.0,-1.1075935047069743
8452.0,1.2069341948603782
8453.0,2.252368809118487
8454.0,0.3786633711143195
8455.0,-1.7725015593531996
8456.0,-1.592548973993997
8457.0,0.5300356852021955
8458.0,1.8966014532347444
8459.0,0.7119164594623381
8460.0,-1.2423450204056905
8461.0,-1.5954083734981717
8462.0,-0.15034921255013473
8463.0,1.4504636923714305
8464.0,1.2360897558100545
8465.0,-0.6239281077710928
8466.0,-1.6432858828097328
8467.0,-0.5603100249348907
8468.0,1.3695407459358426
8469.0,1.3887324306508797
8470.0,-0.24166946040817608
8471.0,-1.6314148561646422
8472.0,-0.9056956455620391
8473.0,1.0510993408673868
8474.0,1.6785884528626527
8475.0,0.024374219545965102
8476.0,-1.5725336409240036
8477.0,-1.1729085052545707
8478.0,0.700388943155055
8479.0,1.6400481390450485
8480.0,0.4712668881234665
8481.0,-1.382512547245653
8482.0,-1.2745883135311151
8483.0,0.5004354111778716
8484.0,1.5404497793563827
8485.0,0.6589079518518888
8486.0,-0.9067677843280335
8487.0,-1.7245128456421823
8488.0,-0.3719279207192572
8489.0,1.4986645202474242
8490.0,1.5512682932576423
8491.0,-0.49552565192302805
8492.0,-1.961621212672035
8493.0,-0.8594090404252758
8494.0,1.1042452196164905
8495.0,1.4835787301383774
8496.0,-0.03174517795397718
8497.0,-1.3878058879693405
8498.0,-0.9327935992261697
8499.0,0.8378847175804186
8500.0,1.425327821570686
8501.0,0.015922980478822128
8502.0,-1.255994756074979
8503.0,-0.9101471600344077
8504.0,0.5778755252606389
8505.0,1.3114815391424834
8506.0,0.31418190370083304
8507.0,-0.9110405914961504
8508.0,-1.0122518096570972
8509.0,0.0789175929066118
8510.0,0.8933037771320351
8511.0,0.569679343206368
8512.0,-0.42243156258424547
8513.0,-0.8726585842198333
8514.0,-0.19736105179444827
8515.0,0.7396640222660913
8516.0,0.8352613597476526
8517.0,-0.17625314857116114
8518.0,-0.9726572873509124
8519.0,-0.6279764838085257
8520.0,0.5275507929438772
8521.0,1.0797164267676471
8522.0,0.16710446101752446
8523.0,-0.8565249876622641
8524.0,-0.9082627775366601
8525.0,0.23948433036313654
8526.0,1.1919433291440278
8527.0,0.7606865081583047
8528.0,-0.5272411986539229
8529.0,-1.2657502285328024
8530.0,-0.14509106307379344
8531.0,1.155604786785703
8532.0,0.9625046590110237
8533.0,-0.6603925098629051
8534.0,-1.4467521460399626
8535.0,-0.4428746056231564
8536.0,1.2039484197795494
8537.0,1.4337935586739778
8538.0,-0.08285858811625152
8539.0,-1.6992134116677973
8540.0,-1.1489876762692022
8541.0,0.7146980626234347
8542.0,1.7916162293516784
8543.0,0.6973725003701808
8544.0,-1.1873533196533899
8545.0,-1.3826107976263835
8546.0,0.24221411223126643
8547.0,1.6357809860508785
8548.0,0.9908561247043757
8549.0,-0.8961414813842817
8550.0,-1.721507617203771
8551.0,-0.3580081882113198
8552.0,1.4514406244488403
8553.0,1.5414174249625359
8554.0,-0.4455039249644379
8555.0,-1.7151974976294266
8556.0,-0.665316867540389
8557.0,1.1232416805020824
8558.0,1.2907027954591574
8559.0,-0.08550641802687196
8560.0,-1.4905800730157388
8561.0,-0.9406456755840825
8562.0,0.7035995518135245
8563.0,1.477734701879938
8564.0,0.30499042312693
8565.0,-1.1168842974889572
8566.0,-1.1221795167024295
8567.0,0.1807144787682612
8568.0,1.3845998706390614
8569.0,0.7542671050714836
8570.0,-0.6602780513437099
8571.0,-1.1667974349234491
8572.0,-0.12007515584995453
8573.0,1.0848165817089337
8574.0,0.8174392475241732
8575.0,-0.42602090063829784
8576.0,-0.9799519241659869
8577.0,-0.2122451121630787
8578.0,0.8640985416060201
8579.0,0.6939591819203377
8580.0,-0.4854211843810291
8581.0,-1.0305622371851155
8582.0,-0.26450063954166264
8583.0,0.7925696152374677
8584.0,1.0507734829118196
8585.0,0.19868146901238465
8586.0,-0.7890734424534886
8587.0,-0.9902023245607302
8588.0,-0.03250767600347399
8589.0,0.7906676304017456
8590.0,0.41885595342669535
8591.0,-0.458794528392019
8592.0,-0.691177242340247
8593.0,-0.0795118378340316
8594.0,0.9557379403229074
8595.0,0.8267837787130253
8596.0,-0.4284266424489798
8597.0,-1.0451741018082645
8598.0,-0.27873997487646585
8599.0,0.9286701411890246
8600.0,1.034370556715175
8601.0,-0.011733746085060047
8602.0,-1.0925941220859658
8603.0,-0.7826436613498926
8604.0,0.5845335906045115
8605.0,1.2047007031191284
8606.0,0.6088922925887736
8607.0,-0.8183456149066942
8608.0,-1.2715920837373205
8609.0,-0.018349077398783473
8610.0,1.1398274771346424
8611.0,0.5718115470073154
8612.0,-0.46738494162979505
8613.0,-1.0645115507781597
8614.0,-0.2704704661992635
8615.0,0.7669282497879525
8616.0,0.8888953415369703
8617.0,0.04116494287707515
8618.0,-0.9544719704967033
8619.0,-0.681998490357215
8620.0,0.41970376952167454
8621.0,1.0288175431270752
8622.0,0.30506905761075953
8623.0,-0.9840721056838682
8624.0,-1.1390494057829552
8625.0,0.06614555754840332
8626.0,1.2232162818149162
8627.0,1.1321721139226344
8628.0,-0.34325174824068344
8629.0,-1.2410906185990942
8630.0,-0.6188036669225588
8631.0,0.7051879644458767
8632.0,0.9312992932854491
8633.0,0.040745410045387086
8634.0,-0.670144968212719
8635.0,-0.4000191020956298
8636.0,0.35225951185784643
8637.0,0.5780815433028421
8638.0,0.19275546260242532
8639.0,-0.16754212341324165
8640.0,-0.3833832722915221
8641.0,-0.30058068438301255
8642.0,-0.03101506142076583
8643.0,0.07852595104749426
8644.0,0.06662756596181502
8645.0,0.016412686791928775
8646.0,0.10084294149206041
8647.0,0.13497727273820181
8648.0,0.10368330605466228
8649.0,-0.06114577882495426
8650.0,-0.318246510984716
8651.0,-0.28919014805711174
8652.0,0.1548351216355566
8653.0,0.38807687667017715
8654.0,0.027377200259374908
8655.0,-0.2420626444327537
8656.0,-0.5082579155534596
8657.0,-0.17220962178047347
8658.0,0.5737770965070901
8659.0,0.7180883415455744
8660.0,0.134435114119068
8661.0,-0.6647331244354463
8662.0,-0.6134143377865482
8663.0,0.4722181277569375
8664.0,1.1781802698054236
8665.0,0.2656613810552112
8666.0,-0.9447623425108671
8667.0,-0.9348754448993793
8668.0,0.08584024801209195
8669.0,0.96035374982352
8670.0,0.6457281929016907
8671.0,-0.5406018511074882
8672.0,-1.0606267117002417
8673.0,-0.19469441005110033
8674.0,1.0688253932757499
8675.0,0.6597638526633167
8676.0,-0.5047255265237741
8677.0,-0.9830150380320134
8678.0,-0.12431124872144139
8679.0,0.6198928229159629
8680.0,0.6027516917899679
8681.0,-0.03179667039096685
8682.0,-0.4004625390201368
8683.0,-0.23885986604756732
8684.0,0.21355890631831706
8685.0,0.4913292618671078
8686.0,0.23611245527165836
8687.0,-0.394216743821387
8688.0,-0.39539945874756727
8689.0,-0.008286974452648506
8690.0,0.27907462707806213
8691.0,0.29345452132128574
8692.0,-0.029045670952107912
8693.0,-0.06864288596059846
8694.0,-0.029459717613391823
8695.0,-0.030139424744175497
8696.0,-0.18344891882644282
8697.0,-0.12875472797634321
8698.0,0.22101891550628303
8699.0,0.38207592950911934
8700.0,0.05399272176539062
8701.0,-0.3630452772287799
8702.0,-0.507885952023007
8703.0,-0.06154957129813351
8704.0,0.5182322613682838
8705.0,0.4838684242495585
8706.0,-0.07895076018195814
8707.0,-0.5323721955634734
8708.0,-0.3147756994549622
8709.0,0.1383586742164861
8710.0,0.24384378475086302
8711.0,0.09937989002557661
8712.0,-0.14734534086574527
8713.0,-0.3850586853896705
8714.0,-0.08097704100874956
8715.0,0.3261228318796585
8716.0,0.274953458393811
8717.0,-0.3071618702996727
8718.0,-0.25448263389578707
8719.0,0.2576571684918886
8720.0,0.5414703729898144
8721.0,0.2849020382083814
8722.0,-0.17533735314229762
8723.0,-0.3448562082811096
8724.0,-0.13081854789609818
8725.0,0.1121450536899812
8726.0,0.06723057245263962
8727.0,-0.0027883258763698967
8728.0,0.12357734981823158
8729.0,0.15650418863859425
8730.0,0.17017382413630622
8731.0,0.09412503903537763
8732.0,-0.1910721923950601
8733.0,-0.035914738013778494
8734.0,0.3494722859727128
8735.0,0.17401682148769546
8736.0,-0.31353214109181493
8737.0,-0.4263418799954727
8738.0,-0.10922365212338829
8739.0,0.16607608653140904
8740.0,0.2590810382953824
8741.0,0.07423325780692183
8742.0,-0.49420484233130896
8743.0,-0.5739569639759359
8744.0,-0.026617599621476994
8745.0,0.4242382723590216
8746.0,0.46303168838152986
8747.0,-0.027895793448261163
8748.0,-0.5297871742178141
8749.0,-0.11073478116997375
8750.0,0.5587782153378351
8751.0,0.34226609798230084
8752.0,-0.3104232379298775
8753.0,-0.5890081462295398
8754.0,-0.058789677074311514
8755.0,0.4362495447642452
8756.0,0.530675437484733
8757.0,0.13583640577086264
8758.0,-0.3450143124554264
8759.0,-0.2796569993516252
8760.0,0.2758016831473473
8761.0,0.25665711246998135
8762.0,0.16859765801383006
8763.0,-0.1755089892472189
8764.0,-0.19139287695826268
8765.0,0.28236793235423624
8766.0,0.09860877236282727
8767.0,-0.37257370435812653
8768.0,-0.5238624320138808
8769.0,0.039171219555997644
8770.0,0.5286311378234368
8771.0,0.5259884200257813
8772.0,-0.06388628690950342
8773.0,-0.48899964669923174
8774.0,-0.11706095076747906
8775.0,0.4212587461146081
8776.0,0.14583871171319565
8777.0,-0.21908407313029324
8778.0,-0.3428962502101243
8779.0,0.05928164683530645
8780.0,0.2954519867117676
8781.0,0.41939470984159616
8782.0,-0.07838714185326694
8783.0,-0.4270252840940934
8784.0,-0.12058335811265486
8785.0,0.4070886222010269
8786.0,0.27938044765866327
8787.0,-0.40106813667692
8788.0,-0.5999280277504
8789.0,-0.04478670798059316
8790.0,0.5792747240264352
8791.0,0.505086606977262
8792.0,-0.13389304685302217
8793.0,-0.7008444781332478
8794.0,-0.5891102571284661
8795.0,0.5139455069468304
8796.0,0.9132716999918412
8797.0,0.22891415512631585
8798.0,-0.617241406577257
8799.0,-0.7420198766134365
8800.0,0.12290769811150609
8801.0,0.4845786259275964
8802.0,0.3542422324974309
8803.0,-0.3213871015588946
8804.0,-0.6475981348207704
8805.0,-0.05372186481558424
8806.0,0.406503813538018
8807.0,0.10454105648806242
8808.0,-0.2527118259159669
8809.0,-0.21124146454625176
8810.0,0.015185939561384577
8811.0,0.3814184691660383
8812.0,0.4398185069814673
8813.0,-0.19071588880376794
8814.0,-0.5296647153435555
8815.0,-0.2291946428989531
8816.0,0.4873561601320438
8817.0,0.7448168397545126
8818.0,0.05819975198848703
8819.0,-0.7951083623142097
8820.0,-0.7049314533758665
8821.0,0.38830557066966487
8822.0,0.9794605035754074
8823.0,0.4060625341913842
8824.0,-0.435349202875065
8825.0,-0.6121627603713481
8826.0,0.029152351178562196
8827.0,0.7141959080910902
8828.0,0.6661624062829449
8829.0,-0.27128030523032837
8830.0,-0.6455434168284618
8831.0,-0.28917259111943017
8832.0,0.3193979825158881
8833.0,0.3965952738571172
8834.0,-0.06047869243255246
8835.0,-0.3000677221684812
8836.0,-0.10156628138329445
8837.0,0.358818947329261
8838.0,0.38980124268338795
8839.0,-0.3131369850770486
8840.0,-0.7047919097864446
8841.0,-0.058186690127451764
8842.0,0.33650444757583203
8843.0,0.377636276844316
8844.0,0.034872158605166646
8845.0,-0.11017441575417744
8846.0,-0.1257008553142406
8847.0,-0.07093831543747485
8848.0,0.18313937936214492
8849.0,0.09090440119992371
8850.0,0.13391019510064114
8851.0,0.019360214046379796
8852.0,-0.19937527932807977
8853.0,-0.16078189954193367
8854.0,-0.0689809285489213
8855.0,0.34096234929754815
8856.0,0.111688167044966
8857.0,-0.20363185630655378
8858.0,-0.05009319844572532
8859.0,0.11313089415209784
8860.0,0.049550179135965065
8861.0,-0.021224583864295713
8862.0,-0.27681146852272565
8863.0,-0.21706456588260697
8864.0,-0.08872136040820867
8865.0,-0.004526030613251992
8866.0,0.13728537984990125
8867.0,0.18817533775928472
8868.0,0.1730441497030651
8869.0,-0.11082558313871148
8870.0,-0.20012271579323573
8871.0,0.10709393650457112
8872.0,0.2929390108770964
8873.0,0.43800269692547195
8874.0,-0.08358313184962685
8875.0,-0.3675573975124792
8876.0,-0.04686058640281612
8877.0,0.24716304083601856
8878.0,0.1124263929429597
8879.0,-0.02951117516368062
8880.0,-0.2802564358132677
8881.0,-0.0849668324604619
8882.0,0.24550967726221273
8883.0,0.4063765488900578
8884.0,0.04163581717575052
8885.0,-0.4929040898145232
8886.0,-0.6008964549249427
8887.0,0.13629123898547416
8888.0,0.5769817091821161
8889.0,0.15519091193860732
8890.0,-0.6567601133891101
8891.0,-0.45298710239400264
8892.0,0.24710304769242497
8893.0,0.6841461705344567
8894.0,0.24891759772599578
8895.0,-0.7256846708265708
8896.0,-0.8252041196254575
8897.0,0.1562948410558874
8898.0,0.9698211716500422
8899.0,0.5732641998016516
8900.0,-0.5005807078988154
8901.0,-1.1694948899966304
8902.0,-0.40725470460182334
8903.0,0.9195861746662738
8904.0,1.0779719161958046
8905.0,-0.18078569316179025
8906.0,-1.374668527397732
8907.0,-0.7991358708061175
8908.0,0.7868774360014736
8909.0,1.3006430427434947
8910.0,0.13581118524454558
8911.0,-0.9120437359642826
8912.0,-0.8928150072344112
8913.0,0.27297518657450764
8914.0,1.0893041096668314
8915.0,0.5036104743929856
8916.0,-0.6842634206266179
8917.0,-1.1175376356985884
8918.0,-0.29343355675636895
8919.0,1.0016522257052354
8920.0,0.9736625822952023
8921.0,-0.4322363760294539
8922.0,-0.9730431024577713
8923.0,-0.1917951175692822
8924.0,0.7625790384187295
8925.0,0.7529931237732879
8926.0,-0.1946314034563461
8927.0,-0.8517155343293326
8928.0,-0.3677688433381646
8929.0,0.6061254713907099
8930.0,0.7163013450552508
8931.0,-0.12594036836585185
8932.0,-0.8934853879373637
8933.0,-0.7322915323372122
8934.0,0.32947814588266006
8935.0,1.1009887445516082
8936.0,0.6050792683151152
8937.0,-0.6755577806025931
8938.0,-1.2139675265667549
8939.0,-0.38427349646195536
8940.0,0.875338204325906
8941.0,1.1246164735075512
8942.0,0.005172722515435778
8943.0,-1.0228917646872713
8944.0,-0.5915482442651318
8945.0,0.6023604545048878
8946.0,1.0281904620293203
8947.0,-0.005253920929320268
8948.0,-1.1090253355079764
8949.0,-0.9713510531021258
8950.0,0.4008883065314145
8951.0,1.1852445901611834
8952.0,0.32969439290344
8953.0,-1.0924852089663384
8954.0,-0.8675105980135077
8955.0,0.28994552615492
8956.0,1.2533234001282303
8957.0,0.4917510938064234
8958.0,-0.8908566692716822
8959.0,-1.3450420167871882
8960.0,-0.18934068188037065
8961.0,1.317896425770565
8962.0,1.1005127902549006
8963.0,-0.48985756356626975
8964.0,-1.4102872328117324
8965.0,-0.5866242694644164
8966.0,0.8619218559501792
8967.0,1.180610005913996
8968.0,-0.047822402495993836
8969.0,-1.2903115936369767
8970.0,-0.7667234357150718
8971.0,0.7020911312937018
8972.0,1.2838861611139964
8973.0,0.12184610120861489
8974.0,-1.1477023138406288
8975.0,-0.8352633391063284
8976.0,0.5733472237178543
8977.0,1.2319954010209455
8978.0,0.2328734863774821
8979.0,-1.2261694712416564
8980.0,-1.1091475108546693
8981.0,0.3925317691780346
8982.0,1.4288159036602297
8983.0,0.732206246658769
8984.0,-0.8453911441837277
8985.0,-1.2082622857791574
8986.0,-0.2660933474484609
8987.0,0.8044973103457765
8988.0,0.81107182654871
8989.0,-0.06669473830794576
8990.0,-0.8173220282928105
8991.0,-0.5249076288318939
8992.0,0.646435264037321
8993.0,0.9407784772842545
8994.0,-0.01583199419757368
8995.0,-0.9164306276759663
8996.0,-0.6361622460391967
8997.0,0.27656476252144074
8998.0,0.6602978973394509
8999.0,0.08085109002858236
9000.0,-0.4039254231703296
9001.0,-0.3043333159832656
9002.0,0.1940952687790234
9003.0,0.5396509118569089
9004.0,0.23605386526613026
9005.0,-0.3147155305067614
9006.0,-0.577173823242333
9007.0,-0.043060921750142214
9008.0,0.5670490345602265
9009.0,0.5294735216567358
9010.0,-0.12715446424241475
9011.0,-0.6442562622619116
9012.0,-0.529391862515538
9013.0,0.2818046725753812
9014.0,0.7921766010893669
9015.0,0.3937725247032023
9016.0,-0.5382277943849687
9017.0,-1.0306289455739206
9018.0,0.006156020997319237
9019.0,0.9749008028510661
9020.0,0.47021364973425783
9021.0,-0.6650776129956826
9022.0,-0.7732513740559188
9023.0,0.04612759616670316
9024.0,0.8095656591940512
9025.0,0.48881630249986685
9026.0,-0.5542683770441659
9027.0,-0.6572931044958414
9028.0,0.13370435008496442
9029.0,0.8699382653293843
9030.0,0.8567926964538584
9031.0,-0.34135225113712625
9032.0,-1.0643640462261488
9033.0,-0.4426275329804421
9034.0,0.9046675530983049
9035.0,1.0498913130020269
9036.0,-0.1052193268737531
9037.0,-1.1549675461158924
9038.0,-0.9203936588267998
9039.0,0.7109572684291152
9040.0,1.4271018198254437
9041.0,0.3892567144439863
9042.0,-0.8505270401478213
9043.0,-0.975461286120878
9044.0,-0.020930796976901984
9045.0,0.9578776206442258
9046.0,0.5355963708547021
9047.0,-0.6118398631978786
9048.0,-0.9563730387383936
9049.0,-0.03691864196347865
9050.0,0.8729886746721862
9051.0,0.4469417399110912
9052.0,-0.6387189788722621
9053.0,-1.0650067376491104
9054.0,-0.3587706689511291
9055.0,0.9456316956348243
9056.0,1.0537742235534504
9057.0,-0.3976573171697566
9058.0,-1.2615876284877727
9059.0,-0.5400648968797047
9060.0,0.9965471064351279
9061.0,1.2729116529584812
9062.0,0.014224334090293618
9063.0,-1.1852022131842959
9064.0,-0.8414112153815928
9065.0,0.7738183475426063
9066.0,1.256171722324809
9067.0,0.31921013352797595
9068.0,-1.0458570559282594
9069.0,-1.1703766689417976
9070.0,0.37563953355912316
9071.0,1.3770073068984003
9072.0,0.5337703877348144
9073.0,-0.8460041385656851
9074.0,-1.1622148292511076
9075.0,0.00336073091105105
9076.0,1.0165292328610291
9077.0,0.5209780835050504
9078.0,-0.8084366583771588
9079.0,-1.0476808631882804
9080.0,-0.024680060514946044
9081.0,0.9919776198632502
9082.0,0.6873637257282151
9083.0,-0.3842310629750569
9084.0,-1.0128042851858492
9085.0,-0.7324606850016916
9086.0,0.4576642998085594
9087.0,1.1400575369832793
9088.0,0.2645620302255888
9089.0,-1.0199889342373327
9090.0,-0.7937439237182071
9091.0,0.6473620054373336
9092.0,1.3436106687257992
9093.0,0.3258195409861252
9094.0,-1.0849976470743017
9095.0,-0.9719137364057656
9096.0,0.3330482974319475
9097.0,1.279453743542152
9098.0,0.7231274407744185
9099.0,-0.849023548102704
9100.0,-1.3868630550046774
9101.0,-0.14772738651886244
9102.0,1.5087150625047498
9103.0,1.6627562394629982
9104.0,-0.2142588859593862
9105.0,-1.6742358902009609
9106.0,-0.8381791080625276
9107.0,0.9810310234578674
9108.0,1.5219973189338634
9109.0,0.1388761278212101
9110.0,-1.6543400355219582
9111.0,-1.272386522285891
9112.0,0.7697443449787087
9113.0,1.8552160449026696
9114.0,0.22041575290410134
9115.0,-1.6858062961606441
9116.0,-1.5188824665781329
9117.0,0.4905032993270001
9118.0,2.007652632341503
9119.0,1.120182585839049
9120.0,-1.1327651015997808
9121.0,-1.9975158039058813
9122.0,-0.4058006538506173
9123.0,1.6236344598235843
9124.0,1.8866308675656935
9125.0,-0.06430822843664404
9126.0,-1.7926274714163104
9127.0,-1.2979619236744906
9128.0,0.7052091283654363
9129.0,1.6167050199986654
9130.0,0.4567113556055886
9131.0,-1.4664506936250534
9132.0,-1.4463102221546436
9133.0,0.4601723868409271
9134.0,2.025928645690983
9135.0,1.017327350025733
9136.0,-1.157977749387041
9137.0,-1.8362566552107837
9138.0,-0.1199723426559174
9139.0,1.6882790180552512
9140.0,1.5761080022617522
9141.0,-0.7669760221679184
9142.0,-2.081607824555781
9143.0,-0.6086606535757674
9144.0,1.5716907547487493
9145.0,1.7407447105838922
9146.0,-0.2774749460695155
9147.0,-1.9743522804149571
9148.0,-1.2232055354780993
9149.0,0.9485948432168575
9150.0,1.8957061571598408
9151.0,0.5985659110726215
9152.0,-1.5738860700731652
9153.0,-1.6533557287133698
9154.0,0.12705240845221122
9155.0,1.7761633431974657
9156.0,1.216230813987604
9157.0,-0.8690573468293556
9158.0,-1.7605306622911194
9159.0,-0.3999716937629445
9160.0,1.5181178118512793
9161.0,1.4166204211905056
9162.0,-0.5297415639175358
9163.0,-1.7962241631707914
9164.0,-0.8528261986360626
9165.0,1.0730628028744544
9166.0,1.5834164119122183
9167.0,0.1634707647509715
9168.0,-1.2767476795971466
9169.0,-1.0081016138191028
9170.0,0.49695178185316913
9171.0,1.4127786222961662
9172.0,0.45466783013234996
9173.0,-0.9085324139381635
9174.0,-1.1059908571454478
9175.0,0.1572014959102526
9176.0,1.5165972196691824
9177.0,0.9959934827421819
9178.0,-0.5986159402846765
9179.0,-1.2261228371948412
9180.0,-0.5043700901607482
9181.0,0.6493815113866703
9182.0,0.7719104879672218
9183.0,0.04206959825847494
9184.0,-0.6964557338422952
9185.0,-0.517496304993658
9186.0,0.225323719899809
9187.0,0.7731964021398149
9188.0,0.4413545091632532
9189.0,-0.5073133014017326
9190.0,-0.6785807430705775
9191.0,0.03561648548764372
9192.0,0.5876508875907556
9193.0,0.4448629012024054
9194.0,-0.20745572014138502
9195.0,-0.6378335715856699
9196.0,-0.44637978451381927
9197.0,0.28239801335339276
9198.0,0.46512153684243196
9199.0,0.1270851754298322
9200.0,-0.44911373553585915
9201.0,-0.5513509504914219
9202.0,0.012649715366545501
9203.0,0.6174894294438507
9204.0,0.279494504507281
9205.0,-0.5105988424916755
9206.0,-0.7029478021384739
9207.0,-0.013807179648859042
9208.0,0.8018946936897158
9209.0,0.5995332208838898
9210.0,-0.2766150681214897
9211.0,-1.0825017692908725
9212.0,-0.4103368653678355
9213.0,0.6472269706301171
9214.0,0.8435072950193194
9215.0,0.049558486353223304
9216.0,-0.7838404801235228
9217.0,-0.7104770909719035
9218.0,0.23853741037396906
9219.0,0.8683960530676234
9220.0,0.28730028016273434
9221.0,-0.4317491245272723
9222.0,-0.7298092768338932
9223.0,-0.1853060847919439
9224.0,0.7178017295039292
9225.0,0.8389118601421978
9226.0,-0.05761716342982386
9227.0,-0.7861886644950501
9228.0,-0.5132336193093463
9229.0,0.5752603930550981
9230.0,0.7707705889091468
9231.0,0.03980986110022738
9232.0,-0.949659991797559
9233.0,-0.8910302444618013
9234.0,0.346947194191838
9235.0,0.9264705354110633
9236.0,0.37988560543835437
9237.0,-0.6722926396660557
9238.0,-0.7617286870121605
9239.0,0.17800439661079573
9240.0,0.8724303988191727
9241.0,0.5288942757871202
9242.0,-0.48501262809574774
9243.0,-0.9948261633312007
9244.0,-0.2842415570717145
9245.0,0.8777740779179167
9246.0,0.9322404087195882
9247.0,-0.2560488188547759
9248.0,-1.1409087238014988
9249.0,-0.4740427329943844
9250.0,0.9620226306410921
9251.0,1.0049367372676596
9252.0,-0.4026116682092434
9253.0,-1.2244569072767129
9254.0,-0.7016277778912152
9255.0,0.50680129815266
9256.0,1.1918306595417427
9257.0,0.2747935476840086
9258.0,-0.9719593081115856
9259.0,-0.9265531317338425
9260.0,0.3212174338103603
9261.0,1.0303767940976716
9262.0,0.4813948446206803
9263.0,-0.5285667800604047
9264.0,-0.7401886054864748
9265.0,-0.34205679623747165
9266.0,0.3919945587145691
9267.0,0.7978816489297333
9268.0,0.13835034115313907
9269.0,-0.5204180939926272
9270.0,-0.4906958485203781
9271.0,0.1109904293976971
9272.0,0.5922490023762039
9273.0,0.42913680135875054
9274.0,-0.1619507280404197
9275.0,-0.7679133827742025
9276.0,-0.43331346740466553
9277.0,0.15657215446969214
9278.0,0.8201973598736666
9279.0,0.49472008686987345
9280.0,-0.6096302562814516
9281.0,-0.970126603842625
9282.0,-0.17038418139527725
9283.0,0.8783362093588389
9284.0,0.8186971612312118
9285.0,-0.1801972643082477
9286.0,-0.963410326728959
9287.0,-0.8511607908008367
9288.0,0.11663495743218251
9289.0,0.7251138136511472
9290.0,0.2410987523692871
9291.0,-0.5843705059481894
9292.0,-0.8334660449865452
9293.0,0.0494404376125567
9294.0,0.8894567891448211
9295.0,0.6291781928651227
9296.0,-0.49942772639128585
9297.0,-0.8635172587562064
9298.0,-0.04860204177832429
9299.0,0.6743921993904581
9300.0,0.41813577574804095
9301.0,-0.25803119076569164
9302.0,-0.3766000404421335
9303.0,0.08554187972803909
9304.0,0.6036934571910695
9305.0,0.4152509838994108
9306.0,-0.22746359694402976
9307.0,-0.5672464751291298
9308.0,-0.3455843567734925
9309.0,0.2729117460474258
9310.0,0.41553635941292655
9311.0,-0.016491113150058277
9312.0,-0.5018350931312264
9313.0,-0.5759904328792795
9314.0,-0.0720014563681085
9315.0,0.6891596228817976
9316.0,0.355127924408594
9317.0,-0.327523780637507
9318.0,-0.5329674858978497
9319.0,-0.1840528363339309
9320.0,0.37557757372029493
9321.0,0.545703605232019
9322.0,-0.013858012689161862
9323.0,-0.523395008079661
9324.0,-0.47383100897784186
9325.0,0.24454060101705172
9326.0,0.6169597944279029
9327.0,0.42624587535083913
9328.0,-0.15260085235039872
9329.0,-0.5415662283582032
9330.0,-0.24656973644484198
9331.0,0.3449969992644466
9332.0,0.5848632600913001
9333.0,0.19214769263178008
9334.0,-0.545159456426265
9335.0,-0.5968071357757645
9336.0,0.09331249833807786
9337.0,0.5107435960330452
9338.0,0.1204269256392898
9339.0,-0.46644408204775967
9340.0,-0.566953909693763
9341.0,-0.06452285657057853
9342.0,0.618445917632975
9343.0,0.32628726863839774
9344.0,-0.36203515436525113
9345.0,-0.7206780273641714
9346.0,-0.3816545548394905
9347.0,0.389650901494124
9348.0,0.5172577746938922
9349.0,-0.015803270332178505
9350.0,-0.616856982139633
9351.0,-0.21920289677025245
9352.0,0.39581114310692517
9353.0,0.3934351659435679
9354.0,-0.011219295249642743
9355.0,-0.2457493599268635
9356.0,0.002388660959583056
9357.0,0.27363254421863287
9358.0,0.3035873210374916
9359.0,-0.11599426576308819
9360.0,-0.5773987768780839
9361.0,-0.07003814828911645
9362.0,0.4088270681226829
9363.0,0.15611273749214372
9364.0,-0.17553356381602866
9365.0,-0.1295988800321866
9366.0,0.14733779191929347
9367.0,0.3108654396211065
9368.0,0.06957556532073886
9369.0,-0.1911208206988992
9370.0,-0.2589295524668226
9371.0,0.002787783294377381
9372.0,0.0982010952671227
9373.0,0.024883144100215304
9374.0,-0.07748632720165674
9375.0,-0.05620585870549126
9376.0,0.11433295415078401
9377.0,0.32450897657653804
9378.0,0.22738056722315872
9379.0,-0.14742050943610963
9380.0,-0.33627871883816185
9381.0,-0.1416825086219896
9382.0,0.3266671519930111
9383.0,0.26446803774079203
9384.0,-0.25552984254568295
9385.0,-0.3410023508145589
9386.0,0.195582033054626
9387.0,0.47059298434150376
9388.0,0.11682689467159889
9389.0,-0.4893106186922795
9390.0,-0.542365357298924
9391.0,-0.03091484862029645
9392.0,0.3058272635000485
9393.0,0.09476073448151953
9394.0,-0.4185048280360303
9395.0,-0.5389675453398294
9396.0,0.14287068190251231
9397.0,0.7239933522694268
9398.0,0.5270829305481673
9399.0,-0.2556250824473205
9400.0,-0.8280929477159079
9401.0,-0.5286484565724622
9402.0,0.32656601802345486
9403.0,0.8838292667398302
9404.0,0.2809381428111028
9405.0,-0.6646307306038649
9406.0,-0.7235605687961504
9407.0,-0.08386773641185426
9408.0,0.41710290125235994
9409.0,0.4190285523365976
9410.0,-0.13934466225548403
9411.0,-0.5968228180313667
9412.0,-0.39847152599509933
9413.0,0.4977770235430415
9414.0,0.7761480294171501
9415.0,0.4606566120963384
9416.0,-0.684443381671008
9417.0,-0.9065078342659979
9418.0,0.1266018976598461
9419.0,0.968536360334792
9420.0,0.43723009427062526
9421.0,-0.4254643455077285
9422.0,-0.8069318832326812
9423.0,-0.10734588420801973
9424.0,0.8173905733434074
9425.0,0.9096380720790198
9426.0,-0.04948451318915168
9427.0,-0.93895057446565
9428.0,-0.5831274000179947
9429.0,0.6366688791586043
9430.0,1.334671002803306
9431.0,0.41322678850723754
9432.0,-0.9412609212945893
9433.0,-1.334549947211161
9434.0,-0.11186325849700439
9435.0,1.2214864096575582
9436.0,1.0650715171658094
9437.0,-0.42931000983916623
9438.0,-1.207736008677604
9439.0,-0.49078195905829103
9440.0,0.7839291193065314
9441.0,1.0959206768195322
9442.0,0.03598713833984356
9443.0,-1.0042469669438134
9444.0,-0.8228535732589537
9445.0,0.5108366558978823
9446.0,1.1931027540486148
9447.0,0.39729747822405753
9448.0,-0.9380795916502633
9449.0,-1.214985174315927
9450.0,-0.07804306594628821
9451.0,1.3943918562170072
9452.0,1.0188404570954535
9453.0,-0.4958050849425605
9454.0,-1.2774163453732674
9455.0,-0.18244094239883152
9456.0,1.1608558267643903
9457.0,0.8939867227771595
9458.0,-0.6358547420186081
9459.0,-1.405092567088691
9460.0,-0.4714049773768813
9461.0,0.9332120252542457
9462.0,1.202105507279058
9463.0,-0.10488564218911783
9464.0,-1.463071546812643
9465.0,-0.9667608477577097
9466.0,0.563981345864489
9467.0,1.6286393162430013
9468.0,0.7848998438898439
9469.0,-1.051079737350667
9470.0,-1.7311633929121366
9471.0,-0.27907801471692134
9472.0,1.4985305842136316
9473.0,1.5867978399885028
9474.0,-0.6441651117147095
9475.0,-1.9420159603303384
9476.0,-1.029305224049074
9477.0,1.3196709097614188
9478.0,2.143461333806492
9479.0,0.4274383335407677
9480.0,-1.924995276236137
9481.0,-1.7026044204044386
9482.0,0.5948714821055036
9483.0,2.1809501206762967
9484.0,1.098454930393598
9485.0,-1.4991509333012525
9486.0,-2.1786557920551344
9487.0,-0.31952564473980116
9488.0,1.747184904908397
9489.0,1.5146120901774207
9490.0,-0.5336674419629727
9491.0,-1.7446570536676864
9492.0,-0.6104777101154091
9493.0,1.1577526114583654
9494.0,1.486535743451358
9495.0,0.10184976498805426
9496.0,-1.3901092810943052
9497.0,-1.1688562858696967
9498.0,0.38887433381267983
9499.0,1.4967782395638578
9500.0,0.7431596109741027
9501.0,-0.9919194834809048
9502.0,-1.5927934124904177
9503.0,-0.03334208500865839
9504.0,1.4972666861254227
9505.0,1.2439908132855835
9506.0,-0.7750813194550779
9507.0,-1.6821538234578424
9508.0,-0.5781852912647264
9509.0,1.3331875436073075
9510.0,1.5464716122432154
9511.0,-0.08571152821932902
9512.0,-1.4593423746161704
9513.0,-0.9361878906551669
9514.0,0.5133317603194827
9515.0,1.2733466972746128
9516.0,0.2944094397520218
9517.0,-0.6627302937519264
9518.0,-0.8430107627570227
9519.0,0.16685704881232194
9520.0,1.0829585090628828
9521.0,0.6384638899473726
9522.0,-0.6149468434399292
9523.0,-1.1950903551690635
9524.0,-0.33131317207072963
9525.0,1.2035890469103006
9526.0,1.2066229020574035
9527.0,-0.2777116224748546
9528.0,-1.4830502586657413
9529.0,-0.6372578972811476
9530.0,0.9814853345102491
9531.0,1.181339141930329
9532.0,-0.2707711563132964
9533.0,-1.2443881819991636
9534.0,-0.3522771234815
9535.0,0.8368112041927325
9536.0,0.8224325252164453
9537.0,-0.4002273978928833
9538.0,-0.9647186985102273
9539.0,-0.5719526555622564
9540.0,0.483665740033572
9541.0,0.8856047163036137
9542.0,0.3546499755099338
9543.0,-0.5321707435286646
9544.0,-0.8122140138574011
9545.0,-0.056026626293476246
9546.0,0.9121400365641267
9547.0,0.702108839205676
9548.0,-0.5367919957391164
9549.0,-1.201604320349364
9550.0,-0.3700896442623733
9551.0,1.0360419228760287
9552.0,0.9862131269366179
9553.0,-0.1783820587790411
9554.0,-1.1264612582499918
9555.0,-0.7014090020146995
9556.0,0.45700122620540246
9557.0,0.9531360280764697
9558.0,0.3013089930027298
9559.0,-0.8643512894542767
9560.0,-0.8966640467265962
9561.0,0.18464530640700394
9562.0,1.2591460056678485
9563.0,0.8420575229312577
9564.0,-0.4142228607016171
9565.0,-1.0909465525683433
9566.0,-0.42957937790011935
9567.0,0.7665433532983265
9568.0,1.0904789364934235
9569.0,-0.009587959502157205
9570.0,-1.207433447742732
9571.0,-0.8230766767064389
9572.0,0.5454278665162858
9573.0,1.2731560646086066
9574.0,0.6113172532081704
9575.0,-0.9415709467000885
9576.0,-1.159665116136388
9577.0,0.13974195854962165
9578.0,1.216725958499803
9579.0,0.816232362439441
9580.0,-0.6770165329887146
9581.0,-1.3300310632594727
9582.0,-0.23612798925011017
9583.0,1.3847564898621376
9584.0,1.0676234381718082
9585.0,-0.6306847596561062
9586.0,-1.6094661204163512
9587.0,-0.4179082109214881
9588.0,1.1814625494192594
9589.0,1.2910135928606412
9590.0,-0.42507440412269515
9591.0,-1.5444779531740584
9592.0,-0.3475566834576031
9593.0,1.3111591724695626
9594.0,1.0835103003228963
9595.0,-0.4148802431355991
9596.0,-1.3926223007109848
9597.0,-0.7339517559220057
9598.0,0.7875960191328877
9599.0,1.3199567447499834
9600.0,0.39992726649660776
9601.0,-0.9770051317181034
9602.0,-0.9587390030177624
9603.0,0.2935107202841148
9604.0,1.263398140341574
9605.0,0.5537385020282363
9606.0,-0.9204212750724609
9607.0,-1.338874644449694
9608.0,0.06428992307247439
9609.0,1.481547183791431
9610.0,1.0132978294604431
9611.0,-0.8222231361105402
9612.0,-1.555745742012517
9613.0,-0.2710742850578661
9614.0,1.2613460046747162
9615.0,1.3938005013894599
9616.0,-0.2657509807247447
9617.0,-1.4703288578206892
9618.0,-1.0366695884087782
9619.0,0.5057576168109299
9620.0,1.4072694964624268
9621.0,0.6697331477149313
9622.0,-1.05251971290313
9623.0,-1.1608381339847254
9624.0,0.46366946708358464
9625.0,1.4289501366870867
9626.0,0.6914013599064672
9627.0,-0.898378714013356
9628.0,-1.3449335438668146
9629.0,-0.10853309682204479
9630.0,1.3457183483025648
9631.0,1.033552241180268
9632.0,-0.7428081309627393
9633.0,-1.4202494044068814
9634.0,-0.1698053538824822
9635.0,1.5763457044330489
9636.0,1.2038579944356278
9637.0,-0.5733233643449763
9638.0,-1.444353175239067
9639.0,-0.5649133705078052
9640.0,1.1143956084351847
9641.0,1.4416280628221518
9642.0,-0.1524431217758603
9643.0,-1.5445752862259383
9644.0,-0.898339891253209
9645.0,0.8035723829005106
9646.0,1.2623325781259347
9647.0,0.2581732885614878
9648.0,-0.8611112500127672
9649.0,-0.7699499629708756
9650.0,0.31666606068806813
9651.0,1.0044799463508503
9652.0,0.5828516058196862
9653.0,-0.4815782916408423
9654.0,-0.8186166853352532
9655.0,0.017058210048667595
9656.0,0.8989727304115434
9657.0,0.5170316407215374
9658.0,-0.581126269745313
9659.0,-0.9515080571788926
9660.0,-0.2189234536411019
9661.0,0.7464292935817279
9662.0,0.8200729843116569
9663.0,-0.04220982036444296
9664.0,-0.5454535834091091
9665.0,-0.06362971500852237
9666.0,0.4113693685861557
9667.0,0.4390935380656591
9668.0,-0.12451325542218102
9669.0,-0.44769064161794137
9670.0,-0.168511403573518
9671.0,0.321176041648938
9672.0,0.5510721474062962
9673.0,0.07324945155127768
9674.0,-0.5561179197299589
9675.0,-0.39778619613634514
9676.0,0.2718321415007137
9677.0,0.637365573036515
9678.0,0.1579392785015502
9679.0,-0.31808639429652463
9680.0,-0.20514634007958685
9681.0,0.1688396413173399
9682.0,0.2823069809530972
9683.0,0.11217497703376512
9684.0,-0.06977889812480408
9685.0,-0.014697047866079763
9686.0,-0.12543013991661028
9687.0,-0.07325469066041618
9688.0,-0.14781985626807695
9689.0,-0.12630202547148464
9690.0,0.12922191803541713
9691.0,0.3488476610873972
9692.0,0.20204951202536786
9693.0,0.008165651807496599
9694.0,-0.4172486588346043
9695.0,-0.25615158690891593
9696.0,0.3666005290452317
9697.0,0.5625865923203187
9698.0,0.024041866602306217
9699.0,-0.39313715013201833
9700.0,-0.33079553233493225
9701.0,0.0276901828445966
9702.0,0.32071202495031736
9703.0,0.30140745991102114
9704.0,-0.09446757224475785
9705.0,-0.31117633400195516
9706.0,0.05014537155250184
9707.0,0.3552513117410917
9708.0,0.1748428448621553
9709.0,-0.4204361283207813
9710.0,-0.30533520359444943
9711.0,0.2543201786183216
9712.0,0.6923298396299256
9713.0,0.21791600380891332
9714.0,-0.5028841360581727
9715.0,-0.38784364846150193
9716.0,0.15737818570587525
9717.0,0.6964119199320626
9718.0,0.27457557232048235
9719.0,-0.6466231121727581
9720.0,-0.7666735816666053
9721.0,0.11902422321091578
9722.0,0.9921179968848434
9723.0,0.6344274752857524
9724.0,-0.5126234156694519
9725.0,-1.1493195034544113
9726.0,-0.3001748928101569
9727.0,1.0978006389560837
9728.0,0.9129090859682616
9729.0,-0.4390894864137004
9730.0,-1.2399633998844863
9731.0,-0.45056491083155265
9732.0,0.8939935795493896
9733.0,1.288940787636828
9734.0,0.28241062167580905
9735.0,-1.0436810430674004
9736.0,-1.0133942911182254
9737.0,0.38086017322708937
9738.0,1.3241836248236405
9739.0,0.4523766025165387
9740.0,-0.8876846400959693
9741.0,-1.3783214053790673
9742.0,0.0544969725933659
9743.0,1.5897625396799
9744.0,1.2209380177238833
9745.0,-0.6272968902183927
9746.0,-1.4852218809483482
9747.0,-0.37639862230590193
9748.0,1.2229870892331538
9749.0,1.2277811891971073
9750.0,-0.3565001096946632
9751.0,-1.4049928391855653
9752.0,-0.7081418467855257
9753.0,0.7966509579446466
9754.0,1.3972140023466073
9755.0,0.1686403754618124
9756.0,-1.2157231741967727
9757.0,-1.1029893424739374
9758.0,0.3595178405113976
9759.0,1.6026347663770266
9760.0,0.7065608143396562
9761.0,-1.1700587724876104
9762.0,-1.686014899262992
9763.0,-0.18795350269617891
9764.0,1.4209547954210968
9765.0,1.2294347402048857
9766.0,-0.6641292511061192
9767.0,-1.9303883186344337
9768.0,-0.9579042962542578
9769.0,1.2287458436588337
9770.0,1.7482829409206844
9771.0,0.17055595780167063
9772.0,-1.3569998056486556
9773.0,-1.3784731284074931
9774.0,0.40553239397481516
9775.0,1.6866141364240734
9776.0,0.8750333997721771
9777.0,-1.0793079156874648
9778.0,-1.6316816574001582
9779.0,-0.10052678476532503
9780.0,1.5404451880979366
9781.0,1.093266151734262
9782.0,-0.9122032364361271
9783.0,-1.4047138169606437
9784.0,-0.23594099700392548
9785.0,1.15229332299849
9786.0,1.032548479857277
9787.0,-0.32861000221690795
9788.0,-1.4057041675500854
9789.0,-0.7662078669798599
9790.0,0.8343377111183926
9791.0,1.1815547432091293
9792.0,-0.162964877899603
9793.0,-1.320853872532255
9794.0,-1.0225656568446577
9795.0,0.5465002772648418
9796.0,1.1131657326104445
9797.0,0.423039732021104
9798.0,-0.6478054944774039
9799.0,-1.0264802164048117
9800.0,-0.17449202864220617
9801.0,0.7615708828745987
9802.0,0.7558100846885265
9803.0,-0.2616015007138388
9804.0,-0.9176500063814035
9805.0,-0.4500611110049986
9806.0,0.5518342178039192
9807.0,0.7028477371820073
9808.0,-0.14519545627845706
9809.0,-1.083044459690249
9810.0,-0.37981536133719657
9811.0,0.9890732016214566
9812.0,1.1834033537339006
9813.0,-0.030227619890685124
9814.0,-1.3620517951000628
9815.0,-0.9446419300019758
9816.0,0.4301318729780661
9817.0,1.1566027111694666
9818.0,0.5361403545589692
9819.0,-0.5945662876253468
9820.0,-0.8932197320649587
9821.0,0.0850516295457727
9822.0,0.8043454871742804
9823.0,0.5597748702888432
9824.0,-0.4167391168783384
9825.0,-0.7197286282772837
9826.0,-0.03604458128461177
9827.0,0.6581001237592231
9828.0,0.28400592401717006
9829.0,-0.6686098407682414
9830.0,-0.8537570901283132
9831.0,0.2725034380281088
9832.0,0.9545594177858333
9833.0,0.2438129591220931
9834.0,-0.6784302015295324
9835.0,-0.7901058471582464
9836.0,0.19078732734769466
9837.0,0.8539383833866698
9838.0,0.3940630581209203
9839.0,-0.7363169434970699
9840.0,-0.7294561205345432
9841.0,0.18132649667062228
9842.0,0.8177917327970811
9843.0,0.4512111499042672
9844.0,-0.5906450607155705
9845.0,-0.723777804295219
9846.0,-0.07200723994755434
9847.0,0.6805118970710188
9848.0,0.39435552149154696
9849.0,-0.7604103310793582
9850.0,-0.777172887621199
9851.0,0.053185260725190184
9852.0,0.7609512532076866
9853.0,0.5639048315831258
9854.0,-0.47885919534456417
9855.0,-1.1532794984924704
9856.0,-0.38563341537730583
9857.0,0.8543112332825333
9858.0,0.7532293426510727
9859.0,-0.3569913946696938
9860.0,-1.0975951688571415
9861.0,-0.3034095413493551
9862.0,0.9342181987329108
9863.0,1.062664880886
9864.0,-0.05038433013806232
9865.0,-1.1956553876888574
9866.0,-0.7735783117729478
9867.0,0.7906432270630498
9868.0,1.4125553067607628
9869.0,0.24112388745425115
9870.0,-1.1026411760290795
9871.0,-0.8266357581547851
9872.0,0.5070115175107851
9873.0,1.2530112091352543
9874.0,0.2715297847417225
9875.0,-0.9699701894845625
9876.0,-1.18785157929532
9877.0,0.07561767722056324
9878.0,1.1020804984875503
9879.0,0.8077592940187592
9880.0,-0.29859661368682217
9881.0,-1.0019851766290246
9882.0,-0.3995824282417038
9883.0,0.5491405781466592
9884.0,0.5756132099208539
9885.0,-0.3218701461234751
9886.0,-0.8689639914589067
9887.0,-0.5432900905193813
9888.0,0.44859093788055393
9889.0,1.1260715289046077
9890.0,0.4320869266344978
9891.0,-0.7721014349567724
9892.0,-0.8717650744803281
9893.0,0.07807470003171678
9894.0,1.0512390910898695
9895.0,0.5691290729257051
9896.0,-0.6803758058602014
9897.0,-1.1658974653378589
9898.0,-0.20988094690762873
9899.0,0.9374921370112079
9900.0,0.8477628918834067
9901.0,-0.4440013650102306
9902.0,-1.3489011153115071
9903.0,-0.4021425920478822
9904.0,0.9520078726591887
9905.0,0.8525003968645044
9906.0,-0.151469080730588
9907.0,-0.9861365993844174
9908.0,-0.7375202415222272
9909.0,0.5029868402546586
9910.0,1.0513523661724613
9911.0,0.48260768168353607
9912.0,-1.0332031764760614
9913.0,-1.1517621022378512
9914.0,0.009225344384662559
9915.0,1.002002532423028
9916.0,0.5804059228233759
9917.0,-0.608092286783644
9918.0,-1.1479046350679265
9919.0,-0.1704591864092991
9920.0,0.4780025358569136
9921.0,0.5676776983559443
9922.0,-0.14158516081995823
9923.0,-0.8843469171904049
9924.0,-0.42070138781997396
9925.0,0.5788833345140127
9926.0,0.5174898495362047
9927.0,-0.1316509217164118
9928.0,-0.6800452269850533
9929.0,-0.175262219556393
9930.0,0.4811353923134881
9931.0,0.5436196919993139
9932.0,-0.028741280820118075
9933.0,-0.32830060575014963
9934.0,-0.3331763555493925
9935.0,0.10686220748122341
9936.0,0.16679263540018877
9937.0,-0.023868170656689915
9938.0,-0.00518276668383605
9939.0,0.3108041519760198
9940.0,0.20483563016461717
9941.0,-0.06052665270197283
9942.0,-0.12650677690742326
9943.0,0.0745104342286603
9944.0,0.2965847856573772
9945.0,0.27968972823958693
9946.0,-0.10337442583198624
9947.0,-0.2895305120843601
9948.0,-0.11861220060290559
9949.0,0.40686347088814595
9950.0,0.34473052870931853
9951.0,-0.13344369943780873
9952.0,-0.4007711970062179
9953.0,-0.30369969227449845
9954.0,0.4107000794523302
9955.0,0.5281231326529906
9956.0,-0.019557265575048933
9957.0,-0.3554377557276032
9958.0,-0.22928930702468897
9959.0,0.05780293914875631
9960.0,0.27041374889791175
9961.0,0.0427512448765926
9962.0,-0.1840548427107922
9963.0,-0.08190506675917338
9964.0,0.3224310669120316
9965.0,0.24343093243702557
9966.0,-0.07264536814760589
9967.0,-0.4640988067763236
9968.0,-0.3675731473092477
9969.0,0.26668628111770354
9970.0,0.5681210323527349
9971.0,0.05087693878138819
9972.0,-0.49187515321100844
9973.0,-0.3745087435831455
9974.0,0.27849207223833805
9975.0,0.5484166537336299
9976.0,0.4131923133839611
9977.0,-0.37441056558879493
9978.0,-0.589831241348
9979.0,-0.0903085033509264
9980.0,0.623563875695303
9981.0,0.47193657806222467
9982.0,-0.36541234975875375
9983.0,-0.8836524601055693
9984.0,-0.31295856280922935
9985.0,0.43121969577525965
9986.0,0.6301387003233234
9987.0,0.17623040370757426
9988.0,-0.4626751446901895
9989.0,-0.30168916940686114
9990.0,0.3307044725276529
9991.0,0.684968547264498
9992.0,0.1363543168824776
9993.0,-0.8182817339499823
9994.0,-0.6319481523250474
9995.0,0.2585896718427973
9996.0,0.7427084044031736
9997.0,0.38105906999481987
9998.0,-0.26697862178140386
9999.0,-0.5076188086742646
10000.0,-0.2853115594511052
10001.0,0.25386070828911694
10002.0,0.6680208685966973
10003.0,0.07149143780944485
10004.0,-0.7784702697281178
10005.0,-0.8233621009432012
10006.0,-0.009804554432978233
10007.0,0.7849894562435774
10008.0,0.500495001255335
10009.0,-0.4555634348378833
10010.0,-0.8977069317675874
10011.0,-0.18030270425914016
10012.0,0.5861024898913095
10013.0,0.5628628329265507
10014.0,-0.23473140390176367
10015.0,-0.7012813374504078
10016.0,-0.434369456307891
10017.0,0.16622491169086673
10018.0,0.3382625367989609
10019.0,0.07421758319572258
10020.0,-0.41030146557430186
10021.0,-0.42659524228576384
10022.0,0.11779981110514291
10023.0,0.633447780299406
10024.0,0.46396060555441665
10025.0,-0.4983739279148853
10026.0,-0.87650532944337
10027.0,-0.24179697270053113
10028.0,0.5996318450118894
10029.0,0.8678927965509066
10030.0,0.0831960501698795
10031.0,-0.7548165762526572
10032.0,-0.6555627043143137
10033.0,0.1074530298023796
10034.0,0.7616877011643464
10035.0,0.4532827475332959
10036.0,-0.627987062987931
10037.0,-0.7301792916040082
10038.0,-0.032735536487056315
10039.0,0.6910524678337084
10040.0,0.6529866336391267
10041.0,-0.12227176251283166
10042.0,-0.8419725687472683
10043.0,-0.38992067153406634
10044.0,0.5785648459169477
10045.0,0.7382220446272868
10046.0,-0.1450144144303036
10047.0,-0.7188898502177221
10048.0,-0.2698125883797907
10049.0,0.7015070695381329
10050.0,0.7599450759697146
10051.0,-0.2346224782697437
10052.0,-0.7745920375946627
10053.0,-0.5481667296029564
10054.0,0.14296026436516698
10055.0,0.7201742562297246
10056.0,0.3259623406633959
10057.0,-0.38807815751674163
10058.0,-0.6364581776275183
10059.0,-0.29826486913142597
10060.0,0.4855478031835448
10061.0,0.729520188320652
10062.0,-0.09646484217943746
10063.0,-0.9446814146734379
10064.0,-0.6806648404118176
10065.0,0.5818795032041
10066.0,1.0835878289463838
10067.0,0.1470559664656597
10068.0,-1.0309420233709239
10069.0,-1.201475928742311
10070.0,0.2430726396167491
10071.0,1.4513269983011237
10072.0,0.9398991954826438
10073.0,-0.8591745838748
10074.0,-1.8093353161240997
10075.0,-0.49689940329650756
10076.0,1.5148614394724866
10077.0,1.5421812374659412
10078.0,-0.6072715041210228
10079.0,-1.8383473147284506
10080.0,-0.6526762785296149
10081.0,1.2053584987745267
10082.0,1.5221240195623633
10083.0,-0.10330627546044549
10084.0,-1.5290364569217505
10085.0,-1.1788521356536776
10086.0,0.8083661661011214
10087.0,1.830633261967243
10088.0,0.6789211667322056
10089.0,-1.381887157328706
10090.0,-1.7155585303195933
10091.0,0.10187947925508432
10092.0,1.8506382492105735
10093.0,1.0481176603144837
10094.0,-0.9534384890114568
10095.0,-1.5880459643201223
10096.0,-0.4635437894801737
10097.0,1.2649112241344849
10098.0,1.4491562810836467
10099.0,-0.20294180382514834
10100.0,-1.377923564824435
10101.0,-0.7238057051044487
10102.0,0.8504801548668477
10103.0,1.3839089351562592
10104.0,0.3515080203267927
10105.0,-1.2389409787346206
10106.0,-1.3505381001067043
10107.0,0.09650875213225427
10108.0,1.4279618745891844
10109.0,0.8217236488261016
10110.0,-0.8320224954087615
10111.0,-1.476962684965443
10112.0,-0.2722480570868502
10113.0,1.3715680070280203
10114.0,1.3115912186399767
10115.0,-0.39614171609401616
10116.0,-1.5217422754377405
10117.0,-0.782163797404137
10118.0,0.6719278191208807
10119.0,1.4570678785178999
10120.0,0.3712524278743747
10121.0,-1.111113677319289
10122.0,-1.242779370119065
10123.0,0.3236098211096965
10124.0,1.624907189203931
10125.0,0.8267928773435701
10126.0,-0.9210680676986809
10127.0,-1.3581286645610549
10128.0,-0.2735879343474356
10129.0,1.1102002559541766
10130.0,1.0518641561497755
10131.0,-0.5373799647443841
10132.0,-1.3355673946354722
10133.0,-0.5360599568848355
10134.0,0.7671818757877036
10135.0,1.4156594000134868
10136.0,0.180266686654454
10137.0,-1.2204864513270302
10138.0,-0.787998430044898
10139.0,0.6888184093841402
10140.0,1.4931472919258457
10141.0,0.5025324968121241
10142.0,-1.3434156472971672
10143.0,-1.6628542484967923
10144.0,0.28178798448355025
10145.0,1.8842331893240107
10146.0,1.2100025272620596
10147.0,-1.0822989609742253
10148.0,-1.761387169477598
10149.0,-0.07018590485482716
10150.0,1.8060059896074905
10151.0,1.5489773632244719
10152.0,-0.7549483054936145
10153.0,-2.1125458632909
10154.0,-0.6994438887428872
10155.0,1.6667256198611766
10156.0,1.9661468222687106
10157.0,-0.22759828075851124
10158.0,-2.204320121992407
10159.0,-1.2792737748521352
10160.0,1.3864100645736348
10161.0,2.439135115834898
10162.0,0.4217611628566491
10163.0,-2.171346113841479
10164.0,-2.216828355574805
10165.0,0.29114568979457517
10166.0,2.206856678391702
10167.0,1.1381695472684035
10168.0,-1.308069643391764
10169.0,-2.1247355721622503
10170.0,-0.27790420359178175
10171.0,1.9471045788998742
10172.0,1.567640924568084
10173.0,-0.8640102458357498
10174.0,-2.3016669215331977
10175.0,-0.6552262418703821
10176.0,2.0095767647561167
10177.0,2.146115552915142
10178.0,-0.6030410794466138
10179.0,-2.477894031623248
10180.0,-1.2177083244121814
10181.0,1.4637662877120603
10182.0,2.130604741214156
10183.0,0.18686638991371876
10184.0,-2.0674969138749875
10185.0,-1.7353196698087725
10186.0,0.8500898469425342
10187.0,2.41720082619719
10188.0,1.0183576100349578
10189.0,-1.774927161535895
10190.0,-2.2537684841905
10191.0,0.2163178514640055
10192.0,2.475476985465869
10193.0,1.6354538402595364
10194.0,-1.201909180781607
10195.0,-2.499498137259952
10196.0,-0.6388349502810794
10197.0,1.8512540665820252
10198.0,2.1298797967301244
10199.0,-0.47397227349069543
10200.0,-2.7175809504702055
10201.0,-1.4784009069321533
10202.0,1.400688442709124
10203.0,2.585543538065016
10204.0,0.3889764524825508
10205.0,-2.2225594593083624
10206.0,-1.97006285660705
10207.0,0.7750302519930544
10208.0,2.443474606477673
10209.0,0.9768634025518729
10210.0,-1.725138863263202
10211.0,-2.157413634718183
10212.0,0.12308386101350564
10213.0,2.331593416306654
10214.0,1.5125580285473093
10215.0,-1.2088546368420132
10216.0,-2.1769318616022737
10217.0,-0.310299458390557
10218.0,1.7845028988427725
10219.0,1.72204477456747
10220.0,-0.3745403162528455
10221.0,-2.1593758339457
10222.0,-1.044716640820382
10223.0,1.4552893429065048
10224.0,2.044444583703015
10225.0,0.2877703798787203
10226.0,-1.793699198146912
10227.0,-1.6603157595019242
10228.0,0.5666376004850586
10229.0,2.0431157203393195
10230.0,0.7814789212163721
10231.0,-1.670187858316153
10232.0,-2.282391771841645
10233.0,-0.1559476000124596
10234.0,2.180781858962325
10235.0,1.5979156410926976
10236.0,-1.0106917752641156
10237.0,-2.331842569014554
10238.0,-0.6581369118782087
10239.0,1.8099125927842887
10240.0,2.080720128573846
10241.0,-0.4285215831863169
10242.0,-2.473987283962778
10243.0,-1.369322904778313
10244.0,1.561124799787764
10245.0,2.4706258484512356
10246.0,0.2531347197966823
10247.0,-2.3226334392804
10248.0,-1.9558304636702846
10249.0,0.9515173478027523
10250.0,2.707688078424493
10251.0,1.0031567252729356
10252.0,-1.7994846679853085
10253.0,-2.3027598224689347
10254.0,0.19924880103789636
10255.0,2.442652628720056
10256.0,1.8891258276082217
10257.0,-0.9559205588713687
10258.0,-2.4159097701466496
10259.0,-0.649199206144611
10260.0,1.80833176737565
10261.0,2.070564400515854
10262.0,-0.43433897206489264
10263.0,-2.3770640523721482
10264.0,-1.4390233387889921
10265.0,1.3637206970968505
10266.0,2.349855348046248
10267.0,0.15723871647249446
10268.0,-2.1973864006505948
10269.0,-1.8339170528181825
10270.0,0.9055940582767406
10271.0,2.5504088317375637
10272.0,0.90178602935813
10273.0,-1.8179863196732535
10274.0,-2.2231482002625538
10275.0,0.27673059435566544
10276.0,2.3487981342841135
10277.0,1.3717248491197358
10278.0,-1.141224299663355
10279.0,-2.05191416851536
10280.0,-0.4446083902685009
10281.0,1.676077662221466
10282.0,1.642945200549551
10283.0,-0.5544054796650997
10284.0,-1.9997202260816749
10285.0,-1.0345575907790778
10286.0,1.2623313751170628
10287.0,1.919011523346342
10288.0,-0.0024502361594063594
10289.0,-1.9445253820776427
10290.0,-1.559829965134669
10291.0,0.6387862818127266
10292.0,1.8119109334834504
10293.0,0.646365338302752
10294.0,-1.3470387570820521
10295.0,-1.5882307471810053
10296.0,0.45059705391043586
10297.0,1.969468801619968
10298.0,1.0553995848333348
10299.0,-1.3256600322399228
10300.0,-2.0258310834905906
10301.0,-0.19831094881694786
10302.0,2.074640434560191
10303.0,1.8926129304532509
10304.0,-0.44068217260927817
10305.0,-2.2766214325697103
10306.0,-1.2515432517352765
10307.0,1.212508565550168
10308.0,2.1315899252162818
10309.0,0.3399070023425702
10310.0,-1.9275597702091156
10311.0,-1.7965673973259486
10312.0,0.5329586102422866
10313.0,2.23209016911877
10314.0,1.2065808493536778
10315.0,-1.2863797771264418
10316.0,-2.103914932847746
10317.0,-0.48692915389752145
10318.0,1.4438230247272779
10319.0,1.4072833775435685
10320.0,-0.41744034094245275
10321.0,-1.6833365838789667
10322.0,-0.7783892213736768
10323.0,1.1195358190585214
10324.0,1.5971334232147405
10325.0,0.1152825055995893
10326.0,-1.4019033075342393
10327.0,-1.1089730923184173
10328.0,0.40329084930715997
10329.0,1.5036129410505357
10330.0,0.5329013026885607
10331.0,-0.8874324363554915
10332.0,-1.3550045852318093
10333.0,0.05859945976605958
10334.0,1.3294641189580985
10335.0,0.6571469884184316
10336.0,-0.6851970984974997
10337.0,-1.0294141646053585
10338.0,-0.08978477935881238
10339.0,0.9354777539437282
10340.0,0.8906410686941154
10341.0,-0.4708209617657864
10342.0,-1.3901016950114358
10343.0,-0.6029004122645213
10344.0,0.8546271356322881
10345.0,1.3233147135645322
10346.0,0.08884689111401047
10347.0,-1.3368271805412388
10348.0,-1.2747836403168082
10349.0,0.5671908372206482
10350.0,1.758120102606668
10351.0,0.7650464431091426
10352.0,-0.8767329005908917
10353.0,-1.4227622507683269
10354.0,-0.2332160950472807
10355.0,1.2271059136330573
10356.0,0.9711647107644125
10357.0,-0.42447308025318786
10358.0,-1.3837877403948722
10359.0,-0.660446976619248
10360.0,0.7232122288973619
10361.0,0.992667566420497
10362.0,0.05802720287349135
10363.0,-1.098639046349841
10364.0,-0.8737112961108758
10365.0,0.5369069414098393
10366.0,1.472264536736888
10367.0,0.5824994999103252
10368.0,-1.0256168574757691
10369.0,-1.2225395959208845
10370.0,-0.022001523386119663
10371.0,1.133904610967181
10372.0,1.0168566934413477
10373.0,-0.33797750845398755
10374.0,-1.1515126167309513
10375.0,-0.5794244896182854
10376.0,0.8631920673897492
10377.0,1.2636513158899576
10378.0,0.02692303793259486
10379.0,-1.2843070202719038
10380.0,-0.9013544084051993
10381.0,0.6894504980780409
10382.0,1.4006888123935342
10383.0,0.1571317701736197
10384.0,-1.2823123051333196
10385.0,-1.4805952999317706
10386.0,0.2980739961393194
10387.0,1.7062062992327482
10388.0,1.0104453128853792
10389.0,-0.965697030896603
10390.0,-1.7532846192683431
10391.0,-0.08195132232928039
10392.0,1.749209359887577
10393.0,1.3542450915080864
10394.0,-0.605441986957924
10395.0,-1.8991071736438652
10396.0,-0.6290091683309752
10397.0,1.3577752305725295
10398.0,1.4510517154088813
10399.0,-0.3135410428762745
10400.0,-1.7254257815017124
10401.0,-0.7838866622027276
10402.0,1.205209972135689
10403.0,1.7487648563535514
10404.0,0.06102587479748462
10405.0,-1.8725032489992315
10406.0,-1.3951079399269968
10407.0,0.8169146944766276
10408.0,1.823739838283239
10409.0,0.4722947095034404
10410.0,-1.4187903189449749
10411.0,-1.6440254530132408
10412.0,0.23387053040411915
10413.0,1.7816898156070318
10414.0,1.1578244761731729
10415.0,-0.7653413420752351
10416.0,-1.6129624398824964
10417.0,-0.674868712434838
10418.0,0.7707498004325855
10419.0,1.1679457156684014
10420.0,0.18353119517761954
10421.0,-0.8618490086925085
10422.0,-1.047953063249052
10423.0,0.21676961366286704
10424.0,1.1606982692562922
10425.0,0.5678412132141607
10426.0,-0.5624103598841707
10427.0,-1.0209170491656605
10428.0,-0.05361483228442562
10429.0,0.7542160410172567
10430.0,0.4508030853211901
10431.0,-0.3694196819648659
10432.0,-0.8127294511790869
10433.0,-0.029951146271882657
10434.0,0.8616527675546605
10435.0,0.5591414398937044
10436.0,-0.32110313649663863
10437.0,-0.7904271286864606
10438.0,-0.42742702613605865
10439.0,0.6419169727746283
10440.0,1.0463058361224709
10441.0,0.08868096628029382
10442.0,-0.7724305793059223
10443.0,-0.6775544786172945
10444.0,0.20768963367715093
10445.0,0.9152951277922626
10446.0,0.3769575676800243
10447.0,-0.700113260875725
10448.0,-0.9587687130387792
10449.0,0.33174644692313854
10450.0,1.0748492689930091
10451.0,0.6605594904800907
10452.0,-0.5467489604872703
10453.0,-1.0334365626891007
10454.0,-0.1269862506898426
10455.0,1.0177948528171745
10456.0,0.9437839637613485
10457.0,-0.2902766812302117
10458.0,-1.1570858671784172
10459.0,-0.5833147623644273
10460.0,0.6711442974087698
10461.0,1.3114243783846011
10462.0,0.45064699796933466
10463.0,-1.1415381110964942
10464.0,-1.2603194536549356
10465.0,-0.03471750679396301
10466.0,1.0605845052164178
10467.0,0.9109942372855271
10468.0,-0.42112939674170213
10469.0,-1.2212944128083314
10470.0,-0.41290317541179367
10471.0,1.0933240230800227
10472.0,1.2363609353791507
10473.0,-0.0889992425869281
10474.0,-1.3911247807616158
10475.0,-1.1404007860043934
10476.0,0.49685786608142446
10477.0,1.402676905392783
10478.0,0.7047776342747307
10479.0,-0.6386057978705952
10480.0,-1.146702262194527
10481.0,-0.18112414684786754
10482.0,1.032159903090817
10483.0,0.7544478655382894
10484.0,-0.22628033190511063
10485.0,-1.1396846550676007
10486.0,-0.592570910882045
10487.0,0.7302388795070611
10488.0,1.211088823223408
10489.0,0.03930889355788416
10490.0,-0.9585195955690244
10491.0,-0.7959899894605633
10492.0,0.28266249883833594
10493.0,1.0990494598025284
10494.0,0.5573736064441142
10495.0,-0.7874916320660208
10496.0,-1.2777086347195288
10497.0,-0.06433514472606712
10498.0,0.9084897870092423
10499.0,0.7522265134849914
10500.0,-0.4888284865489023
10501.0,-1.1841142459219125
10502.0,-0.3547903073309619
10503.0,0.6649917472588779
10504.0,0.8881412346453872
10505.0,0.15290546844222425
10506.0,-0.8909847737349635
10507.0,-0.7625163403352672
10508.0,0.3121714809877703
10509.0,1.031934283476622
10510.0,0.4317601100101836
10511.0,-0.7044343639967579
10512.0,-0.9881436654864861
10513.0,-0.18521053529279594
10514.0,0.692785620947992
10515.0,0.5612566568338384
10516.0,-0.2516439876365172
10517.0,-0.6687860400485314
10518.0,-0.46511716607379017
10519.0,0.3881276656448207
10520.0,0.7971500048924494
10521.0,0.07000658491325494
10522.0,-0.5363972441618403
10523.0,-0.6147891838495628
10524.0,0.1473016662987825
10525.0,0.7179783927622341
10526.0,0.25489728223345726
10527.0,-0.5196354867067692
10528.0,-1.111051931326444
10529.0,-0.3297911822766603
10530.0,0.8295772000251803
10531.0,0.8324664539466777
10532.0,-0.31838125644081927
10533.0,-0.9423832214121226
10534.0,-0.34597204148394617
10535.0,0.749179371382837
10536.0,0.9754713696042187
10537.0,-0.02245858920857878
10538.0,-0.9786555035142429
10539.0,-0.4022022406975758
10540.0,0.6461003219964797
10541.0,1.0785086657648948
10542.0,0.12683330851436492
10543.0,-1.0409275842810006
10544.0,-0.9196840126607254
10545.0,0.1654809857388909
10546.0,1.2223757860243758
10547.0,0.45596144934181326
10548.0,-0.9425805725218351
10549.0,-1.1775866808807691
10550.0,0.18611152603823122
10551.0,1.1153721143072128
10552.0,0.6147329850619744
10553.0,-0.6259403732609871
10554.0,-1.1216926319036993
10555.0,-0.17854051469578539
10556.0,0.9785633249029809
10557.0,0.8691330376280157
10558.0,-0.5157400313255623
10559.0,-1.0132961853479137
10560.0,-0.028298881073271456
10561.0,1.1078432618506422
10562.0,0.6623991059190458
10563.0,-0.5337982584358238
10564.0,-1.1899863084711717
10565.0,-0.40693565072241045
10566.0,0.9265851288262446
10567.0,1.2876424726790947
10568.0,0.04395983873816216
10569.0,-1.2004327982136431
10570.0,-1.0502747750494517
10571.0,0.44494148794212196
10572.0,1.5094235395949354
10573.0,0.504671314539598
10574.0,-1.2035654216440523
10575.0,-1.2733745679426995
10576.0,0.3528408895872449
10577.0,1.5133414378594365
10578.0,0.6651080026476242
10579.0,-1.012776606159767
10580.0,-1.635417025891303
10581.0,-0.3594413774413237
10582.0,1.3723632831505646
10583.0,1.1460508977697872
10584.0,-0.5450852781166746
10585.0,-1.5927539109608604
10586.0,-0.7475597364527741
10587.0,0.9040187129562923
10588.0,1.3752028865586632
10589.0,-0.08496866820766877
10590.0,-1.4050089102868784
10591.0,-0.953115239175745
10592.0,0.7160006373495547
10593.0,1.508815503198877
10594.0,0.24899019747075124
10595.0,-1.345151535109851
10596.0,-1.0696146350524978
10597.0,0.6698572952770093
10598.0,1.7544086767509235
10599.0,0.7697461142084981
10600.0,-1.2317732632564937
10601.0,-1.6777756305221692
10602.0,-0.11166414868254054
10603.0,1.5923648194060183
10604.0,1.0995555713808773
10605.0,-0.7550315208703617
10606.0,-1.5024520014089666
10607.0,-0.39883428834620005
10608.0,1.0149177866303005
10609.0,0.9193577695132501
10610.0,-0.23896018018377052
10611.0,-0.9364677146476112
10612.0,-0.5886225629781275
10613.0,0.28428506892503513
10614.0,0.8428024659151753
10615.0,0.2664621139393437
10616.0,-0.7676701409093362
10617.0,-0.697141041712316
10618.0,0.26341159165131783
10619.0,0.7164688027913961
10620.0,0.3053251769254275
10621.0,-0.5896792694456385
10622.0,-0.8121650096386335
10623.0,0.027668062352058924
10624.0,0.91858395855299
10625.0,0.707392903648026
10626.0,-0.3108847505669369
10627.0,-0.906719910602344
10628.0,-0.27017087031394343
10629.0,0.7904133667286432
10630.0,0.9085250777081461
10631.0,-0.10837951152114242
10632.0,-0.9064214265999316
10633.0,-0.6248385062208847
10634.0,0.2554877558006491
10635.0,0.7231145429631873
10636.0,0.31520586424253716
10637.0,-0.3443430045125293
10638.0,-0.611826085942705
10639.0,-0.20753909729046335
10640.0,0.48599047278621244
10641.0,0.5771703802974824
10642.0,-0.08955227413097494
10643.0,-0.6702967182516223
10644.0,-0.49793070402247114
10645.0,0.08861144559906156
10646.0,0.411552693388229
10647.0,0.2038984638559688
10648.0,-0.221338260388531
10649.0,-0.5195896071478847
10650.0,-0.11074328215994438
10651.0,0.19157463619956336
10652.0,0.3088336774085959
10653.0,-0.0175920048760885
10654.0,-0.32810101396791824
10655.0,-0.338175643296008
10656.0,-0.04417494598015358
10657.0,0.44936036812048097
10658.0,0.4845023135988376
10659.0,0.0413704543407694
10660.0,-0.49698795171474447
10661.0,-0.3058469771461733
10662.0,0.15932503035220816
10663.0,0.42016337903511985
10664.0,0.44715987971435767
10665.0,0.08275511140608519
10666.0,-0.4362718065294235
10667.0,-0.3280082753947506
10668.0,0.06004835387838504
10669.0,0.4968856565985952
10670.0,0.1731593657267746
10671.0,-0.33008372609425485
10672.0,-0.05004870371193071
10673.0,0.4578987299580462
10674.0,0.49755873257374983
10675.0,-0.13120965824715292
10676.0,-0.4320079368015979
10677.0,-0.3758048539865835
10678.0,0.1670727687007627
10679.0,0.45246690398845046
10680.0,0.3855524942563499
10681.0,-0.29061144928559546
10682.0,-0.5475182233121351
10683.0,-0.09199534879939296
10684.0,0.41771534454282716
10685.0,0.365087073683777
10686.0,-0.45734494271846626
10687.0,-0.6661380404622163
10688.0,0.16700179487014064
10689.0,0.87808613219177
10690.0,0.5799842105577088
10691.0,-0.31320173791190564
10692.0,-0.43553253300139616
10693.0,-0.18287810574159255
10694.0,0.42251988048919586
10695.0,0.45188353409428167
10696.0,-0.0206283615237477
10697.0,-0.4690075131638216
10698.0,-0.3811706490616033
10699.0,0.0442848397063627
10700.0,0.5124930318171815
10701.0,0.46965917346129143
10702.0,-0.047504293504068686
10703.0,-0.350796489828088
10704.0,-0.3088295085666319
10705.0,0.09579587476861415
10706.0,0.2566608081950435
10707.0,0.13212158352456135
10708.0,-0.22610289427729313
10709.0,-0.3631429278577908
10710.0,-0.011323260312614375
10711.0,0.41666827010938723
10712.0,0.2824043397668223
10713.0,-0.4719869743107884
10714.0,-0.867068442192801
10715.0,0.13173005688505313
10716.0,1.0954988413115083
10717.0,0.7978112155559764
10718.0,-0.5313257944371415
10719.0,-1.2328569635352498
10720.0,-0.30302932098983376
10721.0,0.7674209283066257
10722.0,0.8118133755283683
10723.0,-0.06328131091204336
10724.0,-0.7585611778572191
10725.0,-0.479868931882005
10726.0,0.2602656220190549
10727.0,0.4309376404560846
10728.0,0.06827148659273777
10729.0,-0.4537581351509213
10730.0,-0.3564602697003601
10731.0,-0.009299364404224415
10732.0,0.45042956445102916
10733.0,0.25536602259353897
10734.0,-0.4079893197506725
10735.0,-0.5779588200962749
10736.0,0.0611295385514775
10737.0,0.47746219565296494
10738.0,0.3841379148390012
10739.0,-0.007438812426430382
10740.0,-0.5351471072667042
10741.0,-0.6224180911055546
10742.0,0.3098634295695825
10743.0,0.7252695783307983
10744.0,0.004266534816613247
10745.0,-0.8401072160119502
10746.0,-0.6403572959240607
10747.0,0.05217825164299892
10748.0,0.4666449881065967
10749.0,0.5978262329028541
10750.0,-0.1278556818025683
10751.0,-0.7441996507503185
10752.0,-0.43183639443788685
10753.0,0.6630980938099218
10754.0,0.7217017776129695
10755.0,-0.0590868589313186
10756.0,-0.6830436937320398
10757.0,-0.21803515780589022
10758.0,0.38288208354844455
10759.0,0.5957174554878868
10760.0,0.13944656546182854
10761.0,-0.6039997178517418
10762.0,-0.7414544328206034
10763.0,0.07833087509565385
10764.0,0.6030858880170589
10765.0,0.20907559121972677
10766.0,-0.5092736438071191
10767.0,-0.5624893111914477
10768.0,0.14963641148998374
10769.0,0.5420059133016789
10770.0,0.17789786004677002
10771.0,-0.17873482179590325
10772.0,-0.0786531642088987
10773.0,0.2916199960056228
10774.0,0.29832820188876114
10775.0,-0.30598638652366433
10776.0,-0.6908661262766275
10777.0,-0.12557453880163447
10778.0,0.7458139521754451
10779.0,0.6438985639393628
10780.0,-0.2573359204604594
10781.0,-0.8762864867408833
10782.0,-0.4235266916350467
10783.0,0.5591346483200581
10784.0,0.7682236256620182
10785.0,-0.08344516721412898
10786.0,-0.7185692225635659
10787.0,-0.44119678506789833
10788.0,0.19584302478200194
10789.0,0.5034335994737511
10790.0,0.2754551342684553
10791.0,-0.3101582535095383
10792.0,-0.6086339465181957
10793.0,-0.06642369124027207
10794.0,0.6664097631238413
10795.0,0.34296791611607136
10796.0,-0.6112333237871156
10797.0,-0.5928711442914675
10798.0,-0.05546741020704969
10799.0,0.6255364595769433
10800.0,0.5765180779661875
10801.0,-0.3710247243191285
10802.0,-0.8769203832393029
10803.0,-0.4225104201985638
10804.0,0.3067610606538346
10805.0,0.5971924575945702
10806.0,0.1641454663305202
10807.0,-0.4300978685090729
10808.0,-0.44929903717553316
10809.0,0.11236740314000974
10810.0,0.5642309178353565
10811.0,0.27771112922807567
10812.0,-0.3426787495308514
10813.0,-0.5457479961904194
10814.0,-0.009341633793116005
10815.0,0.5386386078697327
10816.0,0.39837752003733407
10817.0,-0.13947104697519302
10818.0,-0.696778235875845
10819.0,-0.4472731330174184
10820.0,0.25559971025647005
10821.0,0.7948609042330314
10822.0,0.3495025039346996
10823.0,-0.5080370530883263
10824.0,-0.4902238079890288
10825.0,0.135864838056198
10826.0,0.45618389770939877
10827.0,0.061249181656327624
10828.0,-0.34821647443534864
10829.0,-0.30499732073007085
10830.0,-0.18594475590858497
10831.0,0.14655930826110547
10832.0,0.595480583790264
10833.0,0.17922307080993716
10834.0,-0.3356581516665224
10835.0,-0.41044179392156427
10836.0,-0.07366372675692932
10837.0,0.22498408324475688
10838.0,0.26220179812951444
10839.0,0.16955260366479652
10840.0,-0.12974409148009713
10841.0,-0.14638011286374394
10842.0,-0.15942665624240623
10843.0,0.1448087692327195
10844.0,-0.06627084864692974
10845.0,-0.2219740085960671
10846.0,-0.08569738270347002
10847.0,0.2839824897133239
10848.0,0.4020234985240666
10849.0,0.05945029440041671
10850.0,-0.42690814738246224
10851.0,-0.3938332143640906
10852.0,0.30629772557647345
10853.0,0.4636906902235544
10854.0,0.03924882232774468
10855.0,-0.42506048702336713
10856.0,-0.4040642688166103
10857.0,0.15869337039407913
10858.0,0.38561744520650443
10859.0,0.16842723608715862
10860.0,-0.17022830702916408
10861.0,-0.36407158140058843
10862.0,0.08661433316150806
10863.0,0.32472088388897524
10864.0,0.2968539638861907
10865.0,0.00993515745345796
10866.0,-0.3168239661512287
10867.0,-0.43725856662680396
10868.0,0.30799755917948146
10869.0,0.7380265540509552
10870.0,0.316291925129976
10871.0,-0.7083978611039925
10872.0,-0.6343166792322577
10873.0,0.13517014325904225
10874.0,0.6961546610645722
10875.0,0.36679031366856457
10876.0,-0.2520697417712734
10877.0,-0.5401504230924228
10878.0,-0.14119768503463145
10879.0,0.5023179401492709
10880.0,0.5698465315971416
10881.0,0.0646412431360173
10882.0,-0.49401495215385255
10883.0,-0.31776262145557105
10884.0,0.22053682777913466
10885.0,0.4165559058929692
10886.0,-0.009786072645564093
10887.0,-0.57398982322011
10888.0,-0.47718216238358696
10889.0,0.08396030747113736
10890.0,0.42759335378110547
10891.0,0.5498933623215335
10892.0,0.02178533279700311
10893.0,-0.7339453544305139
10894.0,-0.6200285441138234
10895.0,0.24062640800875934
10896.0,0.742126722546772
10897.0,0.10405559887018336
10898.0,-0.3862129950685019
10899.0,-0.41941067432288637
10900.0,-0.1284946576695254
10901.0,0.23435561146715822
10902.0,0.41462394056903945
10903.0,0.15952401943778366
10904.0,-0.16452467294497905
10905.0,-0.1689587702419581
10906.0,-0.03706117669851162
10907.0,0.2735676157323992
10908.0,0.43332074838637574
10909.0,0.1680736923892893
10910.0,-0.3787087817096795
10911.0,-0.41255977656139964
10912.0,-0.26216706493053876
10913.0,0.1766645824816099
10914.0,0.5076773894201749
10915.0,0.09879893170565555
10916.0,-0.37640346902219374
10917.0,-0.432310110298552
10918.0,-0.13266336300848863
10919.0,0.31298252581414554
10920.0,0.3197626530189035
10921.0,-0.13036787256652677
10922.0,-0.38224258848578924
10923.0,0.058317182186780954
10924.0,0.4939424299868373
10925.0,0.35203283574178323
10926.0,-0.25478677173489384
10927.0,-0.5237262460374315
10928.0,0.22287409946225203
10929.0,0.5853754622648276
10930.0,0.2863651276378571
10931.0,-0.30477547451046894
10932.0,-0.4513761027746657
10933.0,-0.009488729296302137
10934.0,0.21892220570230003
10935.0,0.10260232241167576
10936.0,-0.17837407586634002
10937.0,0.023089874563015606
10938.0,0.11740141188326515
10939.0,0.1906128167353625
10940.0,0.11924466970068631
10941.0,-0.07167013763265302
10942.0,-0.10247201365027886
10943.0,-0.16781694549743384
10944.0,-0.10405811599690457
10945.0,-0.09530029363177663
10946.0,-0.03338500826278711
10947.0,0.1711477929367674
10948.0,0.40610137657831963
10949.0,0.1239628876450288
10950.0,-0.21151986070960294
10951.0,-0.27716226319299053
10952.0,0.013878417905639175
10953.0,0.3064306239301289
10954.0,0.3530620502459519
10955.0,-0.018448799725966743
10956.0,-0.33999205364997936
10957.0,-0.15341512709731753
10958.0,0.2669120791877006
10959.0,0.4585818031782138
10960.0,0.05164899198893831
10961.0,-0.6550549680109587
10962.0,-0.4885114452592977
10963.0,0.3369921165748246
10964.0,0.815791700585974
10965.0,0.21425480777047057
10966.0,-0.6064162555558765
10967.0,-0.7176890087901873
10968.0,0.06821336532151687
10969.0,0.6589720504534156
10970.0,0.4385731095080616
10971.0,-0.5089944954872364
10972.0,-0.7603602820050559
10973.0,0.003266290161132475
10974.0,0.8347473255593255
10975.0,0.4589357631033725
10976.0,-0.24740171084366705
10977.0,-0.6848626794002851
10978.0,-0.321174055318586
10979.0,0.36929589579034294
10980.0,0.5398885161790753
10981.0,-0.11452945273715538
10982.0,-0.4930758561443519
10983.0,-0.08175266073994956
10984.0,0.38668986551620077
10985.0,0.5882575412374473
10986.0,0.11755428166086251
10987.0,-0.2562601049141373
10988.0,-0.3607569249649562
10989.0,-0.14204901169156586
10990.0,0.2761453760181893
10991.0,0.22745194255609455
10992.0,0.10788954465095357
10993.0,-0.17384834795143195
10994.0,-0.28826188980476775
10995.0,0.12677082660030162
10996.0,0.4469018498348072
10997.0,0.17698689234367063
10998.0,-0.327822813910279
10999.0,-0.3925267437678192
11000.0,0.06548918271541793
11001.0,0.4978519845647753
11002.0,0.3195966193182168
11003.0,-0.43639773580770513
11004.0,-0.7286070093143917
11005.0,-0.2178664664801886
11006.0,0.5568187038769287
11007.0,0.517774793311781
11008.0,0.02374426794483529
11009.0,-0.5102185369003966
11010.0,-0.46253088201620507
11011.0,0.1060537650259806
11012.0,0.43601434373438325
11013.0,0.2166291435913299
11014.0,-0.2921861492328158
11015.0,-0.6117745305519642
11016.0,-0.17466126933419163
11017.0,0.5236432208111204
11018.0,0.5019107508251962
11019.0,-0.17538126417253114
11020.0,-0.4816670329874019
11021.0,-0.16098845048057517
11022.0,0.17432777417377054
11023.0,0.2903624235467825
11024.0,0.020506919949216162
11025.0,-0.16765636809307918
11026.0,-0.1339764357336714
11027.0,0.03607650872455096
11028.0,0.06953979327785652
11029.0,-0.05737880284135523
11030.0,0.08725932830535937
11031.0,0.13222388367756277
11032.0,0.02378540989762798
11033.0,0.00788316097880266
11034.0,0.12012369727655133
11035.0,-0.05800570674803447
11036.0,-0.14698533005343403
11037.0,-0.02606548739038257
11038.0,0.21925301392068514
11039.0,0.23076304405553955
11040.0,-0.12959922071971253
11041.0,-0.4896261080896017
11042.0,-0.21292520748986754
11043.0,0.2641107243006184
11044.0,0.6864145406364346
11045.0,0.3208702739239946
11046.0,-0.379264835090396
11047.0,-0.5334349622458405
11048.0,-0.05218603340568395
11049.0,0.6295205737910473
11050.0,0.5283002102752259
11051.0,-0.22697548051320268
11052.0,-0.6185489713288727
11053.0,-0.3122101144011251
11054.0,0.40281719971482777
11055.0,0.5071009930259834
11056.0,-0.1247704998454415
11057.0,-0.4921603521406091
11058.0,-0.11469558947489547
11059.0,0.19523549525249223
11060.0,0.2938568519567605
11061.0,0.08005502902556874
11062.0,-0.22419285491889848
11063.0,-0.3902218255266195
11064.0,7.081284188516538e-05
11065.0,0.4781506376123768
11066.0,0.4482287627279929
11067.0,-0.12101959611537154
11068.0,-0.4784730380871287
11069.0,0.01620628606010165
11070.0,0.3316289858132318
11071.0,0.07312448487903314
11072.0,-0.2823561946983233
11073.0,-0.2295373358601902
11074.0,0.1585017379455642
11075.0,0.19780196837691189
11076.0,-0.020773828471390254
11077.0,-0.19892474164080928
11078.0,-0.11434794684909177
11079.0,0.09533759135893334
11080.0,0.30303205644457687
11081.0,0.13419147530669304
11082.0,-0.03015876738088397
11083.0,-0.2284124964656535
11084.0,-0.14891876887311886
11085.0,0.2087064352400239
11086.0,0.2550405567180431
11087.0,-0.2181840261543089
11088.0,-0.3603595895650605
11089.0,0.05811463786585284
11090.0,0.5736940976878062
11091.0,0.16049074737628516
11092.0,-0.512143615317291
11093.0,-0.4317845527306074
11094.0,0.25248433469470666
11095.0,0.5480674964886437
11096.0,0.31554411227121515
11097.0,-0.3179221319038902
11098.0,-0.7128843422607184
11099.0,-0.08285697392757203
11100.0,0.6979346862671832
11101.0,0.7137445650901111
11102.0,-0.13554590699383118
11103.0,-0.8434367534801381
11104.0,-0.372215126456172
11105.0,0.6309496612613447
11106.0,0.7656159415673545
11107.0,-0.11722218121332509
11108.0,-0.74539709821962
11109.0,-0.6172328060993622
11110.0,0.36377252257719256
11111.0,1.082845550779945
11112.0,0.5282439340050705
11113.0,-0.4979078404464578
11114.0,-0.881512499379585
11115.0,0.07310019954031984
11116.0,0.8453146391387071
11117.0,0.45443572745859184
11118.0,-0.33772334563913914
11119.0,-0.5029075129782614
11120.0,0.14728440664202364
11121.0,0.7068880627799901
11122.0,0.2055702784246865
11123.0,-0.7136238294028006
11124.0,-0.7860324362686177
11125.0,0.20305726090741064
11126.0,0.7144843035379408
11127.0,0.052220459030835074
11128.0,-0.6008893565272015
11129.0,-0.5507453702361033
11130.0,0.4156386654521401
11131.0,0.9393747056864423
11132.0,0.0395587345997847
11133.0,-0.8071403657566055
11134.0,-0.631409836696052
11135.0,0.17963661447355397
11136.0,1.017444715008155
11137.0,0.5210701196853063
11138.0,-0.5031919699998186
11139.0,-0.9630757790330537
11140.0,-0.22572005418523053
11141.0,0.8513433207599347
11142.0,0.819706071711745
11143.0,-0.25294910654092195
11144.0,-0.9114489197887333
11145.0,-0.41406326109287717
11146.0,0.5649138754694644
11147.0,0.8778626884636678
11148.0,0.27024024604178826
11149.0,-0.6297168091255553
11150.0,-0.6608622091363388
11151.0,0.024297321512702814
11152.0,0.8398291265868928
11153.0,0.7027306218103689
11154.0,-0.3149421680387759
11155.0,-0.9018147327301171
11156.0,-0.2844612442789849
11157.0,0.8208491317867466
11158.0,0.7174796046622327
11159.0,-0.19979248201330774
11160.0,-0.774003835208473
11161.0,-0.263991243596099
11162.0,0.5557037734759878
11163.0,0.6503595952616946
11164.0,-0.2248787545437244
11165.0,-0.8009003185388837
11166.0,-0.296011599536896
11167.0,0.6868711946534478
11168.0,0.8334149982001242
11169.0,0.08234282825479622
11170.0,-1.0458024995311461
11171.0,-0.7910443800727269
11172.0,0.49010737087865247
11173.0,1.4698652322969197
11174.0,0.619878070442473
11175.0,-0.9397416280432738
11176.0,-1.399665092490428
11177.0,-0.22526989776046638
11178.0,1.3229483506742683
11179.0,1.2203552586786468
11180.0,-0.47837281059829595
11181.0,-1.7651628996392519
11182.0,-1.016489516063657
11183.0,1.2769065395553805
11184.0,1.907573385921602
11185.0,0.23201969684908288
11186.0,-1.6013503601281198
11187.0,-1.4584853832393525
11188.0,0.7241163195168827
11189.0,2.133159178446137
11190.0,0.9165591021083304
11191.0,-1.1615371912434975
11192.0,-1.8026339560098692
11193.0,-0.16663955888265947
11194.0,1.7418897342948694
11195.0,1.2893981321710697
11196.0,-0.6533954331940064
11197.0,-1.644643348342055
11198.0,-0.6763877553687481
11199.0,1.3098020766477456
11200.0,1.3774203587889442
11201.0,-0.1768317663090107
11202.0,-1.6697503484981273
11203.0,-1.1158812572721992
11204.0,0.9580669807175007
11205.0,1.8507486692013684
11206.0,0.20675023672052986
11207.0,-1.6380329275039158
11208.0,-1.4449765786736717
11209.0,0.6243228267182594
11210.0,1.7894726818961413
11211.0,0.809653235862669
11212.0,-0.9328514330984374
11213.0,-1.3746967712638338
11214.0,-0.017559889150715415
11215.0,1.3373349873838962
11216.0,1.0426868497596518
11217.0,-0.4832997537774866
11218.0,-1.3837350662237624
11219.0,-0.5519086407268301
11220.0,0.8757768489408064
11221.0,1.232635669534623
11222.0,0.1961541361346288
11223.0,-1.0878034817597981
11224.0,-0.7447450883547823
11225.0,0.4621060491822772
11226.0,1.1867829307627349
11227.0,0.3091732907547059
11228.0,-1.1059312267487715
11229.0,-1.2247895192194589
11230.0,0.0252292691189677
11231.0,1.5021377134979748
11232.0,1.0207260154031674
11233.0,-0.7439730415645391
11234.0,-1.4341892216333587
11235.0,-0.3657338540574158
11236.0,1.3400553679384688
11237.0,1.3990977077086506
11238.0,-0.29964603006602597
11239.0,-1.568598875654442
11240.0,-0.8010733254908609
11241.0,1.0442263433850254
11242.0,1.4282795655506737
11243.0,-0.016029239128605686
11244.0,-1.3586441549734056
11245.0,-1.0579235094359691
11246.0,0.8674682498181584
11247.0,1.6330845125183406
11248.0,0.3395495737485026
11249.0,-1.477373140694861
11250.0,-1.4486677665203647
11251.0,0.5501632681281314
11252.0,1.819792398571022
11253.0,0.8762292908509345
11254.0,-1.1717394983064782
11255.0,-1.6756065856439046
11256.0,0.09633614376410145
11257.0,1.7634563517282613
11258.0,1.1628791398673792
11259.0,-0.8750176371927031
11260.0,-1.7067593788534408
11261.0,-0.37839236364595386
11262.0,1.3296026937567003
11263.0,1.4079317861356673
11264.0,-0.20807634399905833
11265.0,-1.6061788581785401
11266.0,-0.9350105875982272
11267.0,0.9924350727281379
11268.0,1.5369155925333664
11269.0,0.13521103937363885
11270.0,-1.4169530654197438
11271.0,-1.2361074105944196
11272.0,0.776397001093935
11273.0,1.6993376355216065
11274.0,0.4273889565802984
11275.0,-1.579155769435934
11276.0,-1.7337622831570016
11277.0,0.015871948222800396
11278.0,1.8258373511778023
11279.0,1.462905285788895
11280.0,-0.7129674626577491
11281.0,-1.9871592763023345
11282.0,-0.8123377282836509
11283.0,1.395933066697051
11284.0,1.8745247100633298
11285.0,-0.16678770030835605
11286.0,-2.0069553542460077
11287.0,-1.338756497321877
11288.0,0.9758451503398452
11289.0,2.140682683678425
11290.0,0.7297089223521865
11291.0,-1.8293061040053455
11292.0,-1.9950448901701863
11293.0,0.2178667957876607
11294.0,2.314621305173387
11295.0,1.436131072067173
11296.0,-1.2228073040616978
11297.0,-2.270904088402007
11298.0,-0.6154038415630785
11299.0,1.726622694425119
11300.0,1.878294715486395
11301.0,-0.41937639260795906
11302.0,-2.3117801244545624
11303.0,-1.2246098690980165
11304.0,1.5161068766311678
11305.0,2.4255500023852887
11306.0,0.4323509271531092
11307.0,-2.228885915415705
11308.0,-2.373993788251112
11309.0,0.5210151636792195
11310.0,3.048093902556256
11311.0,1.6418608906089696
11312.0,-1.938333622208751
11313.0,-2.9808134432234676
11314.0,-0.33992811159662084
11315.0,2.729729319948397
11316.0,2.313782034358423
11317.0,-0.7533934761608687
11318.0,-2.900228738771489
11319.0,-1.170946480689667
11320.0,2.0526653125491245
11321.0,2.744167981495477
11322.0,0.018649362993273015
11323.0,-2.782180738105327
11324.0,-2.2428240997337223
11325.0,0.8681627196948888
11326.0,2.7555139403883557
11327.0,1.0498602162149895
11328.0,-1.89553905022964
11329.0,-2.6374825849894403
11330.0,-0.014345925701189411
11331.0,2.8328586479241515
11332.0,2.1685437582872824
11333.0,-1.3146455957853014
11334.0,-2.973515861146911
11335.0,-0.8716201613754593
11336.0,2.3330632309916175
11337.0,2.5881638671100613
11338.0,-0.3951906251641346
11339.0,-2.8102367079698163
11340.0,-1.6503928208953658
11341.0,1.6071914799029683
11342.0,2.842724334220979
11343.0,0.5339631772669511
11344.0,-2.1810027835058263
11345.0,-2.062209085567972
11346.0,0.7888543826920486
11347.0,2.553191567180354
11348.0,1.0582405539156248
11349.0,-1.6375580227252942
11350.0,-2.320434810187483
11351.0,0.057451268387528204
11352.0,2.145837608531077
11353.0,1.382237531657351
11354.0,-1.0008619741503932
11355.0,-2.18952755688155
11356.0,-0.4091767491562819
11357.0,1.9293347068054543
11358.0,1.651495169425593
11359.0,-0.5541746609084722
11360.0,-2.1618566693559127
11361.0,-1.220054863772497
11362.0,1.0047326378396515
11363.0,1.9264315341719405
11364.0,0.38536736689952933
11365.0,-1.8263559713830582
11366.0,-1.7443732592760646
11367.0,0.2737505154623009
11368.0,2.188111685884697
11369.0,1.568281270951431
11370.0,-0.984602171588776
11371.0,-2.354170243906382
11372.0,-0.650427582523664
11373.0,1.7977797765231815
11374.0,1.9986834360493906
11375.0,-0.24299274457952175
11376.0,-2.155820259677141
11377.0,-1.6184280885320614
11378.0,1.132642554765681
11379.0,2.347378127497556
11380.0,0.578101975560688
11381.0,-1.9683853192678757
11382.0,-2.0748510391781134
11383.0,0.7873341327327441
11384.0,2.5627692882704896
11385.0,1.2306309468709815
11386.0,-1.69776922596263
11387.0,-2.6514249939443113
11388.0,-0.056470200830878454
11389.0,2.5951771869882436
11390.0,2.1113398801196794
11391.0,-1.1349448512319005
11392.0,-2.9056739770222455
11393.0,-1.1329995112738238
11394.0,2.3670644661085967
11395.0,2.912858679609417
11396.0,-0.1858623103613821
11397.0,-3.074361605024775
11398.0,-2.4204273573528186
11399.0,1.1462442511277806
11400.0,3.1675336869478525
11401.0,1.131595610257338
11402.0,-2.3121330631282895
11403.0,-2.8644718302598235
11404.0,0.20503140040034976
11405.0,2.886564625624755
11406.0,1.997137819605967
11407.0,-1.5224544435850504
11408.0,-3.045181796971433
11409.0,-0.9014559429730165
11410.0,2.230868297459416
11411.0,2.4953527175639896
11412.0,-0.5149516595052537
11413.0,-3.1535157166677186
11414.0,-1.8518955678112226
11415.0,1.7548623859304402
11416.0,2.9466697125062993
11417.0,0.5538952185979646
11418.0,-2.5889142327151995
11419.0,-2.3865710718033437
11420.0,0.9486264751349022
11421.0,3.2262724507986142
11422.0,1.4972568896767695
11423.0,-1.855311843459713
11424.0,-2.7402809607592618
11425.0,0.025857718144182428
11426.0,2.6746264668901194
11427.0,2.082572240309197
11428.0,-1.043167947969013
11429.0,-2.991836644455368
11430.0,-1.195617749353112
11431.0,2.337468828910585
11432.0,2.600877584277723
11433.0,-0.5910474629648992
11434.0,-2.9765705830468367
11435.0,-1.5930749587437116
11436.0,1.95609279838391
11437.0,2.964460139020582
11438.0,0.06922740629641086
11439.0,-2.6678709099425166
11440.0,-1.7915915054602678
11441.0,1.5171356110300582
11442.0,2.9342698140235717
11443.0,0.8185008314659593
11444.0,-2.3999225584681674
11445.0,-2.6337616095101772
11446.0,0.42769072758005244
11447.0,2.9801398252104008
11448.0,1.8327585472872259
11449.0,-1.6221178914990553
11450.0,-3.0267330644671215
11451.0,-0.641726317502574
11452.0,2.2089993126763723
11453.0,2.3333778009581243
11454.0,-0.3639069312485934
11455.0,-2.6203293656259934
11456.0,-1.5673898853559736
11457.0,1.8432157144201777
11458.0,2.854328075995102
11459.0,0.08121428076649513
11460.0,-2.825288914917699
11461.0,-2.1982290127056365
11462.0,1.325858932208823
11463.0,3.4004180204679644
11464.0,1.216548172096362
11465.0,-2.522740952013674
11466.0,-3.0459257706261913
11467.0,0.2634763709996063
11468.0,3.2971780716445567
11469.0,2.059911202469681
11470.0,-1.925212425105954
11471.0,-3.310755374373219
11472.0,-0.3824534557516627
11473.0,3.024162733184986
11474.0,2.634334892774289
11475.0,-1.007452518534026
11476.0,-3.122346246691831
11477.0,-1.410761408894393
11478.0,2.251904655925937
11479.0,3.0475177724680025
11480.0,-0.2229128139732447
11481.0,-3.2090731096624774
11482.0,-2.0261622941818684
11483.0,1.615940983077854
11484.0,3.1512677127521083
11485.0,0.8510992346231279
11486.0,-2.338416441915264
11487.0,-2.5839155777354312
11488.0,0.2842063856361934
11489.0,2.81536527430564
11490.0,1.8142311150470631
11491.0,-1.4376384301717438
11492.0,-2.748200676431846
11493.0,-0.47605559373513623
11494.0,2.3536062564090243
11495.0,2.0411169218156044
11496.0,-0.9213085125920893
11497.0,-2.9597777003090515
11498.0,-1.2742475906427042
11499.0,1.9385677663145584
11500.0,2.656048239025325
11501.0,0.09256223543391477
11502.0,-2.1789653500264845
11503.0,-1.485301577003714
11504.0,1.0435718737336475
11505.0,2.5370077535413125
11506.0,0.8123185421866459
11507.0,-1.8721738896167361
11508.0,-2.318670056789854
11509.0,0.3076205798276344
11510.0,2.4724968043366102
11511.0,1.7036653959604962
11512.0,-1.0581688519014814
11513.0,-2.552409334049145
11514.0,-0.631710977678761
11515.0,2.0400636037930497
11516.0,1.9603649717867246
11517.0,-0.777893032191288
11518.0,-2.3653312555838215
11519.0,-0.8541496127804732
11520.0,1.6984863617661303
11521.0,2.1085122339315556
11522.0,0.01018570582711861
11523.0,-2.1104401154788235
11524.0,-1.6525783592205463
11525.0,0.8780377033877064
11526.0,2.0436200621469727
11527.0,0.6205995677387178
11528.0,-1.4646712277478946
11529.0,-1.6076842506822937
11530.0,0.15104107711533538
11531.0,1.703668241993573
11532.0,0.8706414644885747
11533.0,-1.2116810991095388
11534.0,-1.5620365084097776
11535.0,-0.08010511048817767
11536.0,1.3041661691909685
11537.0,1.0199620193037773
11538.0,-0.41052230161092357
11539.0,-1.407392783655758
11540.0,-0.5937391025383957
11541.0,0.9814493979282538
11542.0,1.1705570909198892
11543.0,-0.19070397873311512
11544.0,-1.4370087109684109
11545.0,-1.030477811264129
11546.0,0.7125566375881743
11547.0,1.6223527287735169
11548.0,0.3944960782037028
11549.0,-1.2538041006481946
11550.0,-1.2815358974169746
11551.0,0.30694575186308615
11552.0,1.6804703019842904
11553.0,0.9305067202753065
11554.0,-1.0164151688432832
11555.0,-1.5367856103611772
11556.0,-0.0866222660483018
11557.0,1.4091921084889771
11558.0,0.909267531698942
11559.0,-0.7221881039857552
11560.0,-1.351033113584571
11561.0,-0.23880347340547423
11562.0,1.0537623678127412
11563.0,1.085956847632719
11564.0,-0.1815469427539569
11565.0,-0.8047009492248827
11566.0,-0.01429464229413149
11567.0,0.7174107292979013
11568.0,0.7477605412224223
11569.0,-0.17796037300446862
11570.0,-1.083265621559026
11571.0,-0.4242376524493226
11572.0,0.7911274694598112
11573.0,1.0713252011951302
11574.0,-0.08246579800890859
11575.0,-1.272949091659052
11576.0,-0.6944504812672657
11577.0,0.7337222603073588
11578.0,1.4563024155497943
11579.0,0.25576724672857043
11580.0,-1.2315664540870137
11581.0,-1.2435592447435648
11582.0,0.19980795212705338
11583.0,1.3500378501518027
11584.0,0.5499546212094254
11585.0,-1.0882078499775074
11586.0,-1.369595938089291
11587.0,-0.01971888969569872
11588.0,1.4352927712305394
11589.0,1.2223197781483341
11590.0,-0.7317999005618944
11591.0,-1.9378445800362976
11592.0,-0.6424648892407765
11593.0,1.496483349199113
11594.0,1.6808619034492838
11595.0,-0.30022802274934496
11596.0,-1.7953909066060438
11597.0,-1.0205920985486452
11598.0,0.6200231539183566
11599.0,1.61146481353432
11600.0,0.42155672405646966
11601.0,-1.4032722352986768
11602.0,-1.5749563490672625
11603.0,0.23212170017636066
11604.0,1.8817157524362396
11605.0,1.2329220834732126
11606.0,-1.119220524921293
11607.0,-2.0323544213562506
11608.0,-0.4110968957601134
11609.0,1.647824980071018
11610.0,1.6035048292454854
11611.0,-0.3508272864659326
11612.0,-1.8423503490057003
11613.0,-0.9394511198503869
11614.0,1.336532275438509
11615.0,1.667621506192508
11616.0,0.006134561578765077
11617.0,-1.4799455114784628
11618.0,-0.9289346820390068
11619.0,0.9027910991186598
11620.0,1.698653111039933
11621.0,0.2936604048166607
11622.0,-1.4074546665609402
11623.0,-1.3038342985966986
11624.0,0.4707070049252418
11625.0,1.5864389520212927
11626.0,0.7869419306424126
11627.0,-1.046059357209983
11628.0,-1.7779219975093188
11629.0,-0.270519235062208
11630.0,1.502817749049125
11631.0,1.2749539580528386
11632.0,-0.653571622969818
11633.0,-1.7859207179529886
11634.0,-0.5703466549322372
11635.0,1.321109914262966
11636.0,1.462618265734825
11637.0,-0.03427820669804218
11638.0,-1.3211303777342505
11639.0,-1.1700276761124677
11640.0,0.39570300147037435
11641.0,1.2980108464746434
11642.0,0.7044541395983631
11643.0,-0.7947788765113517
11644.0,-1.3007716168160428
11645.0,-0.024236302183244886
11646.0,1.3675967133182232
11647.0,1.1470671887803916
11648.0,-0.37747023862315915
11649.0,-1.437134913490535
11650.0,-0.5077916451667319
11651.0,0.9994204472388556
11652.0,1.2069323875590656
11653.0,-0.055210890642856905
11654.0,-1.2292322504205755
11655.0,-0.9599447425562807
11656.0,0.4524625696243408
11657.0,1.262051368511276
11658.0,0.2544981570222734
11659.0,-1.1188154298905824
11660.0,-0.8390184934180489
11661.0,0.5267068825712542
11662.0,1.1354801493817719
11663.0,0.6136365293768626
11664.0,-0.6908475604607506
11665.0,-1.1459753057948372
11666.0,-0.21107417847366255
11667.0,0.9077256460882803
11668.0,1.1164637894035354
11669.0,-0.07271372669446913
11670.0,-1.1694889665179418
11671.0,-0.7043076057485586
11672.0,0.6964123542587597
11673.0,1.1448997238293828
11674.0,0.35790030884436463
11675.0,-0.8394502536947719
11676.0,-0.92262136058272
11677.0,0.03184255743688821
11678.0,0.6367541326434911
11679.0,0.47500243743590764
11680.0,-0.4449262787271651
11681.0,-1.140359555058821
11682.0,-0.5140578697894362
11683.0,0.7442663513052717
11684.0,1.0719109175557953
11685.0,-0.013234078780500915
11686.0,-1.02314886866695
11687.0,-0.7071992115503363
11688.0,0.6603999473167859
11689.0,1.1590929516370312
11690.0,0.14153269630742762
11691.0,-0.817734606527628
11692.0,-0.9913477645173533
11693.0,0.40540532236354704
11694.0,1.1130223150355618
11695.0,0.19961594506675245
11696.0,-0.897855821168987
11697.0,-0.5767344174400346
11698.0,0.46179805499330007
11699.0,0.8501290355134256
11700.0,0.03083674460839095
11701.0,-1.0220421773947854
11702.0,-0.8045483141821034
11703.0,0.24638038405789925
11704.0,0.8993485049818442
11705.0,0.5018593388105361
11706.0,-0.46284532104230447
11707.0,-0.8223351994602148
11708.0,0.06917843978840721
11709.0,0.9248804932523738
11710.0,0.6240679940072901
11711.0,-0.37650605244652113
11712.0,-0.7789859726602368
11713.0,-0.22811878835759095
11714.0,0.6737389830087133
11715.0,0.7271129148665109
11716.0,-0.25405748569505116
11717.0,-0.7976109101413504
11718.0,-0.22426160145843121
11719.0,0.5466338201704906
11720.0,0.36679662936953145
11721.0,-0.19386293987985131
11722.0,-0.6900404257197543
11723.0,-0.44390791003457575
11724.0,0.25564601372792267
11725.0,0.6655480393241427
11726.0,0.1982176472743814
11727.0,-0.49708032405006886
11728.0,-0.624185176686254
11729.0,0.008035946162477565
11730.0,0.6583819960969102
11731.0,0.34745991896152345
11732.0,-0.4394605944462862
11733.0,-0.7822824213846165
11734.0,-0.35221550375550864
11735.0,0.64275844412277
11736.0,0.6568222055195556
11737.0,-0.18238264282032238
11738.0,-1.0304099652680512
11739.0,-0.6140616927235073
11740.0,0.7700639880043588
11741.0,1.2657974645238392
11742.0,0.254909489610399
11743.0,-1.1574343296043745
11744.0,-1.1522516088680685
11745.0,0.6608580206503942
11746.0,1.617398293353035
11747.0,0.6739370538753465
11748.0,-1.2272744810418788
11749.0,-1.6925413550304402
11750.0,-0.002838266514568023
11751.0,1.8869577780033258
11752.0,1.5151376659778744
11753.0,-0.5768537049408722
11754.0,-2.024650248138554
11755.0,-1.0772032202113686
11756.0,1.3426881613159032
11757.0,2.1188212725397997
11758.0,0.20587337709783643
11759.0,-1.9535358154587776
11760.0,-1.5304742658304833
11761.0,0.9868459901322786
11762.0,2.230574106230945
11763.0,0.6032104662755734
11764.0,-1.763494729254141
11765.0,-1.5924520306885932
11766.0,0.42805964282325354
11767.0,2.0071923545527794
11768.0,1.2141120697131973
11769.0,-1.1397187438389125
11770.0,-2.0269843565860954
11771.0,-0.4384637271559691
11772.0,1.69692426466398
11773.0,1.6385749966632652
11774.0,-0.5865557236123159
11775.0,-1.8378449322408983
11776.0,-0.8200751644776934
11777.0,1.094008324506923
11778.0,1.535544495647137
11779.0,0.043349406311601474
11780.0,-1.4816538553871819
11781.0,-1.1185471532914932
11782.0,0.6023911586306363
11783.0,1.541340459002598
11784.0,0.5206103456774513
11785.0,-0.982046628408747
11786.0,-1.3958786729605248
11787.0,-0.04812211693342534
11788.0,1.6413520711854233
11789.0,1.2601011292893654
11790.0,-0.7408360192793931
11791.0,-2.0719056520649954
11792.0,-0.7959827550322653
11793.0,1.6464267862105164
11794.0,2.089499685179207
11795.0,-0.025438497045100393
11796.0,-2.0179070087948805
11797.0,-1.5009237695135254
11798.0,1.0497819718075818
11799.0,2.2941926763995677
11800.0,0.5214239778784113
11801.0,-1.904131701414706
11802.0,-1.7669345485476817
11803.0,0.5654522365916395
11804.0,2.3869144261211037
11805.0,1.3293374707783758
11806.0,-1.4266326848405753
11807.0,-2.322493184150083
11808.0,-0.3495736646290635
11809.0,2.2165881164332473
11810.0,1.9125045389057138
11811.0,-0.8204122180243965
11812.0,-2.356573037858066
11813.0,-0.741176201711956
11814.0,1.7710296957002991
11815.0,2.1195296056649635
11816.0,0.0020595630778963312
11817.0,-1.8985100641838297
11818.0,-1.348693686024781
11819.0,0.8388397116724217
11820.0,2.118317533549476
11821.0,0.578051040331838
11822.0,-1.5723995323758828
11823.0,-1.780211506472628
11824.0,0.2948219736248053
11825.0,1.9544778669821117
11826.0,1.108964148316254
11827.0,-0.8772194591637452
11828.0,-1.5969670849235418
11829.0,-0.6777678317005597
11830.0,1.0806409671443917
11831.0,1.5145623367641519
11832.0,0.022328958104431605
11833.0,-1.2576811059283215
11834.0,-1.0835879651950324
11835.0,0.6568726442682457
11836.0,1.6277422925381329
11837.0,0.47973862905657894
11838.0,-1.2955960617709816
11839.0,-1.7333257354900526
11840.0,-0.11669184819705022
11841.0,1.527055006337802
11842.0,1.1925702733888863
11843.0,-0.5485762271357137
11844.0,-1.6044078270354973
11845.0,-0.5631205491512952
11846.0,1.2771552160178596
11847.0,1.4335072355050014
11848.0,-0.07555948633243793
11849.0,-1.4848246353665142
11850.0,-0.7918822726767214
11851.0,0.791207884880481
11852.0,1.2681475842867513
11853.0,0.1354986797181403
11854.0,-1.0001829660339443
11855.0,-0.6284034927539635
11856.0,0.5920677406660412
11857.0,0.9398135826517865
11858.0,0.31251854753928204
11859.0,-0.8468506044825764
11860.0,-0.8860607131890799
11861.0,0.23954922709148457
11862.0,1.1213177201899145
11863.0,0.7545879419909075
11864.0,-0.50472247999784
11865.0,-1.1498144062262954
11866.0,-0.320065036720396
11867.0,0.9289032911292344
11868.0,0.9399095814462078
11869.0,-0.02361298511637348
11870.0,-0.8192042696027394
11871.0,-0.5499440526926105
11872.0,0.427943301165398
11873.0,0.7982374062603929
11874.0,0.3763268168084588
11875.0,-0.5346781134344852
11876.0,-0.7895291389859
11877.0,-0.21767921124227974
11878.0,0.48344970049274244
11879.0,0.6299484229954775
11880.0,-0.20448160262341863
11881.0,-0.8818617480231697
11882.0,-0.5091553767166962
11883.0,0.5636283735823509
11884.0,0.8992489973721741
11885.0,0.2230941528700762
11886.0,-0.8206350068662875
11887.0,-0.8515794376349554
11888.0,0.2338914128021718
11889.0,0.9545724799201392
11890.0,0.40159568270911467
11891.0,-0.6315574370898501
11892.0,-0.9373550450849636
11893.0,-0.05784858752650251
11894.0,0.9018234782119698
11895.0,0.7417979047381671
11896.0,-0.5098959816358858
11897.0,-1.2785373100311852
11898.0,-0.4959621703001413
11899.0,0.8343789123439088
11900.0,1.2417754236903498
11901.0,0.20883454646121657
11902.0,-0.9491567203619296
11903.0,-0.601522588876405
11904.0,0.5284528185701072
11905.0,0.9472128493680821
11906.0,-0.011854135707691522
11907.0,-0.6518374021166463
11908.0,-0.36121623671615266
11909.0,0.20942327243055572
11910.0,0.2836405051288617
11911.0,0.010966562123880664
11912.0,-0.36560869329026763
11913.0,-0.36454876388126106
11914.0,0.0435958818574014
11915.0,0.5140672723496423
11916.0,0.6421653011642966
11917.0,-0.2444457888168
11918.0,-0.8505931015706942
11919.0,-0.12599072359996755
11920.0,0.9147524925319404
11921.0,0.622621264404572
11922.0,-0.3141297390812922
11923.0,-0.7804320641873237
11924.0,-0.3989782834751133
11925.0,0.6306997135944545
11926.0,0.8776235916831441
11927.0,-0.0030468874821869846
11928.0,-0.5708299852981559
11929.0,-0.3895740666224673
11930.0,0.3739268587538709
11931.0,0.8115607006711483
11932.0,0.18129004521446004
11933.0,-0.5711216398452833
11934.0,-0.6990331814379346
11935.0,0.04993473174799154
11936.0,0.6658550052822706
11937.0,0.39909798266409346
11938.0,-0.17694233560072056
11939.0,-0.4955652860622752
11940.0,-0.15443887814927085
11941.0,0.3660816680041269
11942.0,0.4981421878824085
11943.0,0.037817053931593764
11944.0,-0.49766876136094357
11945.0,-0.6678577178243217
11946.0,0.23818664332816814
11947.0,0.8889430731841178
11948.0,0.29901763008360127
11949.0,-0.5833482401888402
11950.0,-0.5845625906778263
11951.0,0.2581934680290989
11952.0,0.8000614261717758
11953.0,0.16887291258262258
11954.0,-0.46265291894192934
11955.0,-0.46205690968326135
11956.0,0.23276189681566245
11957.0,0.4848860328099949
11958.0,0.07988457543136589
11959.0,-0.6862260617692943
11960.0,-0.5921958693851627
11961.0,0.378843090429318
11962.0,0.7232528754281541
11963.0,0.23153470332434048
11964.0,-0.4059901778777039
11965.0,-0.603989221092287
11966.0,-0.23746950535889463
11967.0,0.47003419837978305
11968.0,0.7553460381701619
11969.0,0.09609376528915375
11970.0,-0.9139896632137431
11971.0,-0.6942419254273327
11972.0,0.31901595270382543
11973.0,0.7548592626751838
11974.0,0.3238126554218341
11975.0,-0.23193783340657526
11976.0,-0.48376453296555977
11977.0,0.0474374855411142
11978.0,0.6293500545969741
11979.0,0.2747373100597696
11980.0,-0.3407871485763671
11981.0,-0.37567011512122367
11982.0,-0.1314482883617893
11983.0,0.28816525157778017
11984.0,0.3959724215979795
11985.0,0.04217628853483388
11986.0,-0.31873734747889665
11987.0,-0.20057764567210082
11988.0,-0.10883143259323182
11989.0,0.18643303930051974
11990.0,0.3126202117413384
11991.0,0.19936192048662874
11992.0,-0.2683351179477245
11993.0,-0.5870547475533288
11994.0,-0.1382056331701462
11995.0,0.6262425080178323
11996.0,0.9366773979199093
11997.0,0.13313197868624016
11998.0,-0.8331683303935948
11999.0,-0.5143866297724469
12000.0,0.5381113633812007
12001.0,0.7627070970008456
12002.0,0.15207943770734916
12003.0,-0.8133147644739788
12004.0,-0.7746470006462023
12005.0,0.1588511978290346
12006.0,1.0195005862042887
12007.0,0.34249818884034866
12008.0,-0.7228041116663912
12009.0,-0.8649163442373915
12010.0,0.22589373606469287
12011.0,0.9498242886144513
12012.0,0.6914036303667273
12013.0,-0.6513122538056481
12014.0,-1.1199941439893666
12015.0,-0.39871897060309286
12016.0,0.8066753641585853
12017.0,0.9903935428644939
12018.0,-0.1578570155088357
12019.0,-1.0153060029456609
12020.0,-0.4423681822702931
12021.0,0.6664299259409634
12022.0,0.6471313128042129
12023.0,-0.06662125962868296
12024.0,-0.5699567137032523
12025.0,-0.4214386596584732
12026.0,0.3479256346592597
12027.0,0.4853196438721331
12028.0,0.039129894733529035
12029.0,-0.32386162234083155
12030.0,-0.39910431540738506
12031.0,-0.2045195334568429
12032.0,0.23390673021818828
12033.0,0.38583494297112847
12034.0,0.08481725274168783
12035.0,-0.2232783243960195
12036.0,-0.3037804777057684
12037.0,-0.061224439251801654
12038.0,0.17840657081979364
12039.0,0.4141374631469079
12040.0,0.14963661052522115
12041.0,-0.24254960036720397
12042.0,-0.34615866522340394
12043.0,-0.051048614544182955
12044.0,0.30669052139586533
12045.0,0.17621618801210365
12046.0,-0.22644552525812212
12047.0,-0.3596080882120534
12048.0,0.06458176715811069
12049.0,0.40550140953539543
12050.0,0.21833807291103394
12051.0,-0.23404720442867258
12052.0,-0.34022599566679806
12053.0,0.08686570659639145
12054.0,0.35491753978331947
12055.0,0.22935471293216456
12056.0,-0.17032647128596667
12057.0,-0.23200683661485505
12058.0,-0.015455215638280112
12059.0,0.13353280275474352
12060.0,0.0672824415903405
12061.0,0.07293645123719864
12062.0,0.00013169305422053494
12063.0,-0.056147450150029456
12064.0,0.0825063597736619
12065.0,0.19745623984696067
12066.0,0.19924397473141092
12067.0,-0.08367085197726959
12068.0,-0.5705901286083599
12069.0,-0.3657084827549234
12070.0,0.16065671893367456
12071.0,0.25966775880762905
12072.0,-0.013307584996545446
12073.0,-0.33263816153069536
12074.0,-0.24229779241165292
12075.0,0.15360208050081234
12076.0,0.5217403416423884
12077.0,0.4274243428362594
12078.0,-0.442904683488919
12079.0,-0.9075850571673039
12080.0,-0.1868877138621364
12081.0,0.9146257429926823
12082.0,0.8211044792298959
12083.0,-0.15962396255450254
12084.0,-1.0982019918745645
12085.0,-0.5497528638286465
12086.0,0.7776977061968421
12087.0,1.215611808757803
12088.0,0.19522748895388845
12089.0,-1.2656985296394052
12090.0,-0.9858915083617895
12091.0,0.6072700165442562
12092.0,1.509830583560484
12093.0,0.6626447638284026
12094.0,-1.2035610257768303
12095.0,-1.4216731993653144
12096.0,0.2772102117745022
12097.0,1.3687950513680622
12098.0,0.8181697992486188
12099.0,-0.978014050034315
12100.0,-1.6148855853422968
12101.0,-0.3501865173425749
12102.0,1.352502325089251
12103.0,1.3990849240529855
12104.0,-0.4188515374310632
12105.0,-1.723882622992336
12106.0,-0.9013232832235405
12107.0,1.23297065138216
12108.0,1.8187606178357283
12109.0,0.23805287535099678
12110.0,-1.5309940535698705
12111.0,-1.5766010819528773
12112.0,0.10734176210022071
12113.0,1.7117581024971318
12114.0,0.9025497101754337
12115.0,-0.9699503411036893
12116.0,-1.5850398948562063
12117.0,-0.29879501351375265
12118.0,1.664048632548267
12119.0,1.4982344236598322
12120.0,-0.8036694543450268
12121.0,-1.7924047179783429
12122.0,-0.21402556599112763
12123.0,1.670141541360412
12124.0,1.4764083492488764
12125.0,-0.5297169354167129
12126.0,-1.5640901013330044
12127.0,-0.6422227874435523
12128.0,0.6865609543112184
12129.0,1.3468302029957566
12130.0,0.30784141030407725
12131.0,-1.270569802254279
12132.0,-1.0718291485571272
12133.0,0.36750981141076244
12134.0,1.3371375241898487
12135.0,0.6527008748729142
12136.0,-0.6743192499136276
12137.0,-1.3877673906242187
12138.0,-0.26127332702507705
12139.0,1.126291518625019
12140.0,1.2243858613415717
12141.0,-0.1762664120442903
12142.0,-1.3779123366836974
12143.0,-0.6136937023604028
12144.0,0.8907902157917627
12145.0,0.9731314958369292
12146.0,-0.13528143614360938
12147.0,-1.0826408742390516
12148.0,-0.9898217977867704
12149.0,0.35734455930178527
12150.0,1.2115118072909372
12151.0,0.759727886853773
12152.0,-0.7319714424992516
12153.0,-1.3693481873961373
12154.0,-0.575913895895693
12155.0,0.8805072729990344
12156.0,1.035773768233335
12157.0,-0.10077193203102743
12158.0,-1.3403782541998135
12159.0,-0.8626353057261916
12160.0,0.5853743921348613
12161.0,1.0978957422827504
12162.0,0.08340961478292304
12163.0,-0.93712585403094
12164.0,-0.7832249538605948
12165.0,0.4664600085547804
12166.0,1.0298246534082687
12167.0,0.14333325585350148
12168.0,-1.0717051628321899
12169.0,-1.0327511041301098
12170.0,0.42695937749934426
12171.0,1.4725131027839111
12172.0,0.8184301833405052
12173.0,-0.8655042618842598
12174.0,-1.4168257460274734
12175.0,-0.4460381962857117
12176.0,1.2816912623203551
12177.0,1.4184990913625983
12178.0,-0.1908322983254146
12179.0,-1.457234994363017
12180.0,-0.7649762210475843
12181.0,0.8792887106343736
12182.0,1.4417325691071778
12183.0,0.05709288592137621
12184.0,-1.5268649986155223
12185.0,-1.1184155563205052
12186.0,0.7729413490400735
12187.0,1.4125915572626075
12188.0,0.386923783292886
12189.0,-1.0609402499014438
12190.0,-1.224286715973822
12191.0,0.013100588991896853
12192.0,1.1951450437646076
12193.0,1.099942048299616
12194.0,-0.6508243360281933
12195.0,-1.5014788689220497
12196.0,-0.6088508152474563
12197.0,0.9669909497368965
12198.0,1.3562596446370625
12199.0,-0.13036954480099366
12200.0,-1.4148589947362864
12201.0,-0.7608397945401478
12202.0,0.9276315523912452
12203.0,1.6600862246127464
12204.0,0.297820809799838
12205.0,-1.4768509013425883
12206.0,-1.44443845896095
12207.0,0.30991229503148965
12208.0,1.8338087154098326
12209.0,0.9705442038064132
12210.0,-1.0111396765967153
12211.0,-1.621773308313038
12212.0,-0.07672515063185176
12213.0,1.6849986515447286
12214.0,1.0856471629992173
12215.0,-0.655896640956717
12216.0,-1.492511543292197
12217.0,-0.6693846914008894
12218.0,1.043202452626823
12219.0,1.3026232066120316
12220.0,-0.2335967857679739
12221.0,-1.4077994942644336
12222.0,-0.8442560478772019
12223.0,0.7337325119182733
12224.0,1.3386239103206934
12225.0,0.2471406251631991
12226.0,-1.1077289553330434
12227.0,-0.9901943839823966
12228.0,0.3000646133125679
12229.0,1.330455273181086
12230.0,0.7902860917917406
12231.0,-0.7465414547970359
12232.0,-1.2648149537499382
12233.0,0.07838379168573137
12234.0,1.4656923571960452
12235.0,0.9777464929547942
12236.0,-0.4819497504111944
12237.0,-1.3419105062555077
12238.0,-0.553253009088414
12239.0,1.3794921776888647
12240.0,1.7722839505707815
12241.0,-0.08783682064309634
12242.0,-1.7954330390668745
12243.0,-1.1087235690039692
12244.0,0.8655634553316378
12245.0,1.7825583946400347
12246.0,0.15324619373563983
12247.0,-1.756310504543474
12248.0,-1.3942296354513901
12249.0,0.6862592823587405
12250.0,1.8066266730581364
12251.0,0.617894432683805
12252.0,-0.9170628220440274
12253.0,-1.1887992107462308
12254.0,-0.04277994741681434
12255.0,1.1422395752873624
12256.0,1.0449385118230856
12257.0,-0.2565542969135898
12258.0,-1.2966003314071008
12259.0,-0.757631776738539
12260.0,0.8085592104138715
12261.0,1.3176859713874711
12262.0,0.07892553595042807
12263.0,-1.0639107265434895
12264.0,-0.9206108823457214
12265.0,0.3901337424788043
12266.0,1.0059413103655561
12267.0,0.3107531183963721
12268.0,-0.7730274158714426
12269.0,-0.8303535910852221
12270.0,0.11472847695678628
12271.0,0.9955106742703639
12272.0,0.9002734306586971
12273.0,-0.2111106196848813
12274.0,-1.022806861347138
12275.0,-0.3772701271965069
12276.0,0.6849786251112477
12277.0,0.7417569006683393
12278.0,-0.17932453238235707
12279.0,-0.9583472050577626
12280.0,-0.7071661779072196
12281.0,0.29218439153219417
12282.0,0.6935318689816894
12283.0,0.3131589325644531
12284.0,-0.6381444062545553
12285.0,-0.8198616108828964
12286.0,0.29802008482096676
12287.0,0.8180420515315793
12288.0,0.5428554343684324
12289.0,-0.537244100172826
12290.0,-0.94435778727829
12291.0,-0.3067139220195253
12292.0,0.554432212516034
12293.0,0.6623149833914618
12294.0,0.01952909911751301
12295.0,-0.6937115437942436
12296.0,-0.7139495453224844
12297.0,0.0050381568089165095
12298.0,0.634935110418328
12299.0,0.5469437122444459
12300.0,-0.005596408137134159
12301.0,-0.397723161725991
12302.0,-0.46743883342651305
12303.0,-0.03491876301054538
12304.0,0.30994521413271736
12305.0,0.3403536080501914
12306.0,-0.15831691989808913
12307.0,-0.42666735055119015
12308.0,-0.21808125154829522
12309.0,0.020984328230302707
12310.0,0.4296194080871031
12311.0,0.35505182182384315
12312.0,-0.2564402314089237
12313.0,-0.38649918657213755
12314.0,0.28350644278138365
12315.0,0.6719006806439866
12316.0,0.26249970524157523
12317.0,-0.4824677403134067
12318.0,-0.661970078307611
12319.0,-0.16724940117655984
12320.0,0.6475535029962876
12321.0,0.5226557258333119
12322.0,-0.165790039007737
12323.0,-0.7041398539427576
12324.0,-0.35324500456544383
12325.0,0.6950871797204157
12326.0,1.1103399814904018
12327.0,0.13938827208086702
12328.0,-1.0715874704988109
12329.0,-0.9998931559872861
12330.0,0.5851130060476929
12331.0,1.3722197896608448
12332.0,0.6487342654494733
12333.0,-1.0431849539100742
12334.0,-1.357524035391696
12335.0,0.05532704705455891
12336.0,1.5027038782634048
12337.0,1.148593443093991
12338.0,-0.7019088402078973
12339.0,-1.6999828387518248
12340.0,-0.5757383787952568
12341.0,1.1926814002727755
12342.0,1.588060127828688
12343.0,-0.16911453381725453
12344.0,-1.7733666203281584
12345.0,-1.2438066544163033
12346.0,1.0752988379086388
12347.0,1.9802730691162376
12348.0,0.257511612450985
12349.0,-1.6929471385213803
12350.0,-1.498810869899647
12351.0,0.7378930215005022
12352.0,2.0846947077499793
12353.0,0.7160903249773077
12354.0,-1.5278048562002218
12355.0,-2.0690462198408284
12356.0,0.1165805373652688
12357.0,2.150265386630747
12358.0,1.522356313669875
12359.0,-1.1770762239884756
12360.0,-2.2301583288753473
12361.0,-0.4766136992113849
12362.0,1.9055270046639066
12363.0,1.8989571050088467
12364.0,-0.6279255860946518
12365.0,-2.2163027284230403
12366.0,-1.2504552859565141
12367.0,1.3003795811282728
12368.0,2.363976496238709
12369.0,0.557480116152322
12370.0,-1.9260616394080772
12371.0,-1.921343607343819
12372.0,0.492517213757053
12373.0,2.3825166953123693
12374.0,1.1671594301093193
12375.0,-1.5141385175267215
12376.0,-1.995860230831177
12377.0,0.13011492943283426
12378.0,2.103226969432157
12379.0,1.442708163886821
12380.0,-1.2012024911680514
12381.0,-2.31162217021013
12382.0,-0.4461520543471683
12383.0,2.057677675613203
12384.0,2.0977732915608844
12385.0,-0.3623045576050841
12386.0,-2.2904105778409747
12387.0,-1.3431384347977529
12388.0,1.405933064824609
12389.0,2.2041118088243032
12390.0,0.3306860128051005
12391.0,-1.9993697701741928
12392.0,-2.002909893509644
12393.0,0.28885185026640237
12394.0,2.2765883011405155
12395.0,1.2196776384907535
12396.0,-1.276380300544113
12397.0,-2.1716300837704785
12398.0,-0.15270889678229843
12399.0,2.119747690925821
12400.0,1.4949776138602164
12401.0,-1.0075782155482709
12402.0,-2.0435595369119084
12403.0,-0.9240730142518835
12404.0,1.2638657252350056
12405.0,1.76813152552176
12406.0,-0.04005929732954692
12407.0,-1.5243519249589967
12408.0,-1.0533347139729718
12409.0,0.9072149358108771
12410.0,1.7001242842699023
12411.0,0.41084060093340014
12412.0,-1.5089386478532438
12413.0,-1.3884142482904822
12414.0,0.5977474665561636
12415.0,2.0158053104748266
12416.0,0.9881274460566889
12417.0,-1.3356337777350078
12418.0,-2.138466877309011
12419.0,-0.22944158625992672
12420.0,1.6157521518207105
12421.0,1.3723083081177494
12422.0,-0.6206843758434114
12423.0,-1.840624120096653
12424.0,-0.517274280822618
12425.0,1.4345083426386256
12426.0,1.5589776824393728
12427.0,-0.29803342884745077
12428.0,-1.737692510666507
12429.0,-0.9126108417791241
12430.0,1.003286487914243
12431.0,1.7015389540952548
12432.0,0.310758942492002
12433.0,-1.3738966645156352
12434.0,-1.0029746483600062
12435.0,0.6767338678122916
12436.0,1.4669871741605471
12437.0,0.3197365599543795
12438.0,-1.0011058808182383
12439.0,-0.8878107902065661
12440.0,0.34710529826569503
12441.0,1.0917412846498544
12442.0,0.3569462501626574
12443.0,-0.7532414994802014
12444.0,-0.9180942198348886
12445.0,-0.1902668661408864
12446.0,0.6442235568027429
12447.0,0.42131042932484586
12448.0,-0.22404783741085071
12449.0,-0.5488731686936685
12450.0,-0.16329580534775917
12451.0,0.5728848109005836
12452.0,0.8650437528347856
12453.0,0.04202412007855475
12454.0,-0.8898204752172221
12455.0,-0.6154062407584298
12456.0,0.4370592708486095
12457.0,1.250602410862395
12458.0,0.5622691287616762
12459.0,-0.6846756282684652
12460.0,-1.187642247412829
12461.0,-0.03529416156682655
12462.0,0.9576904415912697
12463.0,0.7109086775641296
12464.0,-0.30438243112560287
12465.0,-1.0357814160672683
12466.0,-0.7283179787292929
12467.0,0.5078710815579315
12468.0,1.2544718321444044
12469.0,0.32445009359930976
12470.0,-0.8813939007466373
12471.0,-0.8409834156143893
12472.0,0.1820383851801447
12473.0,0.9151150883581806
12474.0,0.6300104204335649
12475.0,-0.6045063622555632
12476.0,-1.233298979403194
12477.0,-0.37184574048111785
12478.0,0.9440605905582886
12479.0,1.0584088811511942
12480.0,-0.21098408361188317
12481.0,-0.8925924267495554
12482.0,-0.18275214560004124
12483.0,0.7765879289777908
12484.0,0.7517265126637216
12485.0,-0.09866544996526257
12486.0,-0.7778020655901731
12487.0,-0.33995761725375556
12488.0,0.3719116394331191
12489.0,0.5586093346043347
12490.0,0.13029152552445383
12491.0,-0.26459474263390115
12492.0,-0.22164742949358285
12493.0,0.35259572201791917
12494.0,0.47152813548122974
12495.0,0.039922713207013384
12496.0,-0.45257996291543723
12497.0,-0.2883030292960117
12498.0,0.08617670967586971
12499.0,0.26962739728090657
12500.0,0.11813072433317912
12501.0,-0.15503354795112184
12502.0,-0.3434128157773841
12503.0,-0.043757773106791256
12504.0,0.18022910186445765
12505.0,0.2649445027823467
12506.0,-0.09793988349101723
12507.0,-0.6331100352078649
12508.0,-0.2392756122637114
12509.0,0.4643183304753297
12510.0,0.615276232323777
12511.0,0.09728299157111231
12512.0,-0.3448251074403477
12513.0,-0.3120466641212652
12514.0,0.026248448581913532
12515.0,0.3533377759607888
12516.0,0.3035172060849041
12517.0,-0.14143340651843653
12518.0,-0.2738662070646042
12519.0,0.04391684282554531
12520.0,0.23957052000734694
12521.0,0.019935623503103336
12522.0,-0.24248924646942063
12523.0,-0.261983481915834
12524.0,0.02697766051827999
12525.0,0.12395066946169041
12526.0,0.20166583666123022
12527.0,0.0038112561588234417
12528.0,-0.41130760601842936
12529.0,-0.37882474956680423
12530.0,0.08800485627013356
12531.0,0.3412920616093598
12532.0,0.2837069339903103
12533.0,0.050416906957118514
12534.0,-0.31093027273469814
12535.0,-0.28090609420377055
12536.0,0.24813311419624873
12537.0,0.26164114906436664
12538.0,-0.09721153482116807
12539.0,-0.3722146834238366
12540.0,-0.12110321140737508
12541.0,0.3267596877072051
12542.0,0.371288858039516
12543.0,-0.042690447100932644
12544.0,-0.34316143407253036
12545.0,-0.26230754818681284
12546.0,0.23745796339722933
12547.0,0.34949626268287715
12548.0,-0.054835566283872955
12549.0,-0.3994930451487371
12550.0,-0.3570308359538187
12551.0,-0.06209885698280417
12552.0,0.386267335619543
12553.0,0.31218726660110335
12554.0,-0.17457436072745894
12555.0,-0.21347192273548432
12556.0,0.03440453096835948
12557.0,0.07022457704642203
12558.0,0.06451135858532346
12559.0,0.04180702988068325
12560.0,-0.2733760723628857
12561.0,-0.09792694884647096
12562.0,0.1475306603880477
12563.0,0.43761900056896136
12564.0,0.08637451823072417
12565.0,-0.33561945095273904
12566.0,-0.2596000446907339
12567.0,0.13112396308874197
12568.0,0.4311384552320835
12569.0,0.25468009555883403
12570.0,-0.3346087510645547
12571.0,-0.706954171666223
12572.0,-0.1302488421546643
12573.0,0.7032554775002662
12574.0,0.7965778212509211
12575.0,-0.01769703857547854
12576.0,-0.8727790445570613
12577.0,-0.583874199513611
12578.0,0.4412932984705286
12579.0,0.8601823692054117
12580.0,0.14345318882477226
12581.0,-0.7585586721339194
12582.0,-0.5641289052347037
12583.0,0.4256423662599106
12584.0,0.9026580685888316
12585.0,0.17348576455453904
12586.0,-0.6416720256138585
12587.0,-0.7379885333523143
12588.0,-0.1269214335825986
12589.0,0.6267740815375296
12590.0,0.8689731571122289
12591.0,0.015315900375809993
12592.0,-0.8942584069822964
12593.0,-0.6678198667961072
12594.0,0.43845004094110457
12595.0,1.0065617023918523
12596.0,0.40602489473196635
12597.0,-0.7476794429200337
12598.0,-0.9948099544139759
12599.0,-0.01774443457094343
12600.0,0.8165966577683288
12601.0,0.5842427665004493
12602.0,-0.3182089925409855
12603.0,-0.7351698179140828
12604.0,-0.25811532458342346
12605.0,0.45194798023021265
12606.0,0.5088692320399295
12607.0,-0.42987874009418536
12608.0,-0.7758110317283885
12609.0,-0.22860329707565238
12610.0,0.5940147853726265
12611.0,0.42743864271374216
12612.0,-0.1993872680181164
12613.0,-0.7327953784950895
12614.0,-0.25515041856013654
12615.0,0.6323184702505069
12616.0,0.6722993123078748
12617.0,-0.05227762348479
12618.0,-0.7512342826243477
12619.0,-0.5599578002784981
12620.0,0.33564027808255054
12621.0,0.6325405738956897
12622.0,0.25317087366629804
12623.0,-0.4826908069674236
12624.0,-0.7225151598202755
12625.0,0.10484231601282819
12626.0,0.7296587229834343
12627.0,0.39477267268130195
12628.0,-0.3853651021505051
12629.0,-0.8368158949166278
12630.0,-0.08919934442479358
12631.0,0.7332868264773801
12632.0,0.7162025936971403
12633.0,-0.2671633179795787
12634.0,-0.7693126693258263
12635.0,-0.24147465353214698
12636.0,0.867441477409542
12637.0,1.003804080422641
12638.0,-0.1411715066637446
12639.0,-1.2342181501371847
12640.0,-0.8264358576864359
12641.0,0.5219599340507778
12642.0,1.3487417193023947
12643.0,0.4107600824155398
12644.0,-1.1733345905422343
12645.0,-1.4666862024546174
12646.0,0.09247109502854929
12647.0,1.6801567565134563
12648.0,1.0539619786488104
12649.0,-0.9255133858581784
12650.0,-1.6882521511593533
12651.0,-0.26657673943532695
12652.0,1.5778339862184043
12653.0,1.4815803607401452
12654.0,-0.3931489843293085
12655.0,-1.7172027231913047
12656.0,-0.7417700116353
12657.0,1.0611700507962987
12658.0,1.6093800819680402
12659.0,0.08661258841808318
12660.0,-1.1265219885060607
12661.0,-1.0436228963234988
12662.0,0.064067108526679
12663.0,1.0270210038773246
12664.0,0.8339444108749211
12665.0,-0.5942317196931339
12666.0,-1.2784607796652183
12667.0,-0.5026379949068334
12668.0,0.9407777019415006
12669.0,1.5011755750083278
12670.0,0.17322716013543885
12671.0,-1.6770151616727063
12672.0,-1.3035564042146552
12673.0,0.36923591768354197
12674.0,1.6857721683736966
12675.0,0.7633700053812166
12676.0,-1.1755907491509021
12677.0,-1.5475341684982713
12678.0,0.043688915849767286
12679.0,1.5641599344757766
12680.0,0.9898974205232433
12681.0,-0.6675854357975088
12682.0,-1.480264318636651
12683.0,-0.4152661370133114
12684.0,1.0522545004177604
12685.0,1.1038288308260396
12686.0,-0.36134600787833143
12687.0,-1.4192861023823697
12688.0,-0.6146262342201771
12689.0,1.0151740890238026
12690.0,1.4379330282105078
12691.0,0.10508386842186873
12692.0,-1.5526998193920016
12693.0,-1.0533078520805041
12694.0,0.8536004176344086
12695.0,1.418913906191915
12696.0,0.04090542011367802
12697.0,-1.2738322952403587
12698.0,-0.8578560760124017
12699.0,0.6227212695417484
12700.0,1.3958861874379611
12701.0,0.562886710318829
12702.0,-1.060861321608594
12703.0,-1.347258488373099
12704.0,-0.10372287024962672
12705.0,1.3951973273589124
12706.0,1.17875906329868
12707.0,-0.6258196859647825
12708.0,-1.7959458403521167
12709.0,-0.7754607677798672
12710.0,1.1977112994619235
12711.0,1.4976103176756084
12712.0,-0.07711995763979805
12713.0,-1.705148308709858
12714.0,-0.8995068825512295
12715.0,0.9827626901862467
12716.0,1.5801123811815916
12717.0,0.15961585307213322
12718.0,-1.4017710960287297
12719.0,-1.10728287495366
12720.0,0.7375841409541178
12721.0,1.445507438389087
12722.0,0.34401852215829226
12723.0,-1.1661617179608015
12724.0,-1.1509419830745118
12725.0,0.3282529326024237
12726.0,1.1990555459187036
12727.0,0.34250314357003236
12728.0,-1.0758677228604663
12729.0,-1.3371950241497002
12730.0,0.13667634082652064
12731.0,1.2534801013984054
12732.0,0.701447166301297
12733.0,-0.7292579938056215
12734.0,-1.0485518858106937
12735.0,-0.06704274145172291
12736.0,0.9122252981997193
12737.0,0.6289153013395795
12738.0,-0.37656247801602744
12739.0,-0.9270629003204196
12740.0,-0.22566739171769326
12741.0,0.6011608117836013
12742.0,0.5136023891639383
12743.0,-0.42899613353200916
12744.0,-0.9056276364521787
12745.0,-0.16740940344331
12746.0,0.8027863938720164
12747.0,0.8400288119545379
12748.0,-0.10829274519394927
12749.0,-0.9376602506398152
12750.0,-0.3846028300396571
12751.0,0.8203609150987049
12752.0,1.0309978125610137
12753.0,0.10477278313055419
12754.0,-0.8280469427103065
12755.0,-0.7524411927974968
12756.0,0.2408574990309659
12757.0,1.0995394412087576
12758.0,0.5937936754000711
12759.0,-0.8630971055634117
12760.0,-1.2516250502301667
12761.0,-0.09091841013394676
12762.0,0.9957217390794695
12763.0,0.8303178149261196
12764.0,-0.4686608087411374
12765.0,-1.3242996986993392
12766.0,-0.5677260203822901
12767.0,0.6453115337836017
12768.0,1.1318421943283807
12769.0,0.2442613772648982
12770.0,-0.9551904990355246
12771.0,-1.0019006082607302
12772.0,0.2117057512841303
12773.0,1.2807506232847337
12774.0,0.6276835798962872
12775.0,-0.6973197517319747
12776.0,-1.0306162862827912
12777.0,-0.1370192700659083
12778.0,1.1167562221932743
12779.0,0.8653600674146933
12780.0,-0.1681139521797425
12781.0,-0.9356356469882926
12782.0,-0.6329310608537122
12783.0,0.4755291023139843
12784.0,1.0924139419286272
12785.0,0.34149766229845097
12786.0,-0.7187861384847676
12787.0,-0.8220506096814297
12788.0,0.3859368244805061
12789.0,1.1318242817889226
12790.0,0.3539820577456811
12791.0,-0.9240770809352734
12792.0,-0.9160643785723493
12793.0,0.23345409506314008
12794.0,1.2575246460852925
12795.0,0.8044763518531415
12796.0,-0.6825354595361537
12797.0,-1.166583888750924
12798.0,-0.22512399662309274
12799.0,1.0277194726808356
12800.0,1.053124282072864
12801.0,-0.15335731838065522
12802.0,-1.2090258148543003
12803.0,-0.7063871939053034
12804.0,0.8006388427412479
12805.0,1.2919126883051755
12806.0,0.17114113947834095
12807.0,-1.360247422505559
12808.0,-1.3361763269416198
12809.0,0.49515956009586815
12810.0,1.6029250446730159
12811.0,0.4912287858631999
12812.0,-1.0319034759132608
12813.0,-1.1713577502779196
12814.0,0.24257941912135259
12815.0,1.3215796537724107
12816.0,0.6963177613865472
12817.0,-0.668219232141496
12818.0,-1.3045487616606481
12819.0,-0.36615904417602996
12820.0,1.0861709746989638
12821.0,1.2595552839709396
12822.0,-0.16453749327782627
12823.0,-1.3519500007340417
12824.0,-0.6199414895376956
12825.0,0.5745238656824768
12826.0,0.9563110295790664
12827.0,0.14584525575489166
12828.0,-0.8789234087808493
12829.0,-0.7480283932296256
12830.0,0.40074358588789716
12831.0,1.0025877237329708
12832.0,0.587833393538388
12833.0,-0.583374077197803
12834.0,-1.2678128596058535
12835.0,-0.5412231940355705
12836.0,0.7829055402738984
12837.0,0.9077431254419548
12838.0,-0.2033243275213202
12839.0,-0.9808651264050907
12840.0,-0.22203830836371907
12841.0,0.7658137899082643
12842.0,0.5267375970862374
12843.0,-0.2710279513707819
12844.0,-0.7703424847497827
12845.0,-0.3972792360327129
12846.0,0.6218003567153004
12847.0,0.8100121184557754
12848.0,-0.22137762377460696
12849.0,-1.0664232331287176
12850.0,-0.5399611493379879
12851.0,0.8358789277747168
12852.0,1.2178342671862077
12853.0,0.13681684567263222
12854.0,-1.3050240364371597
12855.0,-1.0400484273181971
12856.0,0.6468153939568265
12857.0,1.5865692022648439
12858.0,0.5843931364786853
12859.0,-1.1536776145134235
12860.0,-1.270461661133791
12861.0,0.2598540427498551
12862.0,1.41462797764222
12863.0,0.5988376383501602
12864.0,-0.954442015645119
12865.0,-1.4727667457279146
12866.0,-0.08400024932740469
12867.0,1.2136920023245024
12868.0,0.8403488671694889
12869.0,-0.6727350378501581
12870.0,-1.2727765602430534
12871.0,-0.31709448706618126
12872.0,1.051767726947401
12873.0,0.8913392592440993
12874.0,-0.2654062302765463
12875.0,-1.323871299063672
12876.0,-0.5973126149061448
12877.0,0.9210052041369117
12878.0,1.3627914298242012
12879.0,0.2425205794028555
12880.0,-1.220525590532499
12881.0,-1.0321570293418552
12882.0,0.39610916001021484
12883.0,1.205242604196072
12884.0,0.3738418292196245
12885.0,-0.9633922600034375
12886.0,-1.0901063038954824
12887.0,0.19611058428504427
12888.0,1.0443045239989968
12889.0,0.5825398995242366
12890.0,-0.6441990667541934
12891.0,-1.096480417212998
12892.0,-0.3264907205890494
12893.0,0.7187259544820824
12894.0,0.7019504192273739
12895.0,-0.2610154720887527
12896.0,-0.6550777027623585
12897.0,-0.4530349611482211
12898.0,0.15357347242418384
12899.0,0.4327295459974087
12900.0,0.24077561007612933
12901.0,-0.2907866103777107
12902.0,-0.41645260424061886
12903.0,-0.16977854684740246
12904.0,0.32135841969862405
12905.0,0.3540784041978601
12906.0,-0.024504137985119988
12907.0,-0.37653581081766385
12908.0,-0.30020284767341776
12909.0,-0.08381969403940961
12910.0,0.31690794478869955
12911.0,0.3134747491349526
12912.0,-0.11338780281932431
12913.0,-0.2281938126468393
12914.0,0.08005863966749834
12915.0,0.33812229686533984
12916.0,0.12302920021601493
12917.0,-0.10333175362891675
12918.0,-0.07185761721118014
12919.0,-0.12201683357397335
12920.0,-0.14602301173983306
12921.0,0.12002715334403138
12922.0,0.20906198052682173
12923.0,0.14504729958981882
12924.0,-0.26088538237261955
12925.0,-0.5401517573783338
12926.0,-0.14065703687707548
12927.0,0.5402476251044436
12928.0,0.6918592630793777
12929.0,0.019927188691041115
12930.0,-0.671075813629668
12931.0,-0.6467690777042615
12932.0,0.019849680982109114
12933.0,0.5517195598997229
12934.0,0.3672262257145521
12935.0,-0.24510678031679267
12936.0,-0.5769359672755209
12937.0,-0.2811625085983073
12938.0,0.28744507569867556
12939.0,0.4068929334629166
12940.0,0.09285212441415523
12941.0,-0.45056156768702865
12942.0,-0.4055121700292531
12943.0,0.4112113117927778
12944.0,0.7495116953507183
12945.0,0.29574999398209784
12946.0,-0.5501832656336255
12947.0,-0.7080045613912896
12948.0,-0.16407704070204066
12949.0,0.6667104488063603
12950.0,0.608179959886364
12951.0,-0.12285109404186291
12952.0,-0.7348175031751356
12953.0,-0.5278786879885826
12954.0,0.4266665741777141
12955.0,0.8558210686656609
12956.0,0.35011843112432334
12957.0,-0.6638494218789417
12958.0,-0.6327323174546473
12959.0,0.2717369569109187
12960.0,0.7780321460651859
12961.0,0.23349108465763763
12962.0,-0.4073328566694349
12963.0,-0.4671951246792055
12964.0,-0.15411212999488513
12965.0,0.2881111761387196
12966.0,0.3040557228299589
12967.0,-0.13055330485515906
12968.0,-0.3277530104752249
12969.0,-0.31005180255677833
12970.0,0.0014234170958300977
12971.0,0.26421160072411404
12972.0,-0.03184236932524189
12973.0,-0.24293610821613024
12974.0,0.017589834899545204
12975.0,0.3552765270166807
12976.0,0.17901953610851684
12977.0,-0.1707424537639613
12978.0,-0.39389263212907
12979.0,-0.15315311376962787
12980.0,0.3690746956864899
12981.0,0.4137501039918935
12982.0,-0.15231716645626697
12983.0,-0.5467958881096371
12984.0,-0.08889830591343721
12985.0,0.42144039105787257
12986.0,0.25570809406510586
12987.0,-0.1809651060741041
12988.0,-0.48562462151492863
12989.0,-0.2153452302015038
12990.0,0.3469342842804155
12991.0,0.46464808232958255
12992.0,-0.16204839762942336
12993.0,-0.522556102981097
12994.0,0.06732823291473793
12995.0,0.506226170319256
12996.0,0.4539635565325737
12997.0,-0.1960647845470602
12998.0,-0.5094259659863037
12999.0,-0.21459211552651963
13000.0,0.08715099674100796
13001.0,0.31998646684928495
13002.0,0.24765704620790807
13003.0,-0.04946332588197005
13004.0,-0.3330239864037997
13005.0,0.017609657072096344
13006.0,0.35222940210752857
13007.0,0.25925676269274833
13008.0,-0.17265156154321454
13009.0,-0.4626733905568749
13010.0,-0.062135209971388446
13011.0,0.32220370389812336
13012.0,0.4030034792578364
13013.0,-0.010823271498712105
13014.0,-0.41286371251332205
13015.0,-0.4625519021012795
13016.0,0.07867574808667979
13017.0,0.4057689964953243
13018.0,0.1359445621652435
13019.0,-0.45383056661125454
13020.0,-0.5795357297324523
13021.0,-0.002009654075572356
13022.0,0.5637760229301497
13023.0,0.38019563783399
13024.0,-0.21980973064900117
13025.0,-0.6573698225599742
13026.0,-0.36138135577798
13027.0,0.56160542304157
13028.0,0.5737270205850804
13029.0,0.02658743772274955
13030.0,-0.9124996167258953
13031.0,-0.7853890942648268
13032.0,0.28836500936693854
13033.0,1.2492293854218477
13034.0,0.6724351886104685
13035.0,-0.8319539888520564
13036.0,-1.0340497481145663
13037.0,0.09109654877799994
13038.0,0.803720196262573
13039.0,0.5347888074633801
13040.0,-0.22799750681167166
13041.0,-0.38604027785013517
13042.0,-0.1644072758372275
13043.0,0.4860974969623129
13044.0,0.6931092008631452
13045.0,-0.07380897892634597
13046.0,-0.8979601830943729
13047.0,-0.6489529967023281
13048.0,0.5525173363726734
13049.0,1.079722323010951
13050.0,0.08108183405530749
13051.0,-1.1168307113049507
13052.0,-0.6323544483292021
13053.0,0.37205563590313745
13054.0,0.9551400988963387
13055.0,0.3057562997701847
13056.0,-0.7285746072069311
13057.0,-1.0706221514216792
13058.0,-0.21909877756356994
13059.0,0.9130644255179539
13060.0,0.905134841864308
13061.0,-0.2147835432617767
13062.0,-1.1598270468523773
13063.0,-0.3094424356894738
13064.0,1.050922588151573
13065.0,0.8553057613867441
13066.0,-0.6505091624430129
13067.0,-1.3635758054079952
13068.0,-0.27571173610733507
13069.0,1.2064222314806425
13070.0,1.1206724144470026
13071.0,-0.16840245082409377
13072.0,-1.3772450738394681
13073.0,-0.8000534603708581
13074.0,0.7997469713647366
13075.0,1.3663083797135607
13076.0,0.10907436505295988
13077.0,-1.0388807705661824
13078.0,-1.0314960031441116
13079.0,0.2301209718379799
13080.0,1.467910052444878
13081.0,0.8506099689259105
13082.0,-0.8955874755559163
13083.0,-1.746454419673963
13084.0,-0.38517552940768285
13085.0,1.2966848139283713
13086.0,1.3197185055337015
13087.0,-0.42582692971102687
13088.0,-1.5175540971309656
13089.0,-0.8777953145906502
13090.0,0.835170123656694
13091.0,1.3584060196413243
13092.0,-0.030861358034923014
13093.0,-1.251437312326372
13094.0,-0.8887658691460828
13095.0,0.65390866086655
13096.0,1.6262941680684337
13097.0,0.22640469774735544
13098.0,-1.352800113890056
13099.0,-1.2047061617131765
13100.0,0.5980301552182902
13101.0,1.8802661805639398
13102.0,0.7205192376661352
13103.0,-1.2714301079048798
13104.0,-1.6938625361897957
13105.0,-0.04357125110570967
13106.0,1.860393281567549
13107.0,1.2917220884865175
13108.0,-0.8668810090614875
13109.0,-1.8978335937644215
13110.0,-0.7768182087716918
13111.0,1.1649050924864544
13112.0,1.354242746828424
13113.0,-0.16755662931578014
13114.0,-1.4392573712089909
13115.0,-0.601131517788761
13116.0,1.0744555153260804
13117.0,1.2370100177201815
13118.0,-0.2019361372792857
13119.0,-1.3365948959143734
13120.0,-0.7921711630515047
13121.0,0.8197224805610389
13122.0,1.4183189702471672
13123.0,0.1836212629022385
13124.0,-1.0991834188300649
13125.0,-1.0237724627575047
13126.0,0.38337483658710464
13127.0,1.270881216437514
13128.0,0.4561979202408957
13129.0,-0.8076060177715744
13130.0,-0.9977739574484566
13131.0,-0.0576994763602581
13132.0,0.8809873797599739
13133.0,0.8571277197735098
13134.0,-0.30106274991089654
13135.0,-1.1066820700196884
13136.0,-0.6932196318443907
13137.0,0.5930082939063357
13138.0,0.9712649215568071
13139.0,0.28913139906443563
13140.0,-0.8519811778620479
13141.0,-0.8005019409033309
13142.0,0.21597875491966412
13143.0,0.9731705253133895
13144.0,0.5279133181742877
13145.0,-0.4161158388964716
13146.0,-0.7604111075514328
13147.0,-0.028986689954743704
13148.0,0.7830567630962151
13149.0,0.534725007571718
13150.0,-0.40399496035283483
13151.0,-0.7280064391039632
13152.0,0.11250202761726359
13153.0,0.6805365131199284
13154.0,0.2715383230992146
13155.0,-0.35345446159272187
13156.0,-0.3528617554531325
13157.0,0.11386842763560949
13158.0,0.38766959155977193
13159.0,0.33691136946419126
13160.0,0.11552200652771784
13161.0,-0.17495966814028427
13162.0,-0.3543439254618783
13163.0,-0.0684120174799162
13164.0,0.14153594327504054
13165.0,0.2653070619444703
13166.0,0.1822914363765336
13167.0,-0.2914647312937384
13168.0,-0.32436111968785514
13169.0,0.2568745619197727
13170.0,0.4725808422177475
13171.0,-0.1604801651735288
13172.0,-0.7068339659903785
13173.0,-0.2998401290571488
13174.0,0.5439555690263406
13175.0,0.7454028559203633
13176.0,-0.00634238220924876
13177.0,-0.8235968336484815
13178.0,-0.582643626992038
13179.0,0.24400438255021434
13180.0,0.8156569412691018
13181.0,0.20478883871081377
13182.0,-0.5938607464291692
13183.0,-0.6480503320822052
13184.0,-0.17115893840636506
13185.0,0.49496863221855913
13186.0,0.7718583647543388
13187.0,-0.048966013745057345
13188.0,-0.775602535787502
13189.0,-0.4670253874033621
13190.0,0.5210363650332662
13191.0,0.6884553184124569
13192.0,-0.15318290692538086
13193.0,-0.8219755360527138
13194.0,-0.50329746317851
13195.0,0.40332829994902475
13196.0,0.8591571621134315
13197.0,0.24898389624748637
13198.0,-0.8430670979507474
13199.0,-0.9213472104727469
13200.0,0.24920831747268335
13201.0,1.0846905252337917
13202.0,0.6203047551512133
13203.0,-0.40775088617901145
13204.0,-1.0378462789278668
13205.0,-0.283786826995672
13206.0,1.1091133191327371
13207.0,1.1658835626004227
13208.0,-0.1703153439315305
13209.0,-1.2050076849355775
13210.0,-0.6465288206252167
13211.0,0.8941641171575996
13212.0,1.246897506292575
13213.0,0.0697803431409498
13214.0,-1.311281594994785
13215.0,-1.0926741442979704
13216.0,0.6530889554280654
13217.0,1.5962542419428312
13218.0,0.41388271557965883
13219.0,-1.184628815647942
13220.0,-1.2853527997317087
13221.0,0.5375580907508524
13222.0,1.595722620071931
13223.0,0.6600768894002886
13224.0,-0.9284625045069739
13225.0,-1.3088752676866178
13226.0,-0.025789172675145057
13227.0,1.4865860209867183
13228.0,1.0821149913226031
13229.0,-0.6309827606214838
13230.0,-1.41407387831452
13231.0,-0.33485529847014367
13232.0,1.3372533757608098
13233.0,1.3177772425863925
13234.0,-0.2491181543371251
13235.0,-1.6729668905770745
13236.0,-1.0029841813872298
13237.0,1.051297731295557
13238.0,1.5849529724303828
13239.0,0.1430656866721043
13240.0,-1.4484165741984274
13241.0,-1.1475892925611202
13242.0,0.6309916154901043
13243.0,1.4043852419968519
13244.0,0.3256094883486457
13245.0,-1.157782829595478
13246.0,-1.1483072928597393
13247.0,0.11104029200599437
13248.0,1.3661400953987555
13249.0,0.6819354171976192
13250.0,-0.8269153314722252
13251.0,-1.1251784185709675
13252.0,-0.4743244654786296
13253.0,0.9493021072498872
13254.0,1.2449166198173103
13255.0,0.0017267189210283217
13256.0,-1.1097257643515892
13257.0,-0.7808428779668186
13258.0,0.5795727199097036
13259.0,1.3867002513842637
13260.0,0.16058581544530653
13261.0,-1.118089866632295
13262.0,-1.117431374273698
13263.0,0.11884671394548375
13264.0,0.8990680062461505
13265.0,0.526407221920203
13266.0,-0.4102827574715994
13267.0,-0.8403370247413895
13268.0,-0.2512805089619415
13269.0,0.644477279350231
13270.0,0.6738956222323907
13271.0,-0.1633445682712272
13272.0,-1.1514083804741377
13273.0,-0.6667489946705211
13274.0,0.46604113020521354
13275.0,0.969030058748266
13276.0,0.3170967691020957
13277.0,-0.8628983025240303
13278.0,-0.6770441444877023
13279.0,0.27327824343049184
13280.0,0.9981997394337847
13281.0,0.45935246323643913
13282.0,-0.6751992684895867
13283.0,-0.8136491136140164
13284.0,-0.056347733393568196
13285.0,0.5792559988554511
13286.0,0.42789756056908046
13287.0,-0.21716127188084453
13288.0,-0.5843566512142548
13289.0,-0.052604837474917086
13290.0,0.2556489746671957
13291.0,0.3703826217860793
13292.0,-0.16490239946269844
13293.0,-0.5423963785770457
13294.0,-0.35633273078356725
13295.0,0.2612123002145901
13296.0,0.5405899391751396
13297.0,0.29280720264356336
13298.0,-0.5438099296280686
13299.0,-0.5725926514392149
13300.0,-0.0398503523296474
13301.0,0.522332890651244
13302.0,0.4012099007155984
13303.0,-0.2140626197648864
13304.0,-0.6679136761727679
13305.0,-0.32222308288805784
13306.0,0.4413646449591949
13307.0,0.6746211853288402
13308.0,0.16452676386383033
13309.0,-0.7003370913030452
13310.0,-0.7219735804527196
13311.0,0.17979423619555973
13312.0,0.7526485314037539
13313.0,0.45175820288670865
13314.0,-0.8397498247571484
13315.0,-1.013230680205644
13316.0,-0.2943215724098744
13317.0,0.6373542984317974
13318.0,1.065601496591789
13319.0,-0.2655346061794125
13320.0,-0.8981844296286123
13321.0,-0.2993342265921807
13322.0,0.6509928606031385
13323.0,0.8265725065582824
13324.0,0.02008091183558712
13325.0,-0.8777755553575451
13326.0,-0.34042700790976305
13327.0,0.41188801245711015
13328.0,0.707132362829804
13329.0,0.35732150359671255
13330.0,-0.40959795196539384
13331.0,-0.5900214018039621
13332.0,-0.035218055333423634
13333.0,0.6465603093735478
13334.0,0.6037719542592058
13335.0,-0.07785515205447395
13336.0,-0.561184887939468
13337.0,-0.25509410308263564
13338.0,0.23503845288392003
13339.0,0.3408082187783887
13340.0,0.12732446530469524
13341.0,-0.2472354373453465
13342.0,-0.0523686105488843
13343.0,0.027201233111390586
13344.0,-0.0829943675816815
13345.0,-0.34934022425135475
13346.0,-0.019773974954119422
13347.0,0.4693110751936821
13348.0,0.29679571930747894
13349.0,-0.17132562460929404
13350.0,-0.45899997078812993
13351.0,-0.11921621813148106
13352.0,0.7356502588139165
13353.0,0.8361716243619982
13354.0,-0.18038004029395768
13355.0,-1.0576028642737487
13356.0,-0.3253239711893644
13357.0,1.1054682579095145
13358.0,1.1327839378670173
13359.0,-0.2240156146920562
13360.0,-1.2043118727132651
13361.0,-0.5297283539093228
13362.0,0.8670564532678535
13363.0,1.0269949034100838
13364.0,-0.2770723191460167
13365.0,-1.0726284636723666
13366.0,-0.44145146932217255
13367.0,0.7279166235194354
13368.0,0.8982016421921891
13369.0,-0.18268050133250302
13370.0,-0.9445963798930987
13371.0,-0.4251325983609515
13372.0,0.6251159107044867
13373.0,0.8141803728615188
13374.0,-0.12228786866337615
13375.0,-0.8863133565152668
13376.0,-0.44184516483635805
13377.0,0.5826964678263684
13378.0,0.708209750861362
13379.0,-0.14820843244011564
13380.0,-0.883644774701215
13381.0,-0.3879964061644176
13382.0,0.6251093696432918
13383.0,0.8236190042617224
13384.0,-0.019301324901029496
13385.0,-0.725587863142722
13386.0,-0.6914579105845055
13387.0,0.42659650766377677
13388.0,1.0042649083256174
13389.0,0.3507962839967682
13390.0,-1.068242684931653
13391.0,-1.1791437542329675
13392.0,0.14604987351615728
13393.0,1.2061991878737388
13394.0,0.7229047738048716
13395.0,-0.8957464841338879
13396.0,-1.5650270532390205
13397.0,-0.4250665364197955
13398.0,1.2719148235373092
13399.0,1.160340510363021
13400.0,-0.2087124677950238
13401.0,-1.258718934727467
13402.0,-0.4545941590807848
13403.0,0.935411024169872
13404.0,1.1861993567022249
13405.0,0.09292076637700541
13406.0,-0.9665060979289322
13407.0,-0.9005227811742719
13408.0,0.5715241111943883
13409.0,1.3286671819154003
13410.0,0.22000502122324508
13411.0,-1.1967778899694066
13412.0,-1.3320624769111358
13413.0,0.27713598361562836
13414.0,1.5773792680910936
13415.0,0.9108187729273095
13416.0,-1.107567144984579
13417.0,-1.6583282185663177
13418.0,-0.14706257021021393
13419.0,1.5047145555098158
13420.0,1.2729150946477428
13421.0,-0.4586108111754713
13422.0,-1.5788195643933105
13423.0,-0.5276923557900007
13424.0,1.260522296409718
13425.0,1.3636453913649715
13426.0,-0.3590271033998115
13427.0,-1.4426844418379527
13428.0,-0.9064086825299791
13429.0,0.7431269267248973
13430.0,1.1819661897267368
13431.0,0.2343106982631499
13432.0,-0.9696551905065932
13433.0,-1.0403342046084438
13434.0,0.006963858557695599
13435.0,1.2443942551273612
13436.0,0.8596169691642732
13437.0,-0.3840324842037384
13438.0,-0.9509007886688022
13439.0,-0.1273184417677055
13440.0,0.8187542776987545
13441.0,0.7060861038147456
13442.0,-0.42481287627292164
13443.0,-1.2046461641634718
13444.0,-0.30046837269895027
13445.0,1.1215048548687507
13446.0,1.0973842936978602
13447.0,-0.4888571095253203
13448.0,-1.3580637721234143
13449.0,-0.23261129347780465
13450.0,1.1611148297000162
13451.0,1.415814578448728
13452.0,-0.07970914438196706
13453.0,-1.2835362848525358
13454.0,-1.0933941168851842
13455.0,0.37246582266951955
13456.0,1.200906079680341
13457.0,0.6473229832299021
13458.0,-0.7594294939138065
13459.0,-1.28778173032831
13460.0,-0.202486832229674
13461.0,1.05621342688177
13462.0,1.0931457421915567
13463.0,-0.1730288555200628
13464.0,-1.2501015837481861
13465.0,-0.688191441926716
13466.0,0.712871485581079
13467.0,1.1855247595048204
13468.0,0.06991133844534758
13469.0,-1.1905932329637305
13470.0,-1.006195521553679
13471.0,0.19148519073176382
13472.0,1.2357659876352154
13473.0,0.8927466263969128
13474.0,-0.6814447363980833
13475.0,-1.2348904608415363
13476.0,-0.17321205299880874
13477.0,0.936400488095475
13478.0,0.9960438675565554
13479.0,-0.23222231765313828
13480.0,-1.2989580990121883
13481.0,-0.8770194289229464
13482.0,0.6243467621777741
13483.0,1.3224711859842693
13484.0,0.47242278391942616
13485.0,-0.7682691544244812
13486.0,-1.1039004384473587
13487.0,-0.006172415393558794
13488.0,1.053113835731572
13489.0,0.8491695310354591
13490.0,-0.34140330119680856
13491.0,-1.0985691568725153
13492.0,-0.38731427893489656
13493.0,0.6977772846996464
13494.0,1.0987770777139159
13495.0,0.25722202584239146
13496.0,-0.8274803593749283
13497.0,-1.0157661522535988
13498.0,0.1080792487373379
13499.0,0.8532695870406296
13500.0,0.3104962433383353
13501.0,-0.5962765695301142
13502.0,-0.8176501430591634
13503.0,-0.1368911342395178
13504.0,0.695547177616383
13505.0,0.5552173307325037
13506.0,-0.12595248546516058
13507.0,-0.6373143417103826
13508.0,-0.24575701689269192
13509.0,0.5350973758130477
13510.0,0.6278019426295256
13511.0,-0.08916903055173317
13512.0,-0.8222692279648898
13513.0,-0.5339146182059223
13514.0,0.3928448332579022
13515.0,0.8208333922077401
13516.0,0.31091129787741445
13517.0,-0.2504392982109047
13518.0,-0.5768009625091304
13519.0,-0.2019184651073508
13520.0,0.1445785005216375
13521.0,0.24275464781807204
13522.0,0.010473446511924176
13523.0,-0.402855863797398
13524.0,-0.3732077708554075
13525.0,0.14402288441959582
13526.0,0.3868243719643712
13527.0,0.47377908747418584
13528.0,0.03921010492786574
13529.0,-0.3960251759883895
13530.0,-0.3115285446211704
13531.0,0.18271098708163147
13532.0,0.47850525518009507
13533.0,0.2713179716284176
13534.0,-0.32077439202650804
13535.0,-0.5185603304939143
13536.0,-0.03558223723607246
13537.0,0.39734001185000334
13538.0,0.37185313056384683
13539.0,-0.30846720593010746
13540.0,-0.7915304922416473
13541.0,-0.3951774056052411
13542.0,0.40677697921002104
13543.0,0.996997385920476
13544.0,0.19774101945446018
13545.0,-0.7921161650945654
13546.0,-0.7689859007388634
13547.0,0.4937570071484052
13548.0,1.0145823996405474
13549.0,0.10367719592805147
13550.0,-1.0397286031013175
13551.0,-0.6550307327326059
13552.0,0.40275465772658525
13553.0,0.6063179113928876
13554.0,0.06334140409528594
13555.0,-0.48250616709412036
13556.0,-0.2722743847363127
13557.0,0.33048158963543384
13558.0,0.6074038832907012
13559.0,0.03414315210633964
13560.0,-0.5177564663455805
13561.0,-0.4111269579989391
13562.0,0.21586229521140807
13563.0,0.4819264095720672
13564.0,0.34017635806534485
13565.0,-0.5220905998329365
13566.0,-0.5537013200774911
13567.0,0.14081081921603342
13568.0,0.5864813077545528
13569.0,0.2328379874200756
13570.0,-0.21411474215012982
13571.0,-0.5509952708650884
13572.0,-0.1202243948047077
13573.0,0.3636907768640237
13574.0,0.3953522895823659
13575.0,-0.027412964834629672
13576.0,-0.5273381805425341
13577.0,-0.33573152743172513
13578.0,0.4014725954473447
13579.0,0.6105381585411994
13580.0,-0.09896540330391768
13581.0,-0.6226985093803854
13582.0,-0.13881098032336872
13583.0,0.6690367194005785
13584.0,0.5961387271119404
13585.0,-0.12859360409701345
13586.0,-0.6603963718141747
13587.0,-0.18757061082105028
13588.0,0.68507128295682
13589.0,0.7985351450513383
13590.0,-0.12495487298409176
13591.0,-1.0123091501645365
13592.0,-0.5363993998384655
13593.0,0.6718519552086345
13594.0,0.8010343096437669
13595.0,-0.36335165891082505
13596.0,-0.759941804689303
13597.0,-0.21395309117314257
13598.0,0.20672395543693625
13599.0,0.4892414392652793
13600.0,0.038686350622966416
13601.0,-0.3173439436004905
13602.0,-0.3912842032489315
13603.0,0.021912281337082798
13604.0,0.326750636111501
13605.0,0.04572748823459833
13606.0,-0.4615537631840762
13607.0,-0.2957659367641817
13608.0,0.2980188874791354
13609.0,0.4045644295202902
13610.0,-0.19699731574895124
13611.0,-0.47539883021494217
13612.0,-0.09346476289139086
13613.0,0.3218511450577766
13614.0,0.20184480592759843
13615.0,-0.3390712729873077
13616.0,-0.38813084718238233
13617.0,0.13246232637487915
13618.0,0.6265120928480122
13619.0,-0.04181331672621312
13620.0,-0.5599956249151855
13621.0,-0.39189089205776856
13622.0,0.11540924178857259
13623.0,0.6533049431065042
13624.0,0.5058524229936183
13625.0,-0.3158520411259504
13626.0,-0.7433210225951024
13627.0,-0.4842738062500111
13628.0,0.02370354306900359
13629.0,0.23636197078486854
13630.0,0.24401883291736517
13631.0,-0.28546523578203364
13632.0,-0.5475949338639823
13633.0,-0.11069230457485377
13634.0,0.43642300171767184
13635.0,0.508489354924751
13636.0,0.057116970312960744
13637.0,-0.3805221290105931
13638.0,-0.08595897592341621
13639.0,0.2462200109365643
13640.0,0.3688290568486419
13641.0,-0.023684317288720533
13642.0,-0.33836848418546395
13643.0,-0.2086383570403954
13644.0,0.30819761529387324
13645.0,0.3780342191419716
13646.0,-0.10860893679759094
13647.0,-0.4111110867262847
13648.0,-0.1759553549288238
13649.0,0.15468860583645347
13650.0,0.20245731642012457
13651.0,-0.07232825656478933
13652.0,-0.37290883147606474
13653.0,-0.306154532077965
13654.0,0.22821100801931915
13655.0,0.3066325574319586
13656.0,0.31474197691661676
13657.0,-0.08560539676132502
13658.0,-0.2144954726044758
13659.0,0.13815957616271846
13660.0,0.31116198143280926
13661.0,0.24982856807252277
13662.0,-0.10597120051031428
13663.0,-0.29148699696187513
13664.0,-0.31049022163035
13665.0,0.14367315208160925
13666.0,0.5428350545300188
13667.0,0.23711939736548765
13668.0,-0.5211589030073738
13669.0,-0.684972188736112
13670.0,-0.042431891885937094
13671.0,0.8838518407663801
13672.0,0.5457045576098688
13673.0,-0.411145225038829
13674.0,-1.083703081431513
13675.0,-0.30987401254673186
13676.0,0.957124126452622
13677.0,1.0965789280173912
13678.0,-0.081931027842997
13679.0,-1.2608514164357338
13680.0,-0.9217318487333598
13681.0,0.34698579532262414
13682.0,1.1820690874007798
13683.0,0.4467516440511572
13684.0,-0.8658989863379575
13685.0,-1.2351973202494326
13686.0,0.18182701299268517
13687.0,1.4808203380584124
13688.0,0.7299158847798088
13689.0,-0.9261827653468211
13690.0,-1.3884625454401143
13691.0,-0.03139991935934573
13692.0,1.240716719206939
13693.0,1.0240260232629592
13694.0,-0.49674603278529406
13695.0,-1.269304360869082
13696.0,-0.4611329446578484
13697.0,0.7840129748008263
13698.0,0.905292044709399
13699.0,-0.19448107565754658
13700.0,-1.196274490394488
13701.0,-0.6786547761635419
13702.0,0.524398214454388
13703.0,0.9421834172901367
13704.0,0.01095263281693512
13705.0,-0.880200400074955
13706.0,-0.6710864224532263
13707.0,0.3220644057919798
13708.0,0.9698111788905359
13709.0,0.29199531250919375
13710.0,-0.6065828555881548
13711.0,-0.8701364146222634
13712.0,-0.12023327404531017
13713.0,0.6217284503027565
13714.0,0.6689326965899222
13715.0,-0.16721010336177283
13716.0,-0.6545147624922703
13717.0,-0.3209955083047152
13718.0,0.5758009659261508
13719.0,0.5387850184843659
13720.0,0.011734551778838672
13721.0,-0.7891026085435902
13722.0,-0.6444821271763965
13723.0,0.35491221167504095
13724.0,1.052776280568409
13725.0,0.23300326145018468
13726.0,-0.9704801856118406
13727.0,-0.8149774479802199
13728.0,0.40723778919556686
13729.0,0.8892446020976718
13730.0,0.3227395374744114
13731.0,-0.6673395356337801
13732.0,-1.097389091642841
13733.0,-0.1558452366026754
13734.0,0.6431730676589973
13735.0,0.7238139277745421
13736.0,-0.21503156169067061
13737.0,-0.9090336437446044
13738.0,-0.4286891760208982
13739.0,0.7970156507579828
13740.0,1.2338069845589261
13741.0,0.11401529626150321
13742.0,-1.049389585357502
13743.0,-0.7670521834004808
13744.0,0.6468893653063319
13745.0,1.1987463055955065
13746.0,0.2468894121166096
13747.0,-0.9736319865175943
13748.0,-1.1017469845414818
13749.0,0.1988822732848254
13750.0,1.1615273258271333
13751.0,0.7487106311803156
13752.0,-0.6968554856866237
13753.0,-1.1624798793485072
13754.0,-0.21406568316173358
13755.0,0.7850819726284975
13756.0,0.8509552601057111
13757.0,-0.2608931871375417
13758.0,-0.9582528048145244
13759.0,-0.3737139310086715
13760.0,0.750598461783311
13761.0,1.0013205007123633
13762.0,0.08908035718520373
13763.0,-1.0382444982261436
13764.0,-0.6516943849241092
13765.0,0.7314242800327205
13766.0,1.0169714464987305
13767.0,-0.14068197033572546
13768.0,-1.0019372195621492
13769.0,-0.5104666366020991
13770.0,0.5100119691761662
13771.0,0.779393853114712
13772.0,0.0797247563343708
13773.0,-0.8213680650893942
13774.0,-0.5668475262763555
13775.0,0.2100342786349102
13776.0,0.7940228378466295
13777.0,0.3564503988880365
13778.0,-0.6682066433677191
13779.0,-0.8933066385272321
13780.0,0.18890331784495396
13781.0,0.860172686541789
13782.0,0.38110371818018035
13783.0,-0.6192275742326409
13784.0,-0.8291281998432856
13785.0,-0.10635414040966669
13786.0,0.7380826262260359
13787.0,0.7873299982873327
13788.0,-0.1981332795414845
13789.0,-0.8300137612990414
13790.0,-0.6224826796326404
13791.0,0.37965826209271725
13792.0,0.8796880218283692
13793.0,0.34921735186769787
13794.0,-0.5936149523799905
13795.0,-0.6870439919671039
13796.0,-0.05862598181582293
13797.0,0.44864737511115005
13798.0,0.5736075635336
13799.0,0.027934395426831515
13800.0,-0.5292831399905554
13801.0,-0.5287676615241479
13802.0,0.16886689206362526
13803.0,0.7107538713482994
13804.0,0.06134479900880737
13805.0,-0.618148712397613
13806.0,-0.2815538542444715
13807.0,0.56906189966021
13808.0,0.638527651535104
13809.0,0.16048714901778144
13810.0,-0.4994044469127599
13811.0,-0.46782911191846954
13812.0,0.13181135773353567
13813.0,0.6739939196763771
13814.0,0.2832396360936256
13815.0,-0.4126398168285766
13816.0,-0.7204980373564333
13817.0,-0.18801482409342732
13818.0,0.38684708118053884
13819.0,0.5998981909621973
13820.0,0.1827128213513525
13821.0,-0.6800363430594074
13822.0,-0.552117958029407
13823.0,-0.04409839708622877
13824.0,0.38434372278998075
13825.0,0.42325475733230306
13826.0,-0.16909068741738625
13827.0,-0.4584134919302868
13828.0,-0.13974485674052226
13829.0,0.3575979154203512
13830.0,0.5952688208782305
13831.0,0.2143205849228338
13832.0,-0.432325592806758
13833.0,-0.585819792830492
13834.0,-0.00041619679644070486
13835.0,0.6717700293009521
13836.0,0.33316703318600704
13837.0,-0.1844433816199995
13838.0,-0.5274681333699308
13839.0,-0.0865942212061625
13840.0,0.5690566607910095
13841.0,0.3580682044056507
13842.0,-0.3778571150451298
13843.0,-0.6859559648388731
13844.0,-0.1164476069040898
13845.0,0.6352856120734812
13846.0,0.7934883191603735
13847.0,0.044680111615177834
13848.0,-0.7904478412904627
13849.0,-0.7017021586587272
13850.0,0.20556167857074775
13851.0,0.8537880612000651
13852.0,0.3721834897979677
13853.0,-0.6033306796191491
13854.0,-0.7607722898778695
13855.0,0.002383651344382763
13856.0,0.6698780611810223
13857.0,0.5041528583281641
13858.0,-0.00012121286777530358
13859.0,-0.5153513664769546
13860.0,-0.20734613713984862
13861.0,0.4683318393246794
13862.0,0.6752304063073061
13863.0,0.1141900276307308
13864.0,-0.7326827669572281
13865.0,-0.5766938409946841
13866.0,0.2899829086253635
13867.0,0.7009663437644473
13868.0,0.43315188851101094
13869.0,-0.6027278224965995
13870.0,-0.9641122642674146
13871.0,-0.09040342276256146
13872.0,0.7281942363934343
13873.0,0.5768233344234415
13874.0,-0.1435532645068976
13875.0,-0.5234735008476268
13876.0,-0.39743554171014533
13877.0,0.11458481860479974
13878.0,0.5490398556084404
13879.0,0.3705768586559211
13880.0,-0.27175300696141413
13881.0,-0.4669549600831406
13882.0,0.1472907903108202
13883.0,0.8035736028242947
13884.0,0.44868462634301043
13885.0,-0.48653740121444106
13886.0,-0.8410891618966742
13887.0,-0.3855073169673564
13888.0,0.5912209976946965
13889.0,0.8375660641356701
13890.0,0.03749022489979945
13891.0,-0.8650558244615322
13892.0,-0.6865063305107219
13893.0,0.3496858183505282
13894.0,0.9829699144138273
13895.0,0.28171716116407547
13896.0,-0.7934132407325972
13897.0,-0.9938616606282751
13898.0,0.24429372462042423
13899.0,0.9966423056029766
13900.0,0.272350116205092
13901.0,-0.9952558174945212
13902.0,-0.7818516958591046
13903.0,0.38466107042564085
13904.0,0.8931419676918217
13905.0,0.28803977156806043
13906.0,-0.5910109693880624
13907.0,-0.8766881804899209
13908.0,-0.25812527152520803
13909.0,0.9777819027316548
13910.0,0.9100709801013595
13911.0,-0.30899390159847934
13912.0,-1.1564095819754212
13913.0,-0.3478665867212381
13914.0,0.9959596155846272
13915.0,1.0018281873712311
13916.0,-0.3834234673050795
13917.0,-1.0068973198889888
13918.0,-0.46166089850557535
13919.0,0.7680937475397671
13920.0,0.8537986525328699
13921.0,0.03652242157947922
13922.0,-0.7600667625555327
13923.0,-0.6490699233151118
13924.0,0.22041047266034522
13925.0,0.7108951194131556
13926.0,0.2501495896643067
13927.0,-0.48285575422885124
13928.0,-0.6273039842389264
13929.0,0.19491366103856195
13930.0,0.8770377510771146
13931.0,0.4843467613067517
13932.0,-0.4811042109639765
13933.0,-0.8621944043455214
13934.0,-0.15018775581557411
13935.0,0.6874837908878915
13936.0,0.7114387973192999
13937.0,0.06290146148445615
13938.0,-0.73753047330842
13939.0,-0.541751578425525
13940.0,0.41192151593845633
13941.0,0.8447414882711347
13942.0,0.2900404124820562
13943.0,-0.6018444031158997
13944.0,-0.6323715586227232
13945.0,0.21815225611872813
13946.0,0.9047343507853888
13947.0,0.2903262825814647
13948.0,-0.8469796470848878
13949.0,-1.1723324305495684
13950.0,-0.17869192650074528
13951.0,1.3101623603252914
13952.0,1.1773977664318114
13953.0,-0.11755192647722314
13954.0,-1.2956720138525226
13955.0,-0.7473175352998426
13956.0,0.8395681817139035
13957.0,1.4770385162642867
13958.0,0.4119090673698287
13959.0,-1.3179948160439359
13960.0,-1.3283347621286488
13961.0,0.43398417308722376
13962.0,1.7600201740326422
13963.0,0.8548228358576081
13964.0,-1.3093130970477223
13965.0,-1.8638051268877933
13966.0,0.052708519799337064
13967.0,1.7427576038077315
13968.0,1.1595246691422294
13969.0,-0.7044804974884106
13970.0,-1.4392912859845972
13971.0,-0.4686818731795777
13972.0,1.151569825032743
13973.0,1.0706349285720904
13974.0,-0.27880314180553545
13975.0,-1.3199841172152833
13976.0,-0.6940768477837599
13977.0,0.9327145994028129
13978.0,1.5524307213880697
13979.0,0.18445964953803087
13980.0,-1.451138673952206
13981.0,-1.3506046835501768
13982.0,0.24911875355590468
13983.0,1.4509899707109535
13984.0,0.8776851437692211
13985.0,-0.9561884918047634
13986.0,-1.5753530798356068
13987.0,-0.3300864598133791
13988.0,1.1430519899071645
13989.0,1.024246680126614
13990.0,-0.3318821542538086
13991.0,-1.1679650527706564
13992.0,-0.4884556646732814
13993.0,1.0196711971776147
13994.0,1.222192757188149
13995.0,0.09778298408324372
13996.0,-0.7636887822878462
13997.0,-0.522287132947004
13998.0,0.4117855558186574
13999.0,0.901100057429336
14000.0,0.17561244767886192
14001.0,-0.7616124901321115
14002.0,-0.629938726486065
14003.0,0.3311650879202164
14004.0,0.9555974311980664
14005.0,0.39790640690739787
14006.0,-0.466313792957147
14007.0,-0.7694518088494531
14008.0,-0.0952338541849102
14009.0,0.6072535771607113
14010.0,0.5934685231580641
14011.0,-0.10591800449451472
14012.0,-0.5294065990218813
14013.0,-0.24617451689665518
14014.0,0.17267847937820907
14015.0,0.39827530135816924
14016.0,0.2614396073990803
14017.0,-0.027245406379484156
14018.0,-0.3651803173549537
14019.0,-0.1436452087833712
14020.0,0.22858625728719095
14021.0,0.23443674807007708
14022.0,-0.1265927290999451
14023.0,-0.2753960615571573
14024.0,-0.1256483303602894
14025.0,0.24749305509421998
14026.0,0.35714108690199065
14027.0,0.1567572123123507
14028.0,-0.3279720967550766
14029.0,-0.5881690240818244
14030.0,-0.09703487238496492
14031.0,0.32503368021884393
14032.0,0.4336650693326194
14033.0,-0.059911812676096105
14034.0,-0.42697071236362183
14035.0,-0.0357696546893155
14036.0,0.49552206878738225
14037.0,0.4335402467941427
14038.0,-0.1981716861818599
14039.0,-0.5348177761270881
14040.0,-0.3268331867823424
14041.0,0.24710748073133795
14042.0,0.456920716532713
14043.0,0.25247198611271304
14044.0,-0.046974302785284784
14045.0,-0.3600785200728588
14046.0,0.05770903882437236
14047.0,0.26286234889912685
14048.0,-0.17489368224305124
14049.0,-0.28550130538108676
14050.0,0.11227916816356075
14051.0,0.3587156336632235
14052.0,0.11892937288098818
14053.0,-0.4735620040778938
14054.0,-0.5122721215867106
14055.0,0.1438912472420894
14056.0,0.49963181103178067
14057.0,0.3808943411867703
14058.0,-0.002094032200914125
14059.0,-0.46549416692785894
14060.0,-0.3339812455367971
14061.0,0.09131596223676838
14062.0,0.4281988153690199
14063.0,-0.14559228194589666
14064.0,-0.6039552835547147
14065.0,-0.3228319489291025
14066.0,0.4463778855580554
14067.0,0.739369237882862
14068.0,0.1452077639457231
14069.0,-0.45249926592772605
14070.0,-0.38719918312623464
14071.0,0.14252736468176064
14072.0,0.33571997541033255
14073.0,0.16271007466946866
14074.0,-0.1768764787032999
14075.0,-0.4392272365644869
14076.0,-0.31780847359135184
14077.0,0.05874709136698142
14078.0,0.5736237242234529
14079.0,0.2972908282897155
14080.0,-0.46364875820036006
14081.0,-0.7443107047622163
14082.0,-0.1571649508875271
14083.0,0.6068108412257358
14084.0,0.5724484952811566
14085.0,-0.22714009026187018
14086.0,-0.6816673349593574
14087.0,-0.48343808493738977
14088.0,0.35539301305524684
14089.0,0.949613955322339
14090.0,0.34200766552830786
14091.0,-0.7928286504114079
14092.0,-1.1325178537754341
14093.0,0.20201555791471076
14094.0,1.3577051427651614
14095.0,0.8587190360670758
14096.0,-0.7340821963694103
14097.0,-1.2932135391308783
14098.0,-0.020782568750911272
14099.0,1.394060047363973
14100.0,1.2787095776422113
14101.0,-0.2743911010702712
14102.0,-1.5754797974799775
14103.0,-0.8740698420862582
14104.0,1.0788770568974202
14105.0,1.6721080886588224
14106.0,0.6494541321267073
14107.0,-1.1412521257685153
14108.0,-1.3697131648402865
14109.0,0.18582710546276068
14110.0,1.1434200555657759
14111.0,0.6966462664848275
14112.0,-0.655190910674792
14113.0,-1.0077013557322103
14114.0,-0.27545976585097837
14115.0,0.7629547209305914
14116.0,0.6077122907958257
14117.0,-0.3091914787682357
14118.0,-1.262421940988473
14119.0,-0.7237348170282982
14120.0,0.829888240431218
14121.0,1.2453233329072335
14122.0,0.10693533889929167
14123.0,-1.2707432098777853
14124.0,-1.1275122510358344
14125.0,0.3690272687667261
14126.0,1.374695470365445
14127.0,0.6966050842022398
14128.0,-1.1256454845661337
14129.0,-1.747907338552588
14130.0,-0.1883094202717178
14131.0,1.6597572685871513
14132.0,1.5313869387143666
14133.0,-0.6398627447173578
14134.0,-2.1988268797148587
14135.0,-0.9531182651483903
14136.0,1.5099256589025538
14137.0,2.0851144560831503
14138.0,0.1331041503355882
14139.0,-2.319976887932154
14140.0,-1.7066547485144017
14141.0,1.3066786318968138
14142.0,2.85778590002463
14143.0,0.8500187681118696
14144.0,-2.096005107795996
14145.0,-2.327785631875182
14146.0,0.17242814205795828
14147.0,2.732347198962219
14148.0,1.5540496387846852
14149.0,-1.4681806079261934
14150.0,-2.7632452426417684
14151.0,-0.6011146747385527
14152.0,2.278361975610277
14153.0,2.310387397055799
14154.0,-0.6390486309030761
14155.0,-2.8225379348085804
14156.0,-1.3620594923811622
14157.0,1.7299266233154684
14158.0,2.740569348465682
14159.0,0.2622078222663919
14160.0,-2.4512631045565985
14161.0,-2.0816721891319974
14162.0,0.8905000486009654
14163.0,2.523843863099459
14164.0,0.688405425060766
14165.0,-1.9831845252344105
14166.0,-2.0875630803697645
14167.0,0.40665830649956697
14168.0,2.1399415957821137
14169.0,1.1463068066861897
14170.0,-1.3091543951169118
14171.0,-2.278500031493605
14172.0,-0.5183255107993066
14173.0,1.982346675609633
14174.0,2.079730679456485
14175.0,-0.32392902547627306
14176.0,-2.2721713000605304
14177.0,-1.395483840448748
14178.0,1.3536297953557592
14179.0,2.629259297924354
14180.0,0.739263437441542
14181.0,-2.0654188378185485
14182.0,-2.4907532130539622
14183.0,0.20661394848480427
14184.0,2.600856861754025
14185.0,1.7275037957164658
14186.0,-1.322397102874862
14187.0,-2.6630866646605975
14188.0,-0.437584374050808
14189.0,2.3331373697350397
14190.0,2.082069038565651
14191.0,-0.7106129042900434
14192.0,-2.6423013643963866
14193.0,-1.2547199096309298
14194.0,1.8933063490205286
14195.0,2.8505319531098685
14196.0,0.26931950768594987
14197.0,-2.509715176356871
14198.0,-2.0931376105131436
14199.0,0.9328029995844266
14200.0,2.8942502498753364
14201.0,1.3753672293965786
14202.0,-1.8995316447275212
14203.0,-2.8826977836930383
14204.0,0.004820524429673258
14205.0,2.810366802008101
14206.0,1.8659745343353298
14207.0,-1.373231928567933
14208.0,-2.8817713206881583
14209.0,-0.857122565181694
14210.0,2.1807775917188956
14211.0,2.5140574953831383
14212.0,-0.3543805977613349
14213.0,-2.7679926256994065
14214.0,-1.5698963701583035
14215.0,1.4098321261607405
14216.0,2.5749516737925755
14217.0,0.40051486430691485
14218.0,-2.0875341790824504
14219.0,-1.941420003866252
14220.0,0.6144673577894982
14221.0,2.2599660052773265
14222.0,0.978299343911514
14223.0,-1.5548620365518537
14224.0,-2.0634039253398115
14225.0,0.06615955990423202
14226.0,2.1990743581524193
14227.0,1.546177618402002
14228.0,-1.0682763024880146
14229.0,-2.298683065755752
14230.0,-0.553372106388578
14231.0,2.010192357972332
14232.0,1.8916059402852652
14233.0,-0.5014753856810032
14234.0,-2.126487899363859
14235.0,-1.0982469179242946
14236.0,1.1796600291224126
14237.0,1.866859407271017
14238.0,0.08669348164090686
14239.0,-1.8961976636267976
14240.0,-1.5172163581463272
14241.0,0.7165383706657622
14242.0,2.029341641552186
14243.0,0.8502500831021866
14244.0,-1.2060338376059303
14245.0,-1.8801908501913875
14246.0,-0.24397513808736074
14247.0,1.6428596719685569
14248.0,1.4360985713742802
14249.0,-0.5544057790620494
14250.0,-1.7647927837044959
14251.0,-0.8673362193458735
14252.0,1.2148333279470085
14253.0,1.7157018626484855
14254.0,0.2427693627540308
14255.0,-1.4926788183333368
14256.0,-1.2281281424363604
14257.0,0.5585816163174764
14258.0,1.4426236344608008
14259.0,0.39013821517367686
14260.0,-1.223313460725926
14261.0,-1.3044343901519369
14262.0,0.2332317953461848
14263.0,1.3902454002166802
14264.0,0.5079712418820242
14265.0,-1.0727909167897978
14266.0,-1.1020179707088853
14267.0,0.2616483201274405
14268.0,1.1157920751418646
14269.0,0.7482593947097043
14270.0,-0.517269323464379
14271.0,-1.1409472830519374
14272.0,-0.5483594721993607
14273.0,0.425398145032305
14274.0,0.6915684425556491
14275.0,0.16360245535654108
14276.0,-0.5455406850394726
14277.0,-0.4000905412694969
14278.0,0.13797357041111216
14279.0,0.4175649157364225
14280.0,0.27921179910248417
14281.0,-0.3356860236905841
14282.0,-0.45537093228384434
14283.0,-0.029282980019103347
14284.0,0.594723767221035
14285.0,0.585268446715769
14286.0,0.1936029101645488
14287.0,-0.35673343456828505
14288.0,-0.45750289148506823
14289.0,0.012782665047186233
14290.0,0.24824142696594967
14291.0,0.12397840338814653
14292.0,-0.2267895926308199
14293.0,-0.5250741607464523
14294.0,-0.2675195108847524
14295.0,0.2617319255480346
14296.0,0.4765924756178197
14297.0,-0.10731729214303197
14298.0,-0.3907610752123131
14299.0,-0.2766770501075181
14300.0,0.26206741728476196
14301.0,0.34835470279020864
14302.0,0.2628358005337123
14303.0,-0.14849955588700509
14304.0,-0.1596371060224654
14305.0,0.1709988029481181
14306.0,0.13379438832368154
14307.0,0.16026226549383993
14308.0,-0.10486198575896315
14309.0,-0.16814211044595365
14310.0,-0.08288073202803105
14311.0,0.03013741655572307
14312.0,-0.07569714844495175
14313.0,0.1666413580830716
14314.0,0.13023875326899198
14315.0,-0.040576868692404074
14316.0,-0.19360002434851967
14317.0,-0.12933917212883725
14318.0,-0.07263789761356382
14319.0,-0.018290577289169878
14320.0,-0.1615795125614878
14321.0,-0.3406118681156285
14322.0,0.024673977360066927
14323.0,0.2755516589991053
14324.0,0.2870894475152409
14325.0,-0.24804608979172782
14326.0,-0.49328837558661365
14327.0,-0.27656483962803513
14328.0,0.3484745231746805
14329.0,0.3244979775756251
14330.0,-0.03316235887380157
14331.0,-0.4219910908001823
14332.0,-0.09542093005751358
14333.0,0.1973771434678812
14334.0,0.22078290808813486
14335.0,0.07098151551097426
14336.0,0.03906682246275403
14337.0,0.013993862236885705
14338.0,-0.04959861910352463
14339.0,-0.11547360823882098
14340.0,0.006521850098390817
14341.0,0.06258053445580676
14342.0,0.01134854688186217
14343.0,0.017938580421866957
14344.0,0.05936551282844978
14345.0,-0.037117986504000666
14346.0,-0.22459457020929285
14347.0,-0.15560168730447163
14348.0,0.13671127546040968
14349.0,0.08735019498503477
14350.0,0.04112382306235607
14351.0,-0.17805424949922397
14352.0,-0.2656733376870639
14353.0,-0.14736646604006354
14354.0,-0.006874954571683938
14355.0,0.12465357071160477
14356.0,-0.06649080258737443
14357.0,-0.08310977892436588
14358.0,-0.0058919632652353945
14359.0,0.05579096039061051
14360.0,0.14138991396649309
14361.0,-0.05669619868774174
14362.0,-0.34495308272295533
14363.0,-0.41821729227214244
14364.0,0.04063504466722258
14365.0,0.5505677377092143
14366.0,0.47542910516026393
14367.0,-0.15326801539743354
14368.0,-0.5736754364184247
14369.0,-0.4758334940227766
14370.0,0.23752936394297672
14371.0,0.6392503112045249
14372.0,0.22513177187091984
14373.0,-0.29081296134329937
14374.0,-0.22948147976936525
14375.0,0.2686965996124073
14376.0,0.5904095955483601
14377.0,0.1079014544866341
14378.0,-0.5327308321155148
14379.0,-0.24297701095322374
14380.0,0.4530419629425801
14381.0,0.3806942498623465
14382.0,-0.22865097450115668
14383.0,-0.34541636307084356
14384.0,-0.10333517789711354
14385.0,0.3178588220842465
14386.0,0.26820092661937583
14387.0,-0.14353895005145714
14388.0,-0.460202040528063
14389.0,-0.20119384736276638
14390.0,0.3922353575617596
14391.0,0.3899012641387721
14392.0,-0.14339040590680854
14393.0,-0.6361961409870855
14394.0,-0.397847949858082
14395.0,0.41446739010991873
14396.0,0.6807421517694141
14397.0,0.1134889218302335
14398.0,-0.723158609116714
14399.0,-0.590412154997258
14400.0,0.19447725721120485
14401.0,0.7049761061537667
14402.0,0.21187953782292718
14403.0,-0.6977288975868593
14404.0,-0.6446969614040566
14405.0,0.3196832694028492
14406.0,0.8987313374555223
14407.0,0.24621369180172425
14408.0,-0.6452318006147709
14409.0,-0.560595645198076
14410.0,0.29520084798637597
14411.0,0.7534010212678918
14412.0,0.19051930587694244
14413.0,-0.30197494564992505
14414.0,-0.40472311916211773
14415.0,-0.1290071522330567
14416.0,0.0804663658742821
14417.0,0.18604785933357432
14418.0,0.06576968756730468
14419.0,-0.019714676497966294
14420.0,-0.23588289343389696
14421.0,-0.3653331061527902
14422.0,-0.11130348197453493
14423.0,0.3279125618513578
14424.0,0.41014558133550905
14425.0,-0.020500017018639197
14426.0,-0.44355617116156726
14427.0,-0.34157333768652365
14428.0,0.18084529701378102
14429.0,0.5132215327846464
14430.0,0.2539641383664486
14431.0,-0.39475666012475785
14432.0,-0.5193540470029151
14433.0,-0.09614823542098416
14434.0,0.7336905305931465
14435.0,0.5454753028954005
14436.0,-0.20789908059748458
14437.0,-0.6195221055170792
14438.0,-0.15536574220621688
14439.0,0.4285900850874766
14440.0,0.475395740416463
14441.0,-0.14236092442756101
14442.0,-0.4942288819881175
14443.0,0.003005682486808603
14444.0,0.45301434301350124
14445.0,0.44850925877492753
14446.0,0.1977527533128957
14447.0,-0.5195891652599749
14448.0,-0.3903254986970921
14449.0,0.3034848999221278
14450.0,0.6666206706953456
14451.0,0.15580140612442642
14452.0,-0.48904721970240633
14453.0,-0.4375370289792364
14454.0,-0.005047029467534011
14455.0,0.3770441505872655
14456.0,0.3205429780340455
14457.0,-0.029485206889834376
14458.0,-0.37910090698864923
14459.0,-0.21489120122952168
14460.0,0.15405165963148498
14461.0,0.3100741323367336
14462.0,0.2174109100599971
14463.0,-0.10447650265263218
14464.0,-0.06559660306790237
14465.0,0.005323307969578379
14466.0,-0.044172793387362894
14467.0,-0.07684780464173888
14468.0,0.07267104702939077
14469.0,0.10366416399075602
14470.0,0.06731955869267164
14471.0,0.09458085596824913
14472.0,-0.16502377545982894
14473.0,-0.2788471876509675
14474.0,0.09863454664432324
14475.0,0.4093922564196894
14476.0,0.18208612888933443
14477.0,-0.3224302517529468
14478.0,-0.3461604310915892
14479.0,-0.14267478592007435
14480.0,0.16896476369802174
14481.0,0.4163767163755224
14482.0,0.016813315471086318
14483.0,-0.3146835036218146
14484.0,-0.5415203796145655
14485.0,-0.0879311126626388
14486.0,0.4854008549543787
14487.0,0.21534196837970662
14488.0,-0.40779340654538554
14489.0,-0.3497219253062518
14490.0,0.15577173442377387
14491.0,0.2898195447999886
14492.0,0.021003048385972077
14493.0,-0.4278656828492382
14494.0,-0.41727213151694625
14495.0,0.1334868324599327
14496.0,0.5544034623478984
14497.0,0.22477899220308886
14498.0,-0.3934490947394281
14499.0,-0.4328104696973321
14500.0,0.03307676472186495
14501.0,0.4461191995547501
14502.0,0.17506337291899746
14503.0,-0.17585570029560066
14504.0,-0.2623021477450978
14505.0,-0.08464669028748739
14506.0,0.36387882726152304
14507.0,0.5421302860151681
14508.0,0.15958956219403073
14509.0,-0.4965119818927109
14510.0,-0.4120781633848187
14511.0,-0.041194810534709345
14512.0,0.32145798514018736
14513.0,0.42762549298194186
14514.0,0.006378013136967136
14515.0,-0.4414211259684056
14516.0,-0.31733451432990994
14517.0,0.3896106778183848
14518.0,0.5970531574485566
14519.0,0.3736773600940862
14520.0,-0.38244878949933453
14521.0,-0.5380634586171502
14522.0,-0.13169470512665057
14523.0,0.6085847499301925
14524.0,0.7476721338517274
14525.0,-0.2637919899536823
14526.0,-1.0405164518589598
14527.0,-0.4772809755275869
14528.0,0.6432750854999684
14529.0,0.908438631977215
14530.0,-0.015310846393814874
14531.0,-0.9852631163119621
14532.0,-0.5104402046798688
14533.0,0.5575512474874016
14534.0,0.9946501562429138
14535.0,0.34164773395110953
14536.0,-0.6238832527317836
14537.0,-0.6752096565022085
14538.0,0.3237939589260726
14539.0,0.8887037366006391
14540.0,0.37889013621586787
14541.0,-0.5202538708073415
14542.0,-0.8184959704373688
14543.0,-0.12896605362028954
14544.0,0.7586786405384712
14545.0,0.7023591252043736
14546.0,-0.22054229931955469
14547.0,-0.9079710742335306
14548.0,-0.37196853617436343
14549.0,0.5764218555018475
14550.0,0.8129155857796022
14551.0,0.19968669157054286
14552.0,-0.5964127349334922
14553.0,-0.5186884087447605
14554.0,-0.08241399741888351
14555.0,0.37639626801625453
14556.0,0.21186606314705342
14557.0,0.029971001618178665
14558.0,-0.13069179693200283
14559.0,-0.034341481454178154
14560.0,0.2514719383963322
14561.0,0.11290205117903614
14562.0,0.016975238267756782
14563.0,-0.08138848680822869
14564.0,-0.18135683904727914
14565.0,0.01824803392616561
14566.0,0.22469702238225892
14567.0,0.44896651985487307
14568.0,-0.08999227030792915
14569.0,-0.5380593184674487
14570.0,-0.11673897681797785
14571.0,0.4003750321710313
14572.0,0.3324652419260421
14573.0,-0.40880870081888787
14574.0,-0.698102783757339
14575.0,-0.13948900966752764
14576.0,0.6916936824850349
14577.0,0.6141181060146237
14578.0,-0.25168630565065603
14579.0,-0.6084286232495986
14580.0,0.04626783370446577
14581.0,0.5132711797741405
14582.0,0.2438330001232794
14583.0,-0.32685218682201655
14584.0,-0.5419396747260653
14585.0,-0.004290348482730985
14586.0,0.686837314728594
14587.0,0.5187398545075717
14588.0,-0.12326776849519198
14589.0,-0.27567170839993344
14590.0,-0.16481043709448115
14591.0,0.17300236880270284
14592.0,0.2148919289461853
14593.0,-0.21793150257384125
14594.0,-0.26171890276757487
14595.0,-0.027249451052110196
14596.0,0.17934850534753075
14597.0,-0.2109576915354448
14598.0,-0.4712643068276053
14599.0,-0.17749292984749082
14600.0,0.40773186317502463
14601.0,0.37947166619004613
14602.0,-0.20800432123901189
14603.0,-0.3943322166095785
14604.0,-0.22455106044119144
14605.0,0.027251265114884553
14606.0,0.23245226709629807
14607.0,0.007899714591617188
14608.0,-0.3423021153138602
14609.0,-0.25803201418740046
14610.0,-0.027382495159102436
14611.0,0.22230203499785112
14612.0,0.08191663163867097
14613.0,-0.3953219679726644
14614.0,-0.22999594033560358
14615.0,0.3731558852681523
14616.0,0.40765874313291217
14617.0,-0.09027448012360818
14618.0,-0.5112272507944909
14619.0,-0.3774064603712703
14620.0,0.2676094593047083
14621.0,0.7086828690615391
14622.0,0.24815475802962894
14623.0,-0.45542508099584983
14624.0,-0.508382656274279
14625.0,0.0413957634115528
14626.0,0.546101932075129
14627.0,0.47947346727958734
14628.0,-0.05211437551501154
14629.0,-0.7510289469263722
14630.0,-0.3002218412392806
14631.0,0.4689758640862655
14632.0,0.6789706944769359
14633.0,-0.016889381182169694
14634.0,-0.49274909169550035
14635.0,-0.4744120180890257
14636.0,0.09903543553349953
14637.0,0.5428193640907802
14638.0,0.30336510423156854
14639.0,-0.3459792943330688
14640.0,-0.472087708483031
14641.0,-0.12198430038612264
14642.0,0.4884812046944229
14643.0,0.27349659419873534
14644.0,-0.40561314611862587
14645.0,-0.5214530140552297
14646.0,0.1409739246272613
14647.0,0.7276122152927467
14648.0,0.43969726676876664
14649.0,-0.41989919083359134
14650.0,-0.6237016190377752
14651.0,0.005017513293544627
14652.0,0.6069349920990518
14653.0,0.3655643212900556
14654.0,-0.41197604796232756
14655.0,-0.687132235775224
14656.0,-0.07553491829361476
14657.0,0.46209532984200347
14658.0,0.5512725631547888
14659.0,-0.1318576161250557
14660.0,-0.539870140216537
14661.0,-0.25353848627967857
14662.0,0.6619352888607651
14663.0,0.8247133444075346
14664.0,-0.07012638563546356
14665.0,-0.7711420918042134
14666.0,-0.5173208895118536
14667.0,0.25542377679104455
14668.0,0.6382271418471642
14669.0,-0.03312107534088722
14670.0,-0.629291267541552
14671.0,-0.5373608447786943
14672.0,0.0033587038706797707
14673.0,0.4663531373686132
14674.0,0.49368418118777535
14675.0,0.02407709900715255
14676.0,-0.5598447587392278
14677.0,-0.6039688032246796
14678.0,-0.05198989115938224
14679.0,0.5583739864881522
14680.0,0.3304511470318873
14681.0,-0.2625284633167426
14682.0,-0.24204063656847338
14683.0,0.1570150568815241
14684.0,0.23339142579978917
14685.0,0.10046817135278355
14686.0,-0.05282466004876561
14687.0,-0.1641127897447673
14688.0,0.11108694008207408
14689.0,0.09731966285934489
14690.0,0.051416657621874334
14691.0,-0.35976914302942775
14692.0,-0.4339409300245878
14693.0,0.15761807335565325
14694.0,0.5400616519650645
14695.0,0.15727630191361475
14696.0,-0.4078182108249388
14697.0,-0.6852020608592548
14698.0,-0.14490370233537342
14699.0,0.46288161614362006
14700.0,0.6350406030973549
14701.0,-0.07992146140126268
14702.0,-0.5016407869864484
14703.0,-0.32557455009704384
14704.0,-0.019238155351878686
14705.0,0.223160254843441
14706.0,0.22539143980201903
14707.0,-0.3024623748725153
14708.0,-0.1900928412045846
14709.0,0.08384470510157188
14710.0,0.3490299205160789
14711.0,0.18518073917371755
14712.0,-0.08232926205307073
14713.0,-0.17386425057961336
14714.0,0.08848896627919405
14715.0,0.2177861315912281
14716.0,0.0115341021798337
14717.0,-0.07902408998605641
14718.0,-0.15086633225536
14719.0,-0.07003020350927247
14720.0,0.14707475714849805
14721.0,0.42296229280980213
14722.0,0.2246911739846257
14723.0,-0.3217970342670236
14724.0,-0.3029336770484655
14725.0,0.00941257275047772
14726.0,0.6420265995462514
14727.0,0.7442783239594937
14728.0,-0.11472991199343376
14729.0,-0.9500632775298845
14730.0,-0.7654667942836846
14731.0,0.33755159706938315
14732.0,1.1570159276242977
14733.0,0.3981471736945344
14734.0,-0.7958087907318228
14735.0,-1.1501573873830107
14736.0,-0.04754528236908113
14737.0,1.1340953690038336
14738.0,0.7640682600687273
14739.0,-0.4400098471188201
14740.0,-1.0107917457491447
14741.0,-0.27779890847772276
14742.0,0.8933469445022322
14743.0,0.9810194676437183
14744.0,-0.15728220034900497
14745.0,-1.2616039136921016
14746.0,-0.9143036942366812
14747.0,0.547919373903619
14748.0,1.508550427205044
14749.0,0.7604757466877787
14750.0,-0.8432368713393983
14751.0,-1.2815137944167232
14752.0,-0.24959071303604236
14753.0,1.1436405304312476
14754.0,1.1301155408518027
14755.0,-0.3767703271434431
14756.0,-1.4546590369891954
14757.0,-0.695862530255588
14758.0,0.8182368653906191
14759.0,1.2557023023222627
14760.0,0.06886829776363643
14761.0,-1.143488887209287
14762.0,-0.6662313578367018
14763.0,0.6037061991146053
14764.0,1.2556645720681614
14765.0,0.32468630638680124
14766.0,-0.9978822374175709
14767.0,-1.0418983818192522
14768.0,0.13180124106352678
14769.0,1.119390430892032
14770.0,0.7070119199076284
14771.0,-0.5580834753964912
14772.0,-1.0055949315629722
14773.0,0.1279963012828579
14774.0,1.264219802906688
14775.0,0.8204877939503167
14776.0,-0.47564473023326825
14777.0,-1.0304853017507452
14778.0,-0.49603942764159087
14779.0,0.6017303160593125
14780.0,0.8617335668425772
14781.0,0.3150253872675342
14782.0,-0.42584656065595483
14783.0,-0.4832342161083544
14784.0,0.0029332953552944716
14785.0,0.43248718802862957
14786.0,0.13591401687811908
14787.0,-0.3678673206228641
14788.0,-0.4865338760994881
14789.0,0.20851325228239584
14790.0,0.7430732405364885
14791.0,0.3809837483624954
14792.0,-0.5852745455901727
14793.0,-0.651308418953709
14794.0,-0.18721842077868076
14795.0,0.5516531525106165
14796.0,0.5111220443012144
14797.0,-0.14033555689807795
14798.0,-0.7724913585777479
14799.0,-0.35877661891792056
14800.0,0.611224194238405
14801.0,0.6228545636913475
14802.0,-0.2031009557120204
14803.0,-1.1103813173378831
14804.0,-0.5892390404208905
14805.0,0.7313868325438483
14806.0,1.3182619287682977
14807.0,0.33286752381964707
14808.0,-1.124741991985625
14809.0,-1.126417595096131
14810.0,0.42202988624110294
14811.0,1.307403839918043
14812.0,0.5894779952057099
14813.0,-0.9419119501934085
14814.0,-1.229627727996522
14815.0,0.04033611886844784
14816.0,1.2139413531312446
14817.0,0.7134338798898795
14818.0,-0.730953844235133
14819.0,-0.9839954557841893
14820.0,-0.016993232310178488
14821.0,0.8607753805025942
14822.0,0.6779966081542559
14823.0,-0.3919616400960658
14824.0,-0.7462900317575346
14825.0,-0.06220434971197387
14826.0,0.6654624932000937
14827.0,0.2272733521610516
14828.0,-0.5557072087818223
14829.0,-0.5006551802076185
14830.0,0.17171328444928785
14831.0,0.749884105879275
14832.0,0.3160390028865245
14833.0,-0.38975237693170023
14834.0,-0.606136146325118
14835.0,-0.21655334923729386
14836.0,0.3379488434542263
14837.0,0.48831389634597383
14838.0,0.02655783154191934
14839.0,-0.6085283354456711
14840.0,-0.5542130696548421
14841.0,0.3683085316442661
14842.0,0.5170430086273896
14843.0,-0.03425453596240563
14844.0,-0.48963840283436355
14845.0,-0.2911791103290646
14846.0,0.22989755928189584
14847.0,0.40111747409763576
14848.0,0.06360384776588199
14849.0,-0.20570704113256427
14850.0,-0.1871648232250514
14851.0,-0.16371411848981804
14852.0,0.031539331774990395
14853.0,0.13121006866539628
14854.0,0.12029736969184573
14855.0,0.21745355514533501
14856.0,0.03594851004215091
14857.0,-0.07104623068035457
14858.0,0.0008789947695438183
14859.0,0.19745043868166914
14860.0,-0.07078968614778802
14861.0,-0.17432761378294925
14862.0,-0.15737585947295216
14863.0,0.14969167194949587
14864.0,0.46251142766237796
14865.0,0.04729747967482169
14866.0,-0.26047488683899495
14867.0,-0.36371968763773793
14868.0,-0.18006197707403626
14869.0,0.2441409625061631
14870.0,0.3526673572535484
14871.0,0.10087117002213453
14872.0,-0.11219214691686338
14873.0,-0.008133647752767568
14874.0,0.07074941620664474
14875.0,-0.035631713211450144
14876.0,0.01213502634217766
14877.0,-0.06137689026175298
14878.0,-0.1561498780052612
14879.0,0.10208622901671557
14880.0,0.12339193196876533
14881.0,-0.23245336196099675
14882.0,-0.27726659667072306
14883.0,0.03192145542204512
14884.0,0.5179895898278092
14885.0,0.3677939188560754
14886.0,-0.06858855934387158
14887.0,-0.4662791614202953
14888.0,-0.42355341455459256
14889.0,0.2241550041528404
14890.0,0.717014556424667
14891.0,0.40550061794163106
14892.0,-0.3280530387865199
14893.0,-0.6086608803570359
14894.0,-0.19932979905793946
14895.0,0.6373473222158097
14896.0,0.8847346585723102
14897.0,-0.20423157013380125
14898.0,-1.2498470026550188
14899.0,-0.6379391146455704
14900.0,0.8681056342356025
14901.0,1.3171544925572392
14902.0,-0.0951810046093568
14903.0,-1.4999499948812087
14904.0,-1.0879329081935658
14905.0,0.6132072113342734
14906.0,1.2728017870879635
14907.0,0.24278056209020513
14908.0,-0.7544520387392774
14909.0,-1.0323531369534957
14910.0,-0.1674616629665957
14911.0,0.7477836906494207
14912.0,0.832156131004077
14913.0,0.076793740729925
14914.0,-0.9590512969807173
14915.0,-0.6716463664641223
14916.0,0.5455513001077914
14917.0,1.1481793490460988
14918.0,0.39705277250840026
14919.0,-0.988831225464473
14920.0,-1.1457566223163935
14921.0,0.07807014952475803
14922.0,1.172781813103097
14923.0,0.9745191496806865
14924.0,-0.32245986184136677
14925.0,-1.0981715310755404
14926.0,-0.46519778328344186
14927.0,0.7082219326347868
14928.0,1.0855304562587538
14929.0,0.14715559656018926
14930.0,-0.9505468901407372
14931.0,-0.8615761546014338
14932.0,0.4434115043470737
14933.0,1.1498186738994725
14934.0,0.4607001301871023
14935.0,-0.6898094066796808
14936.0,-0.9919305645951989
14937.0,0.16718774291790622
14938.0,1.0933402164193167
14939.0,0.5026052794860071
14940.0,-0.5677900406746312
14941.0,-1.11575412455627
14942.0,-0.39471484028759785
14943.0,0.7882110771684482
14944.0,1.0662052111064841
14945.0,-0.17867487759533296
14946.0,-0.9861713872664193
14947.0,-0.685432970830963
14948.0,0.5316722039568917
14949.0,1.2569874619133867
14950.0,0.19885192999073653
14951.0,-1.1807595686865402
14952.0,-1.1055924406200703
14953.0,0.4442666294709575
14954.0,1.3348127330488244
14955.0,0.48007405703180783
14956.0,-0.9768671588182962
14957.0,-1.2740954306267196
14958.0,0.13764460351010271
14959.0,1.287636067337595
14960.0,0.7956051331255625
14961.0,-0.8225256027462907
14962.0,-1.409937126241189
14963.0,-0.06271093269173958
14964.0,1.5314468716726808
14965.0,1.1794970705025225
14966.0,-0.5478589757742991
14967.0,-1.6764806281036102
14968.0,-0.6704966667273676
14969.0,1.0972710425135581
14970.0,1.5030440582927669
14971.0,-0.07315490412396607
14972.0,-1.6330916879964437
14973.0,-1.1980698129436806
14974.0,0.8785113893420782
14975.0,1.8203598644367012
14976.0,0.3280268437763833
14977.0,-1.3134398029231458
14978.0,-1.3504672499830392
14979.0,0.20052246825749337
14980.0,1.5583503201487903
14981.0,0.896226216199526
14982.0,-0.8948964716368009
14983.0,-1.5447569908901664
14984.0,-0.2499627174828
14985.0,1.3423941333570433
14986.0,1.2274785303550608
14987.0,-0.6992073192085132
14988.0,-1.9218494078145603
14989.0,-0.7328492226948871
14990.0,1.4912138459679143
14991.0,1.7356894316490201
14992.0,-0.27316854148776937
14993.0,-1.8534850991914347
14994.0,-0.915944870195789
14995.0,1.0927928592895133
14996.0,1.365898116622886
14997.0,-0.149844447327561
14998.0,-1.2911480732535123
14999.0,-0.9360016019501955
15000.0,0.5738267683398436
15001.0,1.497066277792676
15002.0,0.48577691628403635
15003.0,-1.1540148923105624
15004.0,-1.2963461147070572
15005.0,0.06249444874892818
15006.0,1.3477353889197394
15007.0,1.093636898530737
15008.0,-0.6054691318208159
15009.0,-1.3017363873625805
15010.0,-0.3190522421424057
15011.0,1.0335679079380766
15012.0,1.1826181507967881
15013.0,-0.23742186989857228
15014.0,-1.540968246318298
15015.0,-0.9087229395331182
15016.0,0.9359558608600648
15017.0,1.642586145910571
15018.0,0.2370373735804496
15019.0,-1.2533420551192598
15020.0,-1.2186617655846697
15021.0,0.4783808732719093
15022.0,1.5834874122470062
15023.0,0.6725326730225006
15024.0,-1.234319006800736
15025.0,-1.7150722097476316
15026.0,-0.09929106048519232
15027.0,1.672542012656855
15028.0,1.6731973048774194
15029.0,-0.3686277336883972
15030.0,-1.7806800453127651
15031.0,-0.7738693536940328
15032.0,1.1450830366213307
15033.0,1.632898591810735
15034.0,0.24345110261654884
15035.0,-1.4541046827083008
15036.0,-1.4250654337217328
15037.0,0.3963540080407857
15038.0,1.7159859989565345
15039.0,0.7780518613604759
15040.0,-0.8878897981995146
15041.0,-1.4480926864045407
15042.0,-0.08474159735732284
15043.0,1.6550368617624596
15044.0,1.2058550379664186
15045.0,-0.7542739754097425
15046.0,-1.5505006654305367
15047.0,-0.42688261225265733
15048.0,1.1346328285296456
15049.0,1.2742233999925188
15050.0,-0.28491247822693505
15051.0,-1.4632605021046652
15052.0,-0.8173758853637564
15053.0,0.8331175465400716
15054.0,1.5108267634512138
15055.0,0.32191650732482874
15056.0,-1.187693659967309
15057.0,-1.1217569363459254
15058.0,0.30229289105076007
15059.0,1.324027725964974
15060.0,0.5443741229212953
15061.0,-0.9607751781951478
15062.0,-1.1495176351661383
15063.0,0.09387715943868698
15064.0,1.1871923404497315
15065.0,0.8849761750884674
15066.0,-0.4669320406597948
15067.0,-1.0468264248104726
15068.0,-0.31724354997909854
15069.0,0.8202296635909162
15070.0,0.980296956448252
15071.0,-0.27124880456168415
15072.0,-1.0514077008404707
15073.0,-0.42129827647351087
15074.0,0.6753048064881088
15075.0,0.7066553175830976
15076.0,-0.3311484721138162
15077.0,-0.9324766210911107
15078.0,-0.24067400558771193
15079.0,0.6194771546833111
15080.0,0.7534679960585533
15081.0,-0.055852044878750715
15082.0,-0.7631404428891657
15083.0,-0.5173253082973248
15084.0,0.4335399890325849
15085.0,0.7746115192211589
15086.0,0.08800990104059335
15087.0,-0.5318515801562596
15088.0,-0.6520175140254394
15089.0,0.06418439672126197
15090.0,0.7203837772782652
15091.0,0.33926111006085224
15092.0,-0.6200505734665777
15093.0,-0.8706180544908119
15094.0,-0.1270907758069039
15095.0,1.026855916462327
15096.0,0.9164848655919967
15097.0,-0.35478840092657704
15098.0,-1.1243702783291734
15099.0,-0.24252129995824093
15100.0,1.0003862993424597
15101.0,0.9300697524939289
15102.0,0.014628957114214603
15103.0,-0.9323456830501221
15104.0,-1.0731411786017213
15105.0,0.2534602386534642
15106.0,1.283471355017918
15107.0,0.7214400186667158
15108.0,-0.7604342985979996
15109.0,-1.61714793357519
15110.0,-0.5393277676393391
15111.0,1.3577263383194853
15112.0,1.6478064257905691
15113.0,-0.0970963495199172
15114.0,-1.3962719421910124
15115.0,-0.7907516587467116
15116.0,0.7108085484033856
15117.0,1.3128817809541462
15118.0,0.10830336204907341
15119.0,-1.065327283527742
15120.0,-0.8662560322705467
15121.0,0.21766926313854587
15122.0,1.0215436495166579
15123.0,0.5023486277980213
15124.0,-0.5012449400255006
15125.0,-1.028312178895215
15126.0,-0.25917136100388627
15127.0,0.9039752419380713
15128.0,1.1422632886105617
15129.0,-0.1994513510135512
15130.0,-1.3821404297217863
15131.0,-0.8156315706230981
15132.0,1.0146067534770258
15133.0,1.8895282871791794
15134.0,0.3168740478692916
15135.0,-1.8303380383960364
15136.0,-1.7006787526794762
15137.0,0.5820889141246224
15138.0,2.2638210824753684
15139.0,1.0242494738441659
15140.0,-1.7181589581329555
15141.0,-2.2580493116085942
15142.0,0.08686029588750507
15143.0,2.269055714843263
15144.0,1.374731111848535
15145.0,-1.426967155533913
15146.0,-2.169091220405965
15147.0,-0.20980240284929227
15148.0,2.039625678229697
15149.0,1.615388334626636
15150.0,-1.0150809265466372
15151.0,-2.1215821752657016
15152.0,-0.7648287518806793
15153.0,1.2777135296714288
15154.0,1.8305304748605056
15155.0,0.07349586616150501
15156.0,-1.6439344540074443
15157.0,-1.131421004246471
15158.0,0.7192322996592158
15159.0,1.5341975441480282
15160.0,0.45057010966934247
15161.0,-1.1137552720098642
15162.0,-1.383653342320424
15163.0,0.13364586420605098
15164.0,1.3946412014422322
15165.0,0.6996221081509473
15166.0,-0.8309914750163485
15167.0,-1.3104539513477178
15168.0,-0.2198838970937349
15169.0,1.096720340441287
15170.0,1.2743397660230862
15171.0,-0.40772484125414665
15172.0,-1.5374650450810001
15173.0,-0.5400121021112746
15174.0,0.9172508220038083
15175.0,1.4004542128346418
15176.0,-0.16510314837633347
15177.0,-1.4395409492428115
15178.0,-0.9077910196147129
15179.0,0.8751163662938041
15180.0,1.359159895126694
15181.0,0.2602485913827342
15182.0,-0.9550785493493973
15183.0,-1.1923531957652693
15184.0,0.2771811722816939
15185.0,1.0415755033380303
15186.0,0.3526876199487572
15187.0,-0.704785070564174
15188.0,-0.8668247663256138
15189.0,-0.029982537538608727
15190.0,1.0203625185238427
15191.0,0.724924510339037
15192.0,-0.5484167631800144
15193.0,-1.1813093518577278
15194.0,-0.48141946502594896
15195.0,0.8823352566742804
15196.0,1.1286454260042444
15197.0,-0.06885830248068313
15198.0,-1.0349590407901037
15199.0,-0.6921750643440411
15200.0,0.5536870306705751
15201.0,1.1446872280330214
15202.0,0.29767073212380835
15203.0,-0.8087208304526108
15204.0,-0.7740636856553127
15205.0,0.5353555143506178
15206.0,0.9709980094045061
15207.0,0.022322486316925568
15208.0,-0.924389347602746
15209.0,-1.007235435323255
15210.0,0.10243916713160102
15211.0,0.8848933639482981
15212.0,0.32856802564704013
15213.0,-0.64086099357515
15214.0,-0.7210760482467689
15215.0,0.29535509529237963
15216.0,1.1326750779562664
15217.0,0.6159690730676958
15218.0,-0.46899259003752203
15219.0,-0.9211271718831491
15220.0,-0.18850724443795003
15221.0,0.6589085464345628
15222.0,0.8369218090046028
15223.0,0.1027458860674794
15224.0,-0.8103356402685208
15225.0,-0.714003861777666
15226.0,0.28387535912979667
15227.0,0.8995979640299244
15228.0,0.4437503075729109
15229.0,-0.8149609738726457
15230.0,-1.0689250267605592
15231.0,0.022431409840252454
15232.0,1.1169100180820462
15233.0,0.5862167663399613
15234.0,-0.7214381951856106
15235.0,-1.1324489458470024
15236.0,-0.09215557030955518
15237.0,1.1203120685496202
15238.0,0.7386802944342735
15239.0,-0.6165099889208434
15240.0,-0.8874029633174059
15241.0,-0.09081755005028616
15242.0,1.044145347155836
15243.0,1.0127984265410626
15244.0,-0.3610505027165122
15245.0,-1.1108415978835937
15246.0,-0.37775611393076114
15247.0,0.9467529331169205
15248.0,1.0110404029376696
15249.0,-0.49465399149617
15250.0,-1.1633648957733271
15251.0,-0.41305239826486845
15252.0,0.650887779969916
15253.0,0.7645541575032545
15254.0,-0.09893707310035085
15255.0,-0.8025584910652142
15256.0,-0.3249079370827995
15257.0,0.5031959712112117
15258.0,0.6530500417835485
15259.0,0.03592333357136351
15260.0,-0.7477431429619356
15261.0,-0.5048787908995452
15262.0,0.22167366797198879
15263.0,0.8430566698169362
15264.0,0.4600901349269087
15265.0,-0.5109392083620828
15266.0,-0.8690419222869377
15267.0,0.04911936006564843
15268.0,0.7553273473528112
15269.0,0.4814734176237278
15270.0,-0.3362980076593484
15271.0,-0.858620800775921
15272.0,-0.4740465366848278
15273.0,0.6210634805365879
15274.0,0.9457393063618276
15275.0,-0.09847604642857762
15276.0,-0.8893843684816026
15277.0,-0.5935275340478328
15278.0,0.2076251827706093
15279.0,0.5547032291775739
15280.0,0.18752947351158009
15281.0,-0.5435658099596041
15282.0,-0.15582119893837576
15283.0,0.49914978759262896
15284.0,0.7243934073761136
15285.0,0.21312161603723837
15286.0,-0.6347856026111446
15287.0,-0.7120902995499192
15288.0,0.10629968014543714
15289.0,0.8821016690752119
15290.0,0.5729721196188706
15291.0,-0.4882204002408221
15292.0,-0.919870428278217
15293.0,-0.38417343384001545
15294.0,0.5477838692297157
15295.0,0.9712409790092966
15296.0,0.23915219590177214
15297.0,-0.7072698693668773
15298.0,-0.7845039158200764
15299.0,-0.22385085544129535
15300.0,0.5471611316577615
15301.0,0.594333673410886
15302.0,-0.02917210485001881
15303.0,-0.7744612469617856
15304.0,-0.5005441212642749
15305.0,0.2881244383557123
15306.0,0.8987929383606293
15307.0,0.23310695834440107
15308.0,-0.9437386755437042
15309.0,-0.6380574749779461
15310.0,0.5126991150157253
15311.0,1.2015583841534576
15312.0,0.35659722040026315
15313.0,-0.8919190573208826
15314.0,-0.7399433543143047
15315.0,0.3444676709106148
15316.0,0.9163284603621313
15317.0,0.3263759203190796
15318.0,-0.6165994227646502
15319.0,-1.0501656358251903
15320.0,-0.13649375834396726
15321.0,0.9341243172131798
15322.0,1.0231628288897068
15323.0,0.2256722711483442
15324.0,-1.0673423281359538
15325.0,-0.9702614059217828
15326.0,0.4690933272450642
15327.0,1.3361076787996544
15328.0,0.4659031198303138
15329.0,-0.982199013528103
15330.0,-1.2592960143435374
15331.0,0.0492854751975444
15332.0,1.034231120672993
15333.0,0.6561034932075271
15334.0,-0.5140408381492882
15335.0,-1.0842356302747695
15336.0,-0.276268635393299
15337.0,1.1003717455726112
15338.0,1.250481899880849
15339.0,-0.3272285231037827
15340.0,-1.617374064855373
15341.0,-0.6690467469658534
15342.0,0.9826659746099217
15343.0,1.4102682447854378
15344.0,0.0426732412018903
15345.0,-1.2761688999794811
15346.0,-1.118775143261208
15347.0,0.6211251671533021
15348.0,1.5000909830476292
15349.0,0.5428856013170837
15350.0,-1.0591731346735973
15351.0,-1.3109901144265503
15352.0,0.1046922686513228
15353.0,1.499768709783069
15354.0,0.8483852795634789
15355.0,-1.0299682729502666
15356.0,-1.6260164050708432
15357.0,-0.20447987402960324
15358.0,1.5142802474695642
15359.0,1.300078818232275
15360.0,-0.5976880063093392
15361.0,-1.7545313425174442
15362.0,-0.9489031578036395
15363.0,1.0147695051622176
15364.0,1.7996053867469104
15365.0,0.5310589491841723
15366.0,-1.2059846874698337
15367.0,-1.2912542454250688
15368.0,0.11078434846504685
15369.0,1.44364384143495
15370.0,1.033480840882029
15371.0,-1.0196369437802604
15372.0,-1.5473371987931885
15373.0,-0.14962830341194627
15374.0,1.3216818382324897
15375.0,1.241372970213491
15376.0,-0.34983886211909976
15377.0,-1.423260142234134
15378.0,-0.7604312579566535
15379.0,0.9585865309675481
15380.0,1.4460062494121033
15381.0,0.39785755623333
15382.0,-1.1709338956813158
15383.0,-1.3918150626891936
15384.0,0.045252449710138705
15385.0,1.3889409316798864
15386.0,0.8283512568725467
15387.0,-0.4206471464864704
15388.0,-1.2654142487179676
15389.0,-0.46165573682311817
15390.0,0.48255604806605484
15391.0,0.7782005412531753
15392.0,0.1393949465666717
15393.0,-0.9159570131890736
15394.0,-0.9518321949275813
15395.0,0.13557331984369958
15396.0,1.2287854444737714
15397.0,0.669073323482883
15398.0,-0.8264906245734619
15399.0,-1.3399367235719617
15400.0,-0.1938430234056488
15401.0,1.1474875853981612
15402.0,0.7886980148099519
15403.0,-0.41756695152293716
15404.0,-1.0906729035544833
15405.0,-0.45730268907962374
15406.0,0.9673414160014229
15407.0,1.2317164678148624
15408.0,-0.0025316938741870004
15409.0,-1.1832301813624801
15410.0,-0.6589943310547927
15411.0,0.648828965472235
15412.0,0.944676010668985
15413.0,0.08415047649641987
15414.0,-0.7935033335159202
15415.0,-0.6744137991512716
15416.0,0.3260948320630456
15417.0,0.8286632911417562
15418.0,0.3811655566970109
15419.0,-0.5643362710686669
15420.0,-0.8120486237995526
15421.0,0.12824350351661268
15422.0,0.6799996798674492
15423.0,0.48513522970555567
15424.0,-0.22153474355719863
15425.0,-0.5301185063232274
15426.0,-0.19476908207011107
15427.0,0.13758382076050385
15428.0,0.21491709690434124
15429.0,0.037050006757522395
15430.0,-0.3409962626768732
15431.0,-0.5203549947891138
15432.0,0.10021477784882803
15433.0,0.6046730404740269
15434.0,0.31426656623166777
15435.0,-0.22768748393555666
15436.0,-0.5453180428989465
15437.0,0.03796174928885306
15438.0,0.45768182519507283
15439.0,0.3213527802053139
15440.0,-0.05889157409241944
15441.0,-0.3325122406847995
15442.0,-0.1010840984588774
15443.0,0.3761133355194411
15444.0,0.3281629730845477
15445.0,-0.18681524237911518
15446.0,-0.6400974132182629
15447.0,-0.12357069408631259
15448.0,0.5181117917895808
15449.0,0.3804610393542384
15450.0,-0.25700516889531494
15451.0,-0.8637219375933094
15452.0,-0.24882177244509818
15453.0,0.6412177791880015
15454.0,0.6249619634081257
15455.0,-0.14818157879644778
15456.0,-0.7297134059384847
15457.0,-0.33480014302734723
15458.0,0.3664496944970604
15459.0,0.7111685083478507
15460.0,0.010997519375512847
15461.0,-0.38016982501057045
15462.0,-0.35537914500367507
15463.0,0.2057248885286203
15464.0,0.4726220836999019
15465.0,-0.07777483365718989
15466.0,-0.24859579056838488
15467.0,-0.31014523903538715
15468.0,-0.0634814249447813
15469.0,0.258041389726063
15470.0,0.055716687860145366
15471.0,-0.2926528567155087
15472.0,-0.012617364549822561
15473.0,0.2104243823145618
15474.0,0.3129459373162478
15475.0,-0.02149418270455031
15476.0,-0.46521256623628626
15477.0,-0.26026497949845195
15478.0,0.287647361178036
15479.0,0.616841858850163
15480.0,0.20222434834114275
15481.0,-0.3694033636069167
15482.0,-0.6475992395751694
15483.0,0.06059687884710364
15484.0,0.7396903485455357
15485.0,0.5495235598702246
15486.0,-0.3050502694993786
15487.0,-0.5448873173539919
15488.0,-0.13458917752770372
15489.0,0.40745838739099965
15490.0,0.47719451692186676
15491.0,-0.07176438809937609
15492.0,-0.5685840234601868
15493.0,-0.5708846363724086
15494.0,0.2708167570636547
15495.0,0.7908605908007207
15496.0,0.48002919921700915
15497.0,-0.6379726481680833
15498.0,-0.7746452592103594
15499.0,0.11283609958859091
15500.0,0.8389109357300997
15501.0,0.5691650148827179
15502.0,-0.30976765963203967
15503.0,-0.8726034836328604
15504.0,-0.2931046308695879
15505.0,0.38102932319948163
15506.0,0.5614557773729468
15507.0,0.025406951737929527
15508.0,-0.47735469273864267
15509.0,-0.5571866070915024
15510.0,0.1455342136387621
15511.0,0.646576191703234
15512.0,0.23704273356376576
15513.0,-0.4390115397367481
15514.0,-0.4322687144482596
15515.0,0.14375509845244153
15516.0,0.6150338908860635
15517.0,0.501806527580848
15518.0,-0.4074360637732389
15519.0,-0.8234444937023608
15520.0,-0.3021593473267674
15521.0,0.5605799581403508
15522.0,0.3989424703679319
15523.0,0.059248676823042114
15524.0,-0.314609878578284
15525.0,-0.2587516487200085
15526.0,0.19085671897873363
15527.0,0.6803122338558208
15528.0,0.338143916917979
15529.0,-0.2928481942977577
15530.0,-0.4818816802378305
15531.0,0.07908351602747223
15532.0,0.3297678824844475
15533.0,-0.07944117157046808
15534.0,-0.3410467901469305
15535.0,-0.1001369353221663
15536.0,0.2985176248345631
15537.0,0.33665853913664445
15538.0,0.024139094192195718
15539.0,-0.4111297212415577
15540.0,-0.28256059266275196
15541.0,0.08154210928228298
15542.0,0.324641091553285
15543.0,0.2205478379206674
15544.0,-0.2572319561087356
15545.0,-0.3252531562704627
15546.0,0.09622014485327361
15547.0,0.34218344732701184
15548.0,0.2215921663618495
15549.0,-0.15472153505166994
15550.0,-0.32564224169196854
15551.0,0.06539389560194361
15552.0,0.23255335567348911
15553.0,0.22891163841018608
15554.0,-0.252279980094387
15555.0,-0.4355906282147558
15556.0,-0.15839354307010983
15557.0,0.3271237390273643
15558.0,0.5670750907821394
15559.0,0.10794262470185394
15560.0,-0.3351996891237579
15561.0,-0.3154782108350201
15562.0,0.048557311474580936
15563.0,0.48136344459917246
15564.0,0.17815951442152633
15565.0,-0.25651319555477764
15566.0,-0.1966320879502068
15567.0,-0.045476674018055704
15568.0,0.14794190763370318
15569.0,0.14712641941463972
15570.0,-0.07819688510828422
15571.0,-0.26488015341075133
15572.0,-0.2792454395014473
15573.0,-0.015444723350010235
15574.0,0.223116375845407
15575.0,0.05594073457883127
15576.0,-0.09869779351741646
15577.0,-0.18755960219085435
15578.0,-0.02603555752882651
15579.0,0.08548647591081775
15580.0,0.1525965652537721
15581.0,0.039240809016491136
15582.0,-0.24452104046796036
15583.0,0.02422407948002868
15584.0,0.14343259306046272
15585.0,0.16562701482821982
15586.0,-0.2747670624233441
15587.0,-0.2709234795702417
15588.0,0.05225684206381828
15589.0,0.20731392062943893
15590.0,0.00834372013110336
15591.0,-0.010426344561038556
15592.0,-0.09968074257126122
15593.0,0.00672215811036676
15594.0,0.06715947871482768
15595.0,0.049966757441579794
15596.0,-0.05465259728836568
15597.0,-0.09113003928907963
15598.0,-0.32305301382078205
15599.0,-0.05882291900193089
15600.0,0.3153805119598819
15601.0,0.18024342590075088
15602.0,-0.09859373813139294
15603.0,-0.1583810841475414
15604.0,-0.10996179977524156
15605.0,0.08667628508918247
15606.0,0.2811530325198431
15607.0,0.05521927187514889
15608.0,-0.18159093439222557
15609.0,-0.01374101917455201
15610.0,0.18922418758125378
15611.0,0.19634772218246882
15612.0,0.0791241514170361
15613.0,-0.08132485278189773
15614.0,-0.1852326350822336
15615.0,-0.3767161188475852
15616.0,-0.17983726652609322
15617.0,0.28795191668290615
15618.0,0.3384393120810239
15619.0,-0.017780816563926622
15620.0,-0.3618802550046141
15621.0,-0.23779158701420783
15622.0,0.10451970696274497
15623.0,0.2738844689470301
15624.0,0.076190628175519
15625.0,-0.1778708687388073
15626.0,0.08237703616457115
15627.0,0.3741026552599183
15628.0,-0.06571603747715489
15629.0,-0.33723050988871356
15630.0,0.021049004839054905
15631.0,0.4693388312182176
15632.0,0.5077920291602686
15633.0,-0.08436404450938856
15634.0,-0.6417503336134126
15635.0,-0.1385661259870062
15636.0,0.6438542438431226
15637.0,0.6553789227614316
15638.0,-0.16410117285753026
15639.0,-0.9136649992434964
15640.0,-0.42542326227808563
15641.0,0.6850350623948912
15642.0,0.921926883489465
15643.0,0.1915104214565886
15644.0,-0.4020584540397494
15645.0,-0.36026129102334087
15646.0,0.0908037842484174
15647.0,0.35568751978342633
15648.0,0.16813733651251864
15649.0,-0.09100553897974055
15650.0,-0.2692115158980178
15651.0,-0.09677374035929127
15652.0,0.22402587978255972
15653.0,0.17565491446304207
15654.0,0.10087652363351306
15655.0,-0.2759483400962631
15656.0,-0.3931493223787771
15657.0,-0.04201242783583336
15658.0,0.3885453328912155
15659.0,0.3506438303873961
15660.0,-0.0820805910513615
15661.0,-0.45940050393693316
15662.0,-0.49948227069611045
15663.0,0.07669376261497991
15664.0,0.37241677714157967
15665.0,0.2687248630666687
15666.0,-0.27251936444708463
15667.0,-0.499634869278774
15668.0,-0.03342894095600214
15669.0,0.6301137829723105
15670.0,0.5041850379257335
15671.0,-0.2800865105372961
15672.0,-0.8170165223921652
15673.0,-0.08562606070694599
15674.0,0.7776787149570422
15675.0,0.6673104830399413
15676.0,-0.2801983883215141
15677.0,-0.8665615364900603
15678.0,-0.21135655483236263
15679.0,0.5814214472600508
15680.0,0.666024419143781
15681.0,-0.09787793752581823
15682.0,-0.4295350125115248
15683.0,-0.000244565824144452
15684.0,0.539159944366757
15685.0,0.24319300849798708
15686.0,-0.10064806842377526
15687.0,-0.33374279208678276
15688.0,-0.09053265526552799
15689.0,0.47548364455472586
15690.0,0.43477971825435985
15691.0,-0.3604467425169868
15692.0,-0.7620981425004777
15693.0,-0.2675387280478054
15694.0,0.7300915923355754
15695.0,0.7584385827249231
15696.0,-0.22277324041158283
15697.0,-0.802193890578918
15698.0,-0.3179831336507496
15699.0,0.3242418083213613
15700.0,0.532081393560482
15701.0,0.16187972833794634
15702.0,-0.34263701179693934
15703.0,-0.6456522742193518
15704.0,-0.20758180329430662
15705.0,0.646151528261247
15706.0,0.6142739322180396
15707.0,-0.06700378613025577
15708.0,-0.6312921249623884
15709.0,-0.42798536206040805
15710.0,0.3524660830630729
15711.0,0.672967464248514
15712.0,0.30794188172406234
15713.0,-0.3788187775987694
15714.0,-0.652809144444513
15715.0,-0.23186430755917847
15716.0,0.7358717218956333
15717.0,0.7982903809343773
15718.0,0.011393731905147926
15719.0,-0.6612944768113587
15720.0,-0.4960214350903758
15721.0,0.30759141910343135
15722.0,0.8798214459045626
15723.0,0.22572087662175475
15724.0,-1.1125977730555299
15725.0,-1.052558804366644
15726.0,0.344480600268636
15727.0,1.1321607671048988
15728.0,0.4634480779042547
15729.0,-0.736483749773473
15730.0,-1.0397793716254964
15731.0,0.003742122187063386
15732.0,0.8247721336728127
15733.0,0.6387276602942074
15734.0,-0.34740072129342886
15735.0,-0.7971596865374803
15736.0,-0.34999748508504286
15737.0,0.4774492220980314
15738.0,0.8534004978929792
15739.0,0.10329150383141095
15740.0,-0.800489072225199
15741.0,-0.4585799290647447
15742.0,0.5734113949711801
15743.0,1.0394203045051729
15744.0,0.24775480726759805
15745.0,-0.7733923840030673
15746.0,-0.6193289301380961
15747.0,0.08620282571290612
15748.0,0.7889269274382638
15749.0,0.4096597416264295
15750.0,-0.396465185821803
15751.0,-0.878765379759138
15752.0,-0.3232978981137332
15753.0,0.7279835792306149
15754.0,0.7507117604527028
15755.0,-0.2388581590585753
15756.0,-0.9536953255753987
15757.0,-0.7076240518515986
15758.0,0.5627849028219765
15759.0,1.154574580736869
15760.0,0.5101749677441365
15761.0,-0.8865994911842738
15762.0,-1.064536485591131
15763.0,0.11094710474554771
15764.0,1.2497224167378589
15765.0,0.85710716785927
15766.0,-0.2867483718603664
15767.0,-0.8404107764667066
15768.0,-0.42009875914981126
15769.0,0.6806853292215533
15770.0,0.6675588548639998
15771.0,-0.1241618159618502
15772.0,-0.88433000454671
15773.0,-0.37142096008457687
15774.0,0.6496737025843927
15775.0,0.8638861902087686
15776.0,-0.06009230812871244
15777.0,-0.8601366117777948
15778.0,-0.4137026888497519
15779.0,0.34603482019444215
15780.0,0.8542942262028359
15781.0,0.39249607564325945
15782.0,-0.45745454980741856
15783.0,-0.7542599659632291
15784.0,-0.004997375217697495
15785.0,0.8313282624978547
15786.0,0.4761664258023331
15787.0,-0.5851657637467601
15788.0,-1.0272951545456672
15789.0,-0.4730529880009638
15790.0,0.6466012124512419
15791.0,0.7018353734167837
15792.0,-0.23931109911688092
15793.0,-0.9048648513710961
15794.0,-0.2453256231599818
15795.0,0.5882095683300719
15796.0,0.7058565577757371
15797.0,0.04256681120924903
15798.0,-0.6243047907791711
15799.0,-0.5849366506701905
15800.0,0.09077330678813704
15801.0,0.6953199953768294
15802.0,0.5387309165797477
15803.0,-0.2985865643188566
15804.0,-1.120744509580764
15805.0,-0.456826272087455
15806.0,1.0102370074053835
15807.0,1.2761879672151877
15808.0,-0.32888996817600374
15809.0,-1.3745739143535802
15810.0,-0.7440970397877604
15811.0,0.6510338178695555
15812.0,1.289370413573096
15813.0,0.21240843266140544
15814.0,-0.8368487157651612
15815.0,-0.8066024838053366
15816.0,0.2360833742837861
15817.0,1.1789988054450082
15818.0,0.4189326636389839
15819.0,-0.7089321067296706
15820.0,-0.8246524182877357
15821.0,0.03773698152724362
15822.0,0.9557886360991635
15823.0,0.7449497132012389
15824.0,-0.40993032526016
15825.0,-0.8035430765459194
15826.0,-0.13183576975753977
15827.0,0.7988582739730989
15828.0,0.8218468091252371
15829.0,-0.08215714020326008
15830.0,-0.7815099221224265
15831.0,-0.5439851054245479
15832.0,0.4281616028852339
15833.0,1.125657272800444
15834.0,0.4751741494522291
15835.0,-0.7757298316861563
15836.0,-0.8145498226463341
15837.0,-0.011111290585049017
15838.0,0.7486269520238916
15839.0,0.3775128297797261
15840.0,-0.5342927920932203
15841.0,-0.8415768601910674
15842.0,-0.02604929426708245
15843.0,0.6492456844168389
15844.0,0.4219424175398985
15845.0,-0.4754476984407784
15846.0,-0.6677609666874998
15847.0,-0.10433239583656627
15848.0,0.7091361043978195
15849.0,0.6643778774031042
15850.0,-0.19570237690654968
15851.0,-0.7274687388650709
15852.0,-0.10346495220580171
15853.0,0.6695662035950423
15854.0,0.7183867881151288
15855.0,-0.04698097083401102
15856.0,-0.8497533137363464
15857.0,-0.5542424908453124
15858.0,0.54454177819344
15859.0,1.1394218091903614
15860.0,0.4593146979180885
15861.0,-0.5839119320592946
15862.0,-0.9834199094063372
15863.0,0.007849089719616757
15864.0,1.0311659901029315
15865.0,0.8954984852924927
15866.0,-0.4763611651728901
15867.0,-1.062932717326446
15868.0,-0.3459058977501149
15869.0,0.7159059094226123
15870.0,0.8629025160857097
15871.0,-0.0912823387184043
15872.0,-0.9290317122810257
15873.0,-0.5885923465112581
15874.0,0.34288686413421227
15875.0,0.9290637827431434
15876.0,0.30037998858134063
15877.0,-0.6381771533047693
15878.0,-1.0623389709922892
15879.0,-0.19924228767021473
15880.0,1.135040387837253
15881.0,0.9499199597532865
15882.0,-0.6641945539020356
15883.0,-1.592686989537183
15884.0,-0.34857590408865385
15885.0,1.2722811157533
15886.0,1.2498478577211314
15887.0,-0.5591597505085399
15888.0,-1.6119219468602768
15889.0,-0.7201121914613143
15890.0,1.1750729828371471
15891.0,1.588819907441491
15892.0,-0.11248811615087738
15893.0,-1.8642095416145112
15894.0,-1.2315452357927534
15895.0,0.9033171070552735
15896.0,1.8553756782582478
15897.0,0.4742136331363678
15898.0,-1.4064662909452441
15899.0,-1.5391904162109908
15900.0,0.2765867666869818
15901.0,1.5361913974087822
15902.0,0.7044232860042092
15903.0,-0.8902638517667295
15904.0,-1.4831091441939694
15905.0,-0.2650614698324686
15906.0,1.2660255596486722
15907.0,1.3613103554315862
15908.0,-0.2824019145265593
15909.0,-1.830639804131135
15910.0,-1.123522170887166
15911.0,1.1085130976204731
15912.0,1.7315769085361512
15913.0,0.14759510701729706
15914.0,-1.6305182797689608
15915.0,-1.422645847933891
15916.0,0.33452655950580157
15917.0,1.862641542500897
15918.0,0.9927289760998386
15919.0,-1.2747734030287599
15920.0,-1.902914588598078
15921.0,0.020262244739387664
15922.0,1.9572261110187141
15923.0,1.364384834883001
15924.0,-1.0939729393221003
15925.0,-2.0229414798965575
15926.0,-0.6234988747415507
15927.0,1.5805131698772796
15928.0,1.8396239654926656
15929.0,-0.038397341275899805
15930.0,-1.8586445910764156
15931.0,-1.7211409438742338
15932.0,0.49177725832637553
15933.0,2.20338131133744
15934.0,0.9267518971128854
15935.0,-1.5783942703429192
15936.0,-2.068293782899853
15937.0,-0.012658818385499754
15938.0,1.961106035695957
15939.0,1.5866581682230803
15940.0,-0.7912103929900532
15941.0,-2.2921906633757687
15942.0,-0.9758013287926272
15943.0,1.405236400910866
15944.0,2.088591258646217
15945.0,-0.12670624699269503
15946.0,-2.0759517328325483
15947.0,-1.4945803301562712
15948.0,1.0350387114396673
15949.0,2.3097156964438277
15950.0,0.7035039469633021
15951.0,-1.9515532891345473
15952.0,-2.0010331305198186
15953.0,0.5471792725413648
15954.0,2.4237682049689235
15955.0,1.3117295934711175
15956.0,-1.5612371204480153
15957.0,-2.467254323553238
15958.0,-0.24318569278447505
15959.0,2.3647534098273018
15960.0,1.998565247307796
15961.0,-1.0687404037168184
15962.0,-2.822951349511575
15963.0,-1.112681639300484
15964.0,2.0820239889437446
15965.0,2.5535715235883774
15966.0,-0.2878190327581442
15967.0,-2.9443073581951955
15968.0,-1.8237528689649583
15969.0,1.5040534163991568
15970.0,2.9624633708191817
15971.0,0.5626343149173203
15972.0,-2.619104207424274
15973.0,-2.3766891019237235
15974.0,0.7601136269884627
15975.0,2.6930283350844793
15976.0,1.2089460143021238
15977.0,-1.8348627793001435
15978.0,-2.610614841910097
15979.0,-0.14348447757396668
15980.0,2.60406336927622
15981.0,2.0136468992252405
15982.0,-0.8929275770343225
15983.0,-2.518014522094936
15984.0,-0.7476627996270763
15985.0,1.733499228853801
15986.0,2.1344271719449996
15987.0,-0.11422443120168418
15988.0,-2.235039876135614
15989.0,-1.5216966953177051
15990.0,1.2410738042508678
15991.0,2.562772703157909
15992.0,0.6510651121900136
15993.0,-2.3535187271105835
15994.0,-2.086428128995584
15995.0,0.9136180506922363
15996.0,2.7993079253179145
15997.0,1.0597255915456947
15998.0,-1.7776929981953458
15999.0,-2.2481483807210703
16000.0,0.1863214245397763
16001.0,2.3983292605270456
16002.0,1.431019580908527
16003.0,-1.4210643599520048
16004.0,-2.569392167867612
16005.0,-0.7089350011163076
16006.0,2.162831899089014
16007.0,2.29153866985552
16008.0,-0.6702264520663381
16009.0,-2.723883887053292
16010.0,-1.327747629665515
16011.0,1.8648096974893962
16012.0,2.6833583304388147
16013.0,-0.067205919112701
16014.0,-2.646476752734858
16015.0,-1.9928268506398097
16016.0,1.076383124940193
16017.0,2.725728610248233
16018.0,0.8144404071822409
16019.0,-1.9714534648822204
16020.0,-2.394894556070407
16021.0,0.41481845256025224
16022.0,2.6706222618581017
16023.0,1.4911638568407457
16024.0,-1.3671053411798701
16025.0,-2.4495496346170733
16026.0,-0.5128742047454289
16027.0,2.050719408997919
16028.0,1.9754096538418886
16029.0,-0.6314696671552279
16030.0,-2.576038530776422
16031.0,-1.0145383604887712
16032.0,1.7937789127607182
16033.0,2.109420796688682
16034.0,-0.31495766767566913
16035.0,-2.3621722790895987
16036.0,-1.318130154687862
16037.0,1.3230032234050866
16038.0,2.1535936326349656
16039.0,0.40575441363253983
16040.0,-1.9949181964028477
16041.0,-1.8786697598765367
16042.0,0.5186287971121516
16043.0,2.0957738584033687
16044.0,1.2163682089819758
16045.0,-1.1950996771502609
16046.0,-1.825925409402715
16047.0,0.0006447125542179541
16048.0,2.047600909919243
16049.0,1.596727001710513
16050.0,-0.8487288606562355
16051.0,-2.193636688925804
16052.0,-0.5103501728997899
16053.0,1.7573417413958778
16054.0,1.8685819977364266
16055.0,-0.4554606416681407
16056.0,-2.1963276879116322
16057.0,-1.1663847378907295
16058.0,1.3872021376309107
16059.0,2.2225331912511397
16060.0,0.16047751822109377
16061.0,-2.124899157824309
16062.0,-1.5370166496480158
16063.0,1.1275569150649514
16064.0,2.296063785739635
16065.0,0.724853126790848
16066.0,-1.7206103115320375
16067.0,-1.708381937322948
16068.0,0.6079224700292188
16069.0,2.3482436762288947
16070.0,1.26953676941449
16071.0,-1.3767030766344108
16072.0,-2.2893105870938197
16073.0,-0.5236675045946416
16074.0,1.8296823184817603
16075.0,1.7614788946300641
16076.0,-0.6145525190254589
16077.0,-2.18641827789765
16078.0,-0.7514246345521284
16079.0,1.7981398617945312
16080.0,2.0670228407743148
16081.0,0.014651637639194836
16082.0,-2.101274357074071
16083.0,-1.6897179583309212
16084.0,0.8191669936233903
16085.0,2.341521188915696
16086.0,0.9777581248645669
16087.0,-1.6695131631334794
16088.0,-2.303747009213844
16089.0,0.1408234298031399
16090.0,2.2836185203440706
16091.0,1.6755016809049623
16092.0,-0.9076018551468149
16093.0,-2.2382825332118537
16094.0,-0.7711648995461547
16095.0,1.5144035595824128
16096.0,1.9228849726123296
16097.0,0.03801033320590716
16098.0,-1.9417070150577997
16099.0,-1.507781471838076
16100.0,1.0035557734488736
16101.0,2.2971789718713174
16102.0,0.5651609065812832
16103.0,-1.8948596933018282
16104.0,-1.9866496840169199
16105.0,0.33942289275433685
16106.0,2.252531136072823
16107.0,1.369863951748563
16108.0,-1.3300542373105815
16109.0,-2.391482410921755
16110.0,-0.5481360763784486
16111.0,2.0695989512850574
16112.0,1.8903938332533161
16113.0,-0.6926995107418551
16114.0,-2.1829319222542867
16115.0,-0.7337633282305351
16116.0,1.5279340706290196
16117.0,1.6963367973220675
16118.0,-0.14081203442067167
16119.0,-1.8687949852680317
16120.0,-1.1058933701088363
16121.0,1.1405776648762134
16122.0,1.8737666301102944
16123.0,0.04233688889498708
16124.0,-1.7482756329315534
16125.0,-1.2499739367584353
16126.0,0.7382747811015712
16127.0,1.7467532860699846
16128.0,0.3957926290444608
16129.0,-1.2113680379692575
16130.0,-1.392010285950318
16131.0,0.16485192807860244
16132.0,1.4951077615940527
16133.0,0.9231319291283513
16134.0,-0.8413227961281224
16135.0,-1.3916094181472205
16136.0,-0.2873996524614926
16137.0,1.1593425038158363
16138.0,1.021106766893472
16139.0,-0.2802893926133537
16140.0,-0.953742888270611
16141.0,-0.3401998097770483
16142.0,0.5772426650176105
16143.0,0.5959481073365389
16144.0,-0.18964621304171195
16145.0,-0.614512182378658
16146.0,-0.3243498363264527
16147.0,0.34417600238869966
16148.0,0.4400852361232062
16149.0,0.03928284904535576
16150.0,-0.29024571109025576
16151.0,-0.4921895801069334
16152.0,-0.07501259066582863
16153.0,0.42868005086729816
16154.0,0.3696793982783058
16155.0,-0.26133677956724155
16156.0,-0.7855953695913269
16157.0,-0.40192304464559914
16158.0,0.5973914414088248
16159.0,0.8675590603890257
16160.0,-0.1548301327225094
16161.0,-1.0389168214885693
16162.0,-0.8040447881179269
16163.0,0.5109518464786883
16164.0,1.2284732877734978
16165.0,0.24758731003392706
16166.0,-1.2768043742106614
16167.0,-1.2916384235845126
16168.0,0.17206576564090076
16169.0,1.494746574316765
16170.0,0.941360447119432
16171.0,-0.8094543650088417
16172.0,-1.5036261123707337
16173.0,-0.32222148046921767
16174.0,1.3340470203214636
16175.0,1.325444811489644
16176.0,-0.40230131462945296
16177.0,-1.8111456277333677
16178.0,-1.1743535408736039
16179.0,0.75839745178263
16180.0,1.608775204150378
16181.0,0.5440097190350015
16182.0,-1.2195635837100558
16183.0,-1.5762050810364627
16184.0,0.10152347532147632
16185.0,1.7267032103205382
16186.0,1.2738894756081487
16187.0,-0.7230732232944402
16188.0,-1.8043516045638994
16189.0,-0.7215292060383792
16190.0,1.0421168091001667
16191.0,1.5520758539365458
16192.0,0.031394916173432125
16193.0,-1.4816379776697688
16194.0,-1.0352476829721982
16195.0,0.7239566560931068
16196.0,1.4487866819155826
16197.0,0.2713209306359877
16198.0,-1.065773785088469
16199.0,-1.189916876203954
16200.0,0.2553910952279626
16201.0,1.3393218435438037
16202.0,0.806677145073591
16203.0,-0.6718025810720393
16204.0,-1.3971078318551144
16205.0,-0.4003363215788715
16206.0,1.2408740241311573
16207.0,1.1408412097492824
16208.0,-0.17057168977005563
16209.0,-1.237296614607858
16210.0,-0.859771769260348
16211.0,0.42778359379782965
16212.0,1.1834462708856266
16213.0,0.3145965843385791
16214.0,-1.1325969469241663
16215.0,-1.243824824353573
16216.0,0.09493719100623735
16217.0,1.198493639291354
16218.0,0.9458904757487399
16219.0,-0.44317355867464
16220.0,-1.1947419121481224
16221.0,-0.27190870461651456
16222.0,1.2165153235261519
16223.0,1.3157198403118036
16224.0,-0.15516960785908662
16225.0,-1.280690398658633
16226.0,-0.7427759750004286
16227.0,0.9285963263537731
16228.0,1.2194465164022668
16229.0,-0.16490451661005873
16230.0,-1.2858545663254624
16231.0,-0.7108510399785719
16232.0,0.7296667732854542
16233.0,1.0947756405675992
16234.0,0.3512577705411418
16235.0,-1.0681359725501638
16236.0,-1.115298783080683
16237.0,0.2999946585696731
16238.0,1.3704316056349222
16239.0,0.6389123468523782
16240.0,-0.9935689340775863
16241.0,-1.2510199486569475
16242.0,0.07320925825638018
16243.0,1.5245516224468867
16244.0,1.2688158385878776
16245.0,-0.4535413316624991
16246.0,-1.517817484889074
16247.0,-0.5041310696918093
16248.0,1.0419909477447487
16249.0,1.232753020377746
16250.0,-0.28795005439562743
16251.0,-1.2803657517125309
16252.0,-0.5852859384425189
16253.0,1.0124273214708586
16254.0,1.4453021415199574
16255.0,-0.013223475701962303
16256.0,-1.4160177848084776
16257.0,-1.0713074450141977
16258.0,0.6272855299976761
16259.0,1.7001074874799815
16260.0,0.5113714205664377
16261.0,-1.236917058511668
16262.0,-1.2659355317567844
16263.0,0.2284557073403413
16264.0,1.5998373441529055
16265.0,0.7230162744497635
16266.0,-1.089547715637054
16267.0,-1.3098565333509098
16268.0,0.17835304431971918
16269.0,1.3932017933292387
16270.0,0.8563975551007593
16271.0,-0.6327933873937299
16272.0,-1.2497197481965545
16273.0,-0.1752167773056997
16274.0,0.9299846956879678
16275.0,0.7805928566240304
16276.0,-0.45377367438852434
16277.0,-1.330590041699106
16278.0,-0.6355847029078251
16279.0,0.9477029787229159
16280.0,1.4757856379162153
16281.0,0.0816184694591723
16282.0,-1.454260942077354
16283.0,-1.1312418007987155
16284.0,0.5267478052213377
16285.0,1.4420469911594516
16286.0,0.49759078355994174
16287.0,-0.8965443676748421
16288.0,-1.0269703165257649
16289.0,0.06804881856659194
16290.0,1.0390574650406912
16291.0,0.7891914450924286
16292.0,-0.3568212674803124
16293.0,-1.1995934675015187
16294.0,-0.6181953032765574
16295.0,0.9245019221909222
16296.0,1.0913224481795851
16297.0,-0.2555014055468455
16298.0,-1.3381897460497607
16299.0,-0.5251420265278154
16300.0,1.040677642944774
16301.0,1.5437905909764102
16302.0,0.17369728026833522
16303.0,-1.206459839956574
16304.0,-1.1157020215534426
16305.0,0.2690171739965566
16306.0,1.2867835300983268
16307.0,0.7437965162749036
16308.0,-0.8318164294428052
16309.0,-1.3133645367437556
16310.0,-0.03434601543222283
16311.0,1.2239779168185982
16312.0,1.052436447754096
16313.0,-0.41419014711009333
16314.0,-1.201387084443355
16315.0,-0.38731210007402583
16316.0,1.0761638129669826
16317.0,1.0063608459850428
16318.0,-0.6149821718631978
16319.0,-1.5564235270419453
16320.0,-0.35992025527028054
16321.0,1.1666147029568603
16322.0,1.3597867473574063
16323.0,-0.19756344702054787
16324.0,-1.6703005925395316
16325.0,-1.0227143644100225
16326.0,1.0447931913225894
16327.0,1.6639348703248926
16328.0,0.2788332658612806
16329.0,-1.5700166655595718
16330.0,-1.5946487966117078
16331.0,0.5463597643986502
16332.0,1.899584243710624
16333.0,0.7579847547125043
16334.0,-1.312289690862078
16335.0,-1.716628595007529
16336.0,-0.09880048650913213
16337.0,1.6069644336176112
16338.0,1.431162313222532
16339.0,-0.5332175525519667
16340.0,-1.6288007945542835
16341.0,-0.7114320400650608
16342.0,1.1277965619291055
16343.0,1.3300189615097961
16344.0,-0.0876036367871612
16345.0,-1.3154237182762778
16346.0,-0.9131876341066875
16347.0,0.7406578702115307
16348.0,1.4712742679752158
16349.0,0.30831419436551455
16350.0,-1.072562125710206
16351.0,-0.9932488486811322
16352.0,0.568525931525963
16353.0,1.5129131111582446
16354.0,0.6971687037083217
16355.0,-0.8802239392582204
16356.0,-1.2443130697411926
16357.0,0.04964952894661719
16358.0,1.0522733472527683
16359.0,0.6565385171481074
16360.0,-0.6159709672550102
16361.0,-1.0085114186193465
16362.0,-0.11435503082672978
16363.0,0.8171738666399587
16364.0,0.7530871581476233
16365.0,-0.3985622300412412
16366.0,-1.0527879564148466
16367.0,-0.2710161208907344
16368.0,0.9338206211218608
16369.0,0.7392362589109875
16370.0,-0.23083359515815877
16371.0,-0.7294953907243297
16372.0,-0.7143849034754884
16373.0,0.23544922170167815
16374.0,0.9823077753121167
16375.0,0.5080444671244171
16376.0,-0.5546836869332297
16377.0,-1.1769863437616865
16378.0,-0.5783121272757388
16379.0,0.7032410859024482
16380.0,1.045932713177155
16381.0,0.020571583421658483
16382.0,-0.9728426070498247
16383.0,-0.6963190709539007
16384.0,0.5261101335260617
16385.0,0.9307244141073128
16386.0,0.1212903278454843
16387.0,-0.8811435063439386
16388.0,-0.7105890219532877
16389.0,0.38648908138798993
16390.0,0.7800134352345248
16391.0,0.39922757348801746
16392.0,-0.3923473211807086
16393.0,-0.6227683686806433
16394.0,-0.10402494231312132
16395.0,0.3154616085614273
16396.0,0.2801154631433515
16397.0,0.019391026476152953
16398.0,-0.14525619938526294
16399.0,-0.31108614838850634
16400.0,-0.09216906590746612
16401.0,0.4075185354385227
16402.0,0.38556262409562514
16403.0,-0.2069685989845074
16404.0,-0.3139518285596251
16405.0,0.11081619321661607
16406.0,0.2795274943639837
16407.0,0.28969183895828726
16408.0,-0.19914883871589356
16409.0,-0.5176166469200361
16410.0,-0.4801579153461947
16411.0,0.08442014162517837
16412.0,0.33257288496861437
16413.0,0.32617774880891354
16414.0,-0.04699251724503021
16415.0,-0.6989355501948981
16416.0,-0.5307858545391797
16417.0,0.3087595871167998
16418.0,0.774781086347266
16419.0,0.29417728304509283
16420.0,-0.5585720861202517
16421.0,-0.7634148818559819
16422.0,-0.04508123408765953
16423.0,0.8364648311340735
16424.0,0.7857220852452897
16425.0,-0.4118771775245016
16426.0,-0.9578096937743511
16427.0,-0.40472432187857244
16428.0,0.4760006392816709
16429.0,0.8237469903862793
16430.0,0.32582057045596524
16431.0,-0.5684509571690776
16432.0,-0.9237610122568582
16433.0,-0.30637312483243256
16434.0,0.7453624463641594
16435.0,0.8571730133349046
16436.0,-0.06599225871760765
16437.0,-0.8581086739062866
16438.0,-0.40184502862107035
16439.0,0.6364717033883246
16440.0,1.0618902288667045
16441.0,0.30514739515539624
16442.0,-0.8305015902988669
16443.0,-0.8849532394923494
16444.0,0.0006467684931195291
16445.0,0.7187231942930815
16446.0,0.5773333088654432
16447.0,-0.4638610625144709
16448.0,-0.9260384036807259
16449.0,-0.16849474709763262
16450.0,0.7924306111839053
16451.0,0.8198134121844265
16452.0,-0.2907077169562926
16453.0,-1.1079496642321283
16454.0,-0.5145917546861435
16455.0,0.7578343841673192
16456.0,1.1046778617333508
16457.0,0.08215171976340714
16458.0,-1.0876840652417403
16459.0,-0.8304899820320578
16460.0,0.39975350637623297
16461.0,1.2007774954482875
16462.0,0.43104659338101237
16463.0,-0.9473294719386833
16464.0,-0.7991195150888145
16465.0,0.3486473593978278
16466.0,1.0370709833455107
16467.0,0.31875217472299805
16468.0,-0.8116389250044691
16469.0,-0.8125363806782101
16470.0,0.03275017925999988
16471.0,0.980259959396804
16472.0,0.5787002147042404
16473.0,-0.3018569110550885
16474.0,-0.8104458585778295
16475.0,-0.015236543448385216
16476.0,0.8079631906534377
16477.0,0.8888133487732488
16478.0,-0.362533762475819
16479.0,-0.8891209786502753
16480.0,-0.4016283083778976
16481.0,0.4554891064561477
16482.0,0.7756823486154398
16483.0,0.3269221502584838
16484.0,-0.490392376154378
16485.0,-0.7278302157203944
16486.0,0.01075393127841849
16487.0,0.6683902239346261
16488.0,0.48982950401867853
16489.0,-0.3176740175314277
16490.0,-0.8670981220531934
16491.0,-0.32663347943862764
16492.0,0.8703657786548834
16493.0,0.9825993674685091
16494.0,-0.19948092115107577
16495.0,-0.9742034524241755
16496.0,-0.5308179167056829
16497.0,0.6388811440192944
16498.0,0.7510025370753295
16499.0,-0.08572662561853275
16500.0,-0.5758204001867664
16501.0,-0.4012744695764181
16502.0,0.15301711431711035
16503.0,0.37916681536854385
16504.0,0.19635399055478445
16505.0,-0.21459180290104551
16506.0,-0.38368811891427673
16507.0,-0.16942958686035559
16508.0,0.14574413179176512
16509.0,0.28528289407489205
16510.0,0.026118831658045915
16511.0,-0.24833388386140426
16512.0,-0.2920642578981361
16513.0,0.13493601138484315
16514.0,0.5083100595021864
16515.0,0.24804486023681252
16516.0,-0.44890617648633857
16517.0,-0.5566818649190062
16518.0,-0.001915609199692637
16519.0,0.658481077613956
16520.0,0.36854555437162695
16521.0,-0.27075300105691363
16522.0,-0.4087617057310229
16523.0,-0.14290983349026784
16524.0,0.4531464797747551
16525.0,0.5316972160464286
16526.0,-0.18855747228760378
16527.0,-0.7078464022433909
16528.0,-0.1800556544211998
16529.0,0.5116566549507162
16530.0,0.5252564242490244
16531.0,-0.09111654639552362
16532.0,-0.49058341586604226
16533.0,-0.21059751374312
16534.0,0.16114516726463338
16535.0,0.10911538305753596
16536.0,-0.21330000757563394
16537.0,-0.3455162711941626
16538.0,-0.007973595217271395
16539.0,0.31284206924676244
16540.0,0.2268138028992461
16541.0,-0.1334095193246608
16542.0,-0.22498528078769814
16543.0,0.13901400897385438
16544.0,0.15325521870945227
16545.0,0.07107430616195375
16546.0,-0.03778614216569714
16547.0,0.04520585132895944
16548.0,0.15828846215096307
16549.0,0.09643190037263025
16550.0,0.051487786349077205
16551.0,-0.10019817112951175
16552.0,-0.17888221739010043
16553.0,-0.18071667583117476
16554.0,0.12391420372400726
16555.0,0.06633011619894125
16556.0,0.040034796480251385
16557.0,0.08863793579344532
16558.0,-0.08389184015576977
16559.0,-0.09126586416755651
16560.0,0.04976623197325566
16561.0,0.05855746494535726
16562.0,-0.19133908898872876
16563.0,-0.10858000759316007
16564.0,-0.0196096657768525
16565.0,0.16683845233927938
16566.0,0.07003264031541104
16567.0,-0.029710150046564285
16568.0,-0.21231273038396936
16569.0,-0.2204367333469907
16570.0,0.13140389588170412
16571.0,0.41566055994269496
16572.0,0.2046781933255146
16573.0,-0.17957189117578476
16574.0,-0.4852836371956275
16575.0,0.09412115411252281
16576.0,0.818466718533829
16577.0,0.3534749628255171
16578.0,-0.49027172857891066
16579.0,-0.6839293112547971
16580.0,0.09580034300469073
16581.0,0.8031689454599323
16582.0,0.43278499541501636
16583.0,-0.2496245005720095
16584.0,-0.5167324704443492
16585.0,-0.1994227920619376
16586.0,0.614576463623098
16587.0,0.583466701970103
16588.0,-0.1446187328060388
16589.0,-0.7336644201137752
16590.0,-0.4534293196228066
16591.0,0.3128082491356338
16592.0,0.8880758831750926
16593.0,-0.02495566729731247
16594.0,-0.8605525303698586
16595.0,-0.545326423690167
16596.0,0.36688402485604554
16597.0,0.9206157965949645
16598.0,0.3604774191138903
16599.0,-0.6124627027577678
16600.0,-0.9707432495323582
16601.0,-0.07906721090931974
16602.0,0.8304762890264394
16603.0,0.6922285522447071
16604.0,-0.3042729385472705
16605.0,-0.7726333429992683
16606.0,-0.20154877172068117
16607.0,0.5904055517426416
16608.0,0.6084497763578737
16609.0,-0.24112198470513613
16610.0,-0.8538609600509722
16611.0,-0.4296796743515911
16612.0,0.4045328929847086
16613.0,0.7244472945142552
16614.0,0.1350701988210725
16615.0,-0.614567650970644
16616.0,-0.5237351262260286
16617.0,0.49243753126528844
16618.0,0.9658657346758288
16619.0,0.20697914022600164
16620.0,-1.141331751702252
16621.0,-1.1257332047573718
16622.0,0.4608239309721177
16623.0,1.4166898082910862
16624.0,0.6295996700784183
16625.0,-1.0482091061899397
16626.0,-1.478574811831403
16627.0,-0.06331520555572898
16628.0,1.3883652996057527
16629.0,1.1086776356817345
16630.0,-0.3647827436478488
16631.0,-1.4422487102977437
16632.0,-0.5480137712993726
16633.0,1.2280489292826666
16634.0,1.517949769383748
16635.0,-0.03701093456891098
16636.0,-1.6242625484617013
16637.0,-1.364985398110069
16638.0,0.63968751781994
16639.0,1.825663561927167
16640.0,0.6012059566324203
16641.0,-1.4066014457189908
16642.0,-1.636536209864995
16643.0,0.10967340442621384
16644.0,1.7360818551157948
16645.0,1.3179531440029095
16646.0,-0.922677364893939
16647.0,-1.83539878463107
16648.0,-0.5202408037997588
16649.0,1.5140003919092782
16650.0,1.7702920218015192
16651.0,-0.21559412888119814
16652.0,-1.7385848584988903
16653.0,-1.0657358446401164
16654.0,1.015210908931324
16655.0,1.5124615114793138
16656.0,0.08547866067109565
16657.0,-1.514453695571875
16658.0,-1.1347015281387716
16659.0,0.5391524375025563
16660.0,1.5411868774217192
16661.0,0.6234684471423971
16662.0,-1.1760969778154764
16663.0,-1.6164872735081883
16664.0,-0.30815708829097344
16665.0,1.3308396643267941
16666.0,1.1273719957076602
16667.0,-0.5449498371818197
16668.0,-1.3910638612061856
16669.0,-0.2872936413209781
16670.0,1.2503718199287805
16671.0,1.0427572539216066
16672.0,-0.3661536402738731
16673.0,-1.2249773613535628
16674.0,-0.5260189216884643
16675.0,0.8805609502063201
16676.0,0.9258639055925348
16677.0,-0.4031490836058326
16678.0,-1.052355030958978
16679.0,-0.3725641037893438
16680.0,0.8586241212946334
16681.0,1.0889050232321147
16682.0,0.09305100535731456
16683.0,-0.9752447451969423
16684.0,-1.0092182716472093
16685.0,0.1746175734610944
16686.0,1.094391367755662
16687.0,0.6382787823645171
16688.0,-0.6674883305190412
16689.0,-1.1531456937727003
16690.0,-0.1972676304116778
16691.0,1.1018040503742703
16692.0,0.9137382654512054
16693.0,-0.32542195311476346
16694.0,-1.1526363143055096
16695.0,-0.3420188654292905
16696.0,0.8721325403814975
16697.0,1.038986760698457
16698.0,-0.26520455702218343
16699.0,-1.2956809696214189
16700.0,-0.7546632600855914
16701.0,0.8079171470060036
16702.0,1.5183537833787726
16703.0,0.3616896363495024
16704.0,-1.047945894578191
16705.0,-1.1660060093641167
16706.0,0.32071270362442367
16707.0,1.6371090630927148
16708.0,0.8483970207532725
16709.0,-1.1725705192242142
16710.0,-1.7520829414271102
16711.0,-0.2387277468472772
16712.0,1.6104710462985374
16713.0,1.523659335190435
16714.0,-0.47998179544647984
16715.0,-1.7881793463980178
16716.0,-0.7697740606610955
16717.0,1.0609207697758778
16718.0,1.715573210914143
16719.0,0.26249182917083513
16720.0,-1.5884431952879716
16721.0,-1.4273043101497374
16722.0,0.5084358105139101
16723.0,1.8199811692617907
16724.0,1.0548211487382597
16725.0,-0.9642098692893389
16726.0,-1.7500692665567679
16727.0,-0.5069193846490451
16728.0,1.4297682428167153
16729.0,1.6453148532265698
16730.0,-0.22855052783738652
16731.0,-1.8555513928807899
16732.0,-1.1153209296613473
16733.0,0.960968461948477
16734.0,1.710616478376005
16735.0,0.22765724489839315
16736.0,-1.589934868569451
16737.0,-1.5563859505548079
16738.0,0.5004449485022927
16739.0,1.9365802121411864
16740.0,0.9853045891337884
16741.0,-0.9187811438762413
16742.0,-1.5694381316893724
16743.0,-0.39769673422012614
16744.0,1.4378718553948724
16745.0,1.3935525855142554
16746.0,-0.35196076673980486
16747.0,-1.850808495346712
16748.0,-0.987426651699791
16749.0,0.9167248794741516
16750.0,1.5585208822571137
16751.0,0.2283778843366956
16752.0,-1.231342217664957
16753.0,-1.3187706055893484
16754.0,0.1772543893686275
16755.0,1.3240369721564198
16756.0,0.9915176767475651
16757.0,-0.5152768753276649
16758.0,-1.365566538843693
16759.0,-0.6199223132407659
16760.0,1.090626035674279
16761.0,1.6074839357184754
16762.0,0.018943106457762683
16763.0,-1.3165255922203807
16764.0,-1.190734924007847
16765.0,0.5314066073366466
16766.0,1.5967065966527731
16767.0,0.7542408889283521
16768.0,-0.9906879426570905
16769.0,-1.7973131719506292
16770.0,-0.4533481779695419
16771.0,1.6538889884375543
16772.0,1.6355337292757395
16773.0,-0.4013355755781743
16774.0,-1.8520256704826368
16775.0,-0.9113391228522992
16776.0,1.1836359167433024
16777.0,1.7628027396075814
16778.0,0.1404873674102388
16779.0,-1.5422254683116159
16780.0,-1.3659599429273757
16781.0,0.7328516674058533
16782.0,2.0873109755571306
16783.0,0.9693166780544874
16784.0,-1.5318021151133103
16785.0,-1.89380110793385
16786.0,0.11502634093558622
16787.0,1.990052995267233
16788.0,1.3492361939409427
16789.0,-1.0341905425869136
16790.0,-2.308954740698027
16791.0,-0.7190283238310832
16792.0,1.4929990559099535
16793.0,1.7727514683551913
16794.0,-0.17790042945192386
16795.0,-1.793076412774083
16796.0,-1.147880495757567
16797.0,1.0584595005629986
16798.0,1.8153712295163382
16799.0,0.48472356362487024
16800.0,-1.5431420824580382
16801.0,-1.6578578356748985
16802.0,0.10610924670955947
16803.0,1.758588383953195
16804.0,1.090006881472764
16805.0,-0.9755883169151641
16806.0,-1.7115002997532982
16807.0,-0.4842568682793778
16808.0,1.2874130554482266
16809.0,1.3616671886886649
16810.0,-0.22778963379397413
16811.0,-1.652887552840814
16812.0,-1.0499615337314079
16813.0,0.8270388837786596
16814.0,1.6083808636912111
16815.0,0.4489589391056848
16816.0,-1.156495821383941
16817.0,-1.4621307704856745
16818.0,0.2503089561572238
16819.0,1.6147471832824731
16820.0,0.629502235286688
16821.0,-1.0967001783931798
16822.0,-1.4605091872905824
16823.0,-0.04468407138868625
16824.0,1.24412344104271
16825.0,0.8730800925150434
16826.0,-0.6341039647492902
16827.0,-1.4753352650210474
16828.0,-0.44490918789049017
16829.0,0.5982301104740616
16830.0,0.7201969948964013
16831.0,-0.04629329623768964
16832.0,-0.6582005694056592
16833.0,-0.33835568967429297
16834.0,0.44083704756967357
16835.0,0.7467800033517453
16836.0,0.12072151474053039
16837.0,-0.5583439933779075
16838.0,-0.6750248825636983
16839.0,0.1428731705951505
16840.0,0.6466333143616213
16841.0,0.6099406242036383
16842.0,-0.3500607038541312
16843.0,-0.8827682732196607
16844.0,-0.25034147540969165
16845.0,0.7245614914183943
16846.0,0.9113226415691714
16847.0,-0.20913059088883795
16848.0,-1.1214072810261435
16849.0,-0.6863200562877371
16850.0,0.3859233550686125
16851.0,0.9194572879345376
16852.0,0.2727679998755107
16853.0,-0.5961525920308746
16854.0,-0.93218278135276
16855.0,-0.009403076079524189
16856.0,1.0018501946115683
16857.0,0.9244500772432486
16858.0,-0.12939671106272443
16859.0,-1.1338203201917076
16860.0,-0.6142026354450909
16861.0,0.8536484572082716
16862.0,1.0815516317330398
16863.0,0.002752183056671982
16864.0,-1.1796907111895953
16865.0,-1.0572433678451014
16866.0,0.3317137202650998
16867.0,1.414322654474606
16868.0,0.7307223683888536
16869.0,-0.8786585386312211
16870.0,-1.4456607054334862
16871.0,-0.2327989652790134
16872.0,1.1827594537980282
16873.0,1.0538552729415755
16874.0,-0.2269288976882971
16875.0,-1.1859643059778358
16876.0,-0.5846808627483071
16877.0,0.9100924828673905
16878.0,1.2237253487225173
16879.0,0.07358872047413746
16880.0,-1.2345558855487753
16881.0,-0.8618091875395417
16882.0,0.4295914549903793
16883.0,1.1659463616217929
16884.0,0.3994310133550453
16885.0,-0.6802332470939126
16886.0,-0.8752657561326662
16887.0,0.07815796885908406
16888.0,0.8418449509952087
16889.0,0.7892417065336884
16890.0,-0.3356306160754462
16891.0,-0.9576389419706326
16892.0,-0.3331913178392821
16893.0,0.6714160181701198
16894.0,0.7566145587745725
16895.0,-0.06852485569467894
16896.0,-0.8945591166670547
16897.0,-0.7012327541329412
16898.0,0.36162208496859427
16899.0,0.9058898962165731
16900.0,0.12441563917341814
16901.0,-0.5042389985676665
16902.0,-0.32634258226893276
16903.0,0.21927865605467187
16904.0,0.36835556856690216
16905.0,0.025701664456874888
16906.0,-0.2592690175838711
16907.0,-0.24351129941507801
16908.0,0.1136478815770647
16909.0,0.4072845609962414
16910.0,0.4154755413809581
16911.0,-0.04477917660950993
16912.0,-0.6104988055000082
16913.0,-0.30665198628612905
16914.0,0.5103971424023171
16915.0,0.757048850995129
16916.0,-0.05477654179138123
16917.0,-0.8963709717828802
16918.0,-0.6354902929022685
16919.0,0.2348566924260445
16920.0,0.5239131906771275
16921.0,0.2744942490162924
16922.0,-0.2897867254641853
16923.0,-0.31708468725575334
16924.0,-0.057571809934774086
16925.0,0.22017059239480027
16926.0,0.23356820450593205
16927.0,0.12470635100261715
16928.0,-0.16975551206479267
16929.0,-0.1449628939159149
16930.0,0.288415979388843
16931.0,0.3887304264237262
16932.0,-0.024791564736441025
16933.0,-0.2453747825570774
16934.0,-0.0346061774034451
16935.0,-0.09102123896541227
16936.0,-0.18056306980561712
16937.0,-0.2687795385212489
16938.0,-0.10904162238234276
16939.0,0.29535746971886223
16940.0,0.43736335725249414
16941.0,0.1610993065998661
16942.0,-0.2556026861934362
16943.0,-0.4311475409973936
16944.0,-0.35868351512414853
16945.0,0.07060630058315366
16946.0,0.225773983860234
16947.0,0.055294058748148786
16948.0,-0.1776282048557779
16949.0,-0.33266838378924624
16950.0,-0.014127404041427968
16951.0,0.477011598119029
16952.0,0.20059196061018625
16953.0,-0.28234065652204765
16954.0,-0.5484971923913445
16955.0,-0.0732233939595796
16956.0,0.4320986522505628
16957.0,0.2501784314541703
16958.0,-0.2921351724254312
16959.0,-0.34714101477265896
16960.0,-0.10293660387008913
16961.0,0.12308112002624605
16962.0,0.013446283619217276
16963.0,0.016820224822621507
16964.0,-0.22707067710364767
16965.0,-0.26183036090594586
16966.0,-0.08905774816420958
16967.0,0.10926865769909344
16968.0,0.21012093769314746
16969.0,-0.15830844696639046
16970.0,-0.4474982148162997
16971.0,-0.009425023936056709
16972.0,0.2532327601966008
16973.0,0.24541203305721349
16974.0,-0.10696551893494603
16975.0,-0.1359142905865829
16976.0,-0.033532758511621914
16977.0,0.3428032213163248
16978.0,0.30852102976447127
16979.0,-0.022000870013456245
16980.0,-0.19934648149751386
16981.0,-0.04081576555562481
16982.0,0.19892447315995768
16983.0,0.13747974918306338
16984.0,-0.19366878509467875
16985.0,-0.13731373388513748
16986.0,-0.04026274729722837
16987.0,0.2530283962530087
16988.0,0.17534850566383786
16989.0,-0.2896285062164703
16990.0,-0.3517451347593466
16991.0,0.2698039122426556
16992.0,0.6742834944317061
16993.0,0.2158193404265115
16994.0,-0.164069200997177
16995.0,-0.21919668985433452
16996.0,-0.07598418560012693
16997.0,0.3501030255252232
16998.0,0.6002545463715029
16999.0,0.16676896673600553
17000.0,-0.28131477273099814
17001.0,-0.26620562096335615
17002.0,0.03787225628163753
17003.0,0.19129106061759255
17004.0,0.038996580493335195
17005.0,-0.22419674730025255
17006.0,-0.2698099859105418
17007.0,-0.2586447209921436
17008.0,0.10784392593967282
17009.0,0.2091682354459134
17010.0,-0.05574376130966232
17011.0,-0.18977575673951874
17012.0,0.02305375496462115
17013.0,-0.019313651870240704
17014.0,-0.09187224464206412
17015.0,0.030634976756566457
17016.0,0.067989992109618
17017.0,0.028249890701516817
17018.0,-0.013575079296148793
17019.0,0.10444512017124057
17020.0,0.18866349653007494
17021.0,-0.2326031750872513
17022.0,-0.29232086362675863
17023.0,0.04593368609255678
17024.0,0.4300571349063501
17025.0,0.13210292391505335
17026.0,-0.34755969358468436
17027.0,-0.1844319492062456
17028.0,0.21329531550965514
17029.0,0.2223478636225797
17030.0,-0.22665587218995795
17031.0,-0.5147629700397988
17032.0,-0.15364776922513898
17033.0,0.35356461111633164
17034.0,0.4641789732379688
17035.0,-0.37614705126326053
17036.0,-0.9865976752840077
17037.0,-0.5557011505163207
17038.0,0.6484098634121518
17039.0,1.0607752704489979
17040.0,-0.06362696128020272
17041.0,-1.3419993041886897
17042.0,-0.8873112335107949
17043.0,0.6864483947425352
17044.0,1.4052788947389292
17045.0,0.3426405945934745
17046.0,-1.1627057794023814
17047.0,-1.1884466966382103
17048.0,0.3680989712096008
17049.0,1.5565154018964071
17050.0,0.8590141261053493
17051.0,-1.0194110816566695
17052.0,-1.5506207519630248
17053.0,-0.21241685326802537
17054.0,1.2615689422126346
17055.0,1.29780240220782
17056.0,-0.15665303211161177
17057.0,-1.3630487841735321
17058.0,-0.6523413656427188
17059.0,0.6910691983745132
17060.0,0.8743702671484613
17061.0,-0.2958276007096813
17062.0,-0.8506599332678839
17063.0,-0.05926077414506679
17064.0,0.651283437452156
17065.0,0.5382069984923298
17066.0,-0.2231113079907301
17067.0,-0.6577977693779989
17068.0,0.016351391578061137
17069.0,0.5658548388881488
17070.0,0.2941868956670136
17071.0,-0.21844925898849063
17072.0,-0.5234342761821786
17073.0,-0.333450772894918
17074.0,0.11415089692431224
17075.0,0.3554059019114111
17076.0,0.10542758722273876
17077.0,-0.14132411441890652
17078.0,-0.3146480593679154
17079.0,-0.14868470355761207
17080.0,0.3084951742188947
17081.0,0.3684399931971098
17082.0,-0.4007336399437204
17083.0,-0.7914942187238544
17084.0,0.057755732441348594
17085.0,1.002588325647418
17086.0,0.5171657653766073
17087.0,-0.5372394940591112
17088.0,-0.7664410976816592
17089.0,0.10477943683290342
17090.0,0.8159417334021859
17091.0,0.554938515596791
17092.0,-0.4243324786085738
17093.0,-0.666940633613356
17094.0,-0.06401518203702561
17095.0,0.46633967103202173
17096.0,0.2533982011480107
17097.0,-0.3660420433389327
17098.0,-0.6319235442675554
17099.0,-0.19969273772429
17100.0,0.49570484164077167
17101.0,0.7058458481056609
17102.0,-0.16664032983475713
17103.0,-0.9487726109795351
17104.0,-0.7699796918567319
17105.0,0.4510388701307186
17106.0,1.0993698916746621
17107.0,0.23996960059439473
17108.0,-1.068548114259901
17109.0,-0.9641140998672507
17110.0,0.42118484496574377
17111.0,1.1656757897907273
17112.0,0.3195160846983843
17113.0,-0.9000759455537775
17114.0,-1.0352773394500219
17115.0,0.22593176853029964
17116.0,1.0739016861182182
17117.0,0.6739600288268728
17118.0,-0.6679156894562418
17119.0,-1.1328837119523385
17120.0,-0.17837350559469614
17121.0,1.0905693978131923
17122.0,1.0868400089691836
17123.0,-0.38900739277968893
17124.0,-1.4584481174388282
17125.0,-0.7622631039414873
17126.0,0.7643325431346565
17127.0,1.3112857005495697
17128.0,0.15125435135532245
17129.0,-1.2383189688770297
17130.0,-0.9774383714417347
17131.0,0.7271911825643019
17132.0,1.4306403650321806
17133.0,0.19771331798096015
17134.0,-1.1472608893212757
17135.0,-1.093729602822205
17136.0,0.17364041293668955
17137.0,0.8158057860657484
17138.0,0.29961953107861733
17139.0,-0.5778074280305903
17140.0,-0.7467784578661071
17141.0,-0.0031232304969741388
17142.0,1.0135720771270151
17143.0,0.7242705168505055
17144.0,-0.659291960388558
17145.0,-1.4934530324444968
17146.0,-0.5937975325902651
17147.0,1.0991498405098505
17148.0,1.422202713772353
17149.0,-0.12424530762758934
17150.0,-1.341776689811948
17151.0,-0.8009516941156465
17152.0,0.8616202076481057
17153.0,1.4801969965708432
17154.0,-0.0330933701349621
17155.0,-1.5103114052290538
17156.0,-0.9463064062688541
17157.0,0.8048117583142935
17158.0,1.4968996531337584
17159.0,0.35981979132032443
17160.0,-0.9713084597069688
17161.0,-0.9552512590486613
17162.0,0.24333383002502465
17163.0,1.031675725525144
17164.0,0.612813247861555
17165.0,-0.47624353064243996
17166.0,-0.9085147029061925
17167.0,0.042722840019481574
17168.0,0.8659657767564951
17169.0,0.5270306169988425
17170.0,-0.3473923762318405
17171.0,-0.8134673982499401
17172.0,-0.12063932230364109
17173.0,0.9320223789615438
17174.0,1.1046854661390004
17175.0,0.04032874242882283
17176.0,-1.0298909357340076
17177.0,-0.7504820995192104
17178.0,0.48437643461898655
17179.0,1.100013020049492
17180.0,0.1843643631680385
17181.0,-0.6685534331315038
17182.0,-0.7439639275788044
17183.0,0.3267278723153403
17184.0,1.1496521434726608
17185.0,0.33070549758320494
17186.0,-0.7686202473567985
17187.0,-0.8262964615033475
17188.0,0.1984654830468528
17189.0,0.9289317306892748
17190.0,0.5032969420330748
17191.0,-0.6414609847864644
17192.0,-1.1427995554843038
17193.0,-0.22519684154441338
17194.0,1.1593979020982534
17195.0,1.0445442531227236
17196.0,-0.6465344962063074
17197.0,-1.4859817922152676
17198.0,-0.3161463888676175
17199.0,1.2223238749579115
17200.0,1.1098967724812026
17201.0,-0.14151152214775
17202.0,-1.3621563795819682
17203.0,-0.9709827284555513
17204.0,0.760455392623439
17205.0,1.6219216503970573
17206.0,0.5131916094853912
17207.0,-1.3039521266882677
17208.0,-1.4068013632853542
17209.0,0.3661722654056385
17210.0,1.5484085427147305
17211.0,0.4307147981066211
17212.0,-1.084505690250603
17213.0,-1.3212301071549037
17214.0,0.13282419907347576
17215.0,1.322669869547201
17216.0,0.6463558795432964
17217.0,-0.9043744110891798
17218.0,-1.2878619445347639
17219.0,0.06195633482820649
17220.0,1.3881984767825164
17221.0,1.023551878157484
17222.0,-0.590103268571596
17223.0,-1.603674897914197
17224.0,-0.666697873262622
17225.0,1.1389471131378281
17226.0,1.5891099674194522
17227.0,0.08158458226485071
17228.0,-1.5738424407977796
17229.0,-1.3210367348627794
17230.0,0.3924341275819772
17231.0,1.685936080495839
17232.0,0.7376306050873189
17233.0,-1.0292732355746335
17234.0,-1.680097153532833
17235.0,-0.15325206600173072
17236.0,1.702149564187734
17237.0,1.8145232680792702
17238.0,-0.45378644428738263
17239.0,-2.115305134424855
17240.0,-1.0810920087411307
17241.0,1.0968908844533893
17242.0,1.8172671980268322
17243.0,0.3532609891234256
17244.0,-1.5951611470561695
17245.0,-1.3856294737336472
17246.0,0.6383187447228515
17247.0,1.790269339350426
17248.0,0.7348026105333106
17249.0,-1.1508707853882225
17250.0,-1.60576840454106
17251.0,0.169951089069814
17252.0,1.4352043374455685
17253.0,0.8942476241660083
17254.0,-0.7582684825255144
17255.0,-1.6567300261459348
17256.0,-0.35109138950852464
17257.0,1.3044302204170533
17258.0,0.9974484184393262
17259.0,-0.6258222612195741
17260.0,-1.2935778927258748
17261.0,-0.27728583820321767
17262.0,1.0812178641225574
17263.0,1.0003398197686735
17264.0,-0.3618212453363788
17265.0,-1.0356259492523383
17266.0,-0.48450754305186255
17267.0,0.5998549995178795
17268.0,0.8900714558300129
17269.0,0.11062680441349625
17270.0,-0.8405743675785324
17271.0,-0.902049000035839
17272.0,0.22148135320325077
17273.0,1.2262907133465673
17274.0,0.8919036424975226
17275.0,-0.6068833790617375
17276.0,-1.3733506941947622
17277.0,-0.4528456509001099
17278.0,0.9809469938426327
17279.0,1.2210767421803086
17280.0,-0.10964907231684892
17281.0,-1.162438986937407
17282.0,-0.7043132919885013
17283.0,0.7921331981300357
17284.0,1.3608275204264288
17285.0,0.16336344089896904
17286.0,-1.1861388285745327
17287.0,-1.032892363352162
17288.0,0.23729975107045503
17289.0,0.9991146706186798
17290.0,0.6034653765986097
17291.0,-0.5250575728446946
17292.0,-0.9488000617968944
17293.0,-0.31984593492773905
17294.0,0.5193822171134423
17295.0,0.4343837636904179
17296.0,0.011053479820019918
17297.0,-0.44119544387885384
17298.0,-0.4657908048864352
17299.0,0.14694858373268865
17300.0,0.5956976428566979
17301.0,0.27905374832924074
17302.0,-0.38284689932694005
17303.0,-0.5878462726706721
17304.0,-0.1817449020462708
17305.0,0.3162648133729078
17306.0,0.4307962850989007
17307.0,0.1832292821993082
17308.0,-0.40408626399994907
17309.0,-0.4520509484454314
17310.0,0.04736426492971951
17311.0,0.4860471840952956
17312.0,0.008783304579304768
17313.0,-0.41471104244669094
17314.0,-0.29992846488094316
17315.0,0.35240713804440327
17316.0,0.5912624948924744
17317.0,0.07389911089823582
17318.0,-0.644815262393585
17319.0,-0.5346560841404333
17320.0,0.055719223477329174
17321.0,0.4332725450875029
17322.0,0.14018558127651234
17323.0,-0.41364246086621487
17324.0,-0.3945167881090005
17325.0,-0.05693607963228595
17326.0,0.5417102467904001
17327.0,0.5809267773202588
17328.0,-0.041533409715578826
17329.0,-0.3131526010018633
17330.0,-0.28492897030888287
17331.0,0.082379683449506
17332.0,0.6129659529251912
17333.0,0.3402739157051853
17334.0,-0.3167620385758411
17335.0,-0.26619296376737217
17336.0,0.0445742648886417
17337.0,0.19457170654479905
17338.0,0.20906869560208213
17339.0,0.035178960731035554
17340.0,-0.4008096495377147
17341.0,-0.2101643780738172
17342.0,0.2084234083718477
17343.0,0.44107930440143034
17344.0,-0.12454720885293148
17345.0,-0.7356874878168139
17346.0,-0.3676386925373984
17347.0,0.833465230623731
17348.0,1.076458778806955
17349.0,0.026807216377639633
17350.0,-0.8468339268356837
17351.0,-0.6197869342423358
17352.0,0.38778838560770174
17353.0,0.869027963509583
17354.0,0.3028208239748093
17355.0,-0.5260001896918626
17356.0,-0.6240459021480913
17357.0,0.11104150408842282
17358.0,0.5814713956304881
17359.0,0.33600339786021105
17360.0,-0.5775810666498905
17361.0,-0.5992850853805739
17362.0,0.015466382584331653
17363.0,0.8004057005247108
17364.0,0.7073072718174813
17365.0,-0.2111186098554535
17366.0,-0.7655225103292086
17367.0,-0.04890677806892556
17368.0,0.5765715004664012
17369.0,0.6011294544602872
17370.0,-0.0011917545162951184
17371.0,-0.8841205136452541
17372.0,-0.709794856192241
17373.0,0.44843051983320603
17374.0,0.839125091416003
17375.0,0.30042418336722737
17376.0,-0.8838629667646593
17377.0,-0.8112687495057246
17378.0,0.39403337234283947
17379.0,0.9117823140319871
17380.0,0.43135923999273507
17381.0,-0.5425922405863572
17382.0,-0.8967606480958346
17383.0,-0.2072747820391714
17384.0,0.8667996289020983
17385.0,0.8530941740877851
17386.0,-0.186882414485681
17387.0,-0.9661147756816241
17388.0,-0.45770270254058776
17389.0,0.8686568666733866
17390.0,0.9828656431242487
17391.0,-0.2059176830924627
17392.0,-1.2274221856400023
17393.0,-0.6090449772764378
17394.0,0.9279376475691585
17395.0,1.3428755333337679
17396.0,-0.012723660454521953
17397.0,-1.3788683718048815
17398.0,-1.0636305034835527
17399.0,0.7940381293580713
17400.0,1.7701948247939574
17401.0,0.5365624337755732
17402.0,-1.3578273499056595
17403.0,-1.3098660529245048
17404.0,0.3503686607066034
17405.0,1.508150489354916
17406.0,0.8367621857032194
17407.0,-0.9153205738987381
17408.0,-1.3279936988227896
17409.0,0.10409357987940723
17410.0,1.4177183886050109
17411.0,0.7978700397086598
17412.0,-0.9550262130093575
17413.0,-1.0605201126627088
17414.0,-0.05959159827911208
17415.0,1.0232191680402507
17416.0,0.9372101457485214
17417.0,-0.23767989897626496
17418.0,-1.2180555939055935
17419.0,-0.7087035722821624
17420.0,0.7122881362425075
17421.0,1.3427149670225593
17422.0,0.26632070827263077
17423.0,-1.2938404901274798
17424.0,-1.2961242440476368
17425.0,0.4988752201351168
17426.0,1.490052879563187
17427.0,0.43847404845309756
17428.0,-1.0915204794314128
17429.0,-1.0707736900413802
17430.0,0.5005348280265519
17431.0,1.4781258018707617
17432.0,0.5765249592308503
17433.0,-0.9420159990709143
17434.0,-1.1365701922344653
17435.0,-0.08127719721356283
17436.0,1.0566278366403044
17437.0,1.0372632639680506
17438.0,-0.2895338130705895
17439.0,-1.286765136448353
17440.0,-0.7434473563876491
17441.0,0.6408360352524358
17442.0,1.2023525660167758
17443.0,0.3312564418970716
17444.0,-0.7645085676171647
17445.0,-0.6248178724112431
17446.0,0.2626390557889411
17447.0,0.6971642060474044
17448.0,0.19149096773247737
17449.0,-0.5734841365356591
17450.0,-0.5662549488905196
17451.0,0.339311633298095
17452.0,0.7598577565711112
17453.0,0.38660663995691336
17454.0,-0.4769698758088951
17455.0,-0.5783482739531054
17456.0,0.12776463207939887
17457.0,0.5444008555075592
17458.0,0.5690500009481092
17459.0,-0.08369681371085591
17460.0,-0.549760791078732
17461.0,-0.3002686312641639
17462.0,0.3264467175581908
17463.0,0.46805990132236935
17464.0,-0.030042928986600614
17465.0,-0.5766929215652131
17466.0,-0.22676285199486224
17467.0,0.32172872252840234
17468.0,0.33763820160161406
17469.0,-0.16711814114299858
17470.0,-0.6140846957553632
17471.0,-0.2170286060490798
17472.0,0.5356259033572488
17473.0,0.5135132672808674
17474.0,-0.12431557990013141
17475.0,-0.5734340338890994
17476.0,-0.2533747740911466
17477.0,0.26145159081713426
17478.0,0.40605620458245606
17479.0,-0.046360823843464724
17480.0,-0.4367837386829911
17481.0,-0.006736756501370883
17482.0,0.614484091759704
17483.0,0.17797331140143532
17484.0,-0.478998019178249
17485.0,-0.5911614049915157
17486.0,-0.10454721911074721
17487.0,0.3708790976648264
17488.0,0.2775674822104402
17489.0,-0.21678423065207666
17490.0,-0.34136086728990017
17491.0,-0.10602328144361771
17492.0,0.2742794936828655
17493.0,0.5687032620218458
17494.0,0.03283518012639981
17495.0,-0.36986870566574
17496.0,-0.4228112145018862
17497.0,-0.08762604906058169
17498.0,0.3294835838672755
17499.0,0.39699893037100115
17500.0,0.1284861817846958
17501.0,-0.2834888918575322
17502.0,-0.3156270463762658
17503.0,-0.17564233209548294
17504.0,0.2662429042752208
17505.0,0.39182071455805517
17506.0,-0.15146012308054219
17507.0,-0.5019527260458873
17508.0,-0.22303965818697072
17509.0,0.15232433903860945
17510.0,0.10666351458402837
17511.0,-0.19442410054214548
17512.0,-0.22827076338644947
17513.0,0.10619764596114499
17514.0,0.33900826215843016
17515.0,0.0285709727521369
17516.0,-0.3209672254704115
17517.0,-0.4583906713347878
17518.0,-0.030003031795696494
17519.0,0.3390460380281322
17520.0,0.3504682233952809
17521.0,0.012233807312147117
17522.0,-0.3831282699226401
17523.0,-0.4430619677102978
17524.0,0.016401961034878045
17525.0,0.44528321409435145
17526.0,0.43143123966350944
17527.0,-0.09402361221262497
17528.0,-0.3656099252412129
17529.0,-0.11094946809776503
17530.0,0.16928447716125108
17531.0,0.5435154224252144
17532.0,0.21992262885480696
17533.0,-0.40729110316597844
17534.0,-0.4766968161706597
17535.0,0.2447792045909479
17536.0,0.6737606369951591
17537.0,0.32422890912826235
17538.0,-0.33477406310941193
17539.0,-0.7358618110559456
17540.0,-0.2453707902324674
17541.0,0.6017677454311404
17542.0,0.6373114759054028
17543.0,-0.18750064862879134
17544.0,-0.7296394843567122
17545.0,-0.45116081571341615
17546.0,0.41758385524999886
17547.0,0.5899741174702858
17548.0,-0.02260352201466828
17549.0,-0.5691965340056614
17550.0,-0.6003235898696014
17551.0,0.03067710369442908
17552.0,0.5390322915508853
17553.0,0.5043918212265114
17554.0,-0.14400122693118486
17555.0,-0.71223401366443
17556.0,-0.3941846293726483
17557.0,0.5640820586523954
17558.0,0.6964713001213899
17559.0,-0.03395684076023128
17560.0,-0.7577496402022106
17561.0,-0.5129796808517916
17562.0,0.19789826570863056
17563.0,0.7718316677778921
17564.0,0.41958530525172594
17565.0,-0.5923841083855446
17566.0,-0.8767513790554857
17567.0,-0.04467252434415533
17568.0,0.4971874738797822
17569.0,0.4081911693293948
17570.0,-0.28692804868675553
17571.0,-0.8529027596350078
17572.0,-0.2730895594912418
17573.0,0.557298607362329
17574.0,0.682833693361561
17575.0,0.00360765743902099
17576.0,-0.5836198784215113
17577.0,-0.4489855665438992
17578.0,0.17248025114936585
17579.0,0.5708842077709517
17580.0,0.1983672105258343
17581.0,-0.244379965406183
17582.0,-0.43601555356949945
17583.0,-0.1554334761520362
17584.0,0.29227760682337905
17585.0,0.204416894531989
17586.0,-0.05365756349707299
17587.0,-0.22696969479602952
17588.0,-0.07929610143980978
17589.0,0.09330789655911735
17590.0,-0.00029303473366630226
17591.0,-0.04535572434620316
17592.0,-0.16917024708380987
17593.0,-0.005322062440441635
17594.0,0.1501325262959688
17595.0,0.17624872678793962
17596.0,0.0030167012320125633
17597.0,-0.0633587885406344
17598.0,-0.04302219464149368
17599.0,0.07366475532761137
17600.0,0.2670390666438211
17601.0,0.2795373471471717
17602.0,0.16241961953532014
17603.0,-0.16673349277903882
17604.0,-0.3153729940324532
17605.0,-0.10969161394742774
17606.0,0.37376422686386035
17607.0,0.4686502907224441
17608.0,-0.1454177235919469
17609.0,-0.5003824865148264
17610.0,-0.17077059537310968
17611.0,0.18904336378404105
17612.0,-0.23070307918029062
17613.0,-0.42533702663884
17614.0,-0.1818639362062059
17615.0,0.1943927904007067
17616.0,0.5997198831625397
17617.0,0.39547855319688346
17618.0,-0.33072294979636974
17619.0,-0.6786129219271558
17620.0,-0.3618780904522663
17621.0,0.29190930419700084
17622.0,0.380871496090429
17623.0,-0.145898115255727
17624.0,-0.3716132096660434
17625.0,-0.09373959120172506
17626.0,0.3494885893320194
17627.0,0.3715591252071327
17628.0,0.016593949691979266
17629.0,-0.2943697316657945
17630.0,-0.09316994261053081
17631.0,0.2736118784460334
17632.0,0.43721321479574193
17633.0,0.10655114736794793
17634.0,-0.3083839381227834
17635.0,-0.33714092140756585
17636.0,0.32040358802650054
17637.0,0.6519519950401216
17638.0,0.23804881759007787
17639.0,-0.42345427312895306
17640.0,-0.6294724559267211
17641.0,-0.13213591272537945
17642.0,0.5760454657887821
17643.0,0.7523835764000033
17644.0,-0.06292624752747879
17645.0,-0.9285116239620939
17646.0,-0.7721595019802121
17647.0,0.24953476226562915
17648.0,1.1585554599529702
17649.0,0.5102660488969666
17650.0,-0.5543819665860849
17651.0,-0.8815456980948114
17652.0,-0.03377419784057167
17653.0,0.7699221046615705
17654.0,0.48220256028069847
17655.0,-0.5937165220187269
17656.0,-0.8043132503142119
17657.0,0.10015779458280166
17658.0,0.7207294414934831
17659.0,0.2640790163457515
17660.0,-0.4900385492873802
17661.0,-0.6380106134444037
17662.0,-0.07256268123262154
17663.0,0.58487116802367
17664.0,0.32900648072230254
17665.0,-0.26301729875033336
17666.0,-0.5925174637534735
17667.0,-0.09385781230092398
17668.0,0.4301685134299793
17669.0,0.48958766941520687
17670.0,-0.245843975126056
17671.0,-0.5599708205531286
17672.0,-0.1879257659081983
17673.0,0.29367458880127345
17674.0,0.5646405134704139
17675.0,0.17391007130517885
17676.0,-0.31607449074415134
17677.0,-0.6338803444657837
17678.0,-0.2007646750218053
17679.0,0.2954468256278395
17680.0,0.34823699226328064
17681.0,-0.20430836316007606
17682.0,-0.4992243347985191
17683.0,-0.22896660369122804
17684.0,0.18312630675270283
17685.0,0.32501667024869374
17686.0,0.08357264506999128
17687.0,-0.3543433335251784
17688.0,-0.33354193485353506
17689.0,-0.02424425449689663
17690.0,0.14664218595292913
17691.0,0.34355762505377646
17692.0,0.2697694945372306
17693.0,-0.12431925405953834
17694.0,-0.4236826593563818
17695.0,0.009685553616332917
17696.0,0.49509145952357075
17697.0,0.28405512097044744
17698.0,-0.10721355412720811
17699.0,-0.1310650846231035
17700.0,-0.12927293968665493
17701.0,0.030722707925830133
17702.0,0.1355943223772679
17703.0,0.041859086873697646
17704.0,-0.1649827460517299
17705.0,-0.26111952821693984
17706.0,0.014734384037913417
17707.0,0.24414841519385816
17708.0,0.08908015976802512
17709.0,-0.4480581100687601
17710.0,-0.3184581526490341
17711.0,0.19434016394341638
17712.0,0.4245613798520289
17713.0,0.29467535422896907
17714.0,-0.02536740956648295
17715.0,-0.0017684074199012902
17716.0,0.20425065860351913
17717.0,0.27476326997384454
17718.0,-0.15877553958821017
17719.0,-0.5332819005396991
17720.0,-0.41350453148494387
17721.0,0.15680985463553856
17722.0,0.539782068923433
17723.0,0.2668567418073415
17724.0,-0.47688775526415345
17725.0,-0.8361818834770707
17726.0,-0.46206049529501786
17727.0,0.6552180370679898
17728.0,1.1198776657457497
17729.0,0.41628916026686413
17730.0,-0.6048802975719509
17731.0,-0.8492161209693182
17732.0,-0.12726533286920244
17733.0,0.5258660867153558
17734.0,0.34432669677837824
17735.0,-0.45642294221546786
17736.0,-0.9049058837812749
17737.0,-0.2743401867081836
17738.0,0.5202929218785511
17739.0,0.6860503810234306
17740.0,-0.07303808421094718
17741.0,-0.6084571305211416
17742.0,-0.6203018081331837
17743.0,0.303027772710656
17744.0,0.6927980678397935
17745.0,0.44482812019012086
17746.0,-0.47101342941168434
17747.0,-0.843492421289499
17748.0,-0.08888153525867985
17749.0,0.8706073925282236
17750.0,0.6191338218288691
17751.0,-0.5559344912955562
17752.0,-1.0564948938331926
17753.0,-0.377760292860557
17754.0,0.7068780847322277
17755.0,0.6640199186248479
17756.0,-0.10069572647170962
17757.0,-0.9494427922908196
17758.0,-0.5621564173267273
17759.0,0.26718466129351426
17760.0,0.6710433342593107
17761.0,0.008676963297666531
17762.0,-0.5426653701452905
17763.0,-0.40031609979006033
17764.0,0.15319837711972203
17765.0,0.5227115890391477
17766.0,0.04579842386649079
17767.0,-0.7465659750857545
17768.0,-0.5026777169483645
17769.0,0.41820411245675726
17770.0,1.1154652746653215
17771.0,0.47196215315927
17772.0,-0.695757859532948
17773.0,-0.8407578906346388
17774.0,0.07595542056176512
17775.0,1.0079336477636356
17776.0,0.9447422432437489
17777.0,-0.12382945753915343
17778.0,-1.1352965837899076
17779.0,-0.6846161176595579
17780.0,0.7758613719098917
17781.0,1.367428316961586
17782.0,0.2558642025502391
17783.0,-1.2422186144367948
17784.0,-1.0837122500701917
17785.0,0.45122337537269447
17786.0,1.3207747500651061
17787.0,0.41377965497254116
17788.0,-1.1793205684067343
17789.0,-1.3765180789802502
17790.0,-0.03161171211053446
17791.0,1.4330541801893044
17792.0,0.926642219574666
17793.0,-0.8395757770069009
17794.0,-1.7869530892514787
17795.0,-0.5240718338853841
17796.0,1.3097097436531748
17797.0,1.5292088306211862
17798.0,-0.22340206129761206
17799.0,-1.7133553854190553
17800.0,-1.1035165992647558
17801.0,0.786701117099063
17802.0,1.5346747848972822
17803.0,0.4495130545603904
17804.0,-1.059944857086709
17805.0,-1.2054027410739343
17806.0,0.3529059845650656
17807.0,1.372048259364255
17808.0,0.5392382778807258
17809.0,-1.1235012074773083
17810.0,-1.423874073669427
17811.0,0.011971101947088319
17812.0,1.5620783989745621
17813.0,1.2008414682944115
17814.0,-0.5521236843921862
17815.0,-1.62796003096757
17816.0,-0.41812097166624024
17817.0,1.2316637430819215
17818.0,1.3960562778772214
17819.0,-0.23178414936691263
17820.0,-1.6145964221288047
17821.0,-1.0896874789995583
17822.0,0.857457716651559
17823.0,1.5576115575843177
17824.0,0.38142505512864533
17825.0,-0.9913408744883767
17826.0,-0.9405662069777638
17827.0,0.23055181088604004
17828.0,0.7487663811363973
17829.0,0.07855787977658303
17830.0,-0.6598061855122392
17831.0,-0.5510006216462292
17832.0,0.25983947867801405
17833.0,0.8750410029469838
17834.0,0.36241207101739725
17835.0,-0.46980084325097476
17836.0,-0.9693195696537009
17837.0,-0.1345752575927099
17838.0,0.8916890484538701
17839.0,0.823773216827258
17840.0,0.019465007979708487
17841.0,-0.9623978981370682
17842.0,-0.8785267163916037
17843.0,0.1923743055230563
17844.0,1.068917804848911
17845.0,0.5970117813983308
17846.0,-0.36525773241506215
17847.0,-0.811244287691594
17848.0,-0.34981184586041103
17849.0,0.6129912437712343
17850.0,0.7268878328146705
17851.0,-0.1318362330782794
17852.0,-0.7916332579070305
17853.0,-0.5327181986740361
17854.0,0.4599754329322646
17855.0,0.9628361469443453
17856.0,0.30037493737252907
17857.0,-0.8778568508905077
17858.0,-0.8329497664032318
17859.0,0.1540473721185805
17860.0,0.8428547358485614
17861.0,0.41456696574889174
17862.0,-0.41414330301788843
17863.0,-0.8350061110052688
17864.0,-0.38106060960357235
17865.0,0.5213172015445319
17866.0,0.7355602132827154
17867.0,0.12906652386683162
17868.0,-0.5705514939915866
17869.0,-0.3862812547010093
17870.0,0.19101118121682062
17871.0,0.4032118411029706
17872.0,0.13421652240677368
17873.0,-0.1364993903697963
17874.0,-0.11064956374000415
17875.0,0.18625517820756946
17876.0,0.3888151818128514
17877.0,0.2266940493467085
17878.0,-0.14350638733196713
17879.0,-0.3932536375412632
17880.0,-0.08548376176547827
17881.0,0.13289358256137354
17882.0,-0.0919048321558556
17883.0,-0.1264153679862377
17884.0,-0.3750949449126325
17885.0,-0.11872378280606333
17886.0,0.17871321612245653
17887.0,0.28846430125259376
17888.0,-0.026278054304668633
17889.0,-0.21080018362092734
17890.0,-0.2523782730275918
17891.0,0.056759069610983315
17892.0,0.06296034909298544
17893.0,0.2532437701453447
17894.0,0.1962028057061487
17895.0,-0.2096248892755523
17896.0,-0.4892241526688705
17897.0,-0.015871761072319298
17898.0,0.4222620091585588
17899.0,0.24515629288909727
17900.0,-0.17873643812518847
17901.0,-0.4960986371537371
17902.0,-0.21416844816942823
17903.0,0.4268548630316501
17904.0,0.6857276477847822
17905.0,0.06717986145057059
17906.0,-0.6156155657691895
17907.0,-0.2921025260454014
17908.0,0.43669334206527316
17909.0,0.5858225270542738
17910.0,-0.08761248209341489
17911.0,-0.8042406023066353
17912.0,-0.5900942090354814
17913.0,0.1866651346897395
17914.0,0.5947600781248678
17915.0,-0.08716238477675464
17916.0,-0.5883737881428535
17917.0,-0.1947958580092506
17918.0,0.28625099374273144
17919.0,0.5942076909864004
17920.0,0.07240081090415121
17921.0,-0.5745514388771565
17922.0,-0.5349736835860814
17923.0,0.27820338577082565
17924.0,0.8701547768763493
17925.0,0.2971041334106526
17926.0,-0.524558413446853
17927.0,-0.41707111921671514
17928.0,0.45135246021854947
17929.0,0.94792138239761
17930.0,0.31956576203264786
17931.0,-0.46786147772571585
17932.0,-0.5925224498755319
17933.0,0.01765665880442207
17934.0,0.5653797051422718
17935.0,0.1508276834110907
17936.0,-0.6323846481668387
17937.0,-0.46412190044331625
17938.0,0.5375764729143693
17939.0,1.0987123062100395
17940.0,0.19341920801090076
17941.0,-0.8990215943033997
17942.0,-0.9029360295845069
17943.0,0.08443791306066584
17944.0,0.9598229705599632
17945.0,0.55800218331976
17946.0,-0.4621175414626354
17947.0,-0.6894526149602077
17948.0,-0.1152429216838014
17949.0,0.6355677632188728
17950.0,0.4309571509310719
17951.0,-0.48454954445333775
17952.0,-0.7945403574200778
17953.0,-0.2023587895296994
17954.0,0.6714013862765418
17955.0,0.5866250994184161
17956.0,-0.1293345872172463
17957.0,-0.7326382080341688
17958.0,-0.34824081591671147
17959.0,0.42138722989281346
17960.0,0.6516839635401346
17961.0,-0.0690538117681977
17962.0,-0.7420470265271936
17963.0,-0.3894713881233159
17964.0,0.601804430854077
17965.0,0.7916226999148451
17966.0,0.029475583917073958
17967.0,-0.7031289700174118
17968.0,-0.8449726933955705
17969.0,0.015464143408479816
17970.0,0.8997077278233724
17971.0,0.5685825012238881
17972.0,-0.4480971528304444
17973.0,-0.8489014361662213
17974.0,-0.23348203432354958
17975.0,0.7039509537058212
17976.0,0.617930266869186
17977.0,-0.08256867426664563
17978.0,-0.4461956980571041
17979.0,-0.2070512128005949
17980.0,0.16772863177606284
17981.0,0.51791792076578
17982.0,0.1284008182546476
17983.0,-0.5176529777938734
17984.0,-0.48256762848957385
17985.0,0.13152919278559402
17986.0,0.36577414173096273
17987.0,-0.080392188886413
17988.0,-0.20899159549565643
17989.0,-0.011348863902878646
17990.0,0.25447499213853725
17991.0,0.2509344855257564
17992.0,-0.27230758974182817
17993.0,-0.5443569612611476
17994.0,-0.01972025078494694
17995.0,0.42290685394143884
17996.0,0.1315164682200316
17997.0,-0.336933224844022
17998.0,-0.35370421810724106
17999.0,0.150656409998356
18000.0,0.4298878830766382
18001.0,0.07487784547286026
18002.0,-0.28005986859090287
18003.0,-0.16690960486486695
18004.0,0.27293714429406435
18005.0,0.33473948979224455
18006.0,-0.13740920531520404
18007.0,-0.005821567784947412
18008.0,0.10362206365402749
18009.0,0.1394906161892332
18010.0,-0.04646725349469159
18011.0,-0.29625144982341517
18012.0,-0.14514198586971605
18013.0,0.18715890204816696
18014.0,0.28152399239631337
18015.0,0.05801337812427558
18016.0,-0.07113988894784137
18017.0,-0.09096986479628275
18018.0,0.3617075215223272
18019.0,0.26369798327265226
18020.0,-0.22699859847619616
18021.0,-0.24956922217103372
18022.0,-0.05413068117894401
18023.0,0.2002786460541171
18024.0,-0.1015853703585902
18025.0,-0.26371599457072625
18026.0,-0.3738322166208343
18027.0,0.29374225280963895
18028.0,0.4601062201948263
18029.0,0.1335385646320706
18030.0,-0.49742480142301543
18031.0,-0.5390928636380682
18032.0,-0.01520696408769749
18033.0,0.49388825709386214
18034.0,0.44804124285797114
18035.0,-0.12152681770385403
18036.0,-0.47327119939996715
18037.0,-0.22054049759841346
18038.0,0.32788592366746266
18039.0,0.28061723555705276
18040.0,-0.12460274314340233
18041.0,-0.45201191420840686
18042.0,0.0659186231938058
18043.0,0.6504964308668347
18044.0,0.5875864865754897
18045.0,-0.03801879289402476
18046.0,-0.5581668616909092
18047.0,-0.41327088943441764
18048.0,0.17869565100322818
18049.0,0.6703286013134037
18050.0,0.3849939504190821
18051.0,-0.48069199466447626
18052.0,-0.8599630205840135
18053.0,-0.21854131535275384
18054.0,0.3659653983701024
18055.0,0.6064528135557178
18056.0,-0.02889848623897698
18057.0,-0.5097635171347759
18058.0,-0.3856658350260845
18059.0,0.18831929638906436
18060.0,0.6155553333281762
18061.0,0.2783616243531193
18062.0,-0.47978632349960937
18063.0,-0.42525173220664425
18064.0,0.1745611428403541
18065.0,0.4684828518086341
18066.0,0.12835445795441194
18067.0,-0.279002688277388
18068.0,-0.21588895784634676
18069.0,0.033850860719061876
18070.0,0.1421165471012824
18071.0,0.14779227255152472
18072.0,0.15349891203879112
18073.0,0.019100498446296032
18074.0,-0.10668459178059049
18075.0,-0.17764277123861136
18076.0,-0.13392124899745217
18077.0,0.1297634483913064
18078.0,0.03449569177032888
18079.0,-0.15076268642597582
18080.0,-0.2742669140590299
18081.0,-0.24196558704929116
18082.0,0.06344285431465321
18083.0,0.4936483075918301
18084.0,-0.0023208461906147606
18085.0,-0.4672018086840828
18086.0,-0.2478331680717331
18087.0,0.26816358467478296
18088.0,0.4369069317933187
18089.0,0.2235548452441549
18090.0,-0.38725316244623653
18091.0,-0.7465623599932208
18092.0,-0.08449312768582176
18093.0,0.5628360156296546
18094.0,0.4099739428684887
18095.0,-0.3829967738053945
18096.0,-0.6212996291783148
18097.0,0.014834650776557748
18098.0,0.428123601217723
18099.0,0.27359090708847983
18100.0,-0.2798037486975759
18101.0,-0.641132143700716
18102.0,-0.11722019037726095
18103.0,0.4632717180499375
18104.0,0.6692626335260032
18105.0,-0.00770356162434995
18106.0,-0.6671285569032562
18107.0,-0.5853634186269334
18108.0,0.1816101286360642
18109.0,0.7645750351638728
18110.0,0.528949100185501
18111.0,-0.2995667042237969
18112.0,-0.7476287725836441
18113.0,-0.29449422908252626
18114.0,0.5265544667377735
18115.0,0.664233386495493
18116.0,-0.143169001474131
18117.0,-0.684901050857228
18118.0,-0.5408200657266943
18119.0,0.3452572744690894
18120.0,0.6780414641203398
18121.0,0.14361747391541643
18122.0,-0.4489674845008109
18123.0,-0.33403965081459436
18124.0,0.371859344527806
18125.0,0.8078701634032602
18126.0,0.4321767077148388
18127.0,-0.5709284293020003
18128.0,-0.8653395049556448
18129.0,-0.0354798100857489
18130.0,0.7705790352725922
18131.0,0.6884210381605583
18132.0,-0.2542301257488173
18133.0,-0.7217222668681603
18134.0,-0.4687591390545765
18135.0,0.31206123131529473
18136.0,0.45406506128480656
18137.0,-0.12567941605752286
18138.0,-0.5918987176975583
18139.0,-0.15547098774277576
18140.0,0.5553822632139769
18141.0,0.5330168503220831
18142.0,-0.2277894067372799
18143.0,-0.7922625110491686
18144.0,-0.4371444794463968
18145.0,0.4063112445639309
18146.0,0.6768336815142644
18147.0,0.03731705079840792
18148.0,-0.5922614653341071
18149.0,-0.384204474670802
18150.0,0.31109610657883685
18151.0,0.6743022633248144
18152.0,0.11912324105391699
18153.0,-0.801447272330234
18154.0,-0.6468466493554319
18155.0,0.4057056291714669
18156.0,0.9689392258137213
18157.0,0.06873013186453428
18158.0,-0.8786577054782624
18159.0,-0.6592385809774538
18160.0,0.42963388197046726
18161.0,0.7977107987708085
18162.0,0.15918246253600132
18163.0,-0.8048672168355416
18164.0,-0.780797442781779
18165.0,0.3548594186982408
18166.0,0.9899303331598139
18167.0,0.21783989100591172
18168.0,-0.8070529602085336
18169.0,-0.5882033776067395
18170.0,0.6094706692857713
18171.0,1.1030340174551931
18172.0,0.4493212740206364
18173.0,-0.8082972126306787
18174.0,-0.9156661445861121
18175.0,0.3748069686456051
18176.0,1.5114147816124814
18177.0,0.7318205728386791
18178.0,-0.8870104621802305
18179.0,-1.3630038662517194
18180.0,-0.08608112740228122
18181.0,1.2802150034451423
18182.0,1.0507149249430219
18183.0,-0.6808663895656291
18184.0,-1.5993985061965073
18185.0,-0.6114277310573731
18186.0,1.048355112856125
18187.0,1.2409666569398516
18188.0,0.006486910079161561
18189.0,-1.3597601827381036
18190.0,-0.9366386879067004
18191.0,0.5925482941010163
18192.0,1.299995528482117
18193.0,0.44273678709134334
18194.0,-0.8999913436731865
18195.0,-1.1573155589266788
18196.0,0.07302214584216231
18197.0,1.1789055115678646
18198.0,0.6720950638023995
18199.0,-0.7059272458634326
18200.0,-1.441061019172994
18201.0,-0.5192715770744403
18202.0,1.119942606924975
18203.0,1.4669275894120064
18204.0,-0.04224265409110359
18205.0,-1.3979163022351806
18206.0,-1.0597837821253044
18207.0,0.6494130901269505
18208.0,1.2948217083612763
18209.0,0.27938818753917677
18210.0,-1.1279258353511727
18211.0,-1.081441536726151
18212.0,0.3710595726963726
18213.0,1.7167801166033998
18214.0,0.8039716995591741
18215.0,-1.202177644698771
18216.0,-1.5026647428698985
18217.0,0.15895527452507147
18218.0,1.6641445844283589
18219.0,1.0720293339743416
18220.0,-0.6777736809202319
18221.0,-1.760073019214982
18222.0,-0.7545344189765008
18223.0,1.059554804146788
18224.0,1.8426552785559518
18225.0,0.3321811075749666
18226.0,-1.5346135515298416
18227.0,-1.2701683025136656
18228.0,0.5482876418458937
18229.0,1.8088125983990297
18230.0,0.8385956852966302
18231.0,-1.3570660986465912
18232.0,-1.9628609687113334
18233.0,0.040790877157936674
18234.0,2.046838930001751
18235.0,1.4502294196311676
18236.0,-1.0386336962021119
18237.0,-1.9984571507080346
18238.0,-0.26452427044525473
18239.0,1.6654868567599597
18240.0,1.5423330207374097
18241.0,-0.3594373688600012
18242.0,-1.8810812745340635
18243.0,-1.2097356212242363
18244.0,0.8567792888428677
18245.0,1.7402526359755142
18246.0,0.6717221805833834
18247.0,-1.2333868346526
18248.0,-1.6200007405174073
18249.0,-0.09924072827080627
18250.0,1.4899976744699686
18251.0,1.1784568862273994
18252.0,-0.5423897079106883
18253.0,-1.6120244333652083
18254.0,-0.4911290029255025
18255.0,1.2948716950751704
18256.0,1.4773676906480482
18257.0,-0.18742550767517044
18258.0,-1.6735093002513495
18259.0,-1.1526646106720368
18260.0,0.9057098403879144
18261.0,1.7170580227130294
18262.0,0.4217305342916353
18263.0,-1.3452998112944747
18264.0,-1.5385367232720353
18265.0,0.11711342130799988
18266.0,1.5657313945753413
18267.0,1.0394692816397864
18268.0,-0.8434195208691934
18269.0,-1.6693613806367449
18270.0,-0.23585568893652786
18271.0,1.3782318474880766
18272.0,1.2010420438671774
18273.0,-0.30224354664186237
18274.0,-1.4112078275107216
18275.0,-0.7327336837382519
18276.0,0.8211767659818274
18277.0,1.2671593544246116
18278.0,0.09363116400779833
18279.0,-1.3070050377489317
18280.0,-1.2359854491227373
18281.0,0.7460623191770611
18282.0,1.5691412832397023
18283.0,0.2329953740135733
18284.0,-1.3696826274668201
18285.0,-0.977835961453341
18286.0,0.689589709350326
18287.0,1.3966200113646705
18288.0,0.20613606471826287
18289.0,-1.2565255592356142
18290.0,-1.1729615445126538
18291.0,0.44730857672899366
18292.0,1.3426680898628736
18293.0,0.37622714337848173
18294.0,-1.127332966191247
18295.0,-1.3086324185363107
18296.0,-0.1730718676198514
18297.0,1.1318401505152598
18298.0,0.9167562080440417
18299.0,-0.6025512525212708
18300.0,-1.2815001771380956
18301.0,-0.29444062538066756
18302.0,1.1407108676453408
18303.0,1.173190460433811
18304.0,-0.38598024343877796
18305.0,-1.3852670714518418
18306.0,-0.6267416370146528
18307.0,0.7692924568344889
18308.0,0.862627000468975
18309.0,-0.13863871474415304
18310.0,-1.1767034563079337
18311.0,-0.8308606022525801
18312.0,0.39307441469265925
18313.0,0.9656140132012397
18314.0,0.31892872940747113
18315.0,-0.6113341096584575
18316.0,-0.8153308332052411
18317.0,0.05896795402579159
18318.0,0.7384555699440529
18319.0,0.5876789076248532
18320.0,-0.26517003645839377
18321.0,-0.7714010027678692
18322.0,-0.07569313600471227
18323.0,0.7968911733602554
18324.0,0.7520063691937227
18325.0,-0.07433033922881219
18326.0,-0.9168969152948077
18327.0,-0.4903898290165271
18328.0,0.5515926666816675
18329.0,0.9049255019438124
18330.0,-0.05532880851727278
18331.0,-1.0592799205479628
18332.0,-0.9998353461588079
18333.0,0.2536714157987287
18334.0,1.160479819967065
18335.0,0.5782019908010428
18336.0,-0.6803953120841089
18337.0,-0.79119202858228
18338.0,-0.1512325264060492
18339.0,0.9274337275224169
18340.0,0.7719127461108001
18341.0,-0.34638934211692646
18342.0,-0.9123650191578317
18343.0,-0.10067447538758473
18344.0,1.0530369270766948
18345.0,0.7559969078874119
18346.0,-0.605930253854568
18347.0,-1.1080357809802628
18348.0,-0.11219942116545341
18349.0,0.8527714424345265
18350.0,0.6874206424291568
18351.0,-0.4405112643172735
18352.0,-1.1024018673548548
18353.0,-0.6340332171833004
18354.0,0.6298977692974679
18355.0,1.1874009835003976
18356.0,0.19606327551531952
18357.0,-0.9635109759710069
18358.0,-0.7962099018061956
18359.0,0.3256743891424928
18360.0,0.9382815410636386
18361.0,0.10940037170134191
18362.0,-0.8065643087017131
18363.0,-0.762325042650092
18364.0,0.10250139517230994
18365.0,1.0849245261772174
18366.0,0.5490435279375574
18367.0,-0.849453938942323
18368.0,-0.9840916102872785
18369.0,0.17113834777353792
18370.0,1.0870223855381047
18371.0,0.5185871583324009
18372.0,-0.5805858069637493
18373.0,-1.2399052221334725
18374.0,-0.29751997327464996
18375.0,1.074139943193163
18376.0,1.2068711129960932
18377.0,-0.10318728353172693
18378.0,-1.3628985795621698
18379.0,-0.9025154313075507
18380.0,0.7603625991191524
18381.0,1.2746744891438706
18382.0,0.035876082697667254
18383.0,-1.3613681430625382
18384.0,-1.051948718963858
18385.0,0.6580708897163998
18386.0,1.3544713223458227
18387.0,0.07181546066215448
18388.0,-1.3256782447528308
18389.0,-1.1136925718801214
18390.0,0.6011630185794583
18391.0,1.5432125412093534
18392.0,0.44042995770159354
18393.0,-1.0781717164974332
18394.0,-1.070174799958682
18395.0,0.3138225234215533
18396.0,1.1749383565648908
18397.0,0.7078843915476508
18398.0,-0.6294202189835179
18399.0,-1.290900199214206
18400.0,-0.43419593110212645
18401.0,1.014155376049469
18402.0,1.2180207261569262
18403.0,-0.2213188779823912
18404.0,-1.477177647556361
18405.0,-0.7432684683074394
18406.0,0.8988838168958198
18407.0,1.3963030905998228
18408.0,0.20057767397327428
18409.0,-1.2272271431507475
18410.0,-1.0373093572384997
18411.0,0.5517003976705259
18412.0,1.2707680884060175
18413.0,0.41463169134835914
18414.0,-0.9614999911736243
18415.0,-1.2518464136116587
18416.0,-0.15378235137533253
18417.0,1.0703318386576148
18418.0,0.9113443899705453
18419.0,-0.3554589596801638
18420.0,-1.053605149065251
18421.0,-0.5109588726968972
18422.0,0.6147523002668268
18423.0,0.8660729294798104
18424.0,0.08865370554091394
18425.0,-0.6646530674729088
18426.0,-0.2791576532201698
18427.0,0.6936868558798687
18428.0,0.849818183527201
18429.0,-0.2774423664699922
18430.0,-0.99517025054333
18431.0,-0.330173313078843
18432.0,0.7962806193676318
18433.0,0.8915665270759249
18434.0,-0.03333374173735372
18435.0,-0.8986061712687842
18436.0,-0.5648159962282796
18437.0,0.43886387062421806
18438.0,0.7703030152847433
18439.0,0.11372633849855532
18440.0,-0.5791979903944738
18441.0,-0.48112823555194856
18442.0,0.4670570057857852
18443.0,0.5723587229980285
18444.0,-0.26025292386400395
18445.0,-0.9250272287021719
18446.0,-0.3759199018626652
18447.0,0.5127256879446109
18448.0,0.5356324394678003
18449.0,-0.34043796936549725
18450.0,-0.7933335659970325
18451.0,-0.33767298109697613
18452.0,0.5259595161207218
18453.0,0.616291854445688
18454.0,-0.25933922303146634
18455.0,-0.7065731626954077
18456.0,-0.12277680582036028
18457.0,0.6740705386157396
18458.0,0.6761345158822984
18459.0,-0.24644450156497483
18460.0,-0.9294771283053712
18461.0,-0.39292897714171565
18462.0,0.8406291239670292
18463.0,1.2122616134441362
18464.0,0.30757631252913425
18465.0,-1.0262616358622485
18466.0,-1.2182852098128365
18467.0,0.29180018922308626
18468.0,1.3107151401016073
18469.0,0.4378141340012182
18470.0,-0.8909000204061852
18471.0,-1.108038016406176
18472.0,0.1456605391950631
18473.0,1.0873633265881264
18474.0,0.6890127198472434
18475.0,-0.5892661575390794
18476.0,-1.2988308056308022
18477.0,-0.45005524134752234
18478.0,1.0070004813208913
18479.0,1.2051869491234068
18480.0,-0.09960348203966332
18481.0,-1.2532286309904337
18482.0,-0.6080927677226194
18483.0,0.7339133929256269
18484.0,0.960967555826986
18485.0,0.049416969732955
18486.0,-0.9109451405987562
18487.0,-0.6829474794689018
18488.0,0.3958878149221479
18489.0,0.9664998515561385
18490.0,0.5408840972215461
18491.0,-0.5368055915890497
18492.0,-1.0803643240459524
18493.0,-0.1482129888935376
18494.0,1.2458536233454187
18495.0,1.176642769928986
18496.0,-0.47112594375633954
18497.0,-1.430183907911941
18498.0,-0.40636655733007726
18499.0,1.1257837868211926
18500.0,1.0989681589435432
18501.0,-0.24155322703960605
18502.0,-1.317872682626121
18503.0,-0.6998582682178567
18504.0,0.694354591682572
18505.0,1.3123080577822908
18506.0,0.13446613387723885
18507.0,-1.1934466283266922
18508.0,-1.1766531980013981
18509.0,0.3842527882913652
18510.0,1.466118341014793
18511.0,0.5849399882531309
18512.0,-1.045829858343712
18513.0,-1.428295369985053
18514.0,0.0017146525780068632
18515.0,1.3081426343505629
18516.0,0.7792885867882731
18517.0,-0.9078148138819846
18518.0,-1.239222812080833
18519.0,0.22230975376790502
18520.0,1.4849441104987666
18521.0,0.8319728025536095
18522.0,-0.8578846042696481
18523.0,-1.3794776746141584
18524.0,-0.029808813555853613
18525.0,1.347260456003721
18526.0,0.9446210736986002
18527.0,-0.5624352077046105
18528.0,-1.3167326639738737
18529.0,-0.5225906828484834
18530.0,0.7390022849114914
18531.0,0.8899370631976868
18532.0,-0.0929089461641138
18533.0,-0.8126205555436442
18534.0,-0.36788203111120815
18535.0,0.411684072255916
18536.0,0.702970008522612
18537.0,-0.019274133407839684
18538.0,-0.6974392450912978
18539.0,-0.46595579119407243
18540.0,0.45814360781074887
18541.0,0.8148412273836966
18542.0,0.07525989046831019
18543.0,-0.6933668435625321
18544.0,-0.6631564442620321
18545.0,0.06079504974263679
18546.0,0.8500429904904093
18547.0,0.5025518592739655
18548.0,-0.4334744025733367
18549.0,-0.8035156397754382
18550.0,-0.12416729661944953
18551.0,0.6281285401173331
18552.0,0.6582420787732203
18553.0,-0.02114886246400084
18554.0,-0.663341791425812
18555.0,-0.5616600733928653
18556.0,0.44015630799297234
18557.0,0.8667199059756155
18558.0,0.2935827476604277
18559.0,-0.5325256810426918
18560.0,-0.5036822882759528
18561.0,0.41860092646302194
18562.0,0.8296377725342877
18563.0,0.041304884449248194
18564.0,-0.7296010932844639
18565.0,-0.7421596441913046
18566.0,-0.0002769742951252616
18567.0,0.6146311820563707
18568.0,0.34814243793695904
18569.0,-0.47082200453041345
18570.0,-0.6226206387126502
18571.0,0.0811842246016883
18572.0,0.7622410066540207
18573.0,0.44862188403656306
18574.0,-0.1397814186222854
18575.0,-0.5834363816133781
18576.0,-0.04639850504667299
18577.0,0.29948233910189104
18578.0,0.346507003059015
18579.0,0.029923603457123228
18580.0,-0.19053876350560284
18581.0,-0.2595868886880157
18582.0,0.11984773092745275
18583.0,0.30900990408546974
18584.0,0.14539027953956532
18585.0,-0.1768636127200343
18586.0,-0.2708246686226834
18587.0,-0.1679931558534906
18588.0,0.14182179070084375
18589.0,0.4640557405823545
18590.0,0.00862527933300077
18591.0,-0.567788777490098
18592.0,-0.3529670523947193
18593.0,0.175325102759485
18594.0,0.5678999425774879
18595.0,0.024639514794078436
18596.0,-0.7002363944299447
18597.0,-0.338754240795654
18598.0,0.579003746603876
18599.0,0.7449913829589843
18600.0,0.07692795982571062
18601.0,-0.6663787160313438
18602.0,-0.5060093979957117
18603.0,0.24944728870108882
18604.0,0.7031060996954581
18605.0,0.3276400288603166
18606.0,-0.49775542623161156
18607.0,-0.7784365240678074
18608.0,-0.1524537749331708
18609.0,0.6143724833571274
18610.0,0.729951795541072
18611.0,0.033981126351887596
18612.0,-0.6306136834201366
18613.0,-0.6270484995605096
18614.0,0.2783074187541426
18615.0,0.971669817228759
18616.0,0.47598913657471614
18617.0,-0.3867223679094714
18618.0,-0.8111161417365017
18619.0,-0.0822164281656933
18620.0,0.6646676739288669
18621.0,0.6260260501057483
18622.0,-0.05601543900796167
18623.0,-0.6162668194158468
18624.0,-0.44217466901712055
18625.0,0.25372539402870403
18626.0,0.772209733119263
18627.0,0.4803226907151702
18628.0,-0.3800160208118108
18629.0,-0.7611935074353607
18630.0,-0.10499542208091131
18631.0,0.7734213883166958
18632.0,0.4872207836911819
18633.0,-0.2927593485862962
18634.0,-0.46444587291684547
18635.0,-0.07458341026496677
18636.0,0.3187395052539342
18637.0,0.07558645649107214
18638.0,-0.27237486442257264
18639.0,-0.2757738424637801
18640.0,0.05560632631761592
18641.0,0.24386351396604206
18642.0,0.022647498074950808
18643.0,-0.2479960465440324
18644.0,0.003474773488941815
18645.0,0.3116977440984308
18646.0,0.3170585125800289
18647.0,0.0548862855664926
18648.0,-0.3486032081590418
18649.0,-0.4789752610042535
18650.0,-0.001291037831296351
18651.0,0.7147541156748033
18652.0,0.5446750038908139
18653.0,-0.1263461238273614
18654.0,-0.42354426398188405
18655.0,-0.2660296618374661
18656.0,0.17391708243185908
18657.0,0.6299972603440149
18658.0,0.2691226070168196
18659.0,-0.4146562087302629
18660.0,-0.48092229265333664
18661.0,0.17707018101729788
18662.0,0.5524654888306724
18663.0,0.1239580515164899
18664.0,-0.7096344360963053
18665.0,-0.8258561653427905
18666.0,-0.09598054417319572
18667.0,0.585940892267248
18668.0,0.7156522890409763
18669.0,-0.13756891438039753
18670.0,-0.6844539154819251
18671.0,-0.30071527026207434
18672.0,0.7698774600820778
18673.0,0.7892733673281016
18674.0,-0.2460078826240362
18675.0,-1.1970455501350332
18676.0,-0.6919733252675171
18677.0,0.6046721980284823
18678.0,1.2514609880644556
18679.0,0.25714855753378196
18680.0,-0.875297465249246
18681.0,-0.8137540779070639
18682.0,0.09852351082461858
18683.0,0.9476818961237045
18684.0,0.8252950545520398
18685.0,-0.5216954074512965
18686.0,-1.016128822104566
18687.0,-0.37082702767699977
18688.0,0.9595129245506804
18689.0,1.0699894627984516
18690.0,-0.07403913813197777
18691.0,-0.9447816087045681
18692.0,-0.7111369190522318
18693.0,0.4597476265439604
18694.0,1.196164628713771
18695.0,0.4250976522107735
18696.0,-1.0153653692428972
18697.0,-1.3008127471563002
18698.0,0.02007603238808482
18699.0,1.4543342311142187
18700.0,1.1939105350517327
18701.0,-0.5368631258825912
18702.0,-1.546028355139884
18703.0,-0.75149438769364
18704.0,0.9929883482412675
18705.0,1.5379768696128793
18706.0,0.256261791200609
18707.0,-1.3528731480422975
18708.0,-1.375387763182228
18709.0,0.2137193217164573
18710.0,1.535918333371017
18711.0,0.8818377942642106
18712.0,-0.8974480117106541
18713.0,-1.5426951147245336
18714.0,-0.2124614887241439
18715.0,1.5273895359233913
18716.0,1.3655684826418117
18717.0,-0.7212071793121222
18718.0,-2.0646838484561285
18719.0,-0.8142777236480933
18720.0,1.5113554589560787
18721.0,1.9612300332789312
18722.0,-0.09101434514243907
18723.0,-2.2085782628180812
18724.0,-1.458959929181828
18725.0,1.1614334040929268
18726.0,2.5518527179876225
18727.0,0.6568660411578867
18728.0,-2.061544285895061
18729.0,-2.2512716514532123
18730.0,0.7007138083485639
18731.0,2.7863278055740883
18732.0,1.4694381885581447
18733.0,-1.480529598426603
18734.0,-2.8114230726488465
18735.0,-0.4619256372892192
18736.0,2.4342076087202558
18737.0,2.311916731031752
18738.0,-0.6475461461902047
18739.0,-2.6627140506433222
18740.0,-1.381029923838835
18741.0,1.4697143019651595
18742.0,2.4307879333484066
18743.0,0.5288293127708747
18744.0,-2.0137141916051
18745.0,-2.216224351744649
18746.0,0.3647068063469679
18747.0,2.6111313433607704
18748.0,1.4665619535369814
18749.0,-1.6051414727993747
18750.0,-2.8154271309635983
18751.0,-0.20912153551714113
18752.0,2.5537230448319077
18753.0,2.112759162862384
18754.0,-0.846533789607296
18755.0,-2.452684764797809
18756.0,-1.0044044693573846
18757.0,1.756370009605475
18758.0,2.3657729832677887
18759.0,0.11080572030725208
18760.0,-2.3076576424639828
18761.0,-1.6454108126698552
18762.0,1.1197434501140893
18763.0,2.4455681934358866
18764.0,0.5275477890580218
18765.0,-2.1074611984229947
18766.0,-2.234105658791564
18767.0,0.31005056824857474
18768.0,2.288510116965034
18769.0,1.369076541791999
18770.0,-1.2498564127060312
18771.0,-2.2967231774829555
18772.0,-0.5056598017866364
18773.0,1.9697224664041524
18774.0,2.1345852708021926
18775.0,-0.41589506602105725
18776.0,-2.5796574311550717
18777.0,-1.459798983175963
18778.0,1.455964163683612
18779.0,2.599567608150416
18780.0,0.34509969504769095
18781.0,-2.1501438522169876
18782.0,-1.7685570223971505
18783.0,0.7079109036892902
18784.0,2.2714235644174336
18785.0,1.034432288484146
18786.0,-1.6779222369210538
18787.0,-2.4839473678828172
18788.0,-0.3488900756603104
18789.0,2.3896705867998294
18790.0,2.2034165856977324
18791.0,-0.5671286063694463
18792.0,-2.4809358624552584
18793.0,-1.2815016109876927
18794.0,1.5696147404759946
18795.0,2.6718006077323047
18796.0,0.3664099338107559
18797.0,-2.405793181179052
18798.0,-1.9876901026946319
18799.0,0.8413308812113011
18800.0,2.6969583457724036
18801.0,1.1049000863615375
18802.0,-1.6441065136664006
18803.0,-2.5953827648366397
18804.0,-0.2690415782392657
18805.0,2.32197621801088
18806.0,1.8752718267287958
18807.0,-0.7881326485952961
18808.0,-2.5146998993759295
18809.0,-0.9332488036289764
18810.0,1.6464776745271796
18811.0,2.1941675153451206
18812.0,-0.1648362245012858
18813.0,-2.5350422153117256
18814.0,-1.7142145483790834
18815.0,0.9380266658475006
18816.0,2.300343696842055
18817.0,0.7452295320296588
18818.0,-1.9163288622758317
18819.0,-2.0685714779823665
18820.0,0.3951499019011476
18821.0,2.253559622452986
18822.0,1.1676939732242724
18823.0,-1.4444070824055601
18824.0,-2.384547215748466
18825.0,-0.38207575748799755
18826.0,1.8549553536561985
18827.0,1.8077689310734861
18828.0,-0.4682857015635386
18829.0,-1.97523535795775
18830.0,-0.8017901099303266
18831.0,1.4243151423988787
18832.0,1.8946182341884175
18833.0,-0.060830630890746626
18834.0,-1.8997484164805776
18835.0,-1.180383324213981
18836.0,0.8374378141335532
18837.0,1.7823624205407331
18838.0,0.44081011922630414
18839.0,-1.4998722873925299
18840.0,-1.3892640239579526
18841.0,0.6366883922225085
18842.0,2.0694336761704686
18843.0,1.0596640455491968
18844.0,-1.312435550955287
18845.0,-1.6948375461590726
18846.0,-0.2704435948810335
18847.0,1.492549758472254
18848.0,1.4361387864813284
18849.0,-0.35887073362940497
18850.0,-1.6762853170788152
18851.0,-0.9089215928652142
18852.0,0.9412939168550759
18853.0,1.8266549729239394
18854.0,0.5483106302878766
18855.0,-1.478604536294072
18856.0,-1.6710471225817014
18857.0,0.2204282326491613
18858.0,2.026596905360561
18859.0,1.186008112316188
18860.0,-1.218615770245024
18861.0,-2.0957401439608456
18862.0,-0.12776523019863859
18863.0,1.9406266573666762
18864.0,1.484421073487758
18865.0,-0.8136801220531645
18866.0,-1.9430243413129846
18867.0,-0.6455824643585273
18868.0,1.421094920350485
18869.0,1.841132743102515
18870.0,-0.05131097940918918
18871.0,-1.9444171951936962
18872.0,-1.384925973208944
18873.0,0.9262495616317571
18874.0,1.9134845164139205
18875.0,0.46880497507883867
18876.0,-1.5422958202953831
18877.0,-1.2921940256439313
18878.0,0.7408366182762997
18879.0,1.941217403371728
18880.0,0.4737843384261761
18881.0,-1.726812299092322
18882.0,-1.823522233248386
18883.0,0.5000944473125416
18884.0,2.2848781298090857
18885.0,1.156366148749053
18886.0,-1.3530880205400568
18887.0,-2.0210385337647354
18888.0,-0.1845893940500132
18889.0,2.0054432061151455
18890.0,1.3481472189969292
18891.0,-0.6507917149000586
18892.0,-1.7634601512263308
18893.0,-0.8017478764691447
18894.0,1.3093593550483615
18895.0,1.7277929717225686
18896.0,-0.01857637833876696
18897.0,-1.6952086943429525
18898.0,-1.0293408892532965
18899.0,0.7649691043302529
18900.0,1.4526056938607552
18901.0,0.2735016116729487
18902.0,-1.2926606385467605
18903.0,-1.084931909275582
18904.0,0.47484025104226746
18905.0,1.6663663164021032
18906.0,0.7661345354330363
18907.0,-1.4100028534024989
18908.0,-2.0505798080118867
18909.0,-0.15053895997697683
18910.0,1.9337362112211602
18911.0,1.474755233911014
18912.0,-0.9891426890779854
18913.0,-2.1222902874366762
18914.0,-0.687292587632862
18915.0,1.6781253803571154
18916.0,1.9704318073413782
18917.0,-0.22624124541185642
18918.0,-2.192346934683882
18919.0,-1.3268769245256837
18920.0,1.0633873945101482
18921.0,2.401755960787002
18922.0,0.8819032472517394
18923.0,-1.8026870205652807
18924.0,-2.6273847622284716
18925.0,-0.22917768361127766
18926.0,2.3716844513900703
18927.0,1.9102953355295231
18928.0,-0.9391433651260956
18929.0,-2.6725576056679214
18930.0,-0.9754569173888826
18931.0,2.1861610315915794
18932.0,2.907663774729928
18933.0,-0.05819984918209397
18934.0,-2.8358415205676515
18935.0,-2.28563359954123
18936.0,0.9073651195865474
18937.0,3.0699660491282406
18938.0,1.213174610232816
18939.0,-2.364431897924942
18940.0,-2.8195281647704844
18941.0,0.4962280004519844
18942.0,3.120389229821864
18943.0,1.918256676188315
18944.0,-1.5452475703884818
18945.0,-3.0050159262420904
18946.0,-0.7123911844844245
18947.0,2.4774843964188333
18948.0,2.540135682721299
18949.0,-0.24284994468114363
18950.0,-2.5020495491874124
18951.0,-1.3491293897129257
18952.0,1.4499907136266723
18953.0,2.443749042989989
18954.0,0.4114394590576816
18955.0,-2.2450086081555485
18956.0,-1.8948460383612793
18957.0,0.7202787786815473
18958.0,2.244889739700298
18959.0,0.9750099112261593
18960.0,-1.6750990666400518
18961.0,-2.273491814324195
18962.0,0.11135725805259745
18963.0,2.452956506095163
18964.0,1.6513479535187432
18965.0,-1.435982036377939
18966.0,-2.757356341034419
18967.0,-0.7584271384839127
18968.0,2.1512789574796214
18969.0,2.2897951180727887
18970.0,-0.5606144984133149
18971.0,-2.694878006798742
18972.0,-1.305345878068547
18973.0,1.7237667537390138
18974.0,2.3357167792893048
18975.0,-0.13554268058807398
18976.0,-2.4502447021387312
18977.0,-1.802265472614495
18978.0,1.0114509380217893
18979.0,2.478644091189042
18980.0,0.9588602653923712
18981.0,-1.9541766975126273
18982.0,-2.111713153391644
18983.0,0.4923230806588856
18984.0,2.4992730233771656
18985.0,1.1336504121088824
18986.0,-1.6018187047314596
18987.0,-2.3536680038614097
18988.0,-0.018948857183735058
18989.0,2.3694786245019643
18990.0,1.630764155305716
18991.0,-1.263798469929398
18992.0,-2.431152460068523
18993.0,-0.5660684732811007
18994.0,1.9435018215586783
18995.0,2.0316148857620275
18996.0,-0.43429150654839355
18997.0,-2.295226899842367
18998.0,-1.145421975547802
18999.0,1.3743406783077883
19000.0,2.1447838372754413
19001.0,-0.007123892160648316
19002.0,-2.1655695368830066
19003.0,-1.5178770904734507
19004.0,1.2303410971869098
19005.0,2.4996175872396282
19006.0,0.5602936861646297
19007.0,-2.331214078208109
19008.0,-2.2810190809657023
19009.0,0.46853286301195607
19010.0,2.4719936706315466
19011.0,1.475003732624486
19012.0,-1.3315622732478887
19013.0,-2.273135384897716
19014.0,-0.45707624242429107
19015.0,1.9432159825237514
19016.0,1.761593284542434
19017.0,-0.5077001044839387
19018.0,-1.9669632005168316
19019.0,-0.8122810660047711
19020.0,1.1822988089094355
19021.0,1.754371053231836
19022.0,0.08135773630951787
19023.0,-1.6021940459835722
19024.0,-1.0850882075507446
19025.0,1.0767837901045663
19026.0,1.9238855996376178
19027.0,0.39273640348491073
19028.0,-1.5066550028272336
19029.0,-1.6168601626318584
19030.0,0.13463087306931446
19031.0,1.5627701661583768
19032.0,0.9225735885593834
19033.0,-0.8179099835113344
19034.0,-1.4051445387591237
19035.0,-0.11964612015328915
19036.0,1.005296154915598
19037.0,0.7458482923449407
19038.0,-0.21778456244640915
19039.0,-0.8645987882505703
19040.0,-0.4860553448853945
19041.0,0.6608386470155989
19042.0,0.792313575386229
19043.0,0.08075864501934303
19044.0,-0.4881531030467113
19045.0,-0.2714239915644635
19046.0,0.19552275605964917
19047.0,0.4190454451886728
19048.0,-0.088918954672375
19049.0,-0.42723384508817513
19050.0,-0.2020954337166403
19051.0,0.19514463013945232
19052.0,0.28725511465246767
19053.0,-0.13528276545352333
19054.0,-0.4129959670184796
19055.0,-0.17872920077739168
19056.0,0.139176849322202
19057.0,0.18564030687100805
19058.0,0.046458152857167645
19059.0,0.012568351770065704
19060.0,-0.06832583324962521
19061.0,-0.13005088787371194
19062.0,-0.0499795672772763
19063.0,0.27182353521748753
19064.0,0.20466350385311258
19065.0,-0.04892663272688393
19066.0,-0.3783376251442247
19067.0,0.10225760625221295
19068.0,0.5858168606645509
19069.0,0.2472920271334977
19070.0,-0.5690778489714766
19071.0,-0.6660316206329777
19072.0,0.04366901318919716
19073.0,0.787294593365805
19074.0,0.4421988882939032
19075.0,-0.27271640499759936
19076.0,-0.5848775287093965
19077.0,0.017627077435866834
19078.0,0.5941818397093923
19079.0,0.4223511449038795
19080.0,-0.16243010546926162
19081.0,-0.6352306237145826
19082.0,-0.3365815511600915
19083.0,0.01646582486109773
19084.0,0.11498029522731242
19085.0,0.030750850814393802
19086.0,-0.060795499919714335
19087.0,0.059385851178987537
19088.0,0.17880597105587387
19089.0,-0.04476437653143221
19090.0,-0.21414583183200703
19091.0,-0.1000166912847128
19092.0,0.10693527476396471
19093.0,0.3359921162027235
19094.0,0.19392483760014265
19095.0,-0.18537163536579135
19096.0,-0.3154769384428284
19097.0,0.0025324844813111908
19098.0,0.28120366786335166
19099.0,0.2575726030465234
19100.0,-0.02515290291487843
19101.0,-0.46968746991654386
19102.0,-0.3546962934561062
19103.0,0.09442034840405832
19104.0,0.31113127899391857
19105.0,0.31035916733862207
19106.0,0.10359938524282802
19107.0,-0.4030152133298991
19108.0,-0.45944826190269455
19109.0,-0.07598207820101864
19110.0,0.2198330000193374
19111.0,0.2096124748943584
19112.0,0.16970429847583404
19113.0,0.040792211248111526
19114.0,-0.047532310046962366
19115.0,-0.12957781544726704
19116.0,-0.3086246517820287
19117.0,-0.1280528931074363
19118.0,0.2961884392176938
19119.0,0.43707364908126806
19120.0,-0.05387181432072064
19121.0,-0.4421190932544902
19122.0,-0.09199100696570767
19123.0,0.49429214095721635
19124.0,0.3328607692323616
19125.0,-0.18513531717912277
19126.0,-0.557679858869873
19127.0,-0.07082204734574334
19128.0,0.43528876924780047
19129.0,0.5029799965395577
19130.0,0.20883719228820327
19131.0,-0.39842914628301895
19132.0,-0.601080505778439
19133.0,-0.08535306460464502
19134.0,0.42549512030722275
19135.0,0.2186630507672406
19136.0,-0.07537306544858963
19137.0,-0.29236951742556755
19138.0,-0.27042124288884517
19139.0,0.09643644305985576
19140.0,0.31960509600332204
19141.0,0.35328942250917
19142.0,0.0013439646344696535
19143.0,-0.304212052174662
19144.0,-0.10436110265138406
19145.0,0.4748666798250982
19146.0,0.5624303852201817
19147.0,-0.08385527074816776
19148.0,-0.6700427030128902
19149.0,-0.40057015771033155
19150.0,0.35808816226443607
19151.0,0.7708296975787795
19152.0,0.3924678133635967
19153.0,-0.3612238339762483
19154.0,-0.7384232648891356
19155.0,0.01026276002100984
19156.0,0.7173761834174702
19157.0,0.5892476093152941
19158.0,-0.22094936697161435
19159.0,-0.7496376188749545
19160.0,-0.45173242020682863
19161.0,0.4331080473258152
19162.0,0.8641238702976007
19163.0,0.06566056687066618
19164.0,-0.6249350678956125
19165.0,-0.5244975169589715
19166.0,0.07992809171033198
19167.0,0.4975128181213777
19168.0,0.41863651753555325
19169.0,-0.22572890789003985
19170.0,-0.6386681472431364
19171.0,-0.08836206294946755
19172.0,0.35251268442796774
19173.0,0.44319988077388445
19174.0,-0.03766471443083766
19175.0,-0.3595049783298946
19176.0,-0.418063082288568
19177.0,-0.27544008504247486
19178.0,0.24507266392791233
19179.0,0.47055489102400144
19180.0,0.05993034662855467
19181.0,-0.3500431748874997
19182.0,-0.5473804938205821
19183.0,0.009364877833667896
19184.0,0.4953817005628064
19185.0,0.2615112697072943
19186.0,-0.4564809371042961
19187.0,-0.6285117028303385
19188.0,-0.14438349941471726
19189.0,0.49603229731680537
19190.0,0.6954845627892994
19191.0,0.019279380097063502
19192.0,-0.6945302869005199
19193.0,-0.5077550744162985
19194.0,0.32835899153432296
19195.0,0.9395848792500492
19196.0,0.4213365958510724
19197.0,-0.49454262374136904
19198.0,-1.0925845354901464
19199.0,-0.20580739700223263
19200.0,0.9320873261580905
19201.0,0.9782557060316011
19202.0,-0.11533417245769684
19203.0,-0.8188507722481349
19204.0,-0.7054490371049925
19205.0,0.2104391991430762
19206.0,0.9594408900733715
19207.0,0.4254966007880116
19208.0,-0.755862152697854
19209.0,-0.7886754046992881
19210.0,0.06758489254235107
19211.0,0.6505789089415275
19212.0,0.3757409834755457
19213.0,-0.19406523717318297
19214.0,-0.45352630379331654
19215.0,-0.26854026136507003
19216.0,-0.024446458911795865
19217.0,0.27124763079374503
19218.0,0.2831735437607159
19219.0,0.06003903530500933
19220.0,-0.24581808473180847
19221.0,0.055750775326878416
19222.0,0.467066011986298
19223.0,0.45049453820460694
19224.0,-0.0015127559119244968
19225.0,-0.6775802677760979
19226.0,-0.4174699524585071
19227.0,0.31010707843026564
19228.0,0.7142299737771215
19229.0,0.377229494495339
19230.0,-0.2596597910819827
19231.0,-0.2785425590355862
19232.0,0.030849159020638884
19233.0,0.22986204094935062
19234.0,0.03568903920327425
19235.0,-0.24124065820216883
19236.0,-0.19560269385906576
19237.0,0.19942913947189667
19238.0,0.407451467263582
19239.0,0.09059110944693806
19240.0,-0.1765899180698182
19241.0,-0.24376097914893002
19242.0,-0.13687686781014974
19243.0,0.1060497326606435
19244.0,0.3381110811801133
19245.0,0.11942850054102791
19246.0,-0.35190475450652703
19247.0,-0.6544051974505639
19248.0,-0.2763788954572669
19249.0,0.6501108928156522
19250.0,0.7286192983213451
19251.0,-0.031190387230337693
19252.0,-0.6804805953198108
19253.0,-0.7490120789431745
19254.0,0.17164943808571415
19255.0,0.912741240793943
19256.0,0.4731453619820093
19257.0,-0.6160585212389132
19258.0,-1.0567418736873562
19259.0,-0.13627408206025643
19260.0,0.6666518654269068
19261.0,0.6529497147578444
19262.0,-0.17583983482794696
19263.0,-0.7392853118898114
19264.0,-0.6088960730237436
19265.0,0.21005479448957318
19266.0,0.9843032314324528
19267.0,0.5774396663971878
19268.0,-0.5162401728016989
19269.0,-0.9112113331315886
19270.0,-0.16640900788343027
19271.0,0.8392395396763254
19272.0,0.7172558303427099
19273.0,-0.1604434163854255
19274.0,-0.7438416414389535
19275.0,-0.034341167827246694
19276.0,0.7161792750678893
19277.0,0.6996730703003327
19278.0,-0.16558656206214492
19279.0,-0.988402276671751
19280.0,-0.6452176456028605
19281.0,0.5262480956705821
19282.0,1.0078736562232076
19283.0,0.29244225368952137
19284.0,-0.6246678860033356
19285.0,-0.8000044730843122
19286.0,0.02789596839481138
19287.0,0.9267977899944314
19288.0,0.5197717942038255
19289.0,-0.6754275066914937
19290.0,-1.0933100407392409
19291.0,-0.11845163097979111
19292.0,1.0844782667435044
19293.0,1.0407234660049338
19294.0,-0.3160771823089733
19295.0,-1.0734048431101315
19296.0,-0.49125670229107615
19297.0,0.7589078471620284
19298.0,1.0205397130487301
19299.0,0.25460143756144266
19300.0,-0.9082508750422815
19301.0,-0.7225489933156285
19302.0,0.30544139554415967
19303.0,1.0751240487255562
19304.0,0.7210759728605883
19305.0,-0.5344457229064029
19306.0,-1.0720922801059047
19307.0,-0.2404608682232502
19308.0,0.9498395189367282
19309.0,0.8371973385396583
19310.0,-0.09744060605713784
19311.0,-0.7481473122952375
19312.0,-0.5890551192639895
19313.0,0.4962380259910912
19314.0,0.9785517076551723
19315.0,0.1792856212935531
19316.0,-0.9636742186192208
19317.0,-0.8191957944539734
19318.0,0.44630040305662555
19319.0,1.3356590468140397
19320.0,0.47135278354299526
19321.0,-0.8522433071152722
19322.0,-1.2315469919205524
19323.0,0.17984597755104356
19324.0,1.3945747975333966
19325.0,1.0547542840302666
19326.0,-0.6956613069468258
19327.0,-1.5654264069767563
19328.0,-0.2406081690248158
19329.0,1.3703374286563363
19330.0,1.270129560324537
19331.0,-0.2738805833607466
19332.0,-1.4908483188503427
19333.0,-0.817084561751677
19334.0,0.9239380028730195
19335.0,1.5272406302649157
19336.0,0.17397660227302694
19337.0,-1.3754025737606965
19338.0,-1.3798993862586686
19339.0,0.26377885955099994
19340.0,1.725338761153219
19341.0,0.7576012187148613
19342.0,-1.1017607375600056
19343.0,-1.4044217425860217
19344.0,0.30568652984894606
19345.0,1.790115793608098
19346.0,1.1001534786309026
19347.0,-0.8363288513854652
19348.0,-1.469002266487635
19349.0,-0.17414204429619048
19350.0,1.3314322709314477
19351.0,1.1550106449006803
19352.0,-0.4587707687917123
19353.0,-1.4132852075600129
19354.0,-0.6286894149052392
19355.0,0.9815835187227232
19356.0,1.4503055612795874
19357.0,0.14968984059694007
19358.0,-1.1525619284458897
19359.0,-0.9804592575454996
19360.0,0.45990505178257185
19361.0,1.116838138934382
19362.0,0.5249158117131886
19363.0,-0.5715868773853523
19364.0,-0.9414086987310011
19365.0,-0.21181190037376862
19366.0,0.7339933898013743
19367.0,0.7373970676424547
19368.0,-0.2832904576675606
19369.0,-0.9114808875134267
19370.0,-0.17136660074775378
19371.0,0.5751663351656264
19372.0,0.6647488115844713
19373.0,-0.0958208956346821
19374.0,-0.7481367211354335
19375.0,-0.6423217335834204
19376.0,0.3251729360569481
19377.0,0.8452181145140196
19378.0,0.2824679752151553
19379.0,-0.9461510065032629
19380.0,-1.0057322266592357
19381.0,0.25124657064000594
19382.0,1.16821571125644
19383.0,0.7350635407147924
19384.0,-0.5974664204575874
19385.0,-1.302146760727341
19386.0,-0.3371364234833964
19387.0,1.0080401996600856
19388.0,1.0258285832630059
19389.0,-0.4169364759020397
19390.0,-1.5281420876202183
19391.0,-0.5651339091413069
19392.0,1.153732736893423
19393.0,1.5207010757685453
19394.0,0.12074223479586976
19395.0,-1.3982239960817788
19396.0,-1.2477055305491918
19397.0,0.4113866707201355
19398.0,1.3372429050926147
19399.0,0.1958618547897238
19400.0,-1.0961463723400016
19401.0,-0.9505996423017518
19402.0,0.3849252147901796
19403.0,1.0982368598323313
19404.0,0.4600218253341331
19405.0,-0.825705781909477
19406.0,-1.0698179372510774
19407.0,0.032705118602799545
19408.0,1.1260006238769815
19409.0,0.7909210128072238
19410.0,-0.5174276889592287
19411.0,-1.022121842982905
19412.0,-0.22357942148869064
19413.0,0.8706077684237293
19414.0,0.9172323091231832
19415.0,-0.24822692573554836
19416.0,-0.9850463906908187
19417.0,-0.6400521575407156
19418.0,0.581556679928676
19419.0,0.9357136767718057
19420.0,0.029089350749008265
19421.0,-0.9515789822075098
19422.0,-0.7066514300488685
19423.0,0.4382640551827482
19424.0,1.2679151588206325
19425.0,0.5088481426422804
19426.0,-0.6699272450360177
19427.0,-1.2444764899696996
19428.0,-0.3039370263903638
19429.0,1.0920897071011162
19430.0,1.0626510875775708
19431.0,-0.20024839974894976
19432.0,-1.127386843098276
19433.0,-0.7985212936003035
19434.0,0.6679732681987594
19435.0,1.029623019026083
19436.0,0.11922558769213851
19437.0,-0.8801649288649434
19438.0,-0.7874978582332575
19439.0,0.3479249887211388
19440.0,0.9468812204664178
19441.0,0.4584140494866482
19442.0,-0.5266996012425242
19443.0,-0.8346725077943304
19444.0,-0.29845260243210064
19445.0,0.7417510184218153
19446.0,0.6505742876235334
19447.0,-0.23168906965224556
19448.0,-0.7514975820766077
19449.0,-0.45469571588507945
19450.0,0.5048759219070267
19451.0,0.847687778042771
19452.0,0.10761012054473432
19453.0,-0.8348432911446297
19454.0,-0.6156108749806904
19455.0,0.479242848261317
19456.0,1.1268606915470416
19457.0,0.3880229309387463
19458.0,-0.7729779330489331
19459.0,-1.1569060692628121
19460.0,-0.1750506703576524
19461.0,0.8346241769528461
19462.0,0.7604202226721932
19463.0,-0.24925504904585938
19464.0,-0.7967011819401355
19465.0,-0.31071137138195426
19466.0,0.6178956841910888
19467.0,0.8994147643593423
19468.0,0.21895591596233283
19469.0,-0.7821678395128239
19470.0,-0.8057900477888857
19471.0,0.10561473215502375
19472.0,0.7104857406946226
19473.0,0.35486832521797984
19474.0,-0.5753201268589343
19475.0,-0.6846672944403965
19476.0,-0.14198265756279407
19477.0,0.7702179756928045
19478.0,0.9256869590235802
19479.0,0.10852441705617416
19480.0,-0.9441827968613093
19481.0,-0.8976017326546764
19482.0,0.17651634929263568
19483.0,1.3288942336934881
19484.0,0.6763339051949754
19485.0,-0.9456679040203622
19486.0,-1.2271104066961025
19487.0,0.019481984473557284
19488.0,1.229274280576512
19489.0,0.8109772374491022
19490.0,-0.6840445910403334
19491.0,-1.182473513241576
19492.0,-0.17978955856196335
19493.0,1.0694476966145305
19494.0,0.9049769701046159
19495.0,-0.14836787368781928
19496.0,-0.7624645231933289
19497.0,-0.4076605092216737
19498.0,0.5650079749755691
19499.0,0.7955818787801979
19500.0,0.03746971129663803
19501.0,-0.6561442869629159
19502.0,-0.4360601701212468
19503.0,0.3139714026671085
19504.0,0.6380342786469073
19505.0,0.03897898275819557
19506.0,-0.48352295266465584
19507.0,-0.42580968102608613
19508.0,0.20182490306091946
19509.0,0.5720846258220383
19510.0,0.34338171450068733
19511.0,-0.1828643312226898
19512.0,-0.44049220994182564
19513.0,-0.08326910809930277
19514.0,0.5289506062670988
19515.0,0.5284550724378106
19516.0,-0.20245231356831367
19517.0,-0.48138279304485215
19518.0,-0.21024783288163112
19519.0,0.4763599796940213
19520.0,0.4236295422484375
19521.0,-0.1643635242941354
19522.0,-0.6728243538490862
19523.0,-0.3149464141169101
19524.0,0.47593275600273527
19525.0,0.6992092140785526
19526.0,0.23565517811165526
19527.0,-0.6381804792451322
19528.0,-0.4425308011663284
19529.0,0.20210619378212133
19530.0,0.6722908120124904
19531.0,0.42296398218852543
19532.0,-0.27397477525641717
19533.0,-0.5745223338323303
19534.0,-0.31757231180209383
19535.0,0.10217730700485324
19536.0,0.44512592915173427
19537.0,0.1459511539337926
19538.0,-0.3973414705703473
19539.0,-0.4314205999531937
19540.0,0.004271855780583889
19541.0,0.5081865764180533
19542.0,0.22109271636279557
19543.0,-0.26850172179071125
19544.0,-0.3373316534087687
19545.0,-0.07267883638646963
19546.0,0.26037765771163984
19547.0,0.33485526095705265
19548.0,0.06354391093016633
19549.0,-0.2798418358904779
19550.0,-0.16683401400300202
19551.0,0.40379914997979854
19552.0,0.10592901860058182
19553.0,-0.4700093027436531
19554.0,-0.6421508197544731
19555.0,-0.062439407603314845
19556.0,0.6271970486302227
19557.0,0.5694856674422799
19558.0,-0.15132370303754913
19559.0,-0.8308118987024037
19560.0,-0.48326545278025
19561.0,0.5672154964732017
19562.0,0.7840865230748354
19563.0,0.09094435744898254
19564.0,-0.6796539902690084
19565.0,-0.6611670824715197
19566.0,-0.009326394275926884
19567.0,0.5250944044364009
19568.0,0.4336918597694179
19569.0,-0.4120028781859257
19570.0,-0.7868016965763975
19571.0,-0.060710681585633405
19572.0,0.7683436050006185
19573.0,0.5068022064863037
19574.0,-0.557969356952596
19575.0,-0.8933125918258659
19576.0,-0.36519337292955045
19577.0,0.7848945486089051
19578.0,0.7530771296146795
19579.0,-0.454298463720122
19580.0,-1.010094724034071
19581.0,-0.3102733512911963
19582.0,0.6974701828182756
19583.0,0.8127662355213063
19584.0,-0.31395668513151814
19585.0,-1.116055475879778
19586.0,-0.6093463753424161
19587.0,0.9803148077690051
19588.0,1.274290533984905
19589.0,0.017938236786392007
19590.0,-1.3743738364627882
19591.0,-0.9210741797348508
19592.0,0.7750774140359903
19593.0,1.4510845025823842
19594.0,0.41379218652101424
19595.0,-1.1771778912807682
19596.0,-1.1948333028786395
19597.0,0.3941277175692887
19598.0,1.4196889512575983
19599.0,0.7995198457157997
19600.0,-0.6130196918068106
19601.0,-0.9593488940138124
19602.0,-0.27119383943497355
19603.0,0.7546616570828139
19604.0,0.5698560179287525
19605.0,-0.23060762662757459
19606.0,-0.9606375623424339
19607.0,-0.44074971860344586
19608.0,0.6803709198475422
19609.0,0.9399327630888247
19610.0,0.053166090722599126
19611.0,-0.7950158560869588
19612.0,-0.4963265776450595
19613.0,0.7309480465440193
19614.0,0.9858942710854411
19615.0,-0.04542739501568129
19616.0,-1.0999775943308925
19617.0,-0.6787813271169489
19618.0,0.5066985420493705
19619.0,1.019527876974918
19620.0,0.19170383317977138
19621.0,-0.9032146467531258
19622.0,-0.7458810339672307
19623.0,0.655220344119264
19624.0,1.1688072129195304
19625.0,0.20158418908070475
19626.0,-1.0997661826747644
19627.0,-1.005180859095262
19628.0,0.5124967825164785
19629.0,1.072141869469972
19630.0,0.3681134828758726
19631.0,-0.9688804571487938
19632.0,-0.89077971625963
19633.0,0.21363686357887224
19634.0,1.0302066917767845
19635.0,0.5554849255840447
19636.0,-0.6500038580225317
19637.0,-0.5852367399795911
19638.0,0.042027021111742724
19639.0,0.8693577289319925
19640.0,0.8390103425218493
19641.0,-0.21282371585056725
19642.0,-1.013038124529766
19643.0,-0.5002800952199884
19644.0,0.30967627919147356
19645.0,0.7611509411978613
19646.0,0.0031994439206328457
19647.0,-0.7610311288396509
19648.0,-0.7556347879108143
19649.0,0.0016972401917084367
19650.0,0.5904462501519833
19651.0,0.5519468891963949
19652.0,-0.1093332117970621
19653.0,-0.6168460581659329
19654.0,-0.20669053138341092
19655.0,0.47001171099343025
19656.0,0.5139288686102199
19657.0,-0.02962467993936107
19658.0,-0.5245618800920876
19659.0,-0.13547504513306013
19660.0,0.4000732893875734
19661.0,0.48087293178485774
19662.0,-0.07386944786009861
19663.0,-0.2727577236747035
19664.0,0.13549675721596063
19665.0,0.2671818332619075
19666.0,0.07528778909700198
19667.0,-0.10045033686829281
19668.0,-0.2220928239741521
19669.0,-0.21076140330877619
19670.0,0.0298012311450932
19671.0,0.09844666128840285
19672.0,-0.021568422635191615
19673.0,-0.18136356012043717
19674.0,-0.06211701168851446
19675.0,0.3063458813747315
19676.0,0.4185057601779004
19677.0,0.09935528266600313
19678.0,-0.2947545591564862
19679.0,-0.4805981354951849
19680.0,0.0490610634750122
19681.0,0.3545524817930419
19682.0,0.061315176195134075
19683.0,-0.2786164317460634
19684.0,-0.23567561895792008
19685.0,-0.26201665539946106
19686.0,0.12396871246590878
19687.0,0.4548756115419671
19688.0,0.13558723310670492
19689.0,-0.22290773072083908
19690.0,-0.31310986405496205
19691.0,-0.06835453579654588
19692.0,0.3190574351889405
19693.0,0.44715547807965317
19694.0,-0.15330843043422526
19695.0,-0.3847827181644982
19696.0,-0.22144825671356125
19697.0,0.4607785108613416
19698.0,0.4672223511125855
19699.0,-0.1486440479598461
19700.0,-0.598229722652041
19701.0,-0.437785131659177
19702.0,0.18733928403498581
19703.0,0.39606520600505346
19704.0,0.09909626808058959
19705.0,-0.38433330876190797
19706.0,-0.3442072263700166
19707.0,0.06474583609471887
19708.0,0.37978022998922956
19709.0,0.036884234456590316
19710.0,-0.31191002067331103
19711.0,-0.4943515340347268
19712.0,0.008623660611994807
19713.0,0.6593282217876087
19714.0,0.6641212775398868
19715.0,-0.1720074492839566
19716.0,-0.7290905430855491
19717.0,-0.24361495509735562
19718.0,0.43099823219331196
19719.0,0.5417985362241932
19720.0,-0.08910303049013862
19721.0,-0.7043054004391137
19722.0,-0.24855591880587402
19723.0,0.8158366492429394
19724.0,1.0871477032865373
19725.0,-0.10543576940544089
19726.0,-1.0464230836414767
19727.0,-0.6290182484381053
19728.0,0.5452586740631443
19729.0,1.19147320068349
19730.0,0.3401389655483403
19731.0,-0.9405760170329586
19732.0,-1.0024301004527314
19733.0,0.4789403183959358
19734.0,1.31818310124523
19735.0,0.557499673224827
19736.0,-0.9366480880717197
19737.0,-1.2820863664113729
19738.0,-0.04552066073359912
19739.0,1.107810423277405
19740.0,0.8651860115420089
19741.0,-0.2373409149285292
19742.0,-1.2159029425501509
19743.0,-0.5531629466224848
19744.0,0.6003564279995597
19745.0,0.9152294356055746
19746.0,0.3688185802126382
19747.0,-0.8129032355663407
19748.0,-1.31202044699242
19749.0,-0.27962718645765516
19750.0,1.1768108860926672
19751.0,1.1673794575844034
19752.0,-0.25807830657440106
19753.0,-1.1804553818999155
19754.0,-0.9776481641923732
19755.0,0.363555143748674
19756.0,1.1601861810972223
19757.0,0.6670273485472124
19758.0,-0.7489743029436333
19759.0,-1.2420737405081848
19760.0,-0.09424829130252897
19761.0,1.127858154431148
19762.0,0.8607769420918179
19763.0,-0.6578321871964777
19764.0,-1.099857487477081
19765.0,-0.09349083998615934
19766.0,0.825666322375178
19767.0,0.7389311248161136
19768.0,-0.23801397654768094
19769.0,-1.0634885900410127
19770.0,-0.3705568915638287
19771.0,0.669040157364829
19772.0,0.8492611865501679
19773.0,0.14867958875371087
19774.0,-0.5805491031842073
19775.0,-0.6389668569119292
19776.0,0.0702297249702383
19777.0,0.4704945721733886
19778.0,0.35071311352001383
19779.0,-0.1511981744503356
19780.0,-0.5661743555814612
19781.0,-0.23768187954938752
19782.0,0.3381917087707874
19783.0,0.27730155167165654
19784.0,-0.04762602796549589
19785.0,-0.3475292001443823
19786.0,-0.22932566345757702
19787.0,0.4861819864344421
19788.0,0.35341323470572233
19789.0,-0.4650397957778433
19790.0,-0.7099500589322805
19791.0,0.045994107372251486
19792.0,0.679579764626257
19793.0,0.47612778555601004
19794.0,-0.5751080203590349
19795.0,-0.8089814430696118
19796.0,-0.100414156008941
19797.0,0.7431182594550853
19798.0,0.8432118419728196
19799.0,-0.07684684181491483
19800.0,-1.0188730888902653
19801.0,-0.6045052501308306
19802.0,0.35275319969048813
19803.0,0.8216056509609273
19804.0,0.41424561757877604
19805.0,-0.5724639374686764
19806.0,-0.8625638819733068
19807.0,-0.23797416837311997
19808.0,0.9321711304842469
19809.0,0.8004583075637599
19810.0,-0.4488665864661771
19811.0,-0.9062918522235585
19812.0,-0.16294072607967872
19813.0,0.5619695443234182
19814.0,0.5598518394300125
19815.0,0.09508813251321777
19816.0,-0.6713323292143503
19817.0,-0.5524802048725682
19818.0,0.32748773138323023
19819.0,0.9912529831557264
19820.0,0.2847238353669786
19821.0,-0.7555931489911194
19822.0,-0.8033786882127784
19823.0,0.06780844823155945
19824.0,0.8564425893423006
19825.0,0.52129778798199
19826.0,-0.42139855054388914
19827.0,-1.1191617152679407
19828.0,-0.48599927381693714
19829.0,0.6485653789693989
19830.0,1.0466159529290218
19831.0,0.347348188596501
19832.0,-0.7614657520129219
19833.0,-0.8219119945519968
19834.0,0.26172306681421115
19835.0,1.2035105006878313
19836.0,0.5936269673337312
19837.0,-0.694413775174158
19838.0,-1.1965208977968502
19839.0,-0.042493267685398024
19840.0,1.3393708205373844
19841.0,0.9245424651907794
19842.0,-0.735084103660442
19843.0,-1.5588974494946768
19844.0,-0.4601588334627087
19845.0,1.0580121486558474
19846.0,1.2605523030389276
19847.0,-0.0022876501407490192
19848.0,-1.381320964060194
19849.0,-1.00819862776205
19850.0,0.8623432386390986
19851.0,1.3995188131915368
19852.0,0.051736277991088084
19853.0,-1.5792041042989942
19854.0,-1.3737459147157371
19855.0,0.5447409255485559
19856.0,1.9547775252071455
19857.0,0.9667669775502895
19858.0,-1.376115871708355
19859.0,-2.097425303708579
19860.0,-0.14164605266135613
19861.0,1.9685471716085887
19862.0,1.7526636042474142
19863.0,-0.40082882941679937
19864.0,-1.9733943230409872
19865.0,-1.0444133802990936
19866.0,1.2606474167440695
19867.0,2.0126930427912004
19868.0,0.23113061736259474
19869.0,-1.998794580306102
19870.0,-1.657049069891283
19871.0,0.6723733907235533
19872.0,2.0693481943271474
19873.0,0.8973363774559078
19874.0,-1.6354715342313888
19875.0,-2.1576571992549196
19876.0,-0.02176118731498007
19877.0,2.227896875955621
19878.0,1.5478017556783
19879.0,-0.9771289592839465
19880.0,-2.2547041979080347
19881.0,-0.7618972098612719
19882.0,1.7070496118729115
19883.0,2.0191128154841014
19884.0,-0.1381301936475996
19885.0,-1.9502747437553232
19886.0,-1.5276353677378847
19887.0,1.0221917415009378
19888.0,2.132444955369326
19889.0,0.5689496183229854
19890.0,-1.7076997481051353
19891.0,-1.8647636129397305
19892.0,0.37112547420029196
19893.0,2.1908966658828866
19894.0,1.227235844041944
19895.0,-1.2183847542515502
19896.0,-2.1128900684554983
19897.0,-0.3099907645976931
19898.0,2.137534447556556
19899.0,1.9022422709611435
19900.0,-0.7373948153120095
19901.0,-2.516702874972148
19902.0,-0.933198041441188
19903.0,1.8632636937090163
19904.0,2.4688190387685602
19905.0,0.1358992234925949
19906.0,-2.256568314456847
19907.0,-2.0089375372629816
19908.0,0.6149859170985847
19909.0,2.2937016202822007
19910.0,1.158565715126285
19911.0,-1.5339642430985054
19912.0,-2.152314275868474
19913.0,-0.003666079475855996
19914.0,2.107680956682347
19915.0,1.611561218556676
19916.0,-1.2400284908608266
19917.0,-2.3646829798507087
19918.0,-0.33370683522023264
19919.0,2.020248651006709
19920.0,1.5984272008709395
19921.0,-0.9926808195116676
19922.0,-2.44004284600187
19923.0,-0.8477913617358906
19924.0,1.9472218697670036
19925.0,2.25224588713102
19926.0,-0.21434494485467273
19927.0,-2.5095829841657995
19928.0,-1.5382955559851579
19929.0,1.2687240287724835
19930.0,2.6356743738092234
19931.0,0.6073929379229532
19932.0,-2.1130279450055616
19933.0,-1.9889743998988199
19934.0,0.8115302975596129
19935.0,2.7390466254238843
19936.0,1.0684274925839399
19937.0,-1.8932990749026708
19938.0,-2.4394580342714325
19939.0,0.04246827087422464
19940.0,2.3924948986202863
19941.0,1.5969099396154631
19942.0,-1.3362706583334925
19943.0,-2.503473325429958
19944.0,-0.5763868862382109
19945.0,2.2097123214749606
19946.0,2.132609486558288
19947.0,-0.5842909734321177
19948.0,-2.447867817141139
19949.0,-1.2549026658726206
19950.0,1.4492290090144464
19951.0,2.32068204517146
19952.0,0.34600539858012497
19953.0,-2.0375934186164035
19954.0,-1.8924200170246737
19955.0,0.7301965143580663
19956.0,2.5417887939101105
19957.0,1.1773524005302334
19958.0,-1.6628642567217429
19959.0,-2.4128625178994567
19960.0,-0.07570165293856515
19961.0,2.334085090908968
19962.0,1.9228923437964776
19963.0,-0.6702331181719502
19964.0,-2.444039904077457
19965.0,-1.1366314856377808
19966.0,1.5672545661080552
19967.0,2.143171423858075
19968.0,0.0420284529406868
19969.0,-2.237738231166906
19970.0,-1.7759110106839722
19971.0,0.7967500248709334
19972.0,2.1089800837579227
19973.0,0.7079186264823517
19974.0,-1.7659524252492957
19975.0,-2.091004287591665
19976.0,0.4207359596682432
19977.0,2.6091688959367048
19978.0,1.6134087168091231
19979.0,-1.4767459355267623
19980.0,-2.8617635521801614
19981.0,-0.8812541436442314
19982.0,2.1525881094468446
19983.0,2.429511841973494
19984.0,-0.22163024693158015
19985.0,-2.45623709388968
19986.0,-1.3492895869567196
19987.0,1.7253337514178224
19988.0,2.675434391006801
19989.0,0.3485400978427709
19990.0,-2.30621615474845
19991.0,-2.0162923142304554
19992.0,0.6919093294705089
19993.0,2.3151840775755885
19994.0,0.8711846994839849
19995.0,-1.7357552850921079
19996.0,-1.9895896818729757
19997.0,0.3416470239807871
19998.0,2.10742382743926
19999.0,0.9873836265489486
