time,stationary_ar1
0.0,0.0
1.0,-0.26575405132607366
2.0,0.34073627582755467
3.0,0.6305318004582354
4.0,0.7192109701091551
5.0,0.18930806467684264
6.0,0.013822692745244863
7.0,-0.019483342352826498
8.0,-0.46312573409501556
9.0,-0.008938408159747002
10.0,0.46458496176869796
11.0,0.23268851676291794
12.0,0.035877017507324305
13.0,0.4105115173993652
14.0,0.044200460286480614
15.0,-0.07683872247596338
16.0,-0.2250006511311563
17.0,0.03554252957583218
18.0,0.36766369352817935
19.0,0.16574066835827855
20.0,0.18456342367252718
21.0,0.16877746994459583
22.0,-0.290222517557401
23.0,-0.11704972040636971
24.0,-0.02816403922021586
25.0,0.10846171244045023
26.0,-0.016212031986810746
27.0,-0.3922880194766482
28.0,-0.42805802034896984
29.0,-0.24111909218705696
30.0,-0.23118663513282683
31.0,-0.7070187718694904
32.0,-0.973755016283384
33.0,-0.6656090180605578
34.0,-0.844328902293087
35.0,-0.756657531249705
36.0,-0.6168422468214024
37.0,-1.0483135711548868
38.0,-1.361396525885252
39.0,-1.3749243481420539
40.0,-0.6863106720383422
41.0,-0.6842160516988975
42.0,-0.7957866420237409
43.0,-0.8240204489866176
44.0,-0.7421770314197756
45.0,-0.654676715730124
46.0,-0.24621315216107237
47.0,0.07286953989713432
48.0,0.03713154418805468
49.0,0.19914228998661843
50.0,0.11938754976909413
51.0,-0.35326868279652074
52.0,-0.08781184274859719
53.0,0.07651984013243766
54.0,0.24770752209990266
55.0,0.3648336676768224
56.0,0.6426095236516634
57.0,-0.012702523673864485
58.0,0.30417047123391616
59.0,0.5292252586891464
60.0,0.7046757941554209
61.0,0.5493768282946091
62.0,0.18328900057897696
63.0,0.06518991251585973
64.0,-0.058748346155151954
65.0,0.43564740510101785
66.0,0.23837100954718157
67.0,-0.13149298440661245
68.0,-0.3022138166476642
69.0,0.06251998940945303
70.0,0.060248546344955425
71.0,0.04467045783392361
72.0,-0.3322305371696024
73.0,-0.2341188199617809
74.0,-0.5017980964108248
75.0,-0.588469654149943
76.0,-1.0003852640977688
77.0,-0.9455022843142763
78.0,-1.4307742031615256
79.0,-1.6156242987073295
80.0,-1.7372574236004323
81.0,-1.9085209387714817
82.0,-1.72251178983689
83.0,-1.631839960519074
84.0,-1.4555502722330225
85.0,-1.2025385873322734
86.0,-1.2821335624079233
87.0,-0.896514786266255
88.0,-0.7253742441689184
89.0,-1.1999232042153503
90.0,-1.30996749274034
91.0,-1.6220880523137755
92.0,-0.9897564417410176
93.0,-0.6314158176729028
94.0,-0.6501267846046147
95.0,-0.6513977892705258
96.0,-1.293413129942077
97.0,-1.1040996197969675
98.0,-1.3880139612989844
99.0,-1.326209152583641
100.0,-1.2558334090693246
101.0,-0.938418899955748
102.0,-0.4823407606107624
103.0,-0.13816197858204526
104.0,0.1287317737644832
105.0,0.20889719845059446
106.0,0.3443486169044461
107.0,0.3783807425082525
108.0,0.4670421985225668
109.0,0.3971372675159225
110.0,0.2794989089585353
111.0,-0.32350492095826716
112.0,-0.2320565059658849
113.0,-0.15531915848720879
114.0,-0.1692188836529365
115.0,-0.4567795210017698
116.0,-0.7802168308021602
117.0,-0.8917260384884685
118.0,-0.9946986528130926
119.0,-1.297934315127988
120.0,-0.9879906471927035
121.0,-0.7279096968856944
122.0,-1.0178536902695143
123.0,-1.2430202020603063
124.0,-0.9101321746659364
125.0,-1.4660712894945431
126.0,-1.9594435232052647
127.0,-1.8235425495006887
128.0,-1.7477171719377775
129.0,-1.3844328020859142
130.0,-1.8918041012721498
131.0,-1.363596935471113
132.0,-1.4092127704326416
133.0,-1.737644686498877
134.0,-1.4460318703423551
135.0,-0.9871928518167996
136.0,-1.2569010317033562
137.0,-0.8852531388529483
138.0,-0.863935831795156
139.0,-1.010503668817329
140.0,-1.149945164782848
141.0,-1.452558937124544
142.0,-1.5793233560672475
143.0,-1.1367661408833056
144.0,-1.2935372864850514
145.0,-1.1308069849189424
146.0,-0.8135845933945052
147.0,-0.9200668061176585
148.0,-0.667882592096077
149.0,-1.1675676966900168
150.0,-0.9115238369440777
151.0,-0.888636486627315
152.0,-1.4599673926530339
153.0,-0.2502616555382422
154.0,0.19856117350045435
155.0,0.010116514590530146
156.0,0.011529842324209193
157.0,-0.3429057715000024
158.0,-0.37382949440840135
159.0,-0.784295920204003
160.0,-0.6839244152388156
161.0,-0.6749459826162127
162.0,-0.4675564255898222
163.0,-0.022609213016349827
164.0,0.3771714537147104
165.0,0.579264084659425
166.0,0.8769155316225493
167.0,0.7618349925362109
168.0,0.37394848462655883
169.0,0.0925758740205247
170.0,-0.09543793461272566
171.0,0.4891249383549373
172.0,0.5010311841916271
173.0,0.5230296562902389
174.0,0.18219746826788003
175.0,-0.4723231972136308
176.0,-0.621090139276706
177.0,-0.34164520477440263
178.0,-0.5953117601184472
179.0,-1.0931132099508698
180.0,-1.4131295386799452
181.0,-1.7762022548182996
182.0,-1.735495985961878
183.0,-1.244932473364992
184.0,-1.0402432212126125
185.0,-1.38697453960248
186.0,-1.2442407479565065
187.0,-1.5612531126857563
188.0,-1.5422322695160353
189.0,-1.6184193937441642
190.0,-1.2379152972854408
191.0,-1.6434128549689446
192.0,-1.166924057129793
193.0,-1.0666677328369223
194.0,-0.7216286080656439
195.0,-0.8140154702286484
196.0,-1.146694613248661
197.0,-0.5669535608540781
198.0,-0.7584461032722009
199.0,-0.13534011830131376
200.0,-0.5241144688209749
201.0,-0.6531260928464839
202.0,-0.9583533718195396
203.0,-1.6986366968061388
204.0,-1.3510567937469053
205.0,-1.0431999892439876
206.0,-0.8588954458123
207.0,-0.2969979574874072
208.0,-0.26215428850551603
209.0,-0.10729037730358398
210.0,-0.2254844718590558
211.0,0.1971874492519913
212.0,0.29734262758765556
213.0,0.45090009213620763
214.0,0.8505742197597836
215.0,1.128363080123241
216.0,0.7674221903054872
217.0,1.130776397842418
218.0,0.4508830578862426
219.0,0.774340985767998
220.0,0.6820858563341617
221.0,0.7600078069885061
222.0,1.5320744437377196
223.0,1.3317237596902443
224.0,0.6499302992644889
225.0,0.6528098819393608
226.0,0.86512350442107
227.0,0.9895005750310362
228.0,0.9415289457962838
229.0,1.0733109089569792
230.0,1.1741102805649584
231.0,0.9602265693639735
232.0,1.379542270213038
233.0,0.8159391611809983
234.0,1.0721385366329899
235.0,1.245822916517003
236.0,0.9918881828567834
237.0,1.106612718842874
238.0,0.34171790671418356
239.0,0.7147502196152209
240.0,1.1979780287282185
241.0,1.4260043275933918
242.0,1.4549388700499146
243.0,1.2183927210528436
244.0,1.8244278536314367
245.0,1.713048634829729
246.0,1.8888599274033897
247.0,1.5879319523509727
248.0,1.2857906194325952
249.0,0.9875413818523949
250.0,1.0505469820493696
251.0,0.562359331862097
252.0,0.406817583482917
253.0,0.9713196346331971
254.0,1.4358100693217457
255.0,1.4849735069985721
256.0,1.2209900676647463
257.0,0.7244088288703062
258.0,0.2478484482665509
259.0,0.4087860412905888
260.0,0.31616406503663236
261.0,-0.25201140735326394
262.0,-0.07978966447684
263.0,-0.1723718219737373
264.0,-0.2987729055391125
265.0,-0.5928696221047658
266.0,-0.4086055762951657
267.0,-0.725512271164869
268.0,-0.506027458213684
269.0,-0.9434665231166457
270.0,-1.2283877905786702
271.0,-1.6634915127054657
272.0,-1.27026006254625
273.0,-0.9769606124132627
274.0,-0.9075400126725812
275.0,-1.2198735094082007
276.0,-0.8812336853084637
277.0,-0.8246355502274607
278.0,-0.37257352266694416
279.0,-0.45811798823237737
280.0,-0.10179321886003001
281.0,0.28999369054124874
282.0,0.30636944474425204
283.0,0.8583389319235843
284.0,1.0008813094624667
285.0,1.1617194127850363
286.0,1.572205235324425
287.0,1.4501495828927848
288.0,1.7312813026140026
289.0,1.1397906612634463
290.0,1.2440531085765019
291.0,1.4953467042878767
292.0,1.4197355835923855
293.0,1.0694937937344218
294.0,1.3760108152035713
295.0,1.9035397495473754
296.0,1.7988906690279196
297.0,1.5231244769257422
298.0,1.5079030153079922
299.0,1.268708124033457
300.0,1.1243075339736608
301.0,1.3989704453929628
302.0,1.3791182495496748
303.0,1.1729510376618082
304.0,1.2255668941275522
305.0,1.0639678050710537
306.0,1.2149465522701035
307.0,1.1958812939997057
308.0,0.937317261150883
309.0,0.7473463973710025
310.0,0.4350361169629244
311.0,0.4517407056917517
312.0,0.11431585538243816
313.0,0.19339036909588037
314.0,0.3129929279524597
315.0,0.3320839484766261
316.0,-0.10078300202066615
317.0,0.030556211877372286
318.0,0.42133397904677083
319.0,0.932711117984268
320.0,0.6545806695948551
321.0,0.46125393913880475
322.0,0.2856505284126825
323.0,0.07150013849346404
324.0,0.01664561196457557
325.0,-0.15230519529918468
326.0,0.6363835064784491
327.0,0.6920297098913799
328.0,0.49656720185129793
329.0,0.5155311210412145
330.0,0.4757500281760414
331.0,0.14861574465216232
332.0,0.5388712384073939
333.0,0.2794762771783782
334.0,0.19186610207861177
335.0,0.09441707098107772
336.0,-0.4094659137123876
337.0,-0.01611904799557956
338.0,-0.03138697670893362
339.0,0.07618984464477528
340.0,0.17789297322102368
341.0,-0.20275029513198212
342.0,-0.3214880729874452
343.0,-0.5138904292981777
344.0,-0.2176261382795684
345.0,0.11230831758002752
346.0,0.4408979365715342
347.0,0.43046470941273846
348.0,0.12523819232461814
349.0,-0.2894060291997866
350.0,-0.0560840204805608
351.0,-0.57552657270828
352.0,-0.7786318520090909
353.0,-1.0244784354763057
354.0,-1.0579816929921255
355.0,-0.8914292311116117
356.0,-0.7314995711814333
357.0,-0.4826971881871154
358.0,-0.05759362510148647
359.0,0.13806113614308804
360.0,0.5010795766734213
361.0,0.4900735745779486
362.0,0.2547062278698659
363.0,0.04319208474536729
364.0,0.1691898044690987
365.0,-0.24332498521189128
366.0,-0.0021822963758008074
367.0,-0.055187943202963115
368.0,-0.23961387657220445
369.0,0.1102405422048387
370.0,-0.6405703738140569
371.0,-0.37905355755112485
372.0,-0.5379594712270064
373.0,-0.4868903976805363
374.0,-0.6931495832481347
375.0,-0.9998022270862645
376.0,-1.1376853088897894
377.0,-1.1718971073929918
378.0,-1.2464337300673785
379.0,-0.9237902812228824
380.0,-1.0178139543112434
381.0,-0.8866880689186055
382.0,-0.8724098828629906
383.0,-1.0153964335437473
384.0,-0.9653247822857742
385.0,-1.1003282297748453
386.0,-0.6937080189371531
387.0,-0.5368212361763498
388.0,-1.1358895846800137
389.0,-1.4049552120752131
390.0,-1.6705475112584707
391.0,-1.5450675769954623
392.0,-0.9650198563495419
393.0,-1.1342958806751022
394.0,-1.425910626490157
395.0,-1.361483792032658
396.0,-1.1707264967562832
397.0,-0.6802421556558849
398.0,-0.20667311203583755
399.0,-0.3744932933765077
400.0,-1.0412731099378933
401.0,-0.9235679875940368
402.0,-1.0637762492864014
403.0,-1.5809775858738204
404.0,-1.6564138448128636
405.0,-1.600274582071136
406.0,-1.0606339004060548
407.0,-0.7885100367202571
408.0,-0.8599747441620436
409.0,-1.1843063905568778
410.0,-1.1818141326118599
411.0,-1.2431223829710167
412.0,-1.2940777932306557
413.0,-1.1889891251315945
414.0,-1.0626655354740266
415.0,-0.7958789422314
416.0,-0.9657778154119713
417.0,-0.5098715340105922
418.0,-0.44462861247032587
419.0,-0.4617913362321629
420.0,-1.533049906562781
421.0,-1.425786117280407
422.0,-1.2708342359656541
423.0,-1.3573143146165705
424.0,-1.650969901965254
425.0,-1.830659258503549
426.0,-2.1311712303153927
427.0,-1.611598861945295
428.0,-1.4670510614599845
429.0,-1.433106097597041
430.0,-0.9666551706562483
431.0,-0.407014004528898
432.0,-0.5965836137099547
433.0,-0.5828481582431567
434.0,-0.4996544431881067
435.0,-0.6409772834682982
436.0,-0.6139881232215648
437.0,-0.44743590906001074
438.0,-0.40290401987230645
439.0,-0.14060626479574143
440.0,0.12898178159696064
441.0,0.3103468653743474
442.0,0.544731006345814
443.0,0.47548179342286906
444.0,0.45055350793376847
445.0,0.42746227970870027
446.0,0.9249950215498369
447.0,0.882011555250543
448.0,1.5058124793025454
449.0,1.087335462073646
450.0,1.133105026699715
451.0,1.2699920070293365
452.0,1.1028315587938387
453.0,1.3618864143532379
454.0,1.2744133657273558
455.0,1.3197963456674404
456.0,1.435967629602174
457.0,1.2803657153212185
458.0,1.593909044600307
459.0,1.4704026264702839
460.0,1.7648175860969297
461.0,1.6668907417245438
462.0,1.0191490124945057
463.0,1.0907626040010494
464.0,1.1438403539378028
465.0,1.1683886237585717
466.0,1.2886207159407101
467.0,1.3727552000342254
468.0,1.3954244507652764
469.0,0.741624484679153
470.0,1.16926368936105
471.0,1.2434716320811379
472.0,1.2234783325609593
473.0,1.1213423852299238
474.0,1.2565985780896116
475.0,1.5239444128303856
476.0,1.603647167378649
477.0,1.3343468249408295
478.0,1.4844375665549598
479.0,1.3881724866088083
480.0,1.5514464277039994
481.0,1.7906730957473984
482.0,2.104160560270066
483.0,2.154685325774424
484.0,1.8469313058930799
485.0,1.2668393913661589
486.0,1.6081751988935316
487.0,1.3887656817455727
488.0,1.2494690062090348
489.0,1.7667296570862767
490.0,2.031066898283557
491.0,1.9990932945474609
492.0,2.5039818848943574
493.0,2.1181532425429364
494.0,2.182563853307119
495.0,1.8517092241392288
496.0,1.5983505627486276
497.0,1.0694507265099715
498.0,1.3401201461869452
499.0,1.4525702249679076
500.0,1.2827763835750214
501.0,1.112890304543448
502.0,0.7380164931691324
503.0,0.8055855981452875
504.0,0.6558785898872885
505.0,0.15068279363239762
506.0,-0.4043023492964114
507.0,-0.40010812560876025
508.0,-0.08370481414336961
509.0,-0.22482227621239903
510.0,-0.11264523751982006
511.0,0.22992746247530416
512.0,0.30845908921201637
513.0,0.14078217945398236
514.0,-0.03658764763467115
515.0,-0.019010451965829633
516.0,-0.28049546341122433
517.0,-0.9535820968474087
518.0,-0.632670295682012
519.0,-1.0875365278006779
520.0,-0.5792448501745339
521.0,-0.24628870621378107
522.0,-0.27598671586792894
523.0,-0.044262413402359174
524.0,0.47546489754820165
525.0,0.2590761570990384
526.0,0.6658234756086685
527.0,0.9230417588079196
528.0,0.8634679159725688
529.0,0.9690960547414467
530.0,1.142557719915205
531.0,0.9866862130053333
532.0,0.6706317106208979
533.0,0.4187514577430202
534.0,0.5440274662127531
535.0,0.5931044973454074
536.0,-0.11904165757176977
537.0,-0.18855240206964646
538.0,-0.05863406928661899
539.0,-0.29103548019937303
540.0,-0.018022183773529488
541.0,0.3351565606385614
542.0,0.23122067729488835
543.0,0.23430437424209583
544.0,0.653839648105878
545.0,0.5341550478385859
546.0,0.7000143420326614
547.0,0.39826274987871507
548.0,0.3429744734575699
549.0,0.09556888824259652
550.0,-0.06694749266240145
551.0,-0.3073153255683179
552.0,-0.017547160129300687
553.0,0.20741837645771014
554.0,0.16044146364254197
555.0,0.16770342279717385
556.0,-0.5904152166432336
557.0,0.03613428288459708
558.0,0.19471443318943762
559.0,-0.1242120076494325
560.0,-0.2782050692656364
561.0,0.2878062730685165
562.0,-0.1419077264052474
563.0,-0.6797738774188268
564.0,-0.8155693868982016
565.0,-0.9441967011900743
566.0,-1.1376319900295768
567.0,-1.261582647857795
568.0,-2.073678257602887
569.0,-2.25229906449104
570.0,-2.104955887710488
571.0,-1.9949383558211655
572.0,-2.2294701148136906
573.0,-2.565578072744961
574.0,-2.536485137905943
575.0,-2.4928294950797
576.0,-2.0141420638961143
577.0,-1.743923955836351
578.0,-1.1247690582492393
579.0,-0.9205853068170945
580.0,-0.8028084241333344
581.0,-1.0109485785570391
582.0,-1.2517027695714111
583.0,-0.8403147688235475
584.0,0.1104283340260428
585.0,0.1774863481051074
586.0,0.6001500128529438
587.0,0.9108192976948427
588.0,1.0697613050204988
589.0,1.1877468760520407
590.0,1.2408981206426775
591.0,1.343712799081303
592.0,1.6949503683540268
593.0,1.357732664730741
594.0,1.4040586784229732
595.0,1.0792464567253337
596.0,1.4041762936751314
597.0,1.1966970645697854
598.0,1.3799394896313413
599.0,1.4622604135581798
600.0,1.244990060750043
601.0,1.064512491633433
602.0,1.4010272844600138
603.0,1.6589596183552733
604.0,1.866458361666559
605.0,2.3789794097170764
606.0,2.3022652995217747
607.0,2.3312302877567053
608.0,1.982584415097631
609.0,1.6095466551474529
610.0,1.5387818855166433
611.0,1.8153367953516228
612.0,1.9703150617025715
613.0,2.0221545227014763
614.0,2.2307481085375818
615.0,2.102896481853383
616.0,1.6797423256930766
617.0,1.6239775487451107
618.0,1.9410145272093533
619.0,2.178722772994938
620.0,1.2815651172457825
621.0,1.7651061734433942
622.0,1.2514135953618994
623.0,0.8356753345781063
624.0,0.8288985159905954
625.0,0.9660713590513863
626.0,0.5907848621576588
627.0,0.7234826214143817
628.0,1.1090557801293937
629.0,1.246642933526085
630.0,1.3018915270058493
631.0,1.529842643391123
632.0,1.474513489171887
633.0,1.759604055913756
634.0,1.586676033195085
635.0,1.3658959975865583
636.0,1.0499469765248646
637.0,1.0861077155199388
638.0,0.5711913858396707
639.0,0.5109418033383015
640.0,0.7583339785624181
641.0,0.4451523095364956
642.0,0.5992862850047038
643.0,1.0803204883478565
644.0,1.14247864680289
645.0,0.7921217621044873
646.0,1.0554029821924331
647.0,0.9963314617252496
648.0,0.5938259225364484
649.0,0.8891471830123087
650.0,0.5648462394294748
651.0,0.8937400140836322
652.0,1.395387449852978
653.0,1.7884615103617498
654.0,1.4166860574971185
655.0,1.3535418745014216
656.0,1.5345423271273444
657.0,1.8397449724021773
658.0,1.2780703150728
659.0,0.4900522059426935
660.0,0.6503196663325747
661.0,0.8571919424584028
662.0,0.45861081412544563
663.0,0.7521121821319483
664.0,1.2410550763255077
665.0,1.1849778478640558
666.0,1.7378651831878633
667.0,1.7834866231119793
668.0,1.9099455305823414
669.0,1.8273440561872574
670.0,1.550130773871293
671.0,1.4896656277352955
672.0,1.492331684400224
673.0,1.470919402818342
674.0,1.3876570812501245
675.0,1.27321089141417
676.0,1.2075088006975776
677.0,1.286481963394778
678.0,1.3949198904547653
679.0,1.2191084501276297
680.0,0.35906610850792764
681.0,0.7669428711404533
682.0,0.8467868999529575
683.0,0.8968091368307228
684.0,1.3000959892977357
685.0,0.7141461564743425
686.0,0.3193116214537548
687.0,0.5304938174699986
688.0,0.5094041117425531
689.0,0.9104855748942393
690.0,0.8272794978739562
691.0,0.6801335113778673
692.0,0.7106572093084575
693.0,0.23402954354944833
694.0,0.017632804006537467
695.0,-0.004528144380902859
696.0,-0.6265386615688637
697.0,-0.5461184852089636
698.0,0.056897945494352564
699.0,0.5367717768015262
700.0,1.0018242471535197
701.0,1.2739940021847074
702.0,1.9595460063896537
703.0,1.7285778216192291
704.0,1.4296033292104877
705.0,0.9113404195353987
706.0,1.259280210377944
707.0,1.2057243695215174
708.0,0.7454668046132078
709.0,0.08838883106809281
710.0,-0.11263098706117959
711.0,-0.6237414870363929
712.0,-0.6690137054935239
713.0,-0.5524315480364484
714.0,-0.19347862145569028
715.0,-0.4351005034829267
716.0,-0.42692131678157824
717.0,-0.34363033607574184
718.0,-0.6639573460977242
719.0,-0.45242045547994636
720.0,-0.4333543169741001
721.0,-0.6149299339320358
722.0,-1.0132563579633502
723.0,-0.893328344905464
724.0,-0.4318882547232181
725.0,-0.12405591549739353
726.0,-0.29845354661908025
727.0,-0.14907555940778053
728.0,0.05405809050964319
729.0,0.3023164240967874
730.0,0.40838154609375277
731.0,0.020262219733954756
732.0,-0.24811404633782339
733.0,-0.29365251836451517
734.0,-0.5804753869696856
735.0,-0.6579498552908303
736.0,-0.5362040117579857
737.0,-1.0359651633855202
738.0,-1.3047672126073482
739.0,-1.2107936302426918
740.0,-0.9259187924971355
741.0,-1.3416455648700047
742.0,-1.542879616754477
743.0,-0.993178139851849
744.0,-0.8796506659933598
745.0,-0.651914738437249
746.0,-0.6328115192005194
747.0,-1.0303802979352135
748.0,-1.6052735206533435
749.0,-1.2884753377995004
750.0,-1.4184332148138437
751.0,-1.374173752616379
752.0,-1.45568075539701
753.0,-1.5064610411339956
754.0,-1.2242067978221862
755.0,-1.4243327219376858
756.0,-1.0211798878395442
757.0,-1.1091635735053094
758.0,-0.912369978688159
759.0,-0.6790884775745792
760.0,-0.669302337784903
761.0,-0.1413694861799789
762.0,0.028024370120312503
763.0,-0.14519388673783462
764.0,-0.18115095645601226
765.0,0.188172132697312
766.0,0.19800774158116274
767.0,-0.19507572750577978
768.0,-0.9644308376158379
769.0,-0.40671092433978395
770.0,-0.06547952584854544
771.0,0.014808069378532268
772.0,-0.4776337581249404
773.0,-0.21231115496516192
774.0,-0.46738207649550995
775.0,-0.7643684564097728
776.0,-0.5720747995704635
777.0,-1.1177028079911309
778.0,-1.1318713964521396
779.0,-1.3577409164721104
780.0,-1.6986814280307978
781.0,-1.1237885041831905
782.0,-1.6102090149240533
783.0,-0.9005926185376089
784.0,-0.889232091919267
785.0,-0.9998050420337181
786.0,-1.347882581910011
787.0,-1.100292317289414
788.0,-1.2107772561383858
789.0,-0.5436424894917058
790.0,0.11938847839465894
791.0,0.4260578814172211
792.0,0.679659672956735
793.0,0.5441941489033107
794.0,0.20659310301782013
795.0,-0.09849610228174466
796.0,-0.22107565155812123
797.0,-0.028578344334357714
798.0,0.078422431356411
799.0,-0.37074202487373964
800.0,-0.718935451715145
801.0,-0.820686269842013
802.0,-1.054960322358133
803.0,-1.2723466983883638
804.0,-1.3930808797802559
805.0,-0.8299917498154895
806.0,-0.44219543882472734
807.0,0.45634770378212103
808.0,0.9309751126157579
809.0,1.069253055034522
810.0,0.7068792219145662
811.0,0.8153470113345185
812.0,0.9053112613283847
813.0,0.8891295452392728
814.0,0.8099202566430207
815.0,0.3560290058395587
816.0,0.9097892842224742
817.0,1.135641874916609
818.0,1.4990541712738932
819.0,1.6643454129914748
820.0,1.94021110894358
821.0,1.5431136743403975
822.0,1.5492977797745686
823.0,1.6577262858533115
824.0,1.527815247145014
825.0,1.6036142383057082
826.0,1.3407309893643606
827.0,1.222156441525857
828.0,1.0258055244213793
829.0,0.8095366565621708
830.0,0.2653006159428114
831.0,0.4428376344894098
832.0,0.8153028234432227
833.0,1.2315161474877487
834.0,0.568058772660178
835.0,0.5435802980795952
836.0,0.5766208070736546
837.0,1.2788576698815
838.0,0.3790395777375206
839.0,0.8099113027236005
840.0,0.8995442800107956
841.0,0.029648907707089056
842.0,0.3496795157323788
843.0,0.1403535619079366
844.0,0.12146966882329117
845.0,-0.3316208525533755
846.0,-0.44282725811359613
847.0,-0.41385943394603825
848.0,-0.5997196071497102
849.0,-0.5341381316066923
850.0,-0.7260568201406483
851.0,-0.27684609183246733
852.0,0.08740861321815474
853.0,-0.15704637277970113
854.0,-0.4236580808112616
855.0,-0.3570775609518704
856.0,-0.5816987560871445
857.0,-0.08417936767523632
858.0,-0.24053197078028948
859.0,0.1730330476076737
860.0,0.00853807957360292
861.0,0.37677106440149616
862.0,0.7694606520494995
863.0,0.6850212267040003
864.0,0.6726808782716908
865.0,0.6099134233905809
866.0,0.8193059482543428
867.0,0.9661642792613754
868.0,0.7440326421338277
869.0,0.20954342267014148
870.0,0.1328415422763046
871.0,0.26017936682922504
872.0,0.7889394437782591
873.0,0.803948919410149
874.0,0.6869503904106584
875.0,0.4911873062713129
876.0,0.47703645731809224
877.0,0.14199332464256514
878.0,-0.7167249247981654
879.0,-1.0759793235959858
880.0,-1.2266202810641538
881.0,-1.1732098455795181
882.0,-1.340978693678817
883.0,-0.636705263001252
884.0,0.14023161297463382
885.0,-0.09878969982877517
886.0,0.1502982852404158
887.0,0.0855487004953497
888.0,-0.35529092424266184
889.0,-0.39706626350916874
890.0,-0.3794798205225576
891.0,-0.7333668739935087
892.0,-1.0738243015887776
893.0,-0.6946754033017152
894.0,-1.0325250481978339
895.0,-0.614573027709922
896.0,-0.5940421279881707
897.0,-0.7982109223988652
898.0,-1.0161903893393438
899.0,-1.3005157004283843
900.0,-1.7135317103430385
901.0,-1.9461628398842057
902.0,-1.5753081499400012
903.0,-1.5996567186966433
904.0,-2.040046334629981
905.0,-1.445125391467557
906.0,-1.6609776644351728
907.0,-1.8930506821064832
908.0,-1.9207814011989661
909.0,-1.4602288892486228
910.0,-1.9691533006825905
911.0,-1.1560744488564212
912.0,-1.6094713981821263
913.0,-1.1965466107140628
914.0,-0.9879044429890187
915.0,-0.4728978175376746
916.0,-0.5355791503073349
917.0,-0.43553569873591236
918.0,-0.7013417772305857
919.0,-0.6248404766903592
920.0,-0.7900083257838354
921.0,-0.8238471817858058
922.0,-0.5945330295697098
923.0,0.11396554221969368
924.0,0.5545568380604176
925.0,0.42401926943471785
926.0,-0.02434311442462178
927.0,0.44507597920767655
928.0,0.5279230941673253
929.0,0.11568438078158783
930.0,0.18342435245231564
931.0,0.7605405814225341
932.0,0.45621071640059874
933.0,0.5298150893512139
934.0,0.5879801558029661
935.0,0.49947143498035634
936.0,0.12633536466159945
937.0,0.38379582039411353
938.0,0.4155443260317142
939.0,0.5078772175135786
940.0,0.7439805917211236
941.0,0.7295140495676328
942.0,1.319121832337315
943.0,1.2862022949793246
944.0,1.6395145974098364
945.0,1.8021488220060602
946.0,1.7175253755675703
947.0,1.6630838780044968
948.0,1.7330036798120774
949.0,1.8226733555338395
950.0,1.958259585723823
951.0,1.8203866523306327
952.0,2.4908222168299066
953.0,1.966086282624119
954.0,1.6378681872125103
955.0,1.4518936064862438
956.0,1.3445237953999376
957.0,1.8289662251449865
958.0,1.929500590816757
959.0,1.3515833868239158
960.0,2.259900486613184
961.0,1.8272176921884036
962.0,2.6008465008065524
963.0,3.0464987164613992
964.0,3.2924658587277706
965.0,2.887637535386403
966.0,3.0196252164167845
967.0,2.6212430116969863
968.0,2.834205547029308
969.0,2.4245802789276896
970.0,1.9223632966033584
971.0,1.949390358527458
972.0,1.9795357943240373
973.0,2.0026024311116353
974.0,1.8484450910226797
975.0,2.0902795135137464
976.0,1.7954043596145595
977.0,1.4390197824374573
978.0,1.1168819370110818
979.0,0.7905368236162358
980.0,0.47788108350534314
981.0,0.49849645881608545
982.0,0.8077607756691538
983.0,0.8849482745472479
984.0,0.962308773990172
985.0,0.8764943146052729
986.0,1.0667051768650866
987.0,0.8977496800951443
988.0,1.128457991957972
989.0,1.2116666284885214
990.0,1.770630042343148
991.0,1.7558602433572343
992.0,1.7605600349292658
993.0,1.9933097822824775
994.0,2.2651505934294143
995.0,2.5490273174156513
996.0,2.1928941172571976
997.0,2.1266379521064933
998.0,2.1969974744211713
999.0,2.40422536003378
1000.0,2.5168310041099775
1001.0,2.43373813626885
1002.0,2.169842452713835
1003.0,1.9545204850020075
1004.0,1.9740495911217806
1005.0,1.409223477276586
1006.0,1.3688607227763785
1007.0,1.0773156012580132
1008.0,0.9218152154277722
1009.0,1.1573677666644069
1010.0,0.6697621695425385
1011.0,0.48682377344704464
1012.0,0.4145110345193354
1013.0,0.3321035001949811
1014.0,0.7289525942276623
1015.0,1.050010717107157
1016.0,0.9877457124624326
1017.0,1.5068383497394011
1018.0,2.0135861926236016
1019.0,2.3202183342426994
1020.0,1.6222519333550767
1021.0,1.3944130907615173
1022.0,1.0197454899432121
1023.0,1.0888336502644043
1024.0,1.641914989115068
1025.0,2.4580084754237683
1026.0,2.581020281184876
1027.0,2.448164313358783
1028.0,2.3695015462145936
1029.0,2.575284539156544
1030.0,2.573202105374693
1031.0,3.2796027271338484
1032.0,2.96722595723346
1033.0,2.581702481529291
1034.0,2.6731739370449974
1035.0,2.8717343033271967
1036.0,2.35056148759612
1037.0,2.5237065823871485
1038.0,1.9491920241395106
1039.0,1.481732670537036
1040.0,1.9666461880717518
1041.0,1.6142959720153232
1042.0,1.481187722999843
1043.0,1.9169379708285827
1044.0,2.3091409837973766
1045.0,2.3801518360468266
1046.0,2.813746485070288
1047.0,2.9991802336344713
1048.0,3.203576946349996
1049.0,3.6459649086937724
1050.0,3.398290513559913
1051.0,3.477053624627252
1052.0,3.84840433656361
1053.0,3.2251159398446787
1054.0,3.6781361112677637
1055.0,3.3311289150143955
1056.0,2.864982440895946
1057.0,2.740971554232068
1058.0,2.507037996995443
1059.0,2.8114932129014334
1060.0,2.1770868879888208
1061.0,2.2981145192565675
1062.0,2.2783523364012495
1063.0,2.3237610300686504
1064.0,2.0560463619933866
1065.0,1.8344022551130172
1066.0,1.3229933107047862
1067.0,1.277578236385985
1068.0,0.9361513351965149
1069.0,0.4672887198127017
1070.0,0.5827985940058655
1071.0,0.48885536499365023
1072.0,0.22313294814780016
1073.0,0.0755626110251475
1074.0,0.04497798811369291
1075.0,-0.29739361033049644
1076.0,0.3996916802918156
1077.0,0.3397581830674871
1078.0,0.1435940293101027
1079.0,0.2835888196536732
1080.0,-0.3156672014852107
1081.0,-0.08229828137634168
1082.0,0.4239445078476005
1083.0,0.6582887741796393
1084.0,0.4446764048143595
1085.0,0.29917549944646893
1086.0,0.48016436521427547
1087.0,0.6047943778040936
1088.0,0.4563763060468292
1089.0,0.2651392500389397
1090.0,0.23506892921514447
1091.0,0.4042079466982954
1092.0,0.5374204181555495
1093.0,0.4950205256537403
1094.0,1.0310826700619633
1095.0,1.2663857775174734
1096.0,1.5440562980274646
1097.0,0.7729775104525004
1098.0,0.6291965564916302
1099.0,0.9569301147777909
1100.0,0.5480109974378011
1101.0,0.24346206479321636
1102.0,0.09572726808493207
1103.0,0.21465808003586223
1104.0,-0.028142960071539297
1105.0,-0.5206913378002506
1106.0,-0.5550166715954562
1107.0,-0.4867272724542447
1108.0,-0.8914250087513689
1109.0,-0.24614139715377759
1110.0,0.28366981942218394
1111.0,-0.5393529750114674
1112.0,-0.8854320557368887
1113.0,-1.0541269076548643
1114.0,-0.7855471102103242
1115.0,-0.6985546248818004
1116.0,-0.4000499951409671
1117.0,0.22027077091456765
1118.0,0.6836488444588242
1119.0,0.8347218536150444
1120.0,0.48554215562196346
1121.0,0.7074323080072666
1122.0,1.023897259402347
1123.0,1.1994122613513598
1124.0,0.5479671494869099
1125.0,0.4458244980630262
1126.0,0.2991704139108862
1127.0,0.03243671529521319
1128.0,-0.3119801582910251
1129.0,-0.658462551701785
1130.0,-0.9237190414616425
1131.0,-0.6556728379505566
1132.0,-0.5553664222405427
1133.0,-0.11071654807142123
1134.0,-0.3380047555513751
1135.0,-0.17485583223304071
1136.0,-0.2574861989902536
1137.0,-0.07573188843894055
1138.0,0.6591282388716497
1139.0,0.6246446346983232
1140.0,0.8664851152853614
1141.0,1.041354722060964
1142.0,0.5533668411341965
1143.0,0.1463755273553397
1144.0,0.6777249137983782
1145.0,1.1160118829423515
1146.0,1.3882825929352367
1147.0,1.5928008828967868
1148.0,0.9048600160979668
1149.0,0.8406801501448699
1150.0,0.8612856323230693
1151.0,0.9644366711408873
1152.0,0.8914228323244955
1153.0,1.0016715453741087
1154.0,1.3218234719003188
1155.0,1.2550968204047315
1156.0,0.6531481066174388
1157.0,0.44515479156683674
1158.0,0.5001173677012138
1159.0,0.6212870878850458
1160.0,0.9528872803538679
1161.0,0.5029875417977459
1162.0,0.4286981549146216
1163.0,-0.08430317275927168
1164.0,0.35678251102863534
1165.0,0.19009545772350683
1166.0,0.39437856326235937
1167.0,0.15194607714091501
1168.0,0.38601956116445085
1169.0,0.33679220258409553
1170.0,0.38427475759318935
1171.0,0.33675518569649543
1172.0,-0.07060146178618615
1173.0,-0.5027055520348541
1174.0,-0.49093902956285546
1175.0,-0.24387925713172418
1176.0,-0.5082489163133743
1177.0,-0.3675038375121577
1178.0,-0.16215251471634332
1179.0,-0.14783796489520556
1180.0,-0.10901847403732742
1181.0,0.15304058719375885
1182.0,-0.046418368644808305
1183.0,0.049657288141482236
1184.0,0.1549010687199724
1185.0,0.04630979056056958
1186.0,-0.3956360364671977
1187.0,-0.4432676662090268
1188.0,-0.9057012400771303
1189.0,-0.7248053349404995
1190.0,-0.3746775580902498
1191.0,-0.010045339303444645
1192.0,-0.26393273389688726
1193.0,-0.3359642643578638
1194.0,-0.3590536783614025
1195.0,0.11545969648304472
1196.0,-0.31021866214438204
1197.0,-0.9095536506622588
1198.0,-0.8552871554928655
1199.0,-0.8814450120834948
1200.0,-0.8678366836170442
1201.0,-0.9085843178930476
1202.0,-0.9219414571098772
1203.0,-1.2574027913747292
1204.0,-1.0151784450908818
1205.0,-1.1524724221857583
1206.0,-0.810531375325535
1207.0,-0.9459438486416385
1208.0,-1.0273653031895202
1209.0,-1.0878905748844914
1210.0,-1.1298235658694982
1211.0,-1.313287604662101
1212.0,-1.8589057714013841
1213.0,-1.6565473844631857
1214.0,-1.6159131166008365
1215.0,-1.0833970260941623
1216.0,-0.47547199837938936
1217.0,-0.8809335708723254
1218.0,-0.6811424814099315
1219.0,-0.38229517625879206
1220.0,-0.3097647130473411
1221.0,-0.14924184749910321
1222.0,0.022039252808757542
1223.0,0.42337858010299595
1224.0,0.5704211173761058
1225.0,0.5551535390011421
1226.0,0.21303049268857066
1227.0,0.12968211581398958
1228.0,-0.15127996147417339
1229.0,-0.08143988094720056
1230.0,0.1744917082127832
1231.0,0.43402984798240796
1232.0,0.5332236168852977
1233.0,1.1911739335281788
1234.0,1.5501191500366531
1235.0,1.6261866367521063
1236.0,1.2000450128601163
1237.0,1.583338818230257
1238.0,1.2902243242907965
1239.0,1.0726958390917134
1240.0,1.0326666686231987
1241.0,1.3724718598215775
1242.0,1.3317620515506505
1243.0,1.478596000758405
1244.0,1.7593299110916296
1245.0,1.7482834778852878
1246.0,1.3345209201154584
1247.0,0.8921663799213224
1248.0,1.1973756974153291
1249.0,1.4373306020337213
1250.0,1.127951807451607
1251.0,1.0958073438876101
1252.0,0.7627542857607454
1253.0,0.4094732204815632
1254.0,0.2341734204296122
1255.0,0.5316332476631116
1256.0,0.3007209315895417
1257.0,0.47366338190971635
1258.0,0.16866886471324122
1259.0,0.11648962572998929
1260.0,0.5578503056440217
1261.0,0.4327237337379791
1262.0,0.0993890430549193
1263.0,0.3151332259343083
1264.0,0.19936275847984708
1265.0,0.20614936489016703
1266.0,-0.19071005493169496
1267.0,0.19437059080981006
1268.0,0.5009801978422685
1269.0,1.1985445819168763
1270.0,1.5052017691992283
1271.0,1.2109687549213135
1272.0,0.8114248249730747
1273.0,0.29100020674308547
1274.0,0.11864617304218028
1275.0,-0.03039069412507124
1276.0,-0.24047393882771476
1277.0,-0.5793429891378983
1278.0,-0.5646090361625413
1279.0,-0.38293661459010486
1280.0,-0.5319308063709316
1281.0,-0.7619546569150439
1282.0,-0.996108095318915
1283.0,-0.8340884210571914
1284.0,-1.2065452874591425
1285.0,-0.8574218870129271
1286.0,-0.8876140469541881
1287.0,-1.1817693350444873
1288.0,-0.472211068146254
1289.0,0.09426679794505449
1290.0,0.43230048330748283
1291.0,0.4473608752057769
1292.0,0.32293543789212453
1293.0,0.15000042443422204
1294.0,0.07953459458978752
1295.0,-0.22840346024848862
1296.0,0.0883818544370763
1297.0,-0.0558472655450587
1298.0,0.32052226305219234
1299.0,-0.10519251890916032
1300.0,0.34736198906456334
1301.0,0.37533359221007573
1302.0,0.2516499555129592
1303.0,0.6469482263425433
1304.0,0.08103988850931565
1305.0,-0.03664754675799993
1306.0,0.4064581372305251
1307.0,0.7313051649130146
1308.0,0.11007576800206054
1309.0,0.1256714239163097
1310.0,-0.08392892149370387
1311.0,-0.09485408511916009
1312.0,0.4901012699642609
1313.0,-0.0704299064162176
1314.0,-0.6032319254126672
1315.0,-0.8800738719671953
1316.0,-0.4239721360589678
1317.0,-0.6250706532646615
1318.0,-0.49344721920254453
1319.0,-0.7044495297939251
1320.0,-0.36265646535699925
1321.0,-0.1613952955697326
1322.0,-0.01450978287862753
1323.0,0.5651766935431556
1324.0,0.5423797006562296
1325.0,0.5330141530183957
1326.0,0.45990924594642024
1327.0,0.7346782748199009
1328.0,1.1461148650240696
1329.0,1.095131630962845
1330.0,1.208854624487258
1331.0,1.2206870902616298
1332.0,1.079664000514146
1333.0,1.0807850995860366
1334.0,1.1912738276166697
1335.0,1.1808294856026444
1336.0,0.8244723565703367
1337.0,0.7537887074011113
1338.0,0.8764600217628911
1339.0,0.3463558451056257
1340.0,0.11362124839515636
1341.0,0.10362226996809115
1342.0,0.10947513874027541
1343.0,-0.2803588298535753
1344.0,0.28101690779229205
1345.0,0.26267018851152885
1346.0,0.6630761516935881
1347.0,0.5984436809665291
1348.0,1.029960783449165
1349.0,1.0688436659675125
1350.0,0.49308956149940597
1351.0,0.10519162677000843
1352.0,0.48599839557970465
1353.0,0.7933089873586678
1354.0,0.5045420001937985
1355.0,0.5631665668266688
1356.0,0.4492217051243329
1357.0,1.1098201399683276
1358.0,1.1084129321456373
1359.0,0.8425775999290998
1360.0,0.6495849690075777
1361.0,0.08400166009272303
1362.0,0.28831802312600796
1363.0,-0.12072369851388037
1364.0,0.27312292031294255
1365.0,0.45636202388508157
1366.0,0.5366060386023978
1367.0,0.7457222907169404
1368.0,0.9913115017935838
1369.0,1.0668315207258332
1370.0,0.6702832445616845
1371.0,0.8748261604364096
1372.0,1.0432952156355844
1373.0,1.788698531531354
1374.0,2.2147126455174178
1375.0,2.0778557200837886
1376.0,1.7999741715407422
1377.0,1.9720950211769905
1378.0,2.0546397749562098
1379.0,1.2442006130505168
1380.0,0.9646880178978415
1381.0,0.7671339273873639
1382.0,0.6802739978164145
1383.0,0.7941336092534332
1384.0,0.26538711028561524
1385.0,0.33080077004567554
1386.0,0.3364628433484583
1387.0,0.5312816319660312
1388.0,0.42162978900826853
1389.0,0.4309158045740421
1390.0,0.24804426141933986
1391.0,0.10596610631751072
1392.0,0.2178115281106387
1393.0,0.43016291672322693
1394.0,0.27789274393251395
1395.0,0.940740877304302
1396.0,1.2781876740363982
1397.0,0.8359636478358328
1398.0,0.695966689971384
1399.0,0.9554383615619639
1400.0,1.0684402269756634
1401.0,0.8386098089158215
1402.0,0.9738092912750038
1403.0,1.282515207477252
1404.0,1.4163644539611395
1405.0,1.1697697687931699
1406.0,1.2004324036340548
1407.0,0.36610190804946663
1408.0,-0.07089402990686033
1409.0,0.44645533738825005
1410.0,1.0168638595977653
1411.0,1.3012790210540754
1412.0,1.1174643894144132
1413.0,0.5677469305362677
1414.0,0.7612856112553621
1415.0,0.8290854354079463
1416.0,0.8286934889263095
1417.0,0.9488091555962954
1418.0,0.5843075426179185
1419.0,0.3272412489473526
1420.0,0.8140207216023814
1421.0,0.40619157906784753
1422.0,0.3204394365795097
1423.0,0.3898465243907672
1424.0,0.6289036025173993
1425.0,0.7496992441600291
1426.0,0.9056216409063375
1427.0,0.8259629258773921
1428.0,0.6465003446029226
1429.0,0.2900933835158328
1430.0,0.7067688430434456
1431.0,0.27460105071740504
1432.0,0.4403232230952075
1433.0,0.6509961980906795
1434.0,0.8824440269988402
1435.0,1.159569370197769
1436.0,1.3172774388068613
1437.0,0.9736462126353844
1438.0,1.0367709092495205
1439.0,0.4926581967797016
1440.0,0.34668749763289153
1441.0,-0.2058745665214391
1442.0,-0.42176812294179006
1443.0,-0.248406333829748
1444.0,-0.47380689784179597
1445.0,-0.2472835821243663
1446.0,-0.3284261537811723
1447.0,-0.3123403861486676
1448.0,0.03437211966196846
1449.0,0.3612611797834352
1450.0,0.13167945193504935
1451.0,0.5052242525027334
1452.0,0.5730566778898986
1453.0,0.3379009763853791
1454.0,0.738709090715385
1455.0,0.7586006950077765
1456.0,0.6693714725778431
1457.0,0.26288812798244837
1458.0,0.36160889989317124
1459.0,0.19644182196658927
1460.0,0.6519904242320024
1461.0,0.3183951673894539
1462.0,0.5599748602909196
1463.0,0.3708764604435669
1464.0,0.598940054096147
1465.0,0.7463614849188281
1466.0,0.0541346392621167
1467.0,0.195419331724819
1468.0,0.0840777018132292
1469.0,0.041119397401558205
1470.0,-0.344437577465318
1471.0,0.2652617429219795
1472.0,0.21435334127990344
1473.0,0.3362998796147124
1474.0,0.42726441393674375
1475.0,0.7543469883188985
1476.0,0.8779779904434443
1477.0,0.7328273395466087
1478.0,0.7531870828547823
1479.0,0.6870442109121394
1480.0,-0.035804913103949954
1481.0,-0.03079347708317727
1482.0,0.14716374918320943
1483.0,0.317645587304865
1484.0,0.3781998383539796
1485.0,-0.21185423123899993
1486.0,0.21280378069650419
1487.0,0.2230846165325084
1488.0,0.13647775326086573
1489.0,0.5605674934257542
1490.0,0.38769469658000255
1491.0,0.04100052995122677
1492.0,0.23826077270534024
1493.0,-0.6183272949620855
1494.0,-0.8729139528354248
1495.0,-0.6726162788716489
1496.0,-0.4923875042037026
1497.0,-0.5816256114748397
1498.0,-1.070585148205086
1499.0,-1.4594353806863785
1500.0,-1.3310413031076886
1501.0,-1.327116113578842
1502.0,-1.6791278940525771
1503.0,-1.9440713543556456
1504.0,-1.6353127361921425
1505.0,-1.8720990425657749
1506.0,-1.8654579807683855
1507.0,-1.8618744093324588
1508.0,-1.2375623022901088
1509.0,-1.2637359141249724
1510.0,-1.2188125931526115
1511.0,-1.13220593391496
1512.0,-0.9348304595920525
1513.0,-1.1134703444248655
1514.0,-0.8207255802357674
1515.0,-1.1354513817550729
1516.0,-1.3000092867978443
1517.0,-1.3011711701314446
1518.0,-1.602278678590879
1519.0,-1.4335069879358093
1520.0,-1.2786611018639966
1521.0,-0.7210785717503176
1522.0,-0.3358363538773125
1523.0,-0.1128842581931597
1524.0,0.10957499862664306
1525.0,0.0945975031415827
1526.0,-0.005424648899814061
1527.0,-0.2056886167851391
1528.0,0.15811295881233756
1529.0,0.3170680252301372
1530.0,0.23192098597664898
1531.0,-0.14058774352050094
1532.0,-0.22080324935675966
1533.0,-0.2529223572042313
1534.0,-0.49217608327258583
1535.0,-0.2871104627090924
1536.0,0.32192929100939155
1537.0,0.08073042898099739
1538.0,0.5263730743799935
1539.0,1.3136381503968635
1540.0,1.8584490578274782
1541.0,1.7060079548408098
1542.0,1.6140598239590442
1543.0,1.9804001743431128
1544.0,2.2360438397324964
1545.0,2.210972321858916
1546.0,1.82980196272313
1547.0,1.79539162086547
1548.0,1.3227393911791323
1549.0,0.8244694460364417
1550.0,1.3622442191683581
1551.0,1.0435877444137545
1552.0,0.9670371124460136
1553.0,1.3792458787410447
1554.0,1.0850225403045393
1555.0,0.8150429281830095
1556.0,0.2504423991891238
1557.0,0.13744672541466108
1558.0,0.24501183033008372
1559.0,0.16644267229489607
1560.0,-0.010634623420068767
1561.0,0.20519233564971834
1562.0,-0.17400924393894218
1563.0,-0.10434860041641089
1564.0,-0.215223475406991
1565.0,-0.4277297354144449
1566.0,-0.28627271024602363
1567.0,-0.37022025512905943
1568.0,0.0006321699830509897
1569.0,0.19024915670208956
1570.0,0.45456896812050984
1571.0,0.13875943532915874
1572.0,0.31294654367211994
1573.0,0.11631452126324646
1574.0,-0.1872126112790425
1575.0,-0.18362662451557005
1576.0,-0.0866375051213969
1577.0,-0.1572541589594364
1578.0,0.055570173351587204
1579.0,0.0692993107896917
1580.0,0.3190857761447057
1581.0,0.23557559687677704
1582.0,-0.020049670801112
1583.0,-0.1776334807933411
1584.0,0.05029358036209505
1585.0,-0.051248432307221335
1586.0,0.1965998065862127
1587.0,0.17117443403556512
1588.0,-0.07419602386357635
1589.0,-0.04382491961370821
1590.0,-0.08591020488524707
1591.0,-0.3545617831721389
1592.0,-0.5061113533765713
1593.0,-0.5370828363003152
1594.0,-0.6992358090755835
1595.0,-0.5506680771244377
1596.0,-0.5930435535721361
1597.0,-0.3814207154610768
1598.0,-0.0261392951729591
1599.0,-0.166502759710287
1600.0,-0.6925298149434327
1601.0,-1.25979166753388
1602.0,-1.2739740037932976
1603.0,-1.0251883958257797
1604.0,-1.1342928107004184
1605.0,-0.8047954385035041
1606.0,-1.034507529480674
1607.0,-0.20767570451694506
1608.0,-0.7328146233490257
1609.0,-0.8423034604142265
1610.0,-1.5961701729077213
1611.0,-1.0231661065490056
1612.0,-0.4602499402526461
1613.0,-0.535671459478741
1614.0,-0.73874670015204
1615.0,-0.5677475952900611
1616.0,-0.9791059989822204
1617.0,-0.9735195954831853
1618.0,-0.9896226160705884
1619.0,-1.0323823157215015
1620.0,-1.0168246986422367
1621.0,-0.788614690754786
1622.0,-1.0595065738523046
1623.0,-1.134328714387328
1624.0,-0.8831091589190397
1625.0,-0.45684037168914027
1626.0,-0.6756607850527485
1627.0,-0.23097438873671128
1628.0,0.13031894821285314
1629.0,0.16939966624129887
1630.0,0.48354433515917655
1631.0,0.48301795197655245
1632.0,0.39772871209078686
1633.0,0.21464299570085632
1634.0,-0.032377299532570875
1635.0,-0.2979476685806434
1636.0,-0.17342244650090483
1637.0,-0.28669678728543857
1638.0,-0.45311944108360724
1639.0,-0.34781043387257987
1640.0,0.07005044848432546
1641.0,0.4521435645553452
1642.0,0.13176404627153643
1643.0,0.5898180051432509
1644.0,-0.05004577168000901
1645.0,0.1905308557505577
1646.0,0.28095508344796083
1647.0,-0.2049326640952016
1648.0,-0.045267682268961745
1649.0,0.03141978723719645
1650.0,0.3465296416114041
1651.0,0.46261606134672983
1652.0,-0.19135760757688824
1653.0,-0.16930855293244448
1654.0,-0.537129632081063
1655.0,-0.6349549181376326
1656.0,-0.5778910330152562
1657.0,-0.6518142724944395
1658.0,-0.9783872605493844
1659.0,-0.795558246950461
1660.0,-0.13110166721793048
1661.0,-0.02924622194103768
1662.0,0.03562176277510455
1663.0,0.3438412685558393
1664.0,0.2943059811074719
1665.0,0.5316989246500565
1666.0,0.19696190252602658
1667.0,-0.2142245450683858
1668.0,-0.5733840727312138
1669.0,-0.5130769872984459
1670.0,-0.43856936122650525
1671.0,-0.8938058859404017
1672.0,-0.9029764645785768
1673.0,-1.1195512475297673
1674.0,-0.7226332576447781
1675.0,-0.6557517631489045
1676.0,-0.83709158787783
1677.0,-0.6342949929615621
1678.0,-0.2654292535156942
1679.0,-0.10975438872776871
1680.0,0.24002094312996936
1681.0,0.09020358311876897
1682.0,0.3773057805011813
1683.0,0.6884268392807223
1684.0,1.3256623871881577
1685.0,1.3537941790713361
1686.0,1.066098601206609
1687.0,1.0255087620454868
1688.0,0.9439084082183293
1689.0,0.6638799508817916
1690.0,0.7250259907395353
1691.0,0.9858943154048717
1692.0,1.1109192093233091
1693.0,1.2509681385310139
1694.0,1.243626454292613
1695.0,1.4222872166658596
1696.0,1.8815849202031891
1697.0,1.6320388714719463
1698.0,1.2718846651534217
1699.0,1.3389740230812945
1700.0,1.2632136285434923
1701.0,0.9674583911893441
1702.0,1.4898282888377656
1703.0,1.085263713886806
1704.0,0.7304149559749478
1705.0,0.5529562299215673
1706.0,0.4513945136914801
1707.0,0.4467616747012187
1708.0,0.6170364822039176
1709.0,0.9341078369445021
1710.0,0.740423125573847
1711.0,0.9020484101232005
1712.0,1.3661702637839546
1713.0,1.144976587354258
1714.0,0.9684856891593338
1715.0,1.1962828041760427
1716.0,0.9426830963669751
1717.0,1.0821830968825477
1718.0,1.2604490055309325
1719.0,1.4855926122985132
1720.0,2.1455411160174105
1721.0,1.6113863631356564
1722.0,1.6329000882695832
1723.0,1.7986813312628964
1724.0,2.0106878947646
1725.0,2.1094513918173496
1726.0,2.0346582579336516
1727.0,1.33621375791313
1728.0,1.2274659361713867
1729.0,1.1498481681240889
1730.0,0.9033622076247031
1731.0,0.5925487334896209
1732.0,1.147331316302
1733.0,0.8606002995614508
1734.0,1.25309897684127
1735.0,1.0852712725944973
1736.0,0.8243780498202421
1737.0,1.0152956858614202
1738.0,0.5771082615915157
1739.0,1.293686391249214
1740.0,1.1031836789939091
1741.0,1.492095209402259
1742.0,1.348176124061081
1743.0,1.4158130522713872
1744.0,1.548578312876086
1745.0,1.3663432805076732
1746.0,1.1341238515436822
1747.0,0.8528770656818657
1748.0,0.17885300769713752
1749.0,-0.1774799281762474
1750.0,-0.11579044919455836
1751.0,0.20899961987466148
1752.0,-0.029839415766649197
1753.0,0.4833086454597758
1754.0,0.32832667459323445
1755.0,0.22206475131720038
1756.0,0.3414243104826602
1757.0,-0.3438474605642977
1758.0,-0.11762153426649202
1759.0,-0.5881107789253599
1760.0,-0.3336185957782379
1761.0,-0.3860679556239131
1762.0,-0.32819384756554126
1763.0,-0.13888031397450504
1764.0,-0.5197291491982674
1765.0,-0.15123044064410174
1766.0,-0.3642561385046805
1767.0,-0.16845256935963598
1768.0,-0.2276208318720659
1769.0,0.3711287565528893
1770.0,0.24815350857149215
1771.0,0.32179898078699143
1772.0,0.012483713614886316
1773.0,0.2518489329343373
1774.0,0.3813932458481247
1775.0,0.053398333744638316
1776.0,-0.3535290951245783
1777.0,-0.17541567245733106
1778.0,-0.6376619953362568
1779.0,-0.7729343899520648
1780.0,-0.8840082468563046
1781.0,-0.9341348405828177
1782.0,-0.7387608878253538
1783.0,-0.39926789170389004
1784.0,-0.6380371385899855
1785.0,-1.0674743939294196
1786.0,-1.3135987363477135
1787.0,-1.923329528049119
1788.0,-1.3667166549783962
1789.0,-1.2701161448751046
1790.0,-0.94206213076823
1791.0,-1.3266639912502396
1792.0,-0.96958507076447
1793.0,-1.4442766821498032
1794.0,-1.4397940237413056
1795.0,-1.1818743611399483
1796.0,-1.0800350249813362
1797.0,-0.7914996351765563
1798.0,-1.0157252479442094
1799.0,-1.0244562833269533
1800.0,-1.0843995800361972
1801.0,-0.8970747155535553
1802.0,-0.8379147996485578
1803.0,-0.9675103892996061
1804.0,-1.2888409592335741
1805.0,-1.0996197924475248
1806.0,-1.0568836117245448
1807.0,-1.1823858103853222
1808.0,-0.6996529240772402
1809.0,-0.5578412572578089
1810.0,-1.4916618791049152
1811.0,-1.536685225804942
1812.0,-1.2578359502377374
1813.0,-1.1866123354122677
1814.0,-0.9285094851554916
1815.0,-1.0440896626493752
1816.0,-1.3409953513648891
1817.0,-1.183247493043646
1818.0,-0.5448562154942972
1819.0,-0.21356976757790908
1820.0,-0.0923483512542362
1821.0,-0.4892847970425269
1822.0,-0.1776949650936348
1823.0,-0.7485658030666013
1824.0,-1.343011183075645
1825.0,-1.3995325376128271
1826.0,-0.9899406465366942
1827.0,-0.8978348100192947
1828.0,-0.8714624563918537
1829.0,-1.0085646580459084
1830.0,-1.2680876994645114
1831.0,-0.8751106145148688
1832.0,-0.7041640320771487
1833.0,-1.236112366056531
1834.0,-1.2191050264118803
1835.0,-0.9194046364086849
1836.0,-0.9383508320248257
1837.0,-1.2306213542201583
1838.0,-1.51463843914947
1839.0,-1.0814299902313023
1840.0,-1.0237702501614743
1841.0,-0.9205190645094837
1842.0,-0.812380411830684
1843.0,-0.6949006260480466
1844.0,0.1314583711544447
1845.0,-0.08212643519257584
1846.0,0.13592127104927787
1847.0,0.6415976299202927
1848.0,0.668971215947197
1849.0,0.7882775766133574
1850.0,0.8820903495275496
1851.0,1.0805953609388306
1852.0,1.2730844297508939
1853.0,1.4981633914952104
1854.0,1.1717863658872252
1855.0,1.4494955569225794
1856.0,1.5313268548473495
1857.0,1.2974952069759855
1858.0,1.0741745413309494
1859.0,1.0426640249923411
1860.0,0.7560258198241891
1861.0,1.1336856429897764
1862.0,1.6112295537822843
1863.0,1.2812032145028918
1864.0,1.1599513507693118
1865.0,1.1036692790767224
1866.0,1.4704647861497802
1867.0,1.990224917115392
1868.0,2.338078547757897
1869.0,2.850896739631429
1870.0,2.3165263886436085
1871.0,1.6487315533613018
1872.0,1.4812908857462124
1873.0,1.5647483984507229
1874.0,1.638409547873807
1875.0,1.746941479701694
1876.0,1.4079122409359055
1877.0,1.4469422700771024
1878.0,1.3893191249867491
1879.0,0.9223312119373954
1880.0,1.1671763153769932
1881.0,1.2643958097053796
1882.0,0.8984915715495299
1883.0,0.9296627110686121
1884.0,0.7633339825163349
1885.0,0.7005217425905652
1886.0,1.0049972450944804
1887.0,1.084815577947161
1888.0,1.36681986649145
1889.0,1.3047133062112495
1890.0,1.182248683789029
1891.0,0.5152740516648384
1892.0,0.19188811546523926
1893.0,-0.11081880163955382
1894.0,-0.11007853896979336
1895.0,0.1487538145911943
1896.0,0.38634658990779536
1897.0,0.5733059880043685
1898.0,0.24822545838218707
1899.0,0.22204642372200145
1900.0,0.3699811123270038
1901.0,1.1896337623062718
1902.0,0.625547526688753
1903.0,0.8553324639585329
1904.0,0.286468092440079
1905.0,-0.23298646244244425
1906.0,-0.2920976588779395
1907.0,-0.22635075438764815
1908.0,0.32464742665090107
1909.0,0.5167003949625856
1910.0,0.18038211197354542
1911.0,0.06928503649422602
1912.0,-0.24431019243560606
1913.0,-0.6221807916016425
1914.0,-0.715688216417239
1915.0,-0.9754637726981107
1916.0,-1.1387838951081724
1917.0,-0.9419422951576853
1918.0,-0.9326866877986301
1919.0,-0.8888133293757978
1920.0,-0.9521813564437146
1921.0,-0.7732452425484424
1922.0,-0.9881891204441507
1923.0,-0.942327119081351
1924.0,-0.9964239642772967
1925.0,-0.9455013939087692
1926.0,-0.7641765154788506
1927.0,-0.3723555647059517
1928.0,0.041787463844102424
1929.0,0.4081616780036095
1930.0,0.6394586959263009
1931.0,0.24249614683398202
1932.0,0.1073939537228854
1933.0,-0.01685154003957716
1934.0,-0.0022046667472623294
1935.0,-0.38795746042896306
1936.0,-0.13000293088069093
1937.0,-0.13520985535374988
1938.0,-0.5735138600887538
1939.0,-1.3952226574036866
1940.0,-0.943628297760027
1941.0,-0.8199522677048384
1942.0,-0.7914603150762347
1943.0,-0.7771721797359347
1944.0,-0.7785150681018738
1945.0,-1.3597362006739862
1946.0,-1.847692399890239
1947.0,-2.1114302054574736
1948.0,-1.9490059211908075
1949.0,-1.9457205532732298
1950.0,-1.2637172840090778
1951.0,-1.2898586856808538
1952.0,-1.508336312268904
1953.0,-1.6385090990917621
1954.0,-1.6846268858453821
1955.0,-1.735709772453291
1956.0,-1.4374632939419467
1957.0,-1.4338850307108055
1958.0,-0.7864280968117671
1959.0,-0.7485658050871575
1960.0,-0.4100532849295249
1961.0,-0.09929710708689937
1962.0,0.3685917661830008
1963.0,0.4206752256056532
1964.0,0.9737789399357931
1965.0,0.4874982822106457
1966.0,0.6742159103111037
1967.0,0.7462966620450142
1968.0,0.6778178541066426
1969.0,0.2855586230767204
1970.0,0.26851682214405237
1971.0,0.15437982077643006
1972.0,0.33082128120314935
1973.0,0.2007712045363862
1974.0,-0.48660835616378656
1975.0,-0.7534170763856269
1976.0,-0.4424721645250294
1977.0,-0.7976369219715249
1978.0,-0.2907967328764572
1979.0,-0.10653188418570272
1980.0,0.0930797780761716
1981.0,0.14808395469996444
1982.0,0.12825752751864086
1983.0,0.1688147674811123
1984.0,-0.04800326027892837
1985.0,-0.5780061011001055
1986.0,-0.36898207574952036
1987.0,0.17774996878561083
1988.0,-0.13763154701811436
1989.0,0.01868627469628234
1990.0,-0.33503931635198414
1991.0,-0.6638637019016973
1992.0,-0.7931341656951502
1993.0,-0.6035994333640053
1994.0,-0.27882425649998016
1995.0,-0.002074934237142334
1996.0,0.05043351551288482
1997.0,0.40990168190657966
1998.0,-0.1557255012859332
1999.0,0.022570144957780786
2000.0,0.4506241931030299
2001.0,1.3093736324575338
2002.0,1.2569629209482882
2003.0,1.5070407275457685
2004.0,1.18954690254905
2005.0,0.8017841878177983
2006.0,1.0034471496795387
2007.0,0.6961864031280056
2008.0,0.5870411548213914
2009.0,0.9136097451231866
2010.0,1.1630882348001244
2011.0,1.273339949304909
2012.0,1.121284788336843
2013.0,0.9365104444917791
2014.0,0.8834218820178023
2015.0,0.5075677759058541
2016.0,0.6931517496629134
2017.0,0.3214540336464007
2018.0,0.13195398739952305
2019.0,0.5016959944008632
2020.0,0.22486633732087108
2021.0,0.5861321122847891
2022.0,0.33276294225348513
2023.0,-0.23584852333687772
2024.0,0.3715297779674134
2025.0,0.43712479549543515
2026.0,0.6439605729199215
2027.0,0.24826640121355037
2028.0,-0.13198357887468093
2029.0,-0.3804995849680244
2030.0,-0.35422628890159474
2031.0,-0.6616146215725094
2032.0,-0.4613630941836592
2033.0,-0.1719304154561362
2034.0,-0.025230090612817113
2035.0,0.24969417492067034
2036.0,0.035697426951446426
2037.0,0.15438775724930653
2038.0,-0.09723333670983195
2039.0,-0.10455930099913466
2040.0,0.3353069998420561
2041.0,0.6106305336882205
2042.0,0.6295984537640064
2043.0,0.6233502360377546
2044.0,0.5908005760958343
2045.0,-0.0065308572593028025
2046.0,-0.2956724841770775
2047.0,0.22981130753768436
2048.0,-0.44882663432050496
2049.0,-0.2946345976455014
2050.0,-0.1864684893220135
2051.0,-0.2061213476086871
2052.0,-0.20451238608121447
2053.0,-0.6570971170969795
2054.0,-0.8915290026740694
2055.0,-0.9416618660750337
2056.0,-1.4441245076144453
2057.0,-1.8073554104021958
2058.0,-1.6851733460398437
2059.0,-1.3944030643843024
2060.0,-1.878324776075595
2061.0,-1.5996378374358589
2062.0,-1.873597732408523
2063.0,-2.1208171513214333
2064.0,-2.1735515407276735
2065.0,-2.100752661934279
2066.0,-2.084910877347091
2067.0,-2.418310450568749
2068.0,-2.2235448445671104
2069.0,-1.6197584190445995
2070.0,-1.1578995907624878
2071.0,-1.0762474732902294
2072.0,-1.5851693186741158
2073.0,-1.8532553627292148
2074.0,-1.9218569987355016
2075.0,-1.7716179736979405
2076.0,-1.5479676700783145
2077.0,-1.478121949281488
2078.0,-1.3601441664880831
2079.0,-1.3675167334209744
2080.0,-1.891467562424666
2081.0,-1.1628079374418747
2082.0,-0.8551258114815101
2083.0,-0.4567464496840961
2084.0,0.2953797531607133
2085.0,0.36052673370980765
2086.0,0.1313766436578779
2087.0,0.3479427130424533
2088.0,0.612308870291381
2089.0,0.4332178828604586
2090.0,0.7239991415980948
2091.0,1.1447427349494987
2092.0,1.2770345110691366
2093.0,1.3263294695513523
2094.0,1.2588617684960666
2095.0,0.7100081663377005
2096.0,0.12473176501050343
2097.0,0.0590218955458089
2098.0,0.26594364541193277
2099.0,-0.16233439442713304
2100.0,-0.4634579602686133
2101.0,-0.5496761086062506
2102.0,-0.8210756880671601
2103.0,-0.6442808965480251
2104.0,-0.5644924980487533
2105.0,-0.9588086877428762
2106.0,-0.5274785794962926
2107.0,-0.6790916733220169
2108.0,-0.08698732753567096
2109.0,0.10834140919649994
2110.0,0.2960359518562309
2111.0,0.0959691225745456
2112.0,0.41822502993667765
2113.0,0.3982964879062939
2114.0,0.7316133677819652
2115.0,0.6469543444590895
2116.0,1.008635267479352
2117.0,0.6023584792196477
2118.0,0.5125675584280572
2119.0,1.0389302471149442
2120.0,1.212212701182642
2121.0,0.8750600953767764
2122.0,1.1662818197745648
2123.0,0.9678893685342574
2124.0,1.2608451464629131
2125.0,0.6618688838464554
2126.0,0.6283985732188816
2127.0,0.7282771511871093
2128.0,0.9484067360487215
2129.0,1.1681621803743956
2130.0,1.4299361142302252
2131.0,0.5918527879225082
2132.0,0.3700051324688376
2133.0,0.5042276072173063
2134.0,0.09770645327370198
2135.0,0.7201313722659641
2136.0,1.1310589788615912
2137.0,1.4369804183127628
2138.0,1.1152555777815527
2139.0,1.164837301040591
2140.0,1.348779281894667
2141.0,0.9688405704350362
2142.0,1.006224046861803
2143.0,0.025701903728348796
2144.0,-0.1472777744760742
2145.0,0.35864292288629945
2146.0,0.8065582607080555
2147.0,0.92978608827275
2148.0,1.3166350156485358
2149.0,1.1744986619679287
2150.0,0.925245354872513
2151.0,1.186147217227163
2152.0,0.9970375053272124
2153.0,1.049440098489304
2154.0,1.3325172706536699
2155.0,1.4381276719384155
2156.0,1.904019200966193
2157.0,0.6450171423448783
2158.0,1.041951498829431
2159.0,0.7028008236515535
2160.0,0.5452768176526346
2161.0,0.48296604464646864
2162.0,0.8395066745880226
2163.0,0.8828780865752255
2164.0,0.7724860554763311
2165.0,0.986246955492237
2166.0,1.1279125163771773
2167.0,1.1679790540896138
2168.0,1.7115308897312065
2169.0,1.662755967802606
2170.0,1.5574396426477917
2171.0,1.3365498474659334
2172.0,1.663673879864172
2173.0,1.720386732525294
2174.0,1.5687669528396517
2175.0,1.4012555839756742
2176.0,1.4308876978129315
2177.0,2.1688239580202566
2178.0,2.279550731751036
2179.0,2.4264630490686914
2180.0,2.0496038087908675
2181.0,1.7833754663839763
2182.0,0.7446334077967481
2183.0,0.19140150431885083
2184.0,-0.23374389858199718
2185.0,-0.6342826953442878
2186.0,-0.6331063130352309
2187.0,-0.6251172943984667
2188.0,-0.9428297737974668
2189.0,-0.9503361966822822
2190.0,-0.7354922733353081
2191.0,-1.1571172081216594
2192.0,-1.098626758294772
2193.0,-1.2440829263120803
2194.0,-1.1000756618283571
2195.0,-0.9020160967785867
2196.0,-0.8111417178346777
2197.0,-0.8541364710717197
2198.0,-0.8337118233495638
2199.0,-0.8913001622002259
2200.0,-1.0195233137052617
2201.0,-1.412608494753752
2202.0,-1.3541114132478091
2203.0,-1.0400312624379682
2204.0,-1.1708201533963243
2205.0,-1.1547062204497511
2206.0,-1.338033921197267
2207.0,-1.1402151861161887
2208.0,-0.869920427499935
2209.0,-0.4740181864086311
2210.0,-0.5468651173961643
2211.0,-0.7304528201010055
2212.0,-0.560515617042185
2213.0,-0.26502177220576373
2214.0,0.4149778403569843
2215.0,0.12015965162137737
2216.0,-0.21773741904062976
2217.0,-0.2894179887816912
2218.0,0.3128477696211202
2219.0,0.7029789600403261
2220.0,0.7851848429789223
2221.0,0.6757412432057959
2222.0,0.9979373501871329
2223.0,0.5066012861683411
2224.0,0.5576292311543499
2225.0,0.5026639136357292
2226.0,0.09715820476800585
2227.0,0.015344427938780755
2228.0,-0.5161211610582113
2229.0,-0.19498763180001383
2230.0,-0.6514565010814031
2231.0,-0.343852728328658
2232.0,-0.5566941071352425
2233.0,-0.30985150490758717
2234.0,-0.25917273303132154
2235.0,0.23658584185915177
2236.0,0.15997026791087593
2237.0,0.43399284875974276
2238.0,0.8872842346172476
2239.0,1.2112716257775196
2240.0,1.383702847613719
2241.0,1.2818082837483107
2242.0,1.4341837274030937
2243.0,1.1216376695230992
2244.0,1.3705063007752158
2245.0,1.3594903223773798
2246.0,0.9702291547209434
2247.0,0.9622673734795385
2248.0,0.7552889935745495
2249.0,0.49131027912056074
2250.0,-0.10748269080519701
2251.0,-0.3163434806980192
2252.0,-0.16228240410700762
2253.0,-0.17673203230838616
2254.0,0.19310432509148803
2255.0,0.08664782256347683
2256.0,-0.001184983630800926
2257.0,-0.14316281705060038
2258.0,-0.26488926196149315
2259.0,0.12376465689236998
2260.0,0.36538699678808073
2261.0,0.49238912474504004
2262.0,-0.0569098161160807
2263.0,0.031476519364839056
2264.0,-0.3234604338599172
2265.0,-0.2801508986963908
2266.0,-0.313377079113522
2267.0,-0.602952943713261
2268.0,-0.08176168500460468
2269.0,-0.0692488468380056
2270.0,0.19957229554469516
2271.0,0.046352318693197975
2272.0,0.771286642038326
2273.0,0.6275866619533124
2274.0,0.6848268676520395
2275.0,0.8834958603961152
2276.0,0.9319123421516341
2277.0,1.0775886009896767
2278.0,1.1266399840202774
2279.0,1.3804555921072488
2280.0,1.1153249267525052
2281.0,1.3474494317926773
2282.0,1.479539364789997
2283.0,1.7791300493080184
2284.0,1.6006472068915203
2285.0,1.9087863354959524
2286.0,1.8612985789758612
2287.0,1.7231696108349348
2288.0,1.6869432320787423
2289.0,1.067233574577509
2290.0,1.0971931370354342
2291.0,1.1053364674788688
2292.0,1.0334740748389237
2293.0,0.890934923422066
2294.0,0.9342160632182502
2295.0,0.6045139673817337
2296.0,0.6571342592229877
2297.0,0.6029071396339701
2298.0,0.40372948865743336
2299.0,-0.010225029541093666
2300.0,0.095057698719801
2301.0,0.19185160718793656
2302.0,0.2715130914371661
2303.0,0.7337883089608581
2304.0,0.8495248256336378
2305.0,0.8146894264432736
2306.0,0.9566734732633853
2307.0,0.3314049976682838
2308.0,0.5009986488381272
2309.0,0.612242821182181
2310.0,0.6287420630542494
2311.0,1.1033304957279435
2312.0,0.8988321339829748
2313.0,0.8644856505479896
2314.0,1.0074201911336933
2315.0,0.8961011242651028
2316.0,0.828026159898261
2317.0,0.5493261461381802
2318.0,1.095764901758438
2319.0,1.594374826709065
2320.0,1.546737147854531
2321.0,1.7378458953539284
2322.0,1.6704480199592748
2323.0,1.4130465054523649
2324.0,1.922307736686559
2325.0,2.0636502964654655
2326.0,1.5243042585282764
2327.0,1.5943280732943121
2328.0,1.527396598240947
2329.0,1.4535629393475944
2330.0,0.9659393228613156
2331.0,1.3308094513204591
2332.0,1.3600497110234904
2333.0,0.6933630133164713
2334.0,0.5726353020072306
2335.0,0.7592179993291164
2336.0,0.6241790422490596
2337.0,0.7610907258384058
2338.0,1.0890065779881828
2339.0,1.2627125375881407
2340.0,1.1102614330278278
2341.0,1.0366467449700574
2342.0,0.6262448810379159
2343.0,0.27141387476658785
2344.0,0.8844235315815562
2345.0,0.9478926784023294
2346.0,0.2589856306138226
2347.0,0.13243586781155825
2348.0,0.06441729878879039
2349.0,-0.6041811521052062
2350.0,-0.23433685568858909
2351.0,-0.7086232418980352
2352.0,-1.137912229971525
2353.0,-0.8205989690495663
2354.0,-0.5638449225246835
2355.0,-0.37170550974364164
2356.0,-0.42667483342832835
2357.0,-0.4820305097116132
2358.0,-0.17997742125305116
2359.0,-0.12711737457469163
2360.0,0.356272530477897
2361.0,0.38811444336812506
2362.0,0.029014383780917585
2363.0,0.21910804965004485
2364.0,0.44679779603218395
2365.0,0.419371996628009
2366.0,0.40657144347819263
2367.0,0.9136663485648135
2368.0,1.34473921158908
2369.0,1.0976900099421643
2370.0,1.1711093598374878
2371.0,1.2184847597739863
2372.0,1.3751393987626488
2373.0,2.00033300247594
2374.0,2.1444266268217413
2375.0,1.850462610184532
2376.0,2.1895666700136456
2377.0,2.6830303849907606
2378.0,1.9603076837207252
2379.0,1.5680393548715847
2380.0,0.9353625749866902
2381.0,1.2729716561714357
2382.0,1.5343737472139842
2383.0,1.5549247517629599
2384.0,1.5549877862140011
2385.0,1.5395905972354993
2386.0,1.7140919916956672
2387.0,1.268192158472115
2388.0,0.9051508129535828
2389.0,0.9207063613528689
2390.0,0.512541879714095
2391.0,0.26246285119134527
2392.0,0.6991365647654225
2393.0,0.7676104243972426
2394.0,0.5812027765797758
2395.0,0.6741544298110177
2396.0,0.5672820997978574
2397.0,0.43796725260791414
2398.0,0.11839020108722076
2399.0,0.33401455642569977
2400.0,0.5584345531896961
2401.0,0.47479385421879744
2402.0,0.017958895798691088
2403.0,0.278737289896247
2404.0,0.3224649436736314
2405.0,0.49561718561910756
2406.0,0.5955111672388432
2407.0,0.930652529794235
2408.0,0.7367927020079181
2409.0,0.5488686512652436
2410.0,0.4754064528141516
2411.0,0.16856396513652538
2412.0,-0.40137377574058
2413.0,-0.26550140174913667
2414.0,-0.45134089097410013
2415.0,-0.4188783814597845
2416.0,-0.01105406048843538
2417.0,0.19991112912538186
2418.0,-0.12072864622137916
2419.0,0.1952882674254945
2420.0,-0.11144385178683217
2421.0,-0.08757223584148786
2422.0,0.10095054761035105
2423.0,-0.15796770291903195
2424.0,-0.2509641901937059
2425.0,-0.36971146563118995
2426.0,-0.9156196469722738
2427.0,-0.8215161265592268
2428.0,-0.4544737580667833
2429.0,-0.9477005943914991
2430.0,-0.6805649069107567
2431.0,-0.4585462564728698
2432.0,-0.2753618940096385
2433.0,0.16146602526409665
2434.0,0.47180781161709195
2435.0,0.6836398997704529
2436.0,0.1665642876893938
2437.0,0.19965855368162935
2438.0,0.0680505403947304
2439.0,0.18172724903294823
2440.0,-0.46548675071376266
2441.0,-0.2760049852158115
2442.0,-0.29834909164719403
2443.0,0.15410922943183097
2444.0,-0.08972726140001036
2445.0,0.09750111720530127
2446.0,0.34387313213001164
2447.0,0.28475557995907474
2448.0,0.3592788339601374
2449.0,-0.1822069367072151
2450.0,-0.23670279046571613
2451.0,-0.2289373196763602
2452.0,-0.48161342549363484
2453.0,-0.7519441769270389
2454.0,-0.9593241058962108
2455.0,-0.6391086758462596
2456.0,-0.7792689326965754
2457.0,-0.818359308556429
2458.0,-0.997092637790135
2459.0,-0.6236252188188819
2460.0,-0.3637035032533769
2461.0,0.09364213676592203
2462.0,0.5684598862307518
2463.0,0.3980151622816823
2464.0,-0.1475400909037256
2465.0,0.26354848735128167
2466.0,0.004626295580573564
2467.0,-0.13933028500847544
2468.0,-0.18154367322368137
2469.0,-0.348996024918901
2470.0,0.04327515007432525
2471.0,0.053557225358802016
2472.0,0.10705365530915344
2473.0,-0.03668679122116472
2474.0,0.3738562192842174
2475.0,0.639725373069016
2476.0,0.9541692851811834
2477.0,0.5343099764490846
2478.0,0.2879291353109209
2479.0,0.5400788062707003
2480.0,0.8585756885272342
2481.0,1.2564567086124387
2482.0,1.6257804609673374
2483.0,1.2819814376475651
2484.0,0.49437013263159346
2485.0,0.45959245826096234
2486.0,0.6356250550871303
2487.0,0.6860515570942884
2488.0,0.8598567805544323
2489.0,0.7427660238379769
2490.0,0.8789885116229039
2491.0,0.5506139595073265
2492.0,0.6863076136971742
2493.0,0.5599956756109133
2494.0,0.45067546670654873
2495.0,0.5888503272345911
2496.0,0.8367179855736613
2497.0,1.5827821924004244
2498.0,1.5140162787657747
2499.0,1.1462751403880573
2500.0,1.1873111941157986
2501.0,1.3671026465115579
2502.0,0.8336869410552743
2503.0,0.9379055274189907
2504.0,0.6394145123038808
2505.0,0.6855491970479248
2506.0,0.21437866379367226
2507.0,0.6184537491739693
2508.0,0.527423218045086
2509.0,0.21667813742745018
2510.0,0.8001158015999967
2511.0,0.37204999400071265
2512.0,0.05607797761700123
2513.0,-0.13925442823712278
2514.0,-0.5849868859820002
2515.0,-0.41425541033869373
2516.0,-0.8561277315325262
2517.0,-0.7338894468807348
2518.0,-0.5300792445313816
2519.0,-0.11381971981008371
2520.0,0.3276475472697715
2521.0,0.4617185578822931
2522.0,0.6551543531981662
2523.0,1.4598920559310105
2524.0,1.0338990077320367
2525.0,0.6169386709710775
2526.0,0.5549440278651416
2527.0,0.5839955415876287
2528.0,0.932068295100843
2529.0,0.9077037335758554
2530.0,0.3279985069640251
2531.0,0.6419262974368456
2532.0,0.330662339478382
2533.0,0.1328640608882655
2534.0,0.22186874676542398
2535.0,0.4019051497030402
2536.0,0.6254719217533824
2537.0,0.5127347104156332
2538.0,0.7258074860681312
2539.0,1.0620673998746684
2540.0,0.6268067200598652
2541.0,0.44051177738867875
2542.0,0.027183093696786897
2543.0,0.5865397588307463
2544.0,0.2690611359989475
2545.0,0.6772231537104842
2546.0,0.4935548733610884
2547.0,0.8006195787028367
2548.0,0.41391655860852333
2549.0,0.2992169710739407
2550.0,0.25554701627959053
2551.0,0.2980594618566924
2552.0,0.2249442681915257
2553.0,0.5380837100858149
2554.0,0.5514371056015115
2555.0,0.9376408757533614
2556.0,0.4827554093932535
2557.0,0.4487549778000451
2558.0,0.028254660700969603
2559.0,0.2146503100736824
2560.0,0.3445093917953663
2561.0,0.5142631867887653
2562.0,1.012999260431127
2563.0,0.41097297947634737
2564.0,0.03149948743751119
2565.0,0.17593078258663136
2566.0,0.5376251892616721
2567.0,0.2571694830516387
2568.0,-0.4714115439206099
2569.0,-0.2845513064520392
2570.0,-0.4684281948392859
2571.0,-0.611830747092037
2572.0,-0.6560681371041519
2573.0,-0.37693867491771105
2574.0,-0.07139504631443305
2575.0,0.007431153824216011
2576.0,0.30506243424187474
2577.0,-0.27350727292501936
2578.0,-0.5380648872925748
2579.0,0.07123370767048409
2580.0,0.3252308860219269
2581.0,0.16682435325470732
2582.0,0.41262551027218086
2583.0,-0.3480993802314169
2584.0,-0.34239414348101616
2585.0,-0.2386991094142648
2586.0,-0.3384329273016127
2587.0,-0.26656749146397835
2588.0,-0.4104374781817571
2589.0,-0.6296532156998313
2590.0,-0.6551088918191551
2591.0,-0.293793045651766
2592.0,-0.10023175252184507
2593.0,0.2381744452915362
2594.0,0.38407231565063094
2595.0,0.17719052495977425
2596.0,0.4137394506997838
2597.0,0.47089017106666753
2598.0,1.0351162488549503
2599.0,1.1530271557671656
2600.0,0.7421949409033828
2601.0,0.8519058375812274
2602.0,0.7709218607129131
2603.0,0.7050501708764684
2604.0,0.9573328029982011
2605.0,1.1338716514429845
2606.0,0.8997920265603562
2607.0,0.6471817393531013
2608.0,0.20538993193630922
2609.0,0.48640720886908506
2610.0,0.640720064163566
2611.0,0.735710767679322
2612.0,0.9351920169211269
2613.0,1.215375624795531
2614.0,1.2763539824827115
2615.0,1.2334438234161416
2616.0,1.5340208255721277
2617.0,1.6531653352595739
2618.0,1.5283772190095286
2619.0,1.1705256077276052
2620.0,1.1361912691336917
2621.0,0.8543913603475468
2622.0,0.5236442069407508
2623.0,0.24323518894428187
2624.0,0.0447039327176654
2625.0,-0.04437855610376254
2626.0,-0.4291266153334909
2627.0,-0.4051441346405793
2628.0,-0.38811651693392585
2629.0,-0.3352773329072461
2630.0,-0.19894630045526127
2631.0,-0.4123633072619023
2632.0,-0.3973596427366196
2633.0,-0.06984904300704847
2634.0,0.09357379250389872
2635.0,0.07255645445759863
2636.0,0.2368813047920095
2637.0,0.0802292713344265
2638.0,0.30043349976952877
2639.0,0.3733721166265203
2640.0,0.48166144981156017
2641.0,0.5212159254375588
2642.0,0.7723599174219516
2643.0,1.5842327284275064
2644.0,1.738865985598898
2645.0,1.7049101849412824
2646.0,1.149119913241218
2647.0,1.9253254966366553
2648.0,2.0145516313718543
2649.0,1.9240441984582812
2650.0,1.1326898728171635
2651.0,0.6787234283587524
2652.0,0.7552906264176049
2653.0,0.8157784435147297
2654.0,1.1975287887866612
2655.0,1.439298303935091
2656.0,1.5694595192323757
2657.0,1.5271496749577513
2658.0,1.6095141227452057
2659.0,1.3134028177232155
2660.0,1.6400412046709496
2661.0,1.789047557636685
2662.0,1.7189143704184835
2663.0,1.745618397707866
2664.0,1.6702155785384871
2665.0,1.800058819062684
2666.0,1.4954327854198295
2667.0,1.1747486155084765
2668.0,1.4739155858018331
2669.0,1.7181884247820893
2670.0,1.4734283495013683
2671.0,1.1802911342125035
2672.0,1.5722349430505713
2673.0,1.6116425478002812
2674.0,1.3576519119292694
2675.0,1.5219944697132257
2676.0,1.6805401815941927
2677.0,1.3161740559007022
2678.0,1.0966639617915437
2679.0,1.2719344559960941
2680.0,1.2560782611569752
2681.0,1.025352476582827
2682.0,0.6228170685757273
2683.0,0.7663113095446099
2684.0,0.8632339622176786
2685.0,1.084419146037507
2686.0,0.9728504258340374
2687.0,0.9153263474238081
2688.0,0.46436607955434284
2689.0,0.29414918502170867
2690.0,0.10964086353555566
2691.0,0.4011463305714259
2692.0,0.47389046347156477
2693.0,0.3055978505370648
2694.0,0.319997094020759
2695.0,0.2312519809229258
2696.0,0.10233627300104656
2697.0,0.18400984056086647
2698.0,0.13051618217028027
2699.0,0.46187143033617517
2700.0,-0.2928237071864511
2701.0,0.051908418974451365
2702.0,-0.04487054018060854
2703.0,-0.3499161080717155
2704.0,-0.687832402602312
2705.0,-0.3247811828982428
2706.0,-0.11466832311104985
2707.0,-0.38593190805023947
2708.0,-0.15459986949220575
2709.0,0.1497926025846106
2710.0,0.32681169246423447
2711.0,0.24655094885633305
2712.0,-0.4491237315974087
2713.0,-0.35061045867834345
2714.0,-0.3317127723319283
2715.0,-0.1987714833198539
2716.0,-0.3324644040552983
2717.0,-0.6755736057816148
2718.0,-0.21394764457353416
2719.0,-0.04530724648481521
2720.0,0.46515279727003095
2721.0,0.26097518547431153
2722.0,0.05077252932685694
2723.0,-0.07510948866484626
2724.0,0.000781163301365087
2725.0,0.07299809715036328
2726.0,0.18689670094474992
2727.0,0.5444185284078594
2728.0,0.2719981541923706
2729.0,-0.24581789230382584
2730.0,0.07192029556966864
2731.0,0.09113929439989309
2732.0,-0.007887344011259678
2733.0,0.6522065939989854
2734.0,0.6702876672548418
2735.0,0.6587031187444387
2736.0,0.373791381825695
2737.0,0.4393260708397181
2738.0,0.7857327899582152
2739.0,0.22124189526302707
2740.0,-0.08151856634598123
2741.0,0.1912112527196682
2742.0,-0.4792292408166184
2743.0,-0.2479620479067513
2744.0,-0.1869891736758854
2745.0,-0.02222506660132567
2746.0,0.3797462326794332
2747.0,0.3040169162463498
2748.0,0.06880792080571588
2749.0,0.5609006112860521
2750.0,0.38008125271249765
2751.0,0.5098598820369542
2752.0,0.2618101406233755
2753.0,0.10913929191436605
2754.0,-0.08079993501605277
2755.0,-0.1360055214631031
2756.0,-0.1882502694884551
2757.0,0.23090320976811585
2758.0,0.5226219593364674
2759.0,0.3219238437027492
2760.0,1.1314136931517553
2761.0,0.5189563015439144
2762.0,0.8172712406042258
2763.0,1.563246982564557
2764.0,0.7907492845373477
2765.0,0.6685309920978262
2766.0,0.8104871472279302
2767.0,0.7269004991834049
2768.0,0.3036783046314939
2769.0,0.5863678246042299
2770.0,0.3451028392725168
2771.0,-0.16524660771498523
2772.0,-0.142654537361594
2773.0,-0.38578390414664215
2774.0,-0.5958832684685195
2775.0,-0.15675369671585337
2776.0,0.20549034680744677
2777.0,0.5111556848156816
2778.0,1.290533572876264
2779.0,2.327655675493221
2780.0,2.3121366741802825
2781.0,2.041346625239097
2782.0,1.9556620246775502
2783.0,1.3751681643975537
2784.0,1.2323581198303482
2785.0,1.2173391190513272
2786.0,1.4310798337725394
2787.0,1.3365977801331101
2788.0,1.4258140635544876
2789.0,1.7813591472838741
2790.0,1.373844345584946
2791.0,1.934474981558886
2792.0,1.5623363613581323
2793.0,1.290537697097259
2794.0,1.3840643505961587
2795.0,1.3892247781436997
2796.0,1.153149451096383
2797.0,1.2682009713526154
2798.0,1.0043416953681181
2799.0,0.7529354406076656
2800.0,0.7077164448339792
2801.0,0.8023733099328145
2802.0,0.9916579361532983
2803.0,0.5179236571987116
2804.0,0.24154538313071078
2805.0,0.26252725758009826
2806.0,0.950066297357308
2807.0,0.7736528413309698
2808.0,0.2629579105774269
2809.0,0.2206378384495305
2810.0,0.451115909768884
2811.0,0.5731371149401481
2812.0,0.8298096457143607
2813.0,1.0000686828897871
2814.0,0.7913619996014333
2815.0,0.8546426003950088
2816.0,1.1278990190853349
2817.0,1.701632115594438
2818.0,1.3989194126254298
2819.0,1.2222738537612532
2820.0,0.9564753163377061
2821.0,0.919835967743562
2822.0,1.7343864230549988
2823.0,1.526099752617709
2824.0,1.7767981953215668
2825.0,1.5808440544793454
2826.0,1.8373994332636463
2827.0,1.7695964730735556
2828.0,1.9893715078262737
2829.0,2.0105415177160935
2830.0,2.160488102964618
2831.0,2.09643176108036
2832.0,2.1547551947720573
2833.0,2.2671494788482667
2834.0,2.345002707371506
2835.0,2.1950986934684864
2836.0,2.4175315791975214
2837.0,2.756645616703102
2838.0,2.7683320245122043
2839.0,2.1622765306417406
2840.0,2.313079460197268
2841.0,2.807473446919332
2842.0,2.8784866502862716
2843.0,3.055383802506911
2844.0,3.5025711236522348
2845.0,3.1343853777732984
2846.0,3.1862326858150176
2847.0,2.9744734063786016
2848.0,2.9301865539432868
2849.0,2.7679504687354877
2850.0,2.772220038169656
2851.0,2.7228915498923123
2852.0,2.5339077249989104
2853.0,2.3948202190218795
2854.0,1.8954161181927414
2855.0,1.7817513916485392
2856.0,1.6295922513233445
2857.0,1.6870874421222066
2858.0,1.6480943666372825
2859.0,1.5711989819688827
2860.0,1.0691856253979128
2861.0,1.0048868712140187
2862.0,1.0454143363144657
2863.0,0.9780098984746967
2864.0,0.8064369556679133
2865.0,0.806225782020417
2866.0,0.8361047876537713
2867.0,0.9947260548296549
2868.0,0.862159212753409
2869.0,0.6651932718727096
2870.0,0.4317986094069028
2871.0,0.2832908190344875
2872.0,0.1494395905681805
2873.0,0.1496205470916423
2874.0,0.5165530902895052
2875.0,0.6698751900651896
2876.0,0.9251698699981488
2877.0,1.3330220480469037
2878.0,1.338196340617477
2879.0,1.0965743275062125
2880.0,0.9549089858129933
2881.0,0.7192720552825387
2882.0,0.6075718302305713
2883.0,0.4509073723393249
2884.0,0.3918429938208514
2885.0,0.272919281352852
2886.0,0.5575957263951457
2887.0,0.0337589684616198
2888.0,-0.3426496024714666
2889.0,0.24530618355354544
2890.0,0.5148931815032493
2891.0,0.90492445056419
2892.0,0.9076180056505893
2893.0,1.1745646243280397
2894.0,1.2543393241664265
2895.0,0.8480257855913245
2896.0,0.6097626806728453
2897.0,0.8013509609250755
2898.0,1.1549220081922615
2899.0,1.1836766180481675
2900.0,1.3339752177696294
2901.0,1.508653253191063
2902.0,1.457463024782442
2903.0,1.346753225103413
2904.0,0.9145362062688609
2905.0,1.5540452579810402
2906.0,1.6938678582578157
2907.0,1.9710736640437343
2908.0,2.1424299266349998
2909.0,1.532067165363632
2910.0,1.504298642768863
2911.0,1.522733732811039
2912.0,1.3584978901669653
2913.0,1.3567707490036955
2914.0,1.646725050741215
2915.0,1.6189517700023475
2916.0,1.3960420521695385
2917.0,1.4083640862171865
2918.0,0.6225220578029553
2919.0,0.6980870333125776
2920.0,0.5504927367702608
2921.0,0.6354211972310677
2922.0,0.8239707574948961
2923.0,0.5254561083472533
2924.0,0.16951435904925338
2925.0,-0.23053718622055233
2926.0,0.4809902234378456
2927.0,0.07207351292493508
2928.0,0.013736999878322942
2929.0,0.026892369759734594
2930.0,-0.12049642978002369
2931.0,-0.6812354966266333
2932.0,-0.7656137455437433
2933.0,-1.175518166783882
2934.0,-1.161546737734628
2935.0,-1.280264719649672
2936.0,-1.253255398875538
2937.0,-1.3538464695500085
2938.0,-1.1777592122693121
2939.0,-0.9420674681007387
2940.0,-0.7159176122132898
2941.0,-0.6903745631085221
2942.0,-0.5778767675098607
2943.0,-0.6851630616154389
2944.0,-0.9394544095868189
2945.0,-0.45995272394503806
2946.0,-0.6328929155165843
2947.0,-0.37594842248309246
2948.0,-0.6680358935330226
2949.0,-0.6890857675737997
2950.0,-0.780720526107316
2951.0,-0.9388075985055739
2952.0,-0.8539174309088171
2953.0,-0.9150113545686231
2954.0,-0.559436387896878
2955.0,-0.567483804845995
2956.0,-0.39093364751589016
2957.0,-0.030081639136022298
2958.0,-0.13530393103436916
2959.0,-0.3354440452215244
2960.0,-0.08090877393633675
2961.0,0.15824613583148628
2962.0,0.3638549668620033
2963.0,0.5878904109589452
2964.0,0.37093252509722274
2965.0,-0.27335167359046575
2966.0,0.12852366420629413
2967.0,0.6086399162481541
2968.0,0.4841486243922794
2969.0,0.16624387062637425
2970.0,-0.1006589658101584
2971.0,-0.36819054984848565
2972.0,-0.23977372182281317
2973.0,-0.49559688091634535
2974.0,-0.15233372901613823
2975.0,0.21848709450078402
2976.0,-0.3103149354776401
2977.0,-0.6074424739175803
2978.0,-0.4928656134996774
2979.0,-0.65289190845449
2980.0,-0.3936261789884974
2981.0,-0.37658279756324403
2982.0,-0.2504520133935221
2983.0,-0.36152718711251913
2984.0,-0.5704226884088185
2985.0,-0.6068425113767615
2986.0,-0.7283695612323613
2987.0,-0.5897404815633362
2988.0,-0.38792534198379536
2989.0,-0.37465464887705713
2990.0,-0.006880885978058526
2991.0,0.3912714472489105
2992.0,0.7235708623864511
2993.0,0.8307072100638122
2994.0,0.7029090764599192
2995.0,0.5626689945135437
2996.0,0.10332300169685471
2997.0,0.13340722579522032
2998.0,0.19910725148930242
2999.0,0.2603423976429258
3000.0,0.34510704620461824
3001.0,-0.49145935190887957
3002.0,-0.3093862225107913
3003.0,-0.01469483711734293
3004.0,-0.4309028528338093
3005.0,-0.6910116326839071
3006.0,-0.6797634912873362
3007.0,-0.2262159686985824
3008.0,-0.299591906226794
3009.0,-0.2653362353582826
3010.0,-0.07819207135679249
3011.0,0.05861838719666186
3012.0,0.9931098850685577
3013.0,0.34494213004789154
3014.0,0.46166245102447334
3015.0,0.9132960048033567
3016.0,1.3692915446799006
3017.0,1.6035762508070042
3018.0,1.9756115232111777
3019.0,1.6269237400711012
3020.0,1.2451228181463525
3021.0,1.2177502794917485
3022.0,0.8346589225643166
3023.0,0.8289020935506162
3024.0,0.353009475805108
3025.0,0.43848580246315283
3026.0,-0.28408267468368387
3027.0,-0.46094536849180673
3028.0,-0.4779726772166629
3029.0,-0.37083463927907206
3030.0,0.1443066352692795
3031.0,0.18405992986255285
3032.0,-0.036927627323358664
3033.0,0.032705672946066355
3034.0,0.10439045458046024
3035.0,0.7324660815932613
3036.0,0.7184593627369229
3037.0,0.9019327188622842
3038.0,0.6997564332128601
3039.0,0.6811345414395179
3040.0,0.9575140637309549
3041.0,1.1252592461320043
3042.0,0.8687771375561867
3043.0,0.9074681889788307
3044.0,0.8566546195373563
3045.0,0.6998715153165296
3046.0,0.47177000412510295
3047.0,0.1289546999262305
3048.0,0.5087298010026307
3049.0,0.250427228907488
3050.0,-0.35826508415100317
3051.0,-0.2439715165643933
3052.0,-0.2639540749131815
3053.0,0.2101202744677162
3054.0,0.19965756430697737
3055.0,-0.13926846357415676
3056.0,0.010618091797380269
3057.0,-0.2688382990624816
3058.0,-0.6091614087816262
3059.0,-1.1635092612718516
3060.0,-1.3690245316431648
3061.0,-0.8170910137079355
3062.0,-0.1955224145547776
3063.0,-0.31204080769042664
3064.0,-0.36031508826403313
3065.0,0.06268865788255279
3066.0,-0.07821036044389883
3067.0,-0.025352696129567864
3068.0,-0.12365554301925052
3069.0,-0.3678391833403568
3070.0,0.009235686724952175
3071.0,0.08902209911338603
3072.0,-0.12425871496077821
3073.0,0.1656444597852053
3074.0,0.24415717239266496
3075.0,0.13488568573865534
3076.0,-0.07342421514381328
3077.0,0.14207585736259615
3078.0,0.05916781630555658
3079.0,0.3375005036465252
3080.0,0.18181143486880727
3081.0,0.03252274916068992
3082.0,-0.09415647325322127
3083.0,-0.10253832402808498
3084.0,-0.2603336032237404
3085.0,-0.06506581884419482
3086.0,0.3521810618350344
3087.0,-0.0060613300120944125
3088.0,0.25857586904659463
3089.0,0.14495155919817826
3090.0,-0.20042199141355485
3091.0,-0.7713618274623869
3092.0,-0.854761403211194
3093.0,-0.7623388242712864
3094.0,-0.3754183369711368
3095.0,-0.25558017942517997
3096.0,-0.1545419925006733
3097.0,0.0011352022836409459
3098.0,-0.021177990662288752
3099.0,-0.13662510666679784
3100.0,-0.47318342259479307
3101.0,-0.7818077091382813
3102.0,-1.3103690218934883
3103.0,-1.5997253956341286
3104.0,-1.5621754273816182
3105.0,-1.0614266533606131
3106.0,-0.9672860028336151
3107.0,-1.1190188686186526
3108.0,-0.9608809296082236
3109.0,-1.0338424560664032
3110.0,-0.8946526219399277
3111.0,-0.9407451563712638
3112.0,-1.05308787527475
3113.0,-1.214806078646421
3114.0,-1.0483039072488016
3115.0,-1.0185798246918123
3116.0,-0.8591348066908231
3117.0,-1.132861376849791
3118.0,-1.3417317430242877
3119.0,-1.4116551128192123
3120.0,-1.429406004732158
3121.0,-1.1511800228134381
3122.0,-1.8607601202375397
3123.0,-1.8619141125332985
3124.0,-1.7730878330288586
3125.0,-2.1798701497236057
3126.0,-2.529862620230333
3127.0,-2.3157574633312468
3128.0,-2.2468031396682004
3129.0,-2.8486795716664766
3130.0,-2.6950510985196323
3131.0,-2.5157316214854157
3132.0,-2.768119156431827
3133.0,-2.477623455577795
3134.0,-2.09914107199731
3135.0,-2.271412384560062
3136.0,-1.7963504280053813
3137.0,-2.0466852220963063
3138.0,-1.4822685552997739
3139.0,-1.630851254428251
3140.0,-0.8807625256110342
3141.0,-0.6844065623614619
3142.0,-0.5792277940917426
3143.0,-0.7130175691537813
3144.0,-0.9762943722248502
3145.0,-0.718974307324907
3146.0,-0.7472029470033581
3147.0,-0.7816853967730155
3148.0,-0.7627517560249312
3149.0,-0.8957887101636862
3150.0,0.25063816087019586
3151.0,0.19251563528112667
3152.0,0.2959818627457392
3153.0,0.07123086445401558
3154.0,0.0526878380910613
3155.0,-0.6350871350217099
3156.0,-0.4793098951506459
3157.0,-0.5435010636068089
3158.0,-0.08026449078226977
3159.0,0.01526294875296047
3160.0,-0.04243078492274982
3161.0,0.2880719306454455
3162.0,0.22907747606341872
3163.0,0.16742965729188508
3164.0,0.668475168074141
3165.0,0.9309782328081124
3166.0,1.0282047267828296
3167.0,1.3159140970653838
3168.0,1.4158773953444388
3169.0,2.0091840537487213
3170.0,1.5299385508168704
3171.0,1.6049844270272176
3172.0,2.011622195647009
3173.0,1.6976819005487374
3174.0,1.44377709935394
3175.0,1.3861153073897692
3176.0,1.307028880656297
3177.0,1.6303089993665585
3178.0,1.8037408912321231
3179.0,1.8383714078727535
3180.0,1.9194015490303198
3181.0,2.0364671804648276
3182.0,1.8561223258277764
3183.0,1.856930052671977
3184.0,1.5090924022069432
3185.0,1.402666698446218
3186.0,1.538268461936448
3187.0,1.2325821600925273
3188.0,1.4949802817728308
3189.0,0.9506966635358474
3190.0,1.0199451662068098
3191.0,0.918797770521965
3192.0,1.1826794583487699
3193.0,1.4580818271213403
3194.0,1.647915746296202
3195.0,1.7865099010887584
3196.0,1.1724507995527778
3197.0,1.6074758795210897
3198.0,1.1281775683075455
3199.0,0.9332820736218298
3200.0,1.0058929570221706
3201.0,0.6693510666736906
3202.0,0.15399020923202816
3203.0,0.17635057436258217
3204.0,-0.1032324989993402
3205.0,0.2531789632115609
3206.0,0.309278028393902
3207.0,-0.19371133058617473
3208.0,-0.44922321707588025
3209.0,-0.14142679250217505
3210.0,0.45007519625642667
3211.0,0.9303658680315067
3212.0,0.7581157351197079
3213.0,0.7233211389262401
3214.0,1.2449665425233172
3215.0,0.8945756008796335
3216.0,0.9492248568907158
3217.0,0.9853852222549513
3218.0,1.1891332725595847
3219.0,0.8153587358771825
3220.0,0.4501158806109159
3221.0,0.21532653118244252
3222.0,0.4648176509441716
3223.0,0.0035089837839616944
3224.0,-0.111202816228682
3225.0,-0.24203356567889345
3226.0,-0.22408771465380872
3227.0,-0.6936627274369769
3228.0,-0.6526742968277981
3229.0,-0.7145789330277571
3230.0,-0.21805288459639588
3231.0,-0.28253890026997763
3232.0,-0.3367797621552244
3233.0,0.0476972589284555
3234.0,-0.06254894945277072
3235.0,0.1118163692645166
3236.0,-0.08871213986274325
3237.0,-0.2403316904426307
3238.0,-0.35125264265050216
3239.0,-0.11422834306432625
3240.0,-0.10259885378881435
3241.0,0.25090038019663374
3242.0,0.3420083595007536
3243.0,0.19132139096389422
3244.0,0.39270385073290465
3245.0,-0.17438402932924973
3246.0,0.27922953493822006
3247.0,0.44894164625742394
3248.0,0.703343597533629
3249.0,0.9711130727195352
3250.0,0.6575966890989482
3251.0,1.2659620542244032
3252.0,1.0581469901065461
3253.0,1.0550510856675084
3254.0,0.914388317369717
3255.0,0.6987358134823053
3256.0,0.31698224061602714
3257.0,-0.22054359692945913
3258.0,-0.7356049923077564
3259.0,-0.7475660392360207
3260.0,-1.2811239994584094
3261.0,-1.7150487801663543
3262.0,-1.204106192011889
3263.0,-1.8374034019495666
3264.0,-1.7236990463691368
3265.0,-1.4782906835673217
3266.0,-1.4718751425586003
3267.0,-1.5400968727552962
3268.0,-1.3545328563130017
3269.0,-1.432707785205455
3270.0,-1.2711506014734628
3271.0,-1.1970063047494168
3272.0,-1.3838045402543342
3273.0,-1.6540819190932323
3274.0,-1.6077947784350868
3275.0,-1.743862585457823
3276.0,-1.4540880746455138
3277.0,-1.2423277998822817
3278.0,-1.25921960836247
3279.0,-1.351541126450592
3280.0,-1.7054303906873352
3281.0,-1.620351781611504
3282.0,-1.6451333077224837
3283.0,-1.906166187883455
3284.0,-1.775446838680167
3285.0,-1.1643105216768668
3286.0,-1.2091271073143168
3287.0,-1.2421730818153884
3288.0,-1.0395639970920836
3289.0,-1.1019722166306056
3290.0,-1.3876235736760514
3291.0,-1.3014614650000518
3292.0,-0.9449568381352209
3293.0,-1.2967482741028549
3294.0,-0.6144203110471308
3295.0,-0.6076620464988618
3296.0,-0.41049038486434686
3297.0,-0.9458405560244227
3298.0,-0.9719357808311051
3299.0,-0.6188404739996316
3300.0,-1.1868936440426177
3301.0,-1.5868612080605153
3302.0,-1.7188534566287876
3303.0,-1.4367431141260671
3304.0,-1.0309189281416278
3305.0,-0.8261360976880082
3306.0,-1.5745051907212018
3307.0,-0.9349650423612899
3308.0,-1.1622510054762671
3309.0,-1.3726974374789063
3310.0,-1.0561450235390715
3311.0,-1.0026653220092139
3312.0,-1.5865484658805467
3313.0,-1.2536821950721708
3314.0,-1.0943825442101027
3315.0,-0.9475168870124685
3316.0,-0.6811123091982824
3317.0,-0.28611963245438193
3318.0,-0.3114188053100974
3319.0,-0.515575578128944
3320.0,-1.3577125681612299
3321.0,-1.2708007972658866
3322.0,-0.9971811571389287
3323.0,-1.4456404644951073
3324.0,-1.5173562958135105
3325.0,-1.6711990884106187
3326.0,-1.0216965258006798
3327.0,-1.3725750926582267
3328.0,-1.773231090555427
3329.0,-1.6907937585543853
3330.0,-1.7104919740729232
3331.0,-1.8473690754633798
3332.0,-1.8286605979047785
3333.0,-1.9293420455404175
3334.0,-1.633177915906094
3335.0,-1.3052211127982853
3336.0,-1.7320395107010207
3337.0,-2.1631991942167637
3338.0,-2.323644048061895
3339.0,-1.808689825962794
3340.0,-1.4324708201141778
3341.0,-1.6462225063356049
3342.0,-1.6306087112330545
3343.0,-1.6108484921792021
3344.0,-1.9086586980994378
3345.0,-1.7524973726001973
3346.0,-2.054998692807988
3347.0,-1.8158678775918105
3348.0,-2.0316505250692787
3349.0,-1.3706769450145664
3350.0,-0.6630252408353355
3351.0,-0.48782009416156036
3352.0,-0.6109535834030718
3353.0,-0.12408256515137361
3354.0,-0.6237526164785431
3355.0,-0.653083569110121
3356.0,-0.713533107630267
3357.0,-0.6360035989158022
3358.0,-1.0311805012978463
3359.0,-0.4932459775645825
3360.0,-0.37385950990636196
3361.0,-0.8723616100390102
3362.0,-0.9945720746328208
3363.0,-0.16341184312948043
3364.0,-0.3271206396595687
3365.0,-0.8251273503720364
3366.0,-0.9294188008533826
3367.0,-0.8068521259937691
3368.0,-0.3849449846967839
3369.0,-0.1395484150433363
3370.0,-0.22358929392255744
3371.0,0.29519343113711416
3372.0,0.7904538131888681
3373.0,0.9875160126961057
3374.0,0.6491730165109934
3375.0,0.3236441402324454
3376.0,0.3039248771968781
3377.0,-0.05309054237588967
3378.0,0.2332062960712512
3379.0,0.1348098427401159
3380.0,-0.06471862950418569
3381.0,0.4489780539675554
3382.0,0.3642536038711828
3383.0,0.7528599287722711
3384.0,0.534831782734889
3385.0,0.6770438966887086
3386.0,0.7363015711272284
3387.0,-0.003910605024232683
3388.0,0.4415223462322556
3389.0,0.8516124342205582
3390.0,1.0930280908851049
3391.0,0.8608632412590529
3392.0,0.7383752117064384
3393.0,0.5306318763688778
3394.0,0.7056309975938448
3395.0,0.6708509137988761
3396.0,0.49191483033134675
3397.0,0.5500735877679798
3398.0,0.36770877490997167
3399.0,0.40891408813446495
3400.0,-0.20526579615211732
3401.0,0.04914330290128341
3402.0,0.8068975367765802
3403.0,0.550106618222778
3404.0,0.4234346627775991
3405.0,1.2449871371365613
3406.0,0.9875598149448671
3407.0,0.6457010401588099
3408.0,0.6003903818355943
3409.0,0.45848184163660505
3410.0,0.17833579868914579
3411.0,0.45592697955115413
3412.0,0.34494069981326025
3413.0,-0.2548019149012736
3414.0,-0.4229909078049161
3415.0,-0.08414345438145288
3416.0,-0.029594985531152182
3417.0,0.4259697150473596
3418.0,0.6684114059334997
3419.0,0.4171149988642248
3420.0,0.5788203877716802
3421.0,1.049332326363438
3422.0,0.7321504399268312
3423.0,0.870202703195831
3424.0,1.161031949852004
3425.0,0.7109437446781461
3426.0,1.1052495162727398
3427.0,0.7705029176009062
3428.0,1.1448028711221903
3429.0,1.1776637649667867
3430.0,1.8108305036726828
3431.0,1.6321707875589218
3432.0,1.4615809608562305
3433.0,1.29614961426924
3434.0,1.5365397987424143
3435.0,1.8439447644617686
3436.0,2.170229270894039
3437.0,2.3491910495452744
3438.0,2.2290361577148574
3439.0,2.1159906557869
3440.0,2.493273415585863
3441.0,2.5505968282637252
3442.0,2.320916591687466
3443.0,1.9833969863659937
3444.0,2.3197119446099292
3445.0,1.6960388192237805
3446.0,1.9210992779127856
3447.0,1.68697523275657
3448.0,1.381818980554745
3449.0,0.691204314326494
3450.0,0.29043706187926643
3451.0,-0.09836469249221663
3452.0,0.25898318057944036
3453.0,0.08015725406297777
3454.0,-0.13087975570585614
3455.0,0.057850991636596696
3456.0,0.10044968241075947
3457.0,0.21862432432729903
3458.0,0.6356642435350892
3459.0,0.6233090924465579
3460.0,0.9559462750250176
3461.0,0.7813108239217741
3462.0,0.9614056038047362
3463.0,1.074553721122923
3464.0,1.0987958296877094
3465.0,1.0351484085016027
3466.0,0.7959164834917283
3467.0,0.26332708191692167
3468.0,0.44494604561239415
3469.0,0.4713743113000842
3470.0,0.40268179054380426
3471.0,0.4014964849506569
3472.0,0.10505244708228972
3473.0,0.3080412449002222
3474.0,0.44319064863210866
3475.0,0.6274105127083934
3476.0,0.17350442652158427
3477.0,0.2816126303966436
3478.0,0.17185873875332133
3479.0,0.1172582604462129
3480.0,0.5656870628538875
3481.0,0.7686163526647952
3482.0,0.718763866376468
3483.0,0.6780305439276165
3484.0,0.6208193150530588
3485.0,0.4265382077253855
3486.0,0.6047589657861571
3487.0,0.3962905401685496
3488.0,0.3338598722390495
3489.0,-0.01746182832566323
3490.0,0.3019035246609836
3491.0,-0.32421993205065475
3492.0,-1.0233627850156246
3493.0,-1.2203154838206844
3494.0,-1.4639919695636023
3495.0,-1.425587314692675
3496.0,-1.3317641122507744
3497.0,-1.2251967462196478
3498.0,-1.1220682940031754
3499.0,-0.7288441571642248
3500.0,-0.47435455168074614
3501.0,-0.4296156234674628
3502.0,-0.7113672536201325
3503.0,-0.5300245608559863
3504.0,-0.11684060100059263
3505.0,-0.4277647311679036
3506.0,-0.15353126993830263
3507.0,-0.415158245587892
3508.0,-0.7739577762267704
3509.0,-0.988854420653767
3510.0,-1.0891689970722134
3511.0,-1.0164036379831887
3512.0,-1.264893165715176
3513.0,-0.9759643872683617
3514.0,-0.9658438453515908
3515.0,-0.42140659664312846
3516.0,-0.439189713020158
3517.0,-0.32246631437677736
3518.0,-0.3736528668335127
3519.0,-0.5460932310619618
3520.0,-0.8609544858797658
3521.0,-0.6206192631862266
3522.0,-0.1701182136100266
3523.0,-0.022594479015160707
3524.0,-0.29596752967432394
3525.0,0.11356733250165096
3526.0,0.020355523571235642
3527.0,-0.1626570921919669
3528.0,-0.28469675256605786
3529.0,-0.8435405728018597
3530.0,-0.9718977673572797
3531.0,-0.5516542598963785
3532.0,-0.8328962675872715
3533.0,-0.7785338641791458
3534.0,-0.6667098602174925
3535.0,-0.9957006274645885
3536.0,-0.6737135971436988
3537.0,-0.21032009402866142
3538.0,-0.33961426251258164
3539.0,-0.12035946350521382
3540.0,-0.17491048624730857
3541.0,-0.0932554831309647
3542.0,-0.4214121881355085
3543.0,-0.23044119648755437
3544.0,0.13597393698331334
3545.0,-0.2753556336200047
3546.0,-0.3518407328607828
3547.0,0.30760742783570827
3548.0,0.43271226768289883
3549.0,0.3724637288695702
3550.0,0.25402283256684366
3551.0,-0.16936128698521052
3552.0,-0.14146609882198408
3553.0,-0.08607850316913634
3554.0,-0.6215162325998167
3555.0,-0.3498315221453963
3556.0,-0.502516831511172
3557.0,0.04832054477965586
3558.0,-0.14695112612138234
3559.0,-0.2813545783646222
3560.0,-0.6344942885230744
3561.0,-1.4524739879669495
3562.0,-1.5866614889794817
3563.0,-1.7725736660717613
3564.0,-1.1825502104564476
3565.0,-1.5437075695605933
3566.0,-1.6322295590043505
3567.0,-1.8609146681140252
3568.0,-1.5504170979701746
3569.0,-1.2574275925673706
3570.0,-0.9851004049369123
3571.0,-0.7691587333059098
3572.0,-0.9634162789987644
3573.0,-0.8208846842712931
3574.0,-0.39782218228790184
3575.0,-0.0031587712637210497
3576.0,-0.4333202456303685
3577.0,-0.3381537037939838
3578.0,-0.703903680656295
3579.0,-0.5045872518556367
3580.0,-0.7202930538102117
3581.0,-0.8033129347453527
3582.0,-0.8516866895807716
3583.0,-1.3788545012479938
3584.0,-1.2009720896476248
3585.0,-1.2610035144671212
3586.0,-0.8949101892860976
3587.0,-0.5808207774632093
3588.0,-0.933553769687564
3589.0,-0.8088837369839256
3590.0,-1.226573841656893
3591.0,-1.0427534493386053
3592.0,-1.0307722317075458
3593.0,-1.2573768332916897
3594.0,-0.9995842327746745
3595.0,-1.3919615834389283
3596.0,-1.7730857538410643
3597.0,-2.078755320009414
3598.0,-1.6856674173798618
3599.0,-1.0713663550616608
3600.0,-1.1902117738688776
3601.0,-0.9493311757054468
3602.0,-1.0779469036611216
3603.0,-0.584264582422839
3604.0,-0.2940200273044902
3605.0,-0.23022416753960534
3606.0,-0.28346250698058284
3607.0,-0.8553956745996045
3608.0,-1.1245112700304678
3609.0,-1.0178999690396877
3610.0,-0.9126235176755862
3611.0,-0.8489657059641293
3612.0,-0.8888476781182073
3613.0,-1.0328062713742967
3614.0,-1.0339973788229047
3615.0,-1.0016689444842
3616.0,-1.1097085281462573
3617.0,-1.6099147308600632
3618.0,-1.3263363331048879
3619.0,-0.8812039653858181
3620.0,-1.0396779305302526
3621.0,-0.9547767492227681
3622.0,-1.3161450860703638
3623.0,-1.3181625768337828
3624.0,-0.9218062619902716
3625.0,-0.17784398307142424
3626.0,-0.6496090341422227
3627.0,-0.560440696905643
3628.0,0.20234026619881207
3629.0,0.02126534577326708
3630.0,-0.030716611402563567
3631.0,-0.7695229045348594
3632.0,-0.11143161983214622
3633.0,0.2601982204080308
3634.0,0.23244853323605164
3635.0,0.11242404456991971
3636.0,-0.1472864834889399
3637.0,-0.07836175996018085
3638.0,0.03443198871047978
3639.0,0.2225118804081749
3640.0,0.4632936229045612
3641.0,-0.5525604880108355
3642.0,-0.6981129081312896
3643.0,-0.7517210105060359
3644.0,-1.4272791273577776
3645.0,-1.5533374547475207
3646.0,-0.928387542932317
3647.0,-0.6113504135164075
3648.0,-0.5306468511960806
3649.0,-0.16766925158165313
3650.0,-0.026338548844902276
3651.0,0.05661001525989834
3652.0,0.38475108609553715
3653.0,0.11963125690033705
3654.0,0.41035333690066933
3655.0,0.35314404950623246
3656.0,0.8267534926318614
3657.0,0.7621628517145878
3658.0,1.0067532623458995
3659.0,0.8413197550711137
3660.0,0.8981122549217974
3661.0,0.9411120403404836
3662.0,1.1517777261075597
3663.0,1.0575346928416904
3664.0,1.2899899657702223
3665.0,1.2447219623050518
3666.0,1.1038629060472045
3667.0,0.9088889387833842
3668.0,0.9162620460180928
3669.0,1.0310252591083633
3670.0,1.4835028152677459
3671.0,1.7181143748453644
3672.0,1.8292090649074408
3673.0,1.8184004954630304
3674.0,1.2027056891739722
3675.0,0.9773553516973535
3676.0,1.0114192805430324
3677.0,0.9207968257421447
3678.0,0.7542423554275373
3679.0,0.42804311658880173
3680.0,-0.10859698822883446
3681.0,-0.15908470861128066
3682.0,0.21013045185462162
3683.0,-0.34711210067465703
3684.0,-0.477167270578706
3685.0,-0.043205743589111334
3686.0,0.3514901665522648
3687.0,0.48441838749129884
3688.0,0.6261754062830388
3689.0,1.05208761268672
3690.0,0.5872815593338688
3691.0,0.5579104517385116
3692.0,0.7552578968252475
3693.0,0.7516502493333939
3694.0,0.2674557829722195
3695.0,-0.32088398149428604
3696.0,-0.6883544162691535
3697.0,-0.8834404151712817
3698.0,-1.394480087899416
3699.0,-1.7133154291688766
3700.0,-1.1486495575936597
3701.0,-0.9242007529353781
3702.0,-0.7724468094953499
3703.0,-0.8617794232924191
3704.0,-1.0820020596224675
3705.0,-1.2235366153876337
3706.0,-0.9931548744342666
3707.0,-1.0255559115342185
3708.0,-0.42273746415540125
3709.0,-0.6032555581739767
3710.0,0.1692629149153917
3711.0,0.06489106369324084
3712.0,-0.03964580506945081
3713.0,0.49787066773515276
3714.0,0.6532127788199006
3715.0,0.2236185658915219
3716.0,0.5070562895886003
3717.0,0.6241738469713531
3718.0,0.4123660434861151
3719.0,0.45527320583931963
3720.0,-0.04347004105180502
3721.0,1.065109917655195
3722.0,0.9169701166059102
3723.0,0.9275494095932079
3724.0,0.9410086380953764
3725.0,0.49786684807834763
3726.0,0.801716719540236
3727.0,0.4576592254331196
3728.0,0.7806329949537563
3729.0,0.4225591310879791
3730.0,0.32455199189071804
3731.0,-0.17498001294530602
3732.0,-0.10745267835963349
3733.0,-0.3240404116834563
3734.0,-1.0814025133905711
3735.0,-0.6443594193009456
3736.0,-0.4982225622945894
3737.0,-0.36003144991955915
3738.0,-0.44573504602170133
3739.0,-0.09194529437730631
3740.0,0.3602622297098257
3741.0,0.40913289405795067
3742.0,0.5649439524502636
3743.0,0.14437495654161897
3744.0,-0.021630907869223975
3745.0,0.3041414627656882
3746.0,-0.21059624025676232
3747.0,-0.028104862813283116
3748.0,0.10343505669080054
3749.0,-0.2537805194228836
3750.0,-0.060411109505327576
3751.0,0.13533050304698277
3752.0,0.059764204378070965
3753.0,0.016271420142734937
3754.0,0.4771295712964739
3755.0,0.8278689613374403
3756.0,1.0845673860097156
3757.0,1.4738830863740784
3758.0,0.9276291561430798
3759.0,1.675291380594715
3760.0,1.6260837854653913
3761.0,1.3817197175011955
3762.0,1.5427003131373451
3763.0,1.5781039377755806
3764.0,1.8656835599538408
3765.0,1.032525567170171
3766.0,0.7441206946420007
3767.0,0.6080193446857336
3768.0,0.8837351851293405
3769.0,0.9388665566699608
3770.0,0.7241908940389171
3771.0,0.9980976006957205
3772.0,0.8919938071503792
3773.0,0.8132843718607892
3774.0,0.38759104747375434
3775.0,0.5194662830828148
3776.0,0.03083093460014008
3777.0,-0.2773796920604256
3778.0,-0.536876107678702
3779.0,-0.012042475672734199
3780.0,0.29753231051875884
3781.0,-0.1180491471119624
3782.0,-0.15550496703818964
3783.0,-0.38462011736904267
3784.0,-0.5683606429526202
3785.0,-0.7224245919631958
3786.0,-0.5254239447578889
3787.0,-0.8592590096602766
3788.0,-1.1395634357469626
3789.0,-0.8758917372556234
3790.0,-1.13972191322706
3791.0,-1.0658125449897433
3792.0,-1.4841308644176707
3793.0,-1.6562569535944718
3794.0,-2.004733474627326
3795.0,-1.461607649135292
3796.0,-1.3216311212016705
3797.0,-1.3048640232752613
3798.0,-0.9810155848504571
3799.0,-1.6192382510970518
3800.0,-0.689519631136945
3801.0,-0.5892066671640694
3802.0,-0.6108817522209579
3803.0,-0.8653968752330722
3804.0,-1.0279635651583605
3805.0,-0.48958619333874526
3806.0,-0.2508139415910142
3807.0,0.24798108195582833
3808.0,0.28502677578120106
3809.0,0.5049691144304862
3810.0,0.547862504258704
3811.0,1.0703802987345643
3812.0,1.2885003805283943
3813.0,0.44741453311106416
3814.0,0.2755776354747632
3815.0,0.08564739080460854
3816.0,-0.04381299665646651
3817.0,-0.39970405930327285
3818.0,-0.5382008673969485
3819.0,-0.7986182799080841
3820.0,-0.8386797713989308
3821.0,-0.4712323555360028
3822.0,-0.2676859111922693
3823.0,-0.7048326000639502
3824.0,-1.0125291874171867
3825.0,-1.0511856794921965
3826.0,-0.6783987170411236
3827.0,-0.2840748719998179
3828.0,-0.338657338153124
3829.0,-0.5242098070224877
3830.0,-0.7877211762349102
3831.0,-0.8200057425512466
3832.0,-0.6038493984030877
3833.0,-0.7387668928777846
3834.0,-0.785594561149951
3835.0,-0.8325138607059598
3836.0,0.3046045334729087
3837.0,-0.23575133224518835
3838.0,-0.7578767312208128
3839.0,-0.5815432010187942
3840.0,-0.8366511781547247
3841.0,-0.7736151577321493
3842.0,-0.3113337519694403
3843.0,-0.23070770276405222
3844.0,-0.45690469964553615
3845.0,-0.5730006608335946
3846.0,-0.3237135471422281
3847.0,-0.19354936170340659
3848.0,0.2691383278151424
3849.0,-0.22948976023109136
3850.0,-0.06401324250497495
3851.0,-0.06383006522762764
3852.0,0.021083695839897346
3853.0,-0.367706982957926
3854.0,-0.32403819946128565
3855.0,-0.7557651213749177
3856.0,-0.8670522729037157
3857.0,-0.8009576685509943
3858.0,-0.7067818193737677
3859.0,-0.36447959665645924
3860.0,-0.42070642238068
3861.0,-0.22199613960279424
3862.0,-0.2535327506229124
3863.0,-0.39110457790428044
3864.0,-0.15255497870040996
3865.0,0.04181207732609374
3866.0,0.34322772818329306
3867.0,0.26728061097031414
3868.0,0.08019074378338445
3869.0,0.36186854061514573
3870.0,0.051670058322061396
3871.0,0.44512803048324456
3872.0,0.8701339660197895
3873.0,0.5047423910015025
3874.0,0.43764775873929124
3875.0,0.30039893217804003
3876.0,0.6364984701684622
3877.0,1.220138513169203
3878.0,1.3692941909498875
3879.0,1.4803318903963618
3880.0,1.522004413445915
3881.0,1.1196340541458691
3882.0,1.232999608744272
3883.0,1.179292632240896
3884.0,0.809496891343618
3885.0,0.9033976201390431
3886.0,1.1886999689967226
3887.0,0.82416536209905
3888.0,0.6316836187757596
3889.0,0.38650980861305717
3890.0,0.18385397802466977
3891.0,0.4367627960887496
3892.0,0.17451853319751295
3893.0,0.04752825953354409
3894.0,0.057281659079315254
3895.0,0.23430953392792986
3896.0,0.12782371052493038
3897.0,0.7010033119014608
3898.0,0.7018770045355378
3899.0,0.5051864847225518
3900.0,0.6104397454839843
3901.0,0.973136138828745
3902.0,0.6281323861512715
3903.0,1.2070269617278124
3904.0,1.0773518581867598
3905.0,0.7991635260353284
3906.0,0.9072484409609773
3907.0,1.1895746219843248
3908.0,0.5213701297606275
3909.0,0.8721753446842047
3910.0,0.5850766260316085
3911.0,0.0614563181427798
3912.0,0.24673222714951726
3913.0,-0.3893944180291371
3914.0,-0.7271375324318556
3915.0,-1.0877919865679542
3916.0,-1.2212290457158588
3917.0,-1.824566548948897
3918.0,-1.5182617309834816
3919.0,-1.2319443670827066
3920.0,-1.0058417426553754
3921.0,-0.6046523026215902
3922.0,-0.2599968722779077
3923.0,-0.7179292199569847
3924.0,-0.5409105333125648
3925.0,-0.7709237679413183
3926.0,-0.8217895409816708
3927.0,-0.30398204192115263
3928.0,-0.6874465583698479
3929.0,-1.2438345289218065
3930.0,-1.2747902562076845
3931.0,-1.2388698244312388
3932.0,-1.157553767045019
3933.0,-1.4822154248006782
3934.0,-1.5403168191377663
3935.0,-1.2693302294986994
3936.0,-0.9267285421795565
3937.0,-0.9072638129415188
3938.0,-0.6974363238225797
3939.0,-0.7853102589405196
3940.0,-0.21215988486161752
3941.0,-0.33292532566504596
3942.0,-0.5201346788291856
3943.0,-0.3031607203659306
3944.0,-0.7372667595741866
3945.0,-0.9326756484951308
3946.0,-1.4303922543909402
3947.0,-1.9458052818265887
3948.0,-2.4170836393656936
3949.0,-2.2449455361207376
3950.0,-1.9928253695735518
3951.0,-1.7920555207541378
3952.0,-1.5163456401271456
3953.0,-1.3128039613977749
3954.0,-1.418217347590823
3955.0,-1.4043177587023434
3956.0,-1.0032404504848453
3957.0,-0.9979247695589043
3958.0,-0.9096235811533887
3959.0,-0.7139010417935161
3960.0,-1.3045015137006155
3961.0,-0.5174473897506335
3962.0,-0.28733518588375717
3963.0,-0.19396069604020155
3964.0,-0.11829699020967704
3965.0,0.21594724941269977
3966.0,-0.09276467488753853
3967.0,-0.06774596498878033
3968.0,0.2906581846720187
3969.0,0.44120054741195797
3970.0,0.29187131327262517
3971.0,1.150886417820699
3972.0,1.587133409964715
3973.0,0.95486317182402
3974.0,0.8255566705463984
3975.0,0.194465233929485
3976.0,0.35735131345939447
3977.0,0.46995253686645344
3978.0,-0.32641146215154915
3979.0,-0.04441936504815841
3980.0,-0.06169453957840139
3981.0,-0.24867471386325923
3982.0,-0.0034099077217396023
3983.0,-0.28391116144633816
3984.0,-0.15155463715207185
3985.0,-0.4325336289041173
3986.0,-0.6067323142707243
3987.0,-0.7074718290130376
3988.0,-0.5824863281290067
3989.0,-0.1732099113292606
3990.0,-0.03562693416763063
3991.0,0.26864130124153235
3992.0,0.6292592341623671
3993.0,-0.18942000601168896
3994.0,-0.39853853715610793
3995.0,-0.38586736588561804
3996.0,-0.4721089346739663
3997.0,-0.5598716459545298
3998.0,-0.007223114617504689
3999.0,-0.7076942815772505
4000.0,-0.42574092005590214
4001.0,-0.17328737813975856
4002.0,-0.5058868678828629
4003.0,-0.6462849336853903
4004.0,-0.22565222158763126
4005.0,-0.14635017451194826
4006.0,-0.43233168524553833
4007.0,-0.6388416002940808
4008.0,-0.6003305538810784
4009.0,-0.3679332811713823
4010.0,-0.6606373736645575
4011.0,-0.7761770618711448
4012.0,-0.3751107325285186
4013.0,-0.5052912984879957
4014.0,-0.9436302237167611
4015.0,-1.210737084143291
4016.0,-0.3283575980083808
4017.0,0.013426581640528401
4018.0,-0.4317934800483339
4019.0,0.0912966136049233
4020.0,0.20819638402189952
4021.0,0.31472011414798085
4022.0,0.272483319530244
4023.0,0.3285840273711144
4024.0,0.26892769112640635
4025.0,0.7147818238029775
4026.0,1.1489215855104438
4027.0,1.474941275816416
4028.0,1.472147941795727
4029.0,1.5663437750472817
4030.0,1.6307452288133883
4031.0,1.465248788490521
4032.0,1.471838613228945
4033.0,1.9579317876976452
4034.0,1.166062362188565
4035.0,1.4456101974887605
4036.0,1.0007219721133902
4037.0,0.350799285336178
4038.0,0.5800535353922229
4039.0,0.4931929343276037
4040.0,0.4122269455056012
4041.0,0.07984910454900052
4042.0,0.366899474639681
4043.0,0.48510790666763337
4044.0,0.6382342373011213
4045.0,0.3287481292687471
4046.0,0.18558562001083287
4047.0,-0.03900012108506004
4048.0,-0.0005549420840510397
4049.0,-0.2518467495991111
4050.0,0.007232467242418855
4051.0,0.3256120674537182
4052.0,0.5211315025867537
4053.0,-0.18605592967107615
4054.0,-0.04042322286065869
4055.0,0.773778571212023
4056.0,0.6479727526264246
4057.0,0.5258035898959157
4058.0,0.03771751979974325
4059.0,0.1772513789798011
4060.0,0.18608157278247478
4061.0,-0.008800825874066609
4062.0,0.053494419408511185
4063.0,-0.4446787987179952
4064.0,-0.1648064630282166
4065.0,-0.13401977554934483
4066.0,-0.042056339314656146
4067.0,-0.49563672015265514
4068.0,-0.7243594945208287
4069.0,-1.1531545233336435
4070.0,-1.3269014053245225
4071.0,-1.2549050232084134
4072.0,-0.7612950637497182
4073.0,-0.18565234644663764
4074.0,-0.18325575614828324
4075.0,-0.07206837022342426
4076.0,-0.0671761059870154
4077.0,-0.6248314283135026
4078.0,0.01086452660675341
4079.0,-0.6857821280024798
4080.0,-0.7958834165198198
4081.0,-1.2700460032993837
4082.0,-0.976459515625975
4083.0,-0.6876657255560719
4084.0,-1.1011583322892173
4085.0,-1.0293987641249982
4086.0,-1.1279016554018835
4087.0,-1.4285503856209374
4088.0,-0.5707200762721719
4089.0,-0.7348868926208861
4090.0,-0.5068872594224927
4091.0,-0.37091534523147984
4092.0,-0.48806467974851253
4093.0,-0.7575401535004592
4094.0,-0.2096421390532769
4095.0,-0.5495212628379916
4096.0,-0.45139737704510713
4097.0,-0.33727854615569314
4098.0,0.04055101752811757
4099.0,-0.026331831201565528
4100.0,-0.3878920662354213
4101.0,-0.706270909777013
4102.0,-0.645934953738215
4103.0,-0.3818629409326905
4104.0,-0.18388301113142774
4105.0,0.3111563337780352
4106.0,-0.1033016231213626
4107.0,-0.2635153895185069
4108.0,-0.02421200853284322
4109.0,-0.028069098377717774
4110.0,-0.23242550876919682
4111.0,-0.47750416921443917
4112.0,-0.5288295245620869
4113.0,-0.07524861428099067
4114.0,0.06330002683026136
4115.0,0.04384167242336495
4116.0,0.4532132471832279
4117.0,0.24145090336229455
4118.0,0.3322725716538075
4119.0,0.09480604541604384
4120.0,0.09092270917252153
4121.0,-0.11345358364192915
4122.0,0.04729247519265961
4123.0,0.09037203587235626
4124.0,-0.3140192416333726
4125.0,-0.9675491913920304
4126.0,-1.5320501822217838
4127.0,-1.5061366220044938
4128.0,-1.5602135760399878
4129.0,-0.9938276933731105
4130.0,-0.6925307528187723
4131.0,-0.3957295577405868
4132.0,-0.3574687751701619
4133.0,0.14526717837902509
4134.0,0.05233361672800854
4135.0,-0.4263457766801605
4136.0,-0.45236580842130014
4137.0,-0.875399243579956
4138.0,-1.116306058994535
4139.0,-1.3505298268496368
4140.0,-1.2580509370334738
4141.0,-1.2472055458086142
4142.0,-0.9524221951145857
4143.0,-0.3104449897540228
4144.0,-0.7164263958520714
4145.0,-0.6718522863404962
4146.0,-1.16528340268721
4147.0,-0.6920258562036815
4148.0,-0.15325267998218772
4149.0,-0.20216488844692274
4150.0,-0.22665214877633916
4151.0,-0.0680636092783963
4152.0,0.16996002884477548
4153.0,0.05047740578373755
4154.0,-0.19142246758548914
4155.0,-0.1902286268546599
4156.0,-0.2803395230129556
4157.0,-0.1635812095588292
4158.0,-0.74595655332739
4159.0,-1.4447579758262938
4160.0,-1.7832005284217072
4161.0,-1.9848922769602617
4162.0,-2.0394903380300318
4163.0,-2.2572199947731617
4164.0,-1.8124964581908172
4165.0,-1.437485838912295
4166.0,-1.4190535159832527
4167.0,-1.5721459122543748
4168.0,-1.6891492869022229
4169.0,-1.703986488448498
4170.0,-1.5052437252260367
4171.0,-1.748358180555747
4172.0,-1.5890213845735184
4173.0,-1.5418204544555811
4174.0,-1.4388393311333267
4175.0,-0.9496653282334755
4176.0,-0.5338486236365414
4177.0,-0.5123359644816025
4178.0,-0.35519606118973673
4179.0,0.061270766736800264
4180.0,-0.16547052349265512
4181.0,-0.425992257403878
4182.0,-0.20908960311530922
4183.0,-0.4384539877041119
4184.0,-0.7119041610872956
4185.0,-0.4512836615181458
4186.0,-0.5270773805767222
4187.0,-0.16761317116472846
4188.0,-0.20977859753868966
4189.0,-0.4620874219747142
4190.0,-0.20862784472996573
4191.0,-0.20933243379627667
4192.0,0.05703509057243783
4193.0,-0.37413958727873275
4194.0,-0.8332109240421828
4195.0,-1.170287102813752
4196.0,-1.5725766780633634
4197.0,-1.67776939552405
4198.0,-0.9839477814723101
4199.0,-0.7402027074224056
4200.0,-0.8679571204246844
4201.0,-0.9985268860405005
4202.0,-1.392073097013971
4203.0,-1.8439208548596437
4204.0,-1.8525031478452
4205.0,-1.4083523541351883
4206.0,-1.1056117328293522
4207.0,-0.8710130039742829
4208.0,-0.9669808860498338
4209.0,-0.6052883796259811
4210.0,-0.05013760811706225
4211.0,0.18216867660990502
4212.0,0.1185094555934514
4213.0,0.25335089385588405
4214.0,0.47569560864450333
4215.0,0.4284079909204491
4216.0,0.7748455776830343
4217.0,0.5988755937610928
4218.0,1.1954956399126668
4219.0,1.1733851868705703
4220.0,1.0257904431528595
4221.0,1.4766123582760025
4222.0,1.5764157111355304
4223.0,1.79877868238537
4224.0,1.1997502927013364
4225.0,0.8779959636747068
4226.0,1.4961872533201075
4227.0,1.3090961658934681
4228.0,1.736322641139891
4229.0,2.095021859603027
4230.0,1.9501983712781599
4231.0,1.5409020157165716
4232.0,1.6982873439083417
4233.0,1.5705764874243942
4234.0,1.187509632534383
4235.0,0.9515888041523093
4236.0,0.32372481677367604
4237.0,0.5165435195816007
4238.0,0.12013704972415867
4239.0,0.23319678651020842
4240.0,0.03733603553319223
4241.0,0.02856293559536463
4242.0,-0.021622824227028596
4243.0,0.08964666792036202
4244.0,-0.15304546858748902
4245.0,-0.4266019597613955
4246.0,-0.20388137263300604
4247.0,-0.6723866626444671
4248.0,-0.9278154846066162
4249.0,-0.8472408821531671
4250.0,-0.5473670216379448
4251.0,-0.0006496685228224441
4252.0,-0.04733913861374318
4253.0,-0.6232668157445705
4254.0,-0.19006396199282882
4255.0,-0.40302911725816254
4256.0,-0.3376529482206688
4257.0,-0.48821706939108156
4258.0,-0.7185802294313131
4259.0,-0.762738247887634
4260.0,-0.7418404094600789
4261.0,-0.7111934315879301
4262.0,-0.47130143366871335
4263.0,-0.11609230248209595
4264.0,-0.40638932451851284
4265.0,-0.9015241413992381
4266.0,-1.4855847723203675
4267.0,-1.665602799826012
4268.0,-1.6556821879940904
4269.0,-2.4000176277020917
4270.0,-2.4456649087673954
4271.0,-2.750191484362244
4272.0,-2.142896958062269
4273.0,-2.0098781840500677
4274.0,-2.366495602147979
4275.0,-2.2085164070033625
4276.0,-2.066989110096101
4277.0,-1.5816752810575097
4278.0,-1.968759189034806
4279.0,-1.9189281365069122
4280.0,-1.6565901739631121
4281.0,-1.6845004239851997
4282.0,-1.7279464152735644
4283.0,-1.8294349614662972
4284.0,-2.051943720234635
4285.0,-1.9457430678447438
4286.0,-1.8342343528150609
4287.0,-1.310182208067047
4288.0,-1.1863034086381028
4289.0,-0.74395509475278
4290.0,-0.988483719842242
4291.0,-0.5412069012179894
4292.0,-0.7665549888022132
4293.0,-0.7694173353385707
4294.0,-0.7142335777748843
4295.0,-0.8537828220470249
4296.0,-0.8257135030503662
4297.0,-1.2265799118034515
4298.0,-1.7866298960779556
4299.0,-2.035318256410414
4300.0,-1.9295082849250302
4301.0,-1.57055463306529
4302.0,-1.503677354961471
4303.0,-1.3979872641149078
4304.0,-2.0032803359657283
4305.0,-2.2394387899555337
4306.0,-2.187933594888139
4307.0,-2.1624135117536745
4308.0,-2.111886127791106
4309.0,-1.8712593421280137
4310.0,-1.726600722022207
4311.0,-1.6220819751622189
4312.0,-1.236271238678497
4313.0,-1.2327208354903185
4314.0,-0.8122957233373178
4315.0,-0.6459247017131523
4316.0,-0.867284332296229
4317.0,-0.6938865668990812
4318.0,-0.7532121868633842
4319.0,-0.31947456897722665
4320.0,-0.7368490222256024
4321.0,-0.7361507646141611
4322.0,-0.8794916130529475
4323.0,-0.7028781489164001
4324.0,-0.8647566016737829
4325.0,-0.701278174875827
4326.0,-0.060339867277802384
4327.0,-0.431855395623634
4328.0,-0.16445410699770596
4329.0,-0.24827655513161798
4330.0,-0.21122703665733877
4331.0,-0.22552767175595628
4332.0,-0.06582825827062858
4333.0,-0.15127484445967082
4334.0,0.0421367775231844
4335.0,0.4652425971159819
4336.0,0.5474532765996767
4337.0,0.39475334424860986
4338.0,0.23854089742893378
4339.0,0.5890835117801325
4340.0,0.22550760416193055
4341.0,0.24706741071826727
4342.0,0.5006967411278473
4343.0,1.0962459270235587
4344.0,0.9452945843981241
4345.0,1.6833022359938163
4346.0,1.9077464496219074
4347.0,1.7921616766294546
4348.0,1.5885544177667823
4349.0,1.5565980638595538
4350.0,1.805221123341444
4351.0,1.5540791646684016
4352.0,1.6332178683203513
4353.0,1.883658346405139
4354.0,2.0250464171933045
4355.0,1.2526261167515402
4356.0,1.0430836083330128
4357.0,0.5061015035022186
4358.0,0.39935414205749176
4359.0,-0.13862603861205275
4360.0,-0.277606499017937
4361.0,-0.7154373898564286
4362.0,-0.9828582596284361
4363.0,-1.1632877417572556
4364.0,-1.5305502368253627
4365.0,-1.848768984674581
4366.0,-1.5555721468239099
4367.0,-1.4245877348174494
4368.0,-1.2912410827603555
4369.0,-0.9837238659909867
4370.0,-1.2916135270651887
4371.0,-1.6441942788178117
4372.0,-1.4436325573829356
4373.0,-1.9934156476499163
4374.0,-2.1269125924419003
4375.0,-2.4049982384467374
4376.0,-1.9167656248613718
4377.0,-2.393786135893301
4378.0,-2.31028045553947
4379.0,-1.863912020687164
4380.0,-1.9784365891661728
4381.0,-1.97197809674081
4382.0,-2.1071390879928353
4383.0,-2.0306810954691623
4384.0,-1.9297910612345661
4385.0,-2.2998634118828463
4386.0,-2.5227247275895595
4387.0,-1.954741420599788
4388.0,-1.9771175447724625
4389.0,-2.647886078433917
4390.0,-2.595596255097519
4391.0,-2.204472205896511
4392.0,-1.5971464466710503
4393.0,-1.1276312626740737
4394.0,-1.2940815585436731
4395.0,-1.4718412476737142
4396.0,-1.6488063601192962
4397.0,-1.7195875380088292
4398.0,-1.3013963684228382
4399.0,-1.2697807839706108
4400.0,-1.2352828835045488
4401.0,-1.3070854101043023
4402.0,-1.3159415312271008
4403.0,-0.9080504734879395
4404.0,-0.8116099286419235
4405.0,-0.6093167756103428
4406.0,-0.900315161686446
4407.0,-0.759820612605908
4408.0,-0.7409630745183517
4409.0,-0.7164239146966789
4410.0,-0.840842824447365
4411.0,-0.7994961670987722
4412.0,-1.0244657694237163
4413.0,-1.2727385687361021
4414.0,-1.325605866511428
4415.0,-0.9848558617722587
4416.0,-1.0568289087592224
4417.0,-0.8996898878120797
4418.0,-1.1127826015141142
4419.0,-0.8220982616695351
4420.0,-0.8185136633163128
4421.0,-0.7825425323220575
4422.0,-1.079954216606914
4423.0,-1.3927359650945144
4424.0,-1.193585924950383
4425.0,-1.4888229071952204
4426.0,-1.388822746808542
4427.0,-1.3457001401476978
4428.0,-1.1040543106844725
4429.0,-1.1337240106689217
4430.0,-1.187063421062065
4431.0,-0.941173765602243
4432.0,-0.4587518476679416
4433.0,-0.1489203144536122
4434.0,-0.19678171035667488
4435.0,0.29292901545252426
4436.0,0.15464735923799816
4437.0,0.17728418834579035
4438.0,0.3094825642606327
4439.0,0.4938745546628399
4440.0,0.9720638540320619
4441.0,1.3745015266282286
4442.0,0.9055183904562178
4443.0,0.9163556018987725
4444.0,0.4679203497390883
4445.0,0.4060224133806614
4446.0,0.39181445965952166
4447.0,-0.010223813816816751
4448.0,-0.3264066394072329
4449.0,-0.36732293197884686
4450.0,-0.4436756743854167
4451.0,-0.2845513790546802
4452.0,0.025096833069617852
4453.0,0.7384754226786671
4454.0,0.6430101164969733
4455.0,0.41124387769243875
4456.0,-0.3096609373626776
4457.0,-0.43970624397904623
4458.0,-0.0767781224489158
4459.0,0.18087461378830388
4460.0,1.0379635917819408
4461.0,1.3950859269770335
4462.0,1.6035879194176657
4463.0,1.6074564183499693
4464.0,1.0947910696401997
4465.0,1.2748155011456797
4466.0,1.5002367849642162
4467.0,1.5452618549436101
4468.0,1.2969344004646324
4469.0,1.5372658300500341
4470.0,1.2186113554132603
4471.0,0.899355434800303
4472.0,1.213068510382768
4473.0,0.6861511467340907
4474.0,0.8823528419026121
4475.0,0.9437710135203887
4476.0,1.0966330822127655
4477.0,0.6017028068520733
4478.0,0.8766925334070317
4479.0,1.3469910215040757
4480.0,1.1705283186751032
4481.0,1.2272030888888197
4482.0,1.1024255537254894
4483.0,1.118470300528312
4484.0,0.8071940674559595
4485.0,0.9062478579845914
4486.0,0.8490943223123517
4487.0,0.7645153722509689
4488.0,0.6485906334939732
4489.0,0.4232451649676136
4490.0,0.4145764096019183
4491.0,0.5555123944178258
4492.0,0.4387334745073358
4493.0,0.7402897947665348
4494.0,0.5051272424109854
4495.0,0.2512631435317581
4496.0,-0.1704608761800944
4497.0,-0.27006360196923257
4498.0,-0.19304288723570492
4499.0,-0.535992769275169
4500.0,-0.8444587096801868
4501.0,-0.7162433330281455
4502.0,-0.5565663127192707
4503.0,-0.9448428232216537
4504.0,-1.0487088812478542
4505.0,-0.7696365432533292
4506.0,-0.18942684410732546
4507.0,-0.4352517987923869
4508.0,-0.3466412768390832
4509.0,-0.11502231869635704
4510.0,-0.4150087412802465
4511.0,-0.5740888569299266
4512.0,-0.49612020336352636
4513.0,-0.35248445848557625
4514.0,-0.12084841307805702
4515.0,-0.11340920242092623
4516.0,-0.44244606061151676
4517.0,-0.6172761976056544
4518.0,-0.311334834832271
4519.0,-0.6748355975520746
4520.0,-0.5747895671346177
4521.0,-0.46867029219076806
4522.0,-0.5616925826899972
4523.0,-0.3275761509440006
4524.0,-0.31136490861935645
4525.0,0.36223857711570295
4526.0,-0.2853013405848174
4527.0,-0.1402208320591027
4528.0,-0.1610996011767755
4529.0,0.20455841313393847
4530.0,0.534694480550618
4531.0,0.3262667583042007
4532.0,0.4740420399297397
4533.0,0.34404997651622793
4534.0,0.5696359537755585
4535.0,0.21797839740678454
4536.0,0.4511390223663325
4537.0,0.6925306078251221
4538.0,0.553228667668267
4539.0,1.1189451331043512
4540.0,1.0450781543279197
4541.0,0.9133521497214904
4542.0,0.8726889564791822
4543.0,0.20253559647425923
4544.0,0.26208586825452396
4545.0,0.7384619719794351
4546.0,1.1437745761442435
4547.0,0.8846818512098115
4548.0,0.8868413512826265
4549.0,1.4115621886545466
4550.0,1.2605741298309003
4551.0,0.7145530221042228
4552.0,1.1951959297350032
4553.0,1.0962390706499656
4554.0,0.9414053787542846
4555.0,0.7985970944093584
4556.0,0.7472356193027838
4557.0,0.9650776848035985
4558.0,1.3436251937941242
4559.0,1.5851431418203088
4560.0,1.7880710991584887
4561.0,1.3249195550684156
4562.0,1.442520765334545
4563.0,1.5405471564733924
4564.0,1.0175860305158784
4565.0,0.556835116335314
4566.0,0.8587105024185528
4567.0,0.21721708298186015
4568.0,0.5505804471393368
4569.0,0.846684218756965
4570.0,1.009644098277938
4571.0,0.9144939879721526
4572.0,0.8993943682167145
4573.0,1.064447317363674
4574.0,1.0354866574295545
4575.0,0.9171707709381514
4576.0,1.226617298886219
4577.0,1.1664016281299145
4578.0,1.444745669331688
4579.0,1.3442381377334334
4580.0,0.9435587297755096
4581.0,1.0407489586639445
4582.0,1.1085724014566247
4583.0,0.8479815856502719
4584.0,0.6874668265130169
4585.0,1.1442796917860063
4586.0,0.5975904550214759
4587.0,0.8768752169073128
4588.0,1.1785951533716448
4589.0,0.9384223467632481
4590.0,1.1987613183895822
4591.0,0.9605413868196316
4592.0,0.8654846530108413
4593.0,0.9018119633917894
4594.0,1.0243056813633455
4595.0,0.8894955181837522
4596.0,1.0490676039207183
4597.0,0.9036180345928058
4598.0,0.42383794430454497
4599.0,0.7893485847868731
4600.0,0.9941209594569904
4601.0,0.997166001399402
4602.0,1.0224114297529805
4603.0,1.4515213693597526
4604.0,1.4504213787703888
4605.0,1.2376391470085297
4606.0,1.7372659551681908
4607.0,2.1532692270054015
4608.0,2.357688194182283
4609.0,2.1006380322628084
4610.0,1.6587270885641447
4611.0,1.0788493861006578
4612.0,0.896132334493948
4613.0,0.8955028029670694
4614.0,1.5542667547850002
4615.0,1.5102182746299504
4616.0,1.1911805390349883
4617.0,1.2719411672217609
4618.0,1.1154820486712602
4619.0,0.9004313883497391
4620.0,1.1842487607131944
4621.0,0.6474364341147487
4622.0,0.8545270973123547
4623.0,0.7619961140339788
4624.0,0.28013128999242726
4625.0,0.3975687347366962
4626.0,0.45579810259163805
4627.0,0.49796752837298314
4628.0,0.5002338539124004
4629.0,0.6907309435476044
4630.0,0.17603164900457025
4631.0,-0.35928692759154945
4632.0,-0.42452643878439456
4633.0,-0.4832836523278729
4634.0,-0.38906857251828636
4635.0,-0.48514620464638947
4636.0,-0.19453346949962086
4637.0,-0.4076735496083391
4638.0,-1.1414826286190751
4639.0,-1.0716559915462875
4640.0,-1.0299573696789612
4641.0,-0.6164635184074935
4642.0,-0.6219546146082736
4643.0,-0.38178824159050806
4644.0,-0.3649521650167229
4645.0,-0.5270487683233362
4646.0,0.09077846306602666
4647.0,-0.2154089827536475
4648.0,-0.4913467606998894
4649.0,-0.41036225565212303
4650.0,-0.33097076836281664
4651.0,-0.4033699425708164
4652.0,-0.48134125413825457
4653.0,0.0903563172130254
4654.0,-0.1539437395674031
4655.0,-0.5300472573399959
4656.0,-0.5371794262452242
4657.0,-0.5736155706368578
4658.0,0.12763632893067178
4659.0,0.03482262827849232
4660.0,0.02780247208387519
4661.0,0.09345797775916653
4662.0,-0.48929957148641323
4663.0,-0.4292406973583263
4664.0,-0.5992165581975967
4665.0,-0.4909565419946852
4666.0,-0.7077820560831003
4667.0,-0.11662707058794264
4668.0,-0.41795401264629023
4669.0,-0.574045492128977
4670.0,-0.5493494646347308
4671.0,-0.6581672476088731
4672.0,-0.22465728055571071
4673.0,-0.25606314170682026
4674.0,-0.31935202601416274
4675.0,-0.6858122147646757
4676.0,-0.44590489229724695
4677.0,-0.6377277217004208
4678.0,-0.781394251306425
4679.0,-0.8675215721348326
4680.0,-0.6237963054625115
4681.0,-0.7372315959422974
4682.0,-0.7238721365564429
4683.0,-0.7603065979509127
4684.0,-0.5979021825174374
4685.0,-0.3680958123478251
4686.0,-0.6919902139290403
4687.0,-0.5565149507964092
4688.0,-0.637660000361995
4689.0,-0.5254440114933063
4690.0,-0.20985791305852053
4691.0,-0.4544455586261378
4692.0,-0.11184624772442997
4693.0,-0.2736427744738562
4694.0,-0.5901648351691922
4695.0,-0.462291258219421
4696.0,-0.7669857231200502
4697.0,-1.099033772742955
4698.0,-0.5310637275645365
4699.0,-0.6363207620416116
4700.0,-0.9636712196849633
4701.0,-0.6887573167321135
4702.0,-0.49076762758126
4703.0,-0.3461931251142531
4704.0,-0.5431056782831771
4705.0,-0.4441109298898124
4706.0,-0.14330623359583405
4707.0,-0.6236691508640276
4708.0,-0.9165772199656255
4709.0,-1.1492855653304863
4710.0,-1.5755812016621222
4711.0,-1.7093537700971544
4712.0,-1.7857671485222921
4713.0,-1.7523508161501509
4714.0,-1.6519363078653213
4715.0,-1.469688767794238
4716.0,-2.061806909300185
4717.0,-2.049376519246798
4718.0,-1.6945407605411218
4719.0,-1.1968838134600754
4720.0,-0.7456910046044888
4721.0,-0.6848679008015353
4722.0,-0.4152229428246401
4723.0,-0.5797158889818108
4724.0,-1.0576732710349162
4725.0,-1.5818441534515455
4726.0,-1.6673478358576466
4727.0,-2.0009347366902834
4728.0,-1.801053043209405
4729.0,-1.6714234881311647
4730.0,-2.199129503079132
4731.0,-1.958434597689373
4732.0,-1.2992787124192384
4733.0,-1.074448386060272
4734.0,-1.3491463819072302
4735.0,-1.481197648018086
4736.0,-0.8363458972717303
4737.0,-1.3186219862334865
4738.0,-1.1771954379380916
4739.0,-1.1928738283643978
4740.0,-0.8157492677711584
4741.0,-0.5680353803107351
4742.0,-1.011335116308032
4743.0,-1.3850642831819366
4744.0,-1.64114189461209
4745.0,-0.993248232354099
4746.0,-0.9882164102896933
4747.0,-0.7790792100083636
4748.0,-0.754450718465292
4749.0,-0.66080106138967
4750.0,-0.7584320551036116
4751.0,-1.053484324474911
4752.0,-1.023964020284808
4753.0,-0.8078048353421248
4754.0,-1.5466650753676083
4755.0,-1.5244294667274805
4756.0,-1.3285141127655093
4757.0,-1.4085214430494388
4758.0,-1.5782036036937843
4759.0,-1.201486409274593
4760.0,-1.4889643015087075
4761.0,-1.672242723791408
4762.0,-2.0299139474891574
4763.0,-1.9481158210800777
4764.0,-2.4143661685363806
4765.0,-2.3123032901617404
4766.0,-2.184759556713982
4767.0,-2.2800384452641262
4768.0,-2.129090340729429
4769.0,-1.7364737706270086
4770.0,-1.340868262183702
4771.0,-1.37785390153396
4772.0,-1.045856360731588
4773.0,-0.6659279910209714
4774.0,-0.9301601319184671
4775.0,-0.08507893601630101
4776.0,0.04332323779194412
4777.0,0.16167434824581867
4778.0,0.33704217824823135
4779.0,-0.038944923580976065
4780.0,-0.43164760312761097
4781.0,-0.5717609660118842
4782.0,-0.47285184277853587
4783.0,-0.25538427620174126
4784.0,-0.3166350501403673
4785.0,-0.4370027305268982
4786.0,-0.2720979075897581
4787.0,-0.3118165855680676
4788.0,-0.5124704377816969
4789.0,-0.34874609480060703
4790.0,-0.33222074424738296
4791.0,-0.6136460427089824
4792.0,-0.4363954407018482
4793.0,-0.548247248735164
4794.0,-0.3315239089853629
4795.0,-0.7829638717811693
4796.0,-0.8809536517327554
4797.0,-0.8791386965891304
4798.0,-0.9021770538430957
4799.0,-1.25487567873981
4800.0,-0.7719161190736565
4801.0,-0.583913121806299
4802.0,-0.1685025965848148
4803.0,-0.44795752723966076
4804.0,-0.3135576995052721
4805.0,0.6525929012183269
4806.0,1.0043093035317263
4807.0,0.5736606937397101
4808.0,0.06604057745229419
4809.0,-0.13304298893740568
4810.0,-0.1579270894819047
4811.0,-0.25008859678318013
4812.0,-0.9130217560268832
4813.0,-0.9033016746320337
4814.0,-1.3239387102897837
4815.0,-1.1522181780377647
4816.0,-1.173084257483586
4817.0,-1.3173654673121373
4818.0,-0.7001439669618025
4819.0,-0.5366373547021765
4820.0,-0.06892503548695494
4821.0,-0.39334608565480017
4822.0,-0.608336925698398
4823.0,-0.42654009894297795
4824.0,-0.2216196313238233
4825.0,-0.2907533014397294
4826.0,-0.2387600273041517
4827.0,-0.6637584044737055
4828.0,-1.0412283509749827
4829.0,-1.0683915533714112
4830.0,-1.5530241728583662
4831.0,-1.0719239407181238
4832.0,-1.0983075419279598
4833.0,-0.8187097305240574
4834.0,-0.3528386054757747
4835.0,-0.42185560247373494
4836.0,-0.6541192068119619
4837.0,-0.6713242443558056
4838.0,-1.590885377945229
4839.0,-0.9232328112296494
4840.0,-0.5897719777493989
4841.0,-0.25166126041934306
4842.0,-0.36901949790964594
4843.0,-0.5010172923525905
4844.0,-0.2644841958488766
4845.0,-0.1204715078248711
4846.0,-0.18818735654425542
4847.0,-0.5035468977247965
4848.0,-0.7872875505188581
4849.0,-0.7838236221191068
4850.0,-1.031968014703255
4851.0,-0.7873591275802635
4852.0,-1.2049296255218456
4853.0,-0.8046627761014975
4854.0,-0.5970488260194547
4855.0,-0.27128731636329545
4856.0,-0.7446662817360946
4857.0,-0.6951644175690421
4858.0,-0.7540734699367583
4859.0,-0.8348642745577691
4860.0,-1.0692178820275644
4861.0,-1.155595106004529
4862.0,-0.6543567537969248
4863.0,0.1810872479724902
4864.0,0.6283030024446485
4865.0,0.5981137292147755
4866.0,0.8828841813094241
4867.0,0.9283451183381365
4868.0,1.2791213444334983
4869.0,1.0561068508963725
4870.0,1.0660789216590096
4871.0,1.1604854785392043
4872.0,1.5221660784033204
4873.0,1.741402100725571
4874.0,2.150089263224444
4875.0,1.9131714481021422
4876.0,1.9331243493870833
4877.0,1.8455260064927639
4878.0,1.2100641250245991
4879.0,1.3238355325507862
4880.0,1.058623129219187
4881.0,0.5933747675710381
4882.0,0.8161287343871692
4883.0,0.7987954140394542
4884.0,1.1731282641997374
4885.0,0.602368063842341
4886.0,0.4406405449232721
4887.0,0.6263038690092353
4888.0,0.6559524347292287
4889.0,0.4815819623683617
4890.0,0.1863160670050829
4891.0,0.11020864278567986
4892.0,-0.1609369017714041
4893.0,-0.17806641359675773
4894.0,-0.03271324111577706
4895.0,0.4456811284962736
4896.0,0.31589516011762764
4897.0,0.8042589157702966
4898.0,0.4960473444435716
4899.0,0.48791238681691323
4900.0,0.415532411593662
4901.0,0.3845087927106386
4902.0,0.6692069526318907
4903.0,0.807705223997592
4904.0,0.7195938018211067
4905.0,0.32409696080255496
4906.0,-0.4245045105055267
4907.0,-0.25131252388706793
4908.0,-0.8103609871329163
4909.0,-0.8994891563579357
4910.0,-0.6088344297043743
4911.0,-0.16315981304526217
4912.0,-0.53010990231389
4913.0,-0.56181704395256
4914.0,-0.8758585665517239
4915.0,-0.9959328397037892
4916.0,-0.661965768223578
4917.0,-0.9347637793698269
4918.0,-0.8460528164965975
4919.0,-0.5734558230797513
4920.0,-0.24105880052663814
4921.0,-0.7472441314064018
4922.0,-1.2824613958793938
4923.0,-0.9562697575837306
4924.0,-1.0882737165188956
4925.0,-1.3566990624814665
4926.0,-1.4470575571315492
4927.0,-1.3598870593621404
4928.0,-1.6140117685567874
4929.0,-2.001768012394756
4930.0,-1.5775593320459145
4931.0,-1.3417910969090208
4932.0,-1.0685313842919937
4933.0,-1.2823068552335204
4934.0,-1.3725487671554386
4935.0,-1.0634260130921382
4936.0,-0.9777569403602562
4937.0,-1.5931367161637155
4938.0,-1.7065590374125903
4939.0,-1.5913623903362848
4940.0,-1.6037611489363277
4941.0,-2.6338547789433746
4942.0,-2.6006755121751053
4943.0,-1.8915985279957173
4944.0,-1.1715348540809036
4945.0,-1.3204498542912697
4946.0,-1.8811661824663717
4947.0,-2.2287837617624198
4948.0,-2.051904089252242
4949.0,-2.645721386759238
4950.0,-2.154709648325246
4951.0,-2.1879503590651552
4952.0,-1.8643648786946345
4953.0,-1.4570669773823504
4954.0,-1.3240616530381564
4955.0,-0.9960290408636323
4956.0,-0.5717425254955522
4957.0,-0.582343104679632
4958.0,-1.2718347238058159
4959.0,-1.6139228616842902
4960.0,-1.5960233425945864
4961.0,-1.3612694797707603
4962.0,-0.8554636723310592
4963.0,-0.7626655119019238
4964.0,-0.6396963552489091
4965.0,-0.5857231905361302
4966.0,-0.23912787267664692
4967.0,-0.21662027700321715
4968.0,0.008287029847551669
4969.0,0.002574250192379466
4970.0,0.18973509710421155
4971.0,0.886638102943351
4972.0,0.8606536196222306
4973.0,0.7941124948444285
4974.0,1.0689242787484552
4975.0,1.05612867263203
4976.0,1.0122411482856322
4977.0,1.5574567891319036
4978.0,1.258240065285148
4979.0,1.903693169902608
4980.0,1.928077346008018
4981.0,1.6508324105656356
4982.0,1.5120417557860217
4983.0,1.4256845004115568
4984.0,0.9385732171323616
4985.0,0.9669458267338512
4986.0,0.8100212555717013
4987.0,0.8215235955981117
4988.0,1.1241886659703464
4989.0,0.6339041122044983
4990.0,0.9122566118925969
4991.0,1.295406832550288
4992.0,1.1868566957625948
4993.0,1.1204243893475228
4994.0,0.6354678670297587
4995.0,1.005835750022086
4996.0,0.3181364513484778
4997.0,0.249298462821305
4998.0,0.336203331959562
4999.0,0.43470597494000274
5000.0,0.6009086442695502
5001.0,0.7353066001965749
5002.0,1.0744147844497207
5003.0,0.8198497670927093
5004.0,1.0257921933189351
5005.0,1.268809862831418
5006.0,1.454274016915952
5007.0,1.6830287243059314
5008.0,1.8681231318806764
5009.0,1.145558693879075
5010.0,0.5842319013890629
5011.0,0.1675599531837242
5012.0,0.8403620948559707
5013.0,1.1813832458947982
5014.0,1.1001576136223796
5015.0,0.9320454218687052
5016.0,0.8928198738760122
5017.0,0.9170117421450075
5018.0,0.7927604611180958
5019.0,0.2949401157816406
5020.0,0.9167440124392009
5021.0,0.9824226940167264
5022.0,0.769785209930955
5023.0,0.6185567194918526
5024.0,0.16433818781349413
5025.0,-0.12044461579462307
5026.0,0.09847230956921771
5027.0,-0.09291554611100585
5028.0,0.16331054596141248
5029.0,0.25799964267629866
5030.0,-0.08328601679111891
5031.0,-0.16807629888393755
5032.0,-0.3258654515034298
5033.0,-0.7760789145841311
5034.0,-0.5165701022759717
5035.0,-0.3898311684142755
5036.0,-0.6728716648828139
5037.0,-0.5690989005299726
5038.0,-0.35965104764779565
5039.0,-0.31709182392553964
5040.0,-0.2544591348678243
5041.0,-0.04257670525290852
5042.0,-0.5424570276433195
5043.0,-0.5373048260395832
5044.0,-0.4192695163995886
5045.0,-0.1492534318267533
5046.0,-0.05957892230593598
5047.0,0.30716533425007814
5048.0,0.35131068856036446
5049.0,0.6539124071725098
5050.0,0.368596224918814
5051.0,-0.013079170643999882
5052.0,-0.16390522591164425
5053.0,-0.8734441066893752
5054.0,-0.6710610672109446
5055.0,-0.1804321908259814
5056.0,-0.5746041916405391
5057.0,-0.7425666406600355
5058.0,-0.7532275473688327
5059.0,-0.8729896147975884
5060.0,-0.5498925090289031
5061.0,-0.5109686378532904
5062.0,-0.4266633640574249
5063.0,0.24427363959121157
5064.0,0.5072402607332612
5065.0,0.8030297857144204
5066.0,1.1367729992080107
5067.0,0.6373909228916947
5068.0,0.39841365459996203
5069.0,0.6553400617453382
5070.0,0.9189785165626182
5071.0,0.8226379693912045
5072.0,0.8298486373040201
5073.0,0.9330369052426761
5074.0,0.828177803889489
5075.0,0.38528974801729426
5076.0,0.35082444266442747
5077.0,0.6888631626390249
5078.0,0.8003951004101357
5079.0,1.5395281524053244
5080.0,1.3511917090968402
5081.0,1.3485975120503195
5082.0,1.2298624162446072
5083.0,1.4287289456119625
5084.0,1.670365276700528
5085.0,1.921553545282691
5086.0,1.6400112984285484
5087.0,1.6352474268948778
5088.0,1.607639733028757
5089.0,1.4119191740643369
5090.0,1.828057855396923
5091.0,1.4575368259460122
5092.0,1.3299444406146574
5093.0,1.0344000266999354
5094.0,1.2995207179760762
5095.0,1.073639089279546
5096.0,1.2115376654380123
5097.0,1.2113860752255095
5098.0,1.1309573510129984
5099.0,1.0911065792158987
5100.0,1.3068522755867584
5101.0,1.0396401704589757
5102.0,1.3800994739637513
5103.0,1.338311922397473
5104.0,0.9294567178414453
5105.0,1.1410875842998272
5106.0,1.1887758729134639
5107.0,1.3818743699843072
5108.0,1.088723386023076
5109.0,1.2424681753270026
5110.0,1.5371890408828697
5111.0,1.7763704801401496
5112.0,1.5185823835237895
5113.0,2.1879422163349487
5114.0,2.5954981870670655
5115.0,2.5162591838586286
5116.0,2.6198718917211483
5117.0,2.272269432945218
5118.0,3.0480587330237277
5119.0,2.7834529702142645
5120.0,2.800532128168539
5121.0,3.163744352391244
5122.0,3.245017306843365
5123.0,3.1652664621716013
5124.0,3.356366676264412
5125.0,2.9673521287908744
5126.0,2.7742557652175663
5127.0,2.827276179140499
5128.0,2.385025545177035
5129.0,2.2029774903894657
5130.0,2.087861750989796
5131.0,1.7522901520819925
5132.0,1.1275859907478842
5133.0,1.0141602814796125
5134.0,0.4667015340765623
5135.0,0.6085621645135347
5136.0,0.9418691553352918
5137.0,1.33701418224214
5138.0,1.5053932470883726
5139.0,1.2125150204264812
5140.0,1.1366446498077938
5141.0,1.25750772036785
5142.0,1.278808507265509
5143.0,1.3948915181113708
5144.0,1.3681938760324066
5145.0,0.8368034224418142
5146.0,0.31457378047283635
5147.0,0.47771133897575524
5148.0,-0.09908730723998477
5149.0,-0.4042697180895449
5150.0,-0.8654150035922574
5151.0,-1.0958999345885783
5152.0,-1.813960837321999
5153.0,-1.7212468445298994
5154.0,-1.2155001121784283
5155.0,-0.9702894241298448
5156.0,-0.6579055037470893
5157.0,-0.3393640037636812
5158.0,-0.4025577813318887
5159.0,-0.7316278317926135
5160.0,-0.4742514207515942
5161.0,-0.2215716774118661
5162.0,0.18849263369616148
5163.0,0.41462212121049286
5164.0,0.11740448290128414
5165.0,-0.31955770773709
5166.0,-0.4928897411614205
5167.0,-0.6565418247839354
5168.0,-0.15775813756665497
5169.0,-0.5859843876722776
5170.0,-1.2010741790482404
5171.0,-1.020486225461443
5172.0,-1.1641862914828014
5173.0,-1.028421744280435
5174.0,-0.6886044009134689
5175.0,-1.2279085315647844
5176.0,-0.9844266200986816
5177.0,-0.8002348966404595
5178.0,0.13990749766794863
5179.0,0.5226094666235368
5180.0,0.6812620219651796
5181.0,0.900672694747924
5182.0,0.7823241812611086
5183.0,1.135351154066759
5184.0,1.1443886920887083
5185.0,1.3562714711749928
5186.0,1.5144216011102867
5187.0,1.155689398244399
5188.0,1.2052746715752949
5189.0,1.5005757259865367
5190.0,1.4169907509302653
5191.0,0.8529698278552785
5192.0,0.4494274438140552
5193.0,0.42234377194172523
5194.0,0.6000113492026494
5195.0,1.0543107404070375
5196.0,1.0742187623802557
5197.0,1.3379332170709954
5198.0,1.475940091524632
5199.0,0.8602216316825362
5200.0,0.5628466433399613
5201.0,0.8389774357070354
5202.0,0.47074772499832085
5203.0,0.8916492787888748
5204.0,0.9218206896966972
5205.0,0.6668819994144627
5206.0,1.127156229000687
5207.0,1.0105651958041781
5208.0,0.7166463582502466
5209.0,0.7240261116758618
5210.0,0.9406588398662523
5211.0,0.7850035340954244
5212.0,0.8040954877900678
5213.0,1.2124357404396746
5214.0,1.1884470720289388
5215.0,1.332944673724148
5216.0,1.3812216564301956
5217.0,1.2841341456522795
5218.0,1.1341325833325777
5219.0,0.7486901632916909
5220.0,0.7120823146251944
5221.0,0.8952844946131986
5222.0,0.8793295933382735
5223.0,1.1681281105898051
5224.0,1.2469014827641838
5225.0,1.1319089286624977
5226.0,1.0304067059211774
5227.0,1.2384404297282212
5228.0,1.1790515524815381
5229.0,1.586413259948411
5230.0,1.7259831327915993
5231.0,1.3404888963808084
5232.0,1.2847331222970497
5233.0,1.2579635251761443
5234.0,1.118189817294022
5235.0,1.1396219096128317
5236.0,0.8340790197811361
5237.0,0.37120385989258603
5238.0,0.8161629031367521
5239.0,0.9533265457569553
5240.0,1.6688734385872175
5241.0,1.9592019796479372
5242.0,1.3553220784277875
5243.0,1.8045241510003114
5244.0,1.4704736515104644
5245.0,1.7345081758532763
5246.0,1.2443920117163683
5247.0,0.8343054929666651
5248.0,1.6661959688357917
5249.0,1.2170913147184306
5250.0,1.0205061184136008
5251.0,0.5281009758880567
5252.0,-0.30222029214320456
5253.0,0.09405245731016959
5254.0,0.028161926768330958
5255.0,0.189635305124087
5256.0,0.05217740845892452
5257.0,-0.1410933284538703
5258.0,-0.5108404728159863
5259.0,-0.10007985468875596
5260.0,0.06394197599698836
5261.0,-0.00155211269167322
5262.0,0.44576623364699663
5263.0,-0.33793993453758403
5264.0,0.17011639506752857
5265.0,0.3263694321028364
5266.0,0.0037778638638181206
5267.0,0.20116528713195295
5268.0,0.3497581732173355
5269.0,0.7435837544605199
5270.0,0.6501760536382517
5271.0,0.6577951694646723
5272.0,0.6940468869521716
5273.0,0.3689975470505104
5274.0,0.3867859965152323
5275.0,0.4206394375631631
5276.0,0.15477380460457696
5277.0,-0.009044995451936488
5278.0,0.20662895829094802
5279.0,-0.01062951953114144
5280.0,0.28386371120008413
5281.0,0.42669891028696433
5282.0,0.2514463175142123
5283.0,0.19205066824910932
5284.0,-0.2172702185741066
5285.0,-0.1951234406886864
5286.0,-0.14271772650372383
5287.0,-0.1812717789045347
5288.0,-0.6204370894650536
5289.0,-0.7175374701341594
5290.0,-0.3741475921282275
5291.0,-0.50788618606539
5292.0,-0.6006196898754123
5293.0,-1.205641160321037
5294.0,-0.7748165387313807
5295.0,-0.6087027562797316
5296.0,-0.5942424954959219
5297.0,-0.7472668451275726
5298.0,-0.6738103599723048
5299.0,-0.8243256824045415
5300.0,-0.8287325797203989
5301.0,-1.7020216337034042
5302.0,-1.6065413589401265
5303.0,-1.278479839805787
5304.0,-1.3695983665726812
5305.0,-0.8725752290560969
5306.0,-0.6956128226347
5307.0,-0.851881313224096
5308.0,-0.3185431371913648
5309.0,-0.8675139703847039
5310.0,-0.5150283048759162
5311.0,-0.9803126001519017
5312.0,-1.0586717241941515
5313.0,-1.93201428344396
5314.0,-1.6322221287867738
5315.0,-1.9296945477298357
5316.0,-1.7659713316372063
5317.0,-2.0069107950542353
5318.0,-2.0310045821504565
5319.0,-1.8709590172515258
5320.0,-1.917980204541772
5321.0,-1.6598718698095394
5322.0,-1.0553582637515686
5323.0,-1.0583844481041413
5324.0,-0.7506354212130171
5325.0,-0.4002506157583787
5326.0,-0.19804104621246654
5327.0,0.20103458128445664
5328.0,-0.11928641148121222
5329.0,0.11233209039233331
5330.0,0.3410672533117891
5331.0,0.06067571550555778
5332.0,-0.13471058818674486
5333.0,-0.15352533740374003
5334.0,-0.559422608419359
5335.0,-0.6610196767365281
5336.0,-0.6024253974514638
5337.0,-0.812170165630771
5338.0,-1.1343389175997327
5339.0,-0.8371956130518664
5340.0,-0.6130864870885607
5341.0,-1.0084970664799355
5342.0,-1.2555858632550727
5343.0,-1.0677641548764403
5344.0,-1.1528194554893467
5345.0,-1.4784957820305986
5346.0,-1.1227921902257056
5347.0,-1.572913864120119
5348.0,-2.0939007379814987
5349.0,-1.9481773510320308
5350.0,-1.8695540182502937
5351.0,-1.67959608412531
5352.0,-1.9277767806916266
5353.0,-1.991780416257617
5354.0,-1.634751718748738
5355.0,-1.2048360614869034
5356.0,-1.5928295964070505
5357.0,-1.5576368169399144
5358.0,-1.8644570593480818
5359.0,-1.9988525039992033
5360.0,-1.9057269445553293
5361.0,-1.8917748378572297
5362.0,-1.9602149391891484
5363.0,-1.3656599890002348
5364.0,-0.8005118294494908
5365.0,-0.56576274075615
5366.0,-0.8630395067479353
5367.0,-0.5553043674849474
5368.0,-1.0919559694754146
5369.0,-0.9813879360340856
5370.0,-0.963528496076666
5371.0,-0.4864589525586957
5372.0,-0.7136803991993617
5373.0,-0.8633005594749436
5374.0,-0.8185778848709238
5375.0,-0.3740149075460997
5376.0,-0.6725661190210359
5377.0,-0.9836643593348353
5378.0,-0.9898794918760562
5379.0,-0.8473558516040074
5380.0,-1.129547231507354
5381.0,-1.017270768938565
5382.0,-0.7674912062622773
5383.0,-0.6082227840429285
5384.0,-0.3800367820734586
5385.0,-0.5264472498433113
5386.0,-0.21478166202362448
5387.0,0.11606022671717445
5388.0,0.21576165238002898
5389.0,0.5109606598451977
5390.0,0.29982566507177005
5391.0,0.23687188615305033
5392.0,0.2892529677052038
5393.0,0.5280232737417714
5394.0,1.0088414464528488
5395.0,0.5041955193691361
5396.0,0.24447585671155084
5397.0,0.22166371443276883
5398.0,-0.002763361324170016
5399.0,-0.13998444519752504
5400.0,-0.875355955987842
5401.0,-0.5078110784349843
5402.0,-0.38699229502620225
5403.0,-0.6301629500287763
5404.0,-1.0003723585745887
5405.0,-0.927430064985092
5406.0,-0.7068026191324512
5407.0,-0.7201245117530812
5408.0,-1.1423935229357594
5409.0,-1.207762303566938
5410.0,-0.9484390089027153
5411.0,-1.2504023888848328
5412.0,-1.492104471192793
5413.0,-1.9457329076755303
5414.0,-1.5281487414371286
5415.0,-1.4400449703392466
5416.0,-0.9425814480105192
5417.0,-0.9575316462780052
5418.0,-0.6035264957086646
5419.0,-0.7220412703814987
5420.0,-0.8587955497067082
5421.0,-1.0537139303210992
5422.0,-0.9890441459549919
5423.0,-0.9404724815388354
5424.0,-0.9764117258245919
5425.0,-1.3065886819224835
5426.0,-1.2988668379651154
5427.0,-1.4935587870825726
5428.0,-1.2695606530810966
5429.0,-1.3466212841549987
5430.0,-1.665480064071901
5431.0,-1.4149920575851376
5432.0,-1.312175519599638
5433.0,-1.0172819122467256
5434.0,-0.9614383214905906
5435.0,-1.3092820914002845
5436.0,-1.3584615755138079
5437.0,-1.8137139254236803
5438.0,-1.7844667278974238
5439.0,-1.2097121056187006
5440.0,-1.6738490296447974
5441.0,-2.0844253709429776
5442.0,-1.730291588164039
5443.0,-1.5364876688008264
5444.0,-1.4446451778686988
5445.0,-2.1808735476107004
5446.0,-2.0677278916419586
5447.0,-2.443550463590294
5448.0,-2.591960103293095
5449.0,-1.8697196444878583
5450.0,-1.7181345627584792
5451.0,-1.1367509045719077
5452.0,-1.6517022952450275
5453.0,-1.5520344017132433
5454.0,-1.1591067292563428
5455.0,-1.3886089207212362
5456.0,-0.8962779179529919
5457.0,-0.8121306957110508
5458.0,-0.6667974813067352
5459.0,-0.6398044368756856
5460.0,-0.5316166966239847
5461.0,-0.5249680285630218
5462.0,-0.7981975885310647
5463.0,-0.43490011854163263
5464.0,-0.40462973018394355
5465.0,0.3164628764265707
5466.0,0.7618873005551616
5467.0,0.9342363673577002
5468.0,1.2469102090435564
5469.0,0.7507091913604891
5470.0,0.525908164330605
5471.0,0.275860911309936
5472.0,0.3164588578337001
5473.0,-0.08503723590518342
5474.0,0.04166768011963391
5475.0,-0.05598887442492245
5476.0,-0.23168780711720974
5477.0,0.20627161970106508
5478.0,-0.03779448969516347
5479.0,-0.06687062475034222
5480.0,-0.016209424318329037
5481.0,0.15230023493326766
5482.0,0.022482344256237657
5483.0,-0.2846289177474656
5484.0,-0.5386300508269016
5485.0,-0.33838390793470463
5486.0,-0.9384999294747032
5487.0,-1.2957761428663703
5488.0,-1.2399105668213055
5489.0,-0.8177540364730705
5490.0,-0.9265337877658221
5491.0,-0.9693102503233744
5492.0,-0.3998726956414924
5493.0,-0.73918672336443
5494.0,-0.5431422311248115
5495.0,-0.6058579512561345
5496.0,-0.5421201086073859
5497.0,-0.8908306726012691
5498.0,-0.7114782872835624
5499.0,-0.6840912695067257
5500.0,0.22720798832884725
5501.0,0.11043831280175151
5502.0,-0.3438109277244029
5503.0,-0.3343916739814161
5504.0,-0.6724907399711841
5505.0,-0.6472116603953582
5506.0,-0.5992153806591964
5507.0,-1.0522145324396608
5508.0,-0.8681768189707331
5509.0,-1.0723017518377262
5510.0,-0.6766436142072167
5511.0,-0.4751732061397045
5512.0,-0.2736282338067548
5513.0,-0.6355696912670048
5514.0,-0.35294175703454456
5515.0,-0.6697248446994595
5516.0,-0.7628636779820155
5517.0,-0.5890311745570791
5518.0,-0.5828554524954181
5519.0,-0.15515596882349664
5520.0,0.5813959096935256
5521.0,0.5562139385292179
5522.0,0.6018951036306269
5523.0,0.722889577540847
5524.0,1.0778749039441604
5525.0,0.8519292212518214
5526.0,1.224807108948971
5527.0,0.9291963321444552
5528.0,0.8635051192821641
5529.0,0.7617252331307248
5530.0,0.8996770397186051
5531.0,0.6601797864973693
5532.0,0.8703789199684541
5533.0,0.9325756773460341
5534.0,0.7254295362339547
5535.0,0.7590948308810406
5536.0,0.7754224892445039
5537.0,1.4390687384315557
5538.0,1.5541552206309586
5539.0,1.18042956731309
5540.0,1.1229710072329957
5541.0,1.0490097384341965
5542.0,0.7791716993210474
5543.0,0.8839507904157312
5544.0,0.7121033292028465
5545.0,0.9301594674432221
5546.0,0.5902902804387815
5547.0,0.8317929011755658
5548.0,0.592613717605681
5549.0,0.856089932462945
5550.0,0.5764173134694592
5551.0,0.8501641677460681
5552.0,0.38269214612375524
5553.0,0.08504980936067019
5554.0,0.3917528375792504
5555.0,0.42752255633014774
5556.0,0.060028113807811034
5557.0,-0.24642521883427312
5558.0,-0.36905608273544016
5559.0,-0.21032202828368635
5560.0,-0.1905327755533994
5561.0,-0.5314517116144994
5562.0,-1.1431647772337319
5563.0,-1.153244318176761
5564.0,-0.8080721571202447
5565.0,-0.7514842789964482
5566.0,-0.4230757218938466
5567.0,-0.12143734546093476
5568.0,-0.000597330592957343
5569.0,-0.4732667743559911
5570.0,-0.6448181230971233
5571.0,-0.876925605362951
5572.0,-0.7804608076423148
5573.0,-0.3396573910844405
5574.0,0.035776193128116585
5575.0,0.44108725078782113
5576.0,0.6701898788813377
5577.0,1.176930829757398
5578.0,1.0766325091091722
5579.0,1.6644195356069074
5580.0,1.401652681298219
5581.0,0.7977923566601334
5582.0,0.6135815576665381
5583.0,0.3848174536765525
5584.0,0.1918574364796388
5585.0,0.26603331295893884
5586.0,0.3605998838956209
5587.0,-0.22843517307149758
5588.0,-0.44819138003911263
5589.0,-0.4977878131707386
5590.0,-0.6687430979808808
5591.0,-0.4238648416605213
5592.0,-0.5235150986279877
5593.0,-0.470217090793851
5594.0,-0.8860068066204346
5595.0,-0.8656018742895035
5596.0,0.1132623482207461
5597.0,0.4507383266104564
5598.0,0.4777739675016637
5599.0,0.8467055962331047
5600.0,0.5423572245490397
5601.0,0.18151033158434265
5602.0,0.12921774707216824
5603.0,0.18467537628286876
5604.0,0.11908065257136849
5605.0,0.19922686603298545
5606.0,-0.33773366441214453
5607.0,0.7323660196744632
5608.0,0.9884574143217031
5609.0,0.8688115581641745
5610.0,1.0389413556576697
5611.0,0.8420062167046097
5612.0,0.5259687775459355
5613.0,0.5454661342121468
5614.0,0.5079271375484234
5615.0,0.7817210645718959
5616.0,0.7739784448710689
5617.0,0.9456003363517517
5618.0,0.8631316150150248
5619.0,0.818633580182657
5620.0,1.1239299347323104
5621.0,0.28130750896157797
5622.0,0.020877156701150174
5623.0,0.5661712024610487
5624.0,0.30907125744304653
5625.0,0.003799250972253476
5626.0,-0.04291346491536857
5627.0,0.2795846871085978
5628.0,0.6542235309015666
5629.0,0.02157548566177292
5630.0,0.13409027272757998
5631.0,0.05309417312898983
5632.0,-0.5339988183410693
5633.0,-0.7359882975570344
5634.0,-0.8041117919380361
5635.0,-0.36858539530913237
5636.0,-0.7452246129082509
5637.0,-0.54777869865693
5638.0,-0.5435005220840385
5639.0,-0.3784853361448821
5640.0,-0.2733714814345578
5641.0,-0.2521974745189687
5642.0,-0.3979997030960064
5643.0,-0.4527898273080233
5644.0,-0.020618193786606398
5645.0,0.3110442344103398
5646.0,0.23084475203413307
5647.0,0.2971991339223933
5648.0,0.44106747851534084
5649.0,0.2261860220460913
5650.0,-0.1312657725895398
5651.0,0.020475031646357805
5652.0,0.028638550967790038
5653.0,-0.5901945598104587
5654.0,-0.37850649365803085
5655.0,-0.13026220928681403
5656.0,0.022598690120823425
5657.0,-0.09097792457488976
5658.0,-0.4018563093947012
5659.0,-0.4758545183553302
5660.0,-0.18033872731413175
5661.0,-0.25362300745891125
5662.0,-0.2690155140549577
5663.0,-0.20651774114899624
5664.0,-0.6824818998871216
5665.0,-0.7817640798165323
5666.0,-0.3552651839787486
5667.0,-0.24147297399530526
5668.0,-0.21684831037597257
5669.0,-0.008984946489686285
5670.0,-0.47276637102422836
5671.0,-0.42383509720988327
5672.0,-0.34647012820200235
5673.0,-0.2602576934907608
5674.0,-0.6379463976106119
5675.0,-0.4835723877339365
5676.0,-0.2693988807178631
5677.0,-0.2888523830295553
5678.0,-0.6583903275990661
5679.0,-0.8260987398300064
5680.0,-1.0205911765551783
5681.0,-0.4881186080880844
5682.0,-0.2319728876229251
5683.0,0.12946673252137483
5684.0,-0.12506964124783473
5685.0,-0.24242869577518195
5686.0,-0.5547546012221605
5687.0,-0.592966687584191
5688.0,-0.7073778739544291
5689.0,-0.6600808302902619
5690.0,-0.69751497284859
5691.0,-0.33683489917918
5692.0,-0.5782666699568059
5693.0,-0.5525698096705778
5694.0,-0.9747897972881183
5695.0,-0.4732514438519078
5696.0,-0.7748469481548711
5697.0,-0.8097363213743011
5698.0,-0.5834364478249202
5699.0,-0.7055216565290232
5700.0,-1.3885098394428232
5701.0,-1.6127535077071153
5702.0,-1.660796785506961
5703.0,-1.621779299106912
5704.0,-1.1040327548800324
5705.0,-1.0324848209929394
5706.0,-0.7448666299652658
5707.0,-0.6482170978067221
5708.0,-0.6523696000472027
5709.0,-0.5263082756889592
5710.0,-0.47682397292819345
5711.0,-0.8450153958848046
5712.0,-0.7102978423857814
5713.0,-0.3970450305787569
5714.0,-0.7383093275318952
5715.0,-0.6002503843453214
5716.0,-0.3768602725740357
5717.0,0.2956011902194398
5718.0,0.24914453082125385
5719.0,0.3739777847656012
5720.0,0.49723855078230705
5721.0,0.3322006968996674
5722.0,0.2895946301801153
5723.0,0.2508241323662047
5724.0,-0.4900319878887581
5725.0,-0.8155135740281168
5726.0,-1.169107239120439
5727.0,-0.9102592864085797
5728.0,-0.1669451687228708
5729.0,0.09456874761361905
5730.0,-0.24951799216324932
5731.0,-0.34056712073739503
5732.0,-0.32437105623076856
5733.0,-0.08160059510889392
5734.0,-0.15148467072404573
5735.0,0.2056321509914387
5736.0,0.33528496553739917
5737.0,-0.15590329563504446
5738.0,-0.5147878655424472
5739.0,-0.575102764941928
5740.0,-0.09722685880592175
5741.0,-0.1841884820755668
5742.0,-0.1016207995913547
5743.0,-0.19140448212747097
5744.0,-0.2810065335558132
5745.0,-0.08422589834357969
5746.0,-0.19354826363929378
5747.0,-0.4252293602302429
5748.0,-0.058770631244602134
5749.0,0.10941165629416016
5750.0,0.13370624694039623
5751.0,0.2667546175952283
5752.0,0.013296295531166041
5753.0,0.07062004510253174
5754.0,-0.308679320359834
5755.0,-0.38982834072200223
5756.0,-0.2860518480815678
5757.0,-0.9545198725807782
5758.0,-1.3584404752703807
5759.0,-1.2282247576801173
5760.0,-0.748980085489179
5761.0,-0.6825205777284487
5762.0,-0.42785403590459625
5763.0,-0.7717839020690199
5764.0,-0.884647323139401
5765.0,-0.1117267495688784
5766.0,-0.18794752889642746
5767.0,0.033904695113237265
5768.0,-0.05135882291017433
5769.0,-0.3335051766033268
5770.0,-0.08210142320421088
5771.0,-0.18777452875185263
5772.0,-0.3066833446269554
5773.0,-0.5304668448435605
5774.0,-0.10275141881942024
5775.0,-0.33720885547706353
5776.0,-0.18429138783779064
5777.0,-0.4399947817709709
5778.0,-0.4737278111887801
5779.0,-0.4065764021286303
5780.0,-0.6028654987755038
5781.0,-0.030350340866898695
5782.0,-0.411800852580156
5783.0,-0.36901457809499
5784.0,-0.1903791086160912
5785.0,-0.06749847989389962
5786.0,-0.19452914744376798
5787.0,0.2420484474732092
5788.0,-0.021144159117714917
5789.0,-0.2489286348466751
5790.0,-0.5098383593330729
5791.0,-0.4482644340394744
5792.0,-0.5013985678935408
5793.0,-0.44418403232244513
5794.0,-0.8704625516577613
5795.0,-0.39352602501387673
5796.0,-0.6405259355327322
5797.0,-0.31243610769850605
5798.0,-0.483390594865445
5799.0,-0.2474095119982219
5800.0,-0.6047404570079887
5801.0,-0.5203210193029377
5802.0,-0.856284102337842
5803.0,-0.9306704738030387
5804.0,-1.3903252603584522
5805.0,-1.4195138930113598
5806.0,-1.4203195502511285
5807.0,-1.2108845125632421
5808.0,-0.6474875792111194
5809.0,-0.43434879593164144
5810.0,-0.12470871516665982
5811.0,-0.09748380876094351
5812.0,-0.31075354824590473
5813.0,-0.16676544556464154
5814.0,-0.009976552437882091
5815.0,-0.10456865905214793
5816.0,-0.3099014692414177
5817.0,-0.5592277873058442
5818.0,-0.6928172079324744
5819.0,-0.7142917184932033
5820.0,-0.47297085991638477
5821.0,-0.10594538299739437
5822.0,-0.4702868442296111
5823.0,-0.3074883771215141
5824.0,0.01149919681656536
5825.0,0.348135760830646
5826.0,-0.044470079106676885
5827.0,0.1383522179006164
5828.0,-0.08970491941114073
5829.0,0.2149003541835351
5830.0,0.7036579459232134
5831.0,0.9596216248798795
5832.0,0.6715542299910998
5833.0,0.31696589502082717
5834.0,0.23585605338700022
5835.0,-0.10247369891982411
5836.0,0.02485133434375547
5837.0,-0.2505848429599935
5838.0,-0.5897119034804539
5839.0,-0.6565768918969049
5840.0,-1.1399263837015687
5841.0,-0.758588725417191
5842.0,-0.24561975729285257
5843.0,0.2292967833964393
5844.0,0.14059513789948785
5845.0,0.25430433999820234
5846.0,0.060139510594480916
5847.0,0.2357752711683323
5848.0,0.3329170867934971
5849.0,0.9294662121168584
5850.0,1.7186187755423292
5851.0,1.509247977908447
5852.0,1.5089031887486375
5853.0,1.952740623749775
5854.0,1.8430832427812918
5855.0,1.2460695318934578
5856.0,1.1490140004773313
5857.0,1.1909282823964975
5858.0,0.7774930618320178
5859.0,0.6559821648779962
5860.0,1.2125310135420535
5861.0,0.6787707120780104
5862.0,1.0532960003930802
5863.0,0.13767273156787185
5864.0,0.22952424272517002
5865.0,0.2713615819317523
5866.0,0.45501215119477456
5867.0,0.1244768797709968
5868.0,-0.0721755936166119
5869.0,0.24853311074320789
5870.0,0.5531534496295797
5871.0,0.3364761469076232
5872.0,0.15342354899881003
5873.0,0.16430666352303172
5874.0,0.04897234718401944
5875.0,0.25524631377528306
5876.0,0.6368276722009634
5877.0,0.007674902879634349
5878.0,-0.11296690849588031
5879.0,0.07917960443749232
5880.0,0.43939184855312896
5881.0,0.6093796107499152
5882.0,0.40829021020913525
5883.0,0.2265096108280594
5884.0,0.23316091093749905
5885.0,0.07046724464860896
5886.0,0.2670239547245804
5887.0,0.1000178531244294
5888.0,0.28862708654998526
5889.0,0.43446792944471113
5890.0,0.27792679717899904
5891.0,0.4902810585435581
5892.0,0.785566418301956
5893.0,0.38168626650765636
5894.0,0.483623818825973
5895.0,0.7875576156003664
5896.0,0.5949697816574704
5897.0,1.1860908486528978
5898.0,1.145485583863163
5899.0,1.0757571952807683
5900.0,1.0250830735540657
5901.0,0.829520267320027
5902.0,0.39454872548513
5903.0,0.38898023187432196
5904.0,-0.05607978526002316
5905.0,0.3961827118093897
5906.0,0.402035053360756
5907.0,0.48122908612781756
5908.0,0.8676189726684016
5909.0,0.7580982629816615
5910.0,0.6017107634888493
5911.0,0.3135825402200352
5912.0,0.3308709965800263
5913.0,0.5596759910488266
5914.0,-0.003024877849917118
5915.0,-0.1858780105140116
5916.0,-0.11637402914062198
5917.0,-0.2513052909968598
5918.0,0.5693133606668122
5919.0,0.4396172576378992
5920.0,0.2222009509452735
5921.0,0.7311018743395672
5922.0,0.65139930942568
5923.0,1.326964678650711
5924.0,1.5075712975772162
5925.0,1.564296245415693
5926.0,1.4366872565324391
5927.0,0.7490840546450289
5928.0,1.346051701503935
5929.0,1.4917711955693123
5930.0,1.6870991626305247
5931.0,1.5890647740078252
5932.0,1.2844175834908125
5933.0,1.6736524912671764
5934.0,1.746283279354316
5935.0,2.189129603149584
5936.0,2.050921215346516
5937.0,1.6699821180534509
5938.0,1.3585426529562694
5939.0,1.5360247210808882
5940.0,1.1891395163640839
5941.0,1.1791816511646238
5942.0,1.1932058680754678
5943.0,0.9639811298470911
5944.0,1.245902091328035
5945.0,1.1613378427966958
5946.0,0.874244935553862
5947.0,0.8486886645872773
5948.0,0.9138509265089474
5949.0,0.7328485856361893
5950.0,-0.024673627817660804
5951.0,-0.4197591265423784
5952.0,-0.11915098781401534
5953.0,-0.23274590112598548
5954.0,-0.23244084501466727
5955.0,0.39813169603256654
5956.0,0.41648048821260764
5957.0,0.15151588919659997
5958.0,-0.051495743385792075
5959.0,0.13627113316218548
5960.0,0.1251467089272017
5961.0,-0.056947209992145226
5962.0,-0.5240442457205675
5963.0,-0.8366131143220261
5964.0,-0.9206748978691414
5965.0,-1.2290368587137244
5966.0,-0.7546353945607467
5967.0,-1.0324145288288349
5968.0,-0.8744888479194901
5969.0,-0.7341678506212607
5970.0,-0.9251017903115857
5971.0,-0.7438406019572023
5972.0,-0.30040387258636286
5973.0,-0.17323834846825475
5974.0,-0.4237589227421793
5975.0,0.05850386508505717
5976.0,0.404064282435287
5977.0,0.24127874990294063
5978.0,0.7245561236019995
5979.0,0.7220476910977502
5980.0,0.6559506552226545
5981.0,0.6212202569679431
5982.0,0.8686954186153784
5983.0,1.077561661020495
5984.0,1.3277965839591142
5985.0,1.2445998669681453
5986.0,1.053216590004825
5987.0,0.7308136337957404
5988.0,0.8919015840719212
5989.0,0.5688432578990357
5990.0,0.42971572294436416
5991.0,0.7648392915031581
5992.0,0.629223515060571
5993.0,0.18610739284720668
5994.0,0.4526517152173809
5995.0,0.4701327876476908
5996.0,0.17379217434260363
5997.0,0.5948339767554479
5998.0,0.6878668898467994
5999.0,0.8071197435161321
6000.0,1.1694263181828393
6001.0,1.2967166014242826
6002.0,0.8865397951619393
6003.0,0.7664175786045151
6004.0,0.8119142133709197
6005.0,0.8624587733560629
6006.0,0.902364498595942
6007.0,0.17438012431789296
6008.0,0.5012228649047301
6009.0,0.2372883433357021
6010.0,0.08915930465962293
6011.0,0.3400211791288287
6012.0,0.4623083138302494
6013.0,0.5043911007776026
6014.0,1.0254169371818431
6015.0,0.507672242422412
6016.0,0.3501436392253456
6017.0,0.46440437655007927
6018.0,0.3702341077874939
6019.0,0.07720818546823677
6020.0,0.17239872033045217
6021.0,-0.21496194320719203
6022.0,-0.020490386510450292
6023.0,-0.17056297753360444
6024.0,-0.3135670065007744
6025.0,0.12283334764061049
6026.0,-0.3170752772551054
6027.0,-0.15893167777645997
6028.0,-0.5810852860420068
6029.0,-0.6577757334993212
6030.0,-0.4691576069490293
6031.0,-0.14183955513078927
6032.0,0.24769881127018334
6033.0,-0.34386501958230353
6034.0,-0.4779743191601705
6035.0,-0.6320600921939503
6036.0,-0.34765627743261146
6037.0,-0.10971558666158676
6038.0,-0.2641438541529232
6039.0,-0.2878437522514346
6040.0,-0.538542195500383
6041.0,-0.6665075633107763
6042.0,-0.5511601496640717
6043.0,-0.8155054817734675
6044.0,-0.37472318208130856
6045.0,-0.7871999312521192
6046.0,-1.344677505177896
6047.0,-1.7322416258528368
6048.0,-1.575332972698286
6049.0,-1.7232538658400312
6050.0,-1.2318531059567817
6051.0,-0.9610802313966618
6052.0,-1.0268578601913336
6053.0,-0.42946617868909875
6054.0,-0.2934375397667329
6055.0,-0.2447005861997395
6056.0,-0.12318022898008656
6057.0,0.19020233819657814
6058.0,0.44202675068902597
6059.0,0.4267130790429517
6060.0,0.33159965297167004
6061.0,0.320167243193803
6062.0,-0.036670828935123245
6063.0,0.0037362129095673963
6064.0,-0.11773400037090812
6065.0,0.12496976695892348
6066.0,0.14380655143161816
6067.0,0.2741856171306263
6068.0,0.2572536964506196
6069.0,-0.157513094801487
6070.0,-0.2387835742331407
6071.0,0.0013877388978453253
6072.0,-0.08655423890214181
6073.0,-0.20025794279488068
6074.0,-0.11710213231940778
6075.0,-0.059706833845013144
6076.0,-0.19289461972712987
6077.0,-0.1613125705840181
6078.0,0.22285567665505931
6079.0,0.1847197314782191
6080.0,0.22148843146993002
6081.0,0.1903021656832732
6082.0,0.17442464096390567
6083.0,0.022335720624910793
6084.0,0.08488632886392296
6085.0,0.2656223966433424
6086.0,0.8111544106528148
6087.0,1.4141174468298585
6088.0,0.6110268145899009
6089.0,0.6478004071697118
6090.0,0.8400175715484623
6091.0,0.5398233886647621
6092.0,0.6412012566775742
6093.0,0.5025297929221457
6094.0,0.4857300036673386
6095.0,-0.0771713450701898
6096.0,-0.6327301244088258
6097.0,-0.7681841164073004
6098.0,-0.7998895071181521
6099.0,-0.2836884433936342
6100.0,-0.1680030569941922
6101.0,-0.1554087145217723
6102.0,-0.16504187431761902
6103.0,0.059589718583234
6104.0,-0.309636630862319
6105.0,-0.4507799295547523
6106.0,-0.032101575499379975
6107.0,0.21212382725739065
6108.0,0.20465349827972834
6109.0,0.37941500245773535
6110.0,0.33981800846672344
6111.0,0.3193687384218972
6112.0,0.24853306893805774
6113.0,0.026774912246997767
6114.0,0.14574020278804328
6115.0,0.21154882055984958
6116.0,0.07044568669766152
6117.0,-0.3091967926574489
6118.0,-0.6868036677742245
6119.0,-0.5822074723205508
6120.0,-0.4107289654732003
6121.0,0.07485063140894377
6122.0,0.1319821474805266
6123.0,0.15894302316702802
6124.0,-0.0719441238058261
6125.0,-0.7752749967798465
6126.0,-0.7803899185048361
6127.0,-0.9651636953779144
6128.0,-1.095854672249597
6129.0,-1.1024819942325266
6130.0,-0.8284429291907809
6131.0,-0.9512528799754034
6132.0,-0.623617021290924
6133.0,-0.6800092722352687
6134.0,-0.05898303854082243
6135.0,-0.37371849774834065
6136.0,-0.20984019172985374
6137.0,-0.22331205166964355
6138.0,-0.018366765929749895
6139.0,-0.4034024197971063
6140.0,-0.5259209305200668
6141.0,-0.8267857173259157
6142.0,-0.4002628127883593
6143.0,-0.32408738174509166
6144.0,0.0866601248186274
6145.0,0.6065275032523932
6146.0,0.49778528883248596
6147.0,0.7570534112663163
6148.0,0.7218218582823785
6149.0,0.5748781543231318
6150.0,1.1971811578634943
6151.0,1.1231916327658686
6152.0,1.5061935730900216
6153.0,1.4309855441950152
6154.0,1.5690709276974244
6155.0,0.761962150278667
6156.0,0.9097523109677073
6157.0,0.8902547017148471
6158.0,1.1970433176705253
6159.0,0.7699354747983382
6160.0,0.7485114559937772
6161.0,0.671001031968554
6162.0,0.4193443413570546
6163.0,0.08400871647031777
6164.0,0.5864460163827744
6165.0,0.42510830299937424
6166.0,0.9024510681419906
6167.0,1.690342669805493
6168.0,1.712307310343347
6169.0,1.9194117580261132
6170.0,1.196511446151537
6171.0,1.0031380120408908
6172.0,0.7569203997666574
6173.0,0.6571222295706198
6174.0,0.30869550023932846
6175.0,0.5032811296498118
6176.0,0.4803846002658939
6177.0,0.12039096196728644
6178.0,0.33677344975218515
6179.0,0.12973979018539214
6180.0,-0.2678460134795926
6181.0,-0.28597443310206727
6182.0,-0.4220523264064857
6183.0,-0.11649963523415996
6184.0,-0.25343049964336456
6185.0,-0.4655100285835562
6186.0,-0.45787645265375143
6187.0,0.06817046253285641
6188.0,0.28043518845745896
6189.0,-0.4525926442079483
6190.0,-0.13147604356999626
6191.0,-0.008785502400877984
6192.0,-0.11351589318756393
6193.0,0.3096022630633761
6194.0,0.32428388398897545
6195.0,0.21038680208539212
6196.0,0.10080318046586031
6197.0,-0.008658911624145185
6198.0,0.23037408828709716
6199.0,0.3614853554687881
6200.0,0.9276730937331845
6201.0,0.5500636150180305
6202.0,0.4494672066825597
6203.0,0.2547254808739861
6204.0,0.0836278067870849
6205.0,0.1380874375376236
6206.0,-0.03372672336238272
6207.0,0.43553109068982343
6208.0,0.22571435031934972
6209.0,0.3776524134174264
6210.0,0.7430720825553664
6211.0,0.7702799069697248
6212.0,0.5382546903918151
6213.0,0.25264187202105737
6214.0,0.08033724718866375
6215.0,0.005475128845991939
6216.0,0.6049320469375431
6217.0,0.15607227910483024
6218.0,-0.6154816499417285
6219.0,-0.9143205653507668
6220.0,-0.4313551728576437
6221.0,-0.3206844540546846
6222.0,-0.13235214714608853
6223.0,-0.5281978348121054
6224.0,-0.19862837647542936
6225.0,-0.04321932142561968
6226.0,-0.03206734832841933
6227.0,-0.3658884849549687
6228.0,0.12049733351089637
6229.0,-0.002585826637849273
6230.0,-0.036312594683169
6231.0,-0.5784991623923447
6232.0,-0.3319410612114947
6233.0,-0.7801373864892918
6234.0,-0.2336675306573871
6235.0,0.2751158121119508
6236.0,-0.04274800507551424
6237.0,-0.04509981246785024
6238.0,-0.2899771876190871
6239.0,-0.05335715112656436
6240.0,0.20543399695131717
6241.0,0.6817874699900975
6242.0,0.9742159497351448
6243.0,0.6771618108420356
6244.0,0.5008189534149233
6245.0,-0.035454587283083094
6246.0,0.3393868237535312
6247.0,0.14109492429278353
6248.0,-0.09359194500775422
6249.0,-0.4482048494982453
6250.0,-0.21769172554414964
6251.0,-0.3088904673484691
6252.0,-0.5344889519810541
6253.0,-0.6405250692021753
6254.0,-0.18412041731048
6255.0,-0.5412398183457695
6256.0,-0.586695826882551
6257.0,-0.7292952475332367
6258.0,-0.560812518410758
6259.0,-0.7889471384472544
6260.0,-1.057741821414706
6261.0,-0.9595974661730339
6262.0,-0.18280298541988582
6263.0,0.5019619582306339
6264.0,0.5585346241790207
6265.0,0.5600551820088716
6266.0,0.4444830568950432
6267.0,1.6082139825934854
6268.0,2.113032524235487
6269.0,2.066417345250732
6270.0,2.0998280672613956
6271.0,2.1461601193475843
6272.0,1.7538980937527575
6273.0,1.895847176464712
6274.0,1.4553993810988295
6275.0,1.2692530244530909
6276.0,0.9800887650777205
6277.0,0.6950928368928446
6278.0,0.7325937102554891
6279.0,0.6135323294991359
6280.0,0.16491111147557302
6281.0,0.5417650350570395
6282.0,0.9687082617910248
6283.0,0.6222920556829203
6284.0,0.351973833092006
6285.0,0.930971265941535
6286.0,1.204627422643726
6287.0,1.315067684709655
6288.0,0.9549684447758957
6289.0,1.552175269840876
6290.0,0.5643005750204002
6291.0,0.647970265870171
6292.0,0.48015049637567586
6293.0,0.7251968434368721
6294.0,1.2955203921880434
6295.0,1.3687970983516555
6296.0,0.8277245855417498
6297.0,0.5753307599849696
6298.0,0.36032938732066633
6299.0,0.4063892218720817
6300.0,0.4195595439761095
6301.0,0.16664997401251494
6302.0,0.18917183595055362
6303.0,-0.00676713861902975
6304.0,0.04330598474590972
6305.0,-0.14598707120883542
6306.0,-0.19422204825866812
6307.0,-0.7618199163678115
6308.0,-0.6183184714037826
6309.0,-1.0318495931747356
6310.0,-1.3836770750790222
6311.0,-1.2333933894620928
6312.0,-0.679028622250481
6313.0,-0.4522575768249313
6314.0,-0.3467461946007405
6315.0,-0.1089872143156089
6316.0,-0.12574170663894496
6317.0,0.2791864794104453
6318.0,0.7034537538769431
6319.0,1.1462245877947086
6320.0,1.6088357355009046
6321.0,1.9469174521127102
6322.0,2.084917736301965
6323.0,1.5883334570873664
6324.0,1.7722167415368082
6325.0,2.1233191085867738
6326.0,1.4410616792587172
6327.0,1.5058168416000963
6328.0,1.6143292935554536
6329.0,1.2892633449805357
6330.0,1.6817061668319448
6331.0,1.8175892384830163
6332.0,1.6797350499867247
6333.0,1.4927491130281731
6334.0,1.394262512535634
6335.0,1.409221299110852
6336.0,1.440481697109726
6337.0,1.3777951958297692
6338.0,1.8528049874476544
6339.0,1.94741424537062
6340.0,1.7482909151395862
6341.0,1.4147198997886086
6342.0,1.5061339373269012
6343.0,1.3285814820547865
6344.0,1.5747147973185234
6345.0,1.5556812773841213
6346.0,1.813230650798547
6347.0,1.5164543866108504
6348.0,1.7421908555336119
6349.0,1.569910838325434
6350.0,2.010886801946744
6351.0,1.65822762842274
6352.0,1.9012403348464884
6353.0,1.499395845652452
6354.0,1.2774121405974148
6355.0,1.188894711758043
6356.0,1.3813195385513866
6357.0,1.7709150111289094
6358.0,1.9405208438701462
6359.0,1.5533861981437407
6360.0,1.4120894585439003
6361.0,0.8256059649529573
6362.0,1.4334352150947227
6363.0,1.5939412332171914
6364.0,2.336276383295684
6365.0,2.643629188002466
6366.0,2.120249015737903
6367.0,1.8902900571354344
6368.0,1.8593377571477214
6369.0,1.723760502457824
6370.0,2.012385440746574
6371.0,1.7046402892841979
6372.0,1.6519122079102273
6373.0,1.4684485137284324
6374.0,1.154955436258023
6375.0,1.7053539546211227
6376.0,1.882436542640536
6377.0,1.9872353286406221
6378.0,1.36284962191981
6379.0,1.3158023850006677
6380.0,0.6823991535686625
6381.0,0.2591981218410492
6382.0,0.8508210203334695
6383.0,0.6592947338391997
6384.0,1.089853866569322
6385.0,1.409585735844944
6386.0,1.759640911359763
6387.0,2.2973333935548546
6388.0,2.7851211874003177
6389.0,2.5750777663371207
6390.0,1.7635409163350744
6391.0,1.8341902371346601
6392.0,1.6446424717954815
6393.0,1.6940507012291817
6394.0,1.882178358305165
6395.0,1.924183114346782
6396.0,1.3839960848107866
6397.0,1.3987660175003194
6398.0,1.5929105677590147
6399.0,1.6583097695992675
6400.0,1.8745358778518164
6401.0,2.055394924328665
6402.0,1.6479679879044218
6403.0,1.265694360225179
6404.0,0.9584377032534728
6405.0,1.2501333951899491
6406.0,1.3179450142301399
6407.0,1.195552387146022
6408.0,0.9867233875644144
6409.0,1.2336786249828706
6410.0,1.018726152590707
6411.0,1.2315508888967746
6412.0,1.000243276899922
6413.0,0.7298917902436103
6414.0,1.0168248513920746
6415.0,0.9314217824814844
6416.0,0.5846162030610498
6417.0,0.6106515249500354
6418.0,0.2567761530292814
6419.0,-0.049636497410619734
6420.0,-0.01385648933043701
6421.0,0.21842905121119882
6422.0,0.5960003631838334
6423.0,0.3823798540104671
6424.0,0.09431494426792592
6425.0,-0.2593624066322887
6426.0,-0.3125716306761825
6427.0,-0.20715684245100646
6428.0,0.004676396433515334
6429.0,0.21890271887190535
6430.0,-0.07544280081190291
6431.0,0.17201446747758325
6432.0,-0.10794794791762491
6433.0,0.045693986386226224
6434.0,0.29472666826814753
6435.0,-0.01909581860913706
6436.0,0.006887053290899035
6437.0,-0.15595574294474882
6438.0,-0.16689795030739593
6439.0,-0.24550432448849546
6440.0,0.12574632550216425
6441.0,0.42768422447123583
6442.0,0.8008281893394424
6443.0,0.7887335969955181
6444.0,0.8560298596324577
6445.0,1.4364459073396474
6446.0,1.678026550033117
6447.0,1.5248627110602384
6448.0,1.3515126406304778
6449.0,1.0368704389017482
6450.0,0.9430076872335292
6451.0,1.1495766067933695
6452.0,1.9537826812342893
6453.0,1.9103633016971622
6454.0,1.2268194972046431
6455.0,1.5555075129354952
6456.0,1.3008833512540603
6457.0,1.3393695034458497
6458.0,1.5217491889838848
6459.0,1.602863417635859
6460.0,1.216713763019181
6461.0,0.9939428397516435
6462.0,0.8365387427620973
6463.0,0.7362641743496868
6464.0,0.1645388651584737
6465.0,0.3609409982566476
6466.0,-0.4275541223600992
6467.0,0.013805436228284784
6468.0,0.11042807747940225
6469.0,0.4566239002292272
6470.0,0.33514980065439026
6471.0,0.575977931237716
6472.0,0.2060845906569806
6473.0,0.34055237063423527
6474.0,0.8423748473628471
6475.0,1.247424878746458
6476.0,1.6535508951034552
6477.0,1.6822846547789825
6478.0,1.6801624826060946
6479.0,1.6599250918010853
6480.0,1.7858315086257206
6481.0,1.8088983869422266
6482.0,1.2311881213648999
6483.0,1.0239312793373554
6484.0,1.0148301531071042
6485.0,0.7253303976627926
6486.0,0.831734584281922
6487.0,0.6347222381161278
6488.0,0.5709102742999054
6489.0,0.45090204891319063
6490.0,0.4480910165076548
6491.0,0.3556415801252507
6492.0,0.7908746129517338
6493.0,0.8148052307162295
6494.0,0.6978451295975703
6495.0,0.4191070021616242
6496.0,0.2014250891871333
6497.0,0.39552323128742883
6498.0,0.3367897445059487
6499.0,0.3583039632726314
6500.0,-0.006878084121437533
6501.0,0.28541759043250203
6502.0,0.06236627939625847
6503.0,-0.17201927128865693
6504.0,-0.2741507832925828
6505.0,-0.41053926725472667
6506.0,-0.7062173350767584
6507.0,-0.2494330404888479
6508.0,-1.1120638274342332
6509.0,-0.8029869244635546
6510.0,-0.646544137528702
6511.0,-0.5893879116298896
6512.0,-1.1640799195253402
6513.0,-0.9744291172574389
6514.0,-0.96126784955855
6515.0,-1.2080076808217375
6516.0,-1.460354811697904
6517.0,-1.907156262794349
6518.0,-1.646174853770924
6519.0,-1.3141166691944552
6520.0,-0.838905726885572
6521.0,-0.9196530051000691
6522.0,-0.9264440685954144
6523.0,-0.6654884550249972
6524.0,-0.3782302514938214
6525.0,-0.3348319584022216
6526.0,-0.009834531235401789
6527.0,0.16253812540831394
6528.0,-0.024592725874509225
6529.0,-0.28529090587776856
6530.0,-0.09583227451183551
6531.0,-0.5167029501614318
6532.0,-0.245908735193796
6533.0,-0.0312082535981216
6534.0,0.11475055854878327
6535.0,0.2442359425564088
6536.0,0.07335668942399803
6537.0,-0.092476783122859
6538.0,0.053946676660707446
6539.0,-0.499098502307838
6540.0,-0.6838612627222973
6541.0,-0.6153118365515602
6542.0,-0.09947069629511984
6543.0,0.5259479584069539
6544.0,0.627489967900858
6545.0,1.273705171738886
6546.0,1.8075443585475994
6547.0,1.6417980351586687
6548.0,2.0324292441082603
6549.0,1.7039323589469977
6550.0,0.8216497001003293
6551.0,0.8324915367942247
6552.0,0.7896630674258042
6553.0,0.5565843434199906
6554.0,0.15305206833577006
6555.0,0.3119985995476696
6556.0,0.25499520703858575
6557.0,0.5466574877152627
6558.0,0.18609709183679413
6559.0,0.0742946320631514
6560.0,0.39541800312890985
6561.0,0.04092509621041818
6562.0,-0.0860619131200735
6563.0,-0.3993596508938336
6564.0,-0.6660549708762186
6565.0,-0.301986933735624
6566.0,-0.3917009088645177
6567.0,-0.4268165263549503
6568.0,-0.6255224351850249
6569.0,-0.7376556129886915
6570.0,-0.6673362090749504
6571.0,0.2199585808333463
6572.0,0.2657483353484168
6573.0,0.1722349467033908
6574.0,0.4485016290334308
6575.0,0.1276852262637882
6576.0,0.37736931475904406
6577.0,0.8930080977675092
6578.0,0.6189023598555794
6579.0,0.672655920280889
6580.0,0.6264824485589934
6581.0,1.1438093172509727
6582.0,0.9511642791074256
6583.0,0.24535111922189357
6584.0,-0.2013243290957637
6585.0,0.04605881007354201
6586.0,-0.4590706994683803
6587.0,-0.6827444776109778
6588.0,-1.0356407534632857
6589.0,-1.0120663027422463
6590.0,-0.9500167267425873
6591.0,-1.0233300806381649
6592.0,-1.1170197801906558
6593.0,-1.059404448380181
6594.0,-0.06803143702430148
6595.0,0.6096992411842607
6596.0,0.658662179357203
6597.0,0.4633739402229528
6598.0,0.18129982424335722
6599.0,0.2920879369488317
6600.0,0.7666280564011896
6601.0,0.6148730355654507
6602.0,0.36971695021166373
6603.0,-0.13246294121100183
6604.0,-0.3384681187671744
6605.0,-0.27818425344867825
6606.0,-0.7136933583343394
6607.0,-0.9408768369562818
6608.0,-0.1719487269238985
6609.0,-0.8914367750437814
6610.0,-0.7535384300254665
6611.0,-0.3801194649102209
6612.0,-0.4669301684395188
6613.0,-0.5033822275029731
6614.0,-1.0437522464514843
6615.0,-1.1405773278346776
6616.0,-1.3757208980950788
6617.0,-0.9803140466959556
6618.0,-0.9981139431274834
6619.0,-0.24322256604689763
6620.0,-0.18823815048505463
6621.0,-0.03327432136526878
6622.0,0.29552276656082516
6623.0,0.792200366253839
6624.0,1.073929437931393
6625.0,1.082825990817607
6626.0,1.2392622111545832
6627.0,1.3795523039771689
6628.0,1.4959453987832954
6629.0,1.2085727174215122
6630.0,1.2936170533963105
6631.0,1.545366583322955
6632.0,1.3599153783798439
6633.0,1.6013905847596297
6634.0,1.5826254756161635
6635.0,1.9357062998590853
6636.0,1.9616250945247544
6637.0,1.6566275749996744
6638.0,0.9227209053701667
6639.0,0.6603536761175899
6640.0,0.7464214553759123
6641.0,0.16613946595872064
6642.0,-0.09322584538053177
6643.0,-0.061096173174860796
6644.0,-0.08710958844846917
6645.0,-1.027870802883072
6646.0,-1.499580905801717
6647.0,-1.2126084103163344
6648.0,-1.387379303248405
6649.0,-1.0492065671468735
6650.0,-1.0139803059439663
6651.0,-1.2802396885693788
6652.0,-0.7706082871094537
6653.0,-0.46439219870007237
6654.0,-0.7442459214272108
6655.0,-1.0231225434360065
6656.0,-1.248700121658043
6657.0,-0.8453261592425958
6658.0,-0.5391151158744814
6659.0,-0.18698011451207708
6660.0,-0.31410100912440997
6661.0,0.17057081699164311
6662.0,0.19526240273874812
6663.0,0.6594742861972813
6664.0,0.8574571674714764
6665.0,0.9105353830168302
6666.0,0.16192408288686366
6667.0,-0.1334890488377415
6668.0,-0.574899742518258
6669.0,-0.4248645315636923
6670.0,-0.17347539461518455
6671.0,-0.1663956181244774
6672.0,-0.25369843835170786
6673.0,-0.34234687800635955
6674.0,-0.9829826198448701
6675.0,-1.0789474527572367
6676.0,-0.6050960974013293
6677.0,-0.5262093500889375
6678.0,-1.0822249658188308
6679.0,-0.41665543572407016
6680.0,-0.6574164487595556
6681.0,-0.6344860011500981
6682.0,-0.2024668717014384
6683.0,-0.1780369817622221
6684.0,0.32903473569023767
6685.0,0.11467407022411491
6686.0,0.15499866686286487
6687.0,-0.1521167606146937
6688.0,0.1639405189975562
6689.0,0.7049084295652013
6690.0,0.6344296318576483
6691.0,0.5064658896470896
6692.0,0.32114277180787526
6693.0,-0.38296755500772217
6694.0,-0.2548003945871974
6695.0,0.3525423546760934
6696.0,-0.05133928943390337
6697.0,0.18713573577488452
6698.0,0.5313945997920598
6699.0,0.9973954985564359
6700.0,0.8953325137517663
6701.0,1.616686356697093
6702.0,1.5400465859368289
6703.0,1.3268790836702002
6704.0,1.5146130264745117
6705.0,1.9578290162490752
6706.0,2.0551160392542713
6707.0,1.696437208405397
6708.0,1.688149195352958
6709.0,1.4118030961157677
6710.0,1.4946875055140798
6711.0,1.5583432538499322
6712.0,1.7976139140194674
6713.0,1.80340059677647
6714.0,2.274190495742157
6715.0,2.486898980116072
6716.0,2.1577069430875135
6717.0,2.4476416473050433
6718.0,2.040226172290302
6719.0,2.459257327765554
6720.0,2.092077925825683
6721.0,1.9387256497056542
6722.0,2.423498225889679
6723.0,2.4775166603613457
6724.0,2.209691623074365
6725.0,2.3928616341724847
6726.0,2.59724762383809
6727.0,2.2564990502261932
6728.0,2.1831697548934668
6729.0,2.8069229048035234
6730.0,2.958403829528807
6731.0,2.5000025212769743
6732.0,1.977010343214973
6733.0,1.9587180513492635
6734.0,2.1273739278390322
6735.0,2.1816307684467535
6736.0,2.0019076729766763
6737.0,1.5860463232932003
6738.0,2.169809029081356
6739.0,2.16811094847017
6740.0,3.049855438392183
6741.0,1.9373445546334103
6742.0,1.9485250177309719
6743.0,2.212199159096296
6744.0,2.4797316360640007
6745.0,2.6477440049062775
6746.0,2.5784545945028947
6747.0,2.7480019457920744
6748.0,2.8160404027676464
6749.0,2.744716638991351
6750.0,2.758559076766174
6751.0,2.9676206092606847
6752.0,2.629731777937296
6753.0,2.24865727871626
6754.0,2.2954366996983877
6755.0,2.6181200027741993
6756.0,2.4248454476770616
6757.0,2.3302208488154688
6758.0,2.186514501815853
6759.0,2.2477167077771174
6760.0,2.100711906133677
6761.0,2.187206164609934
6762.0,2.144837673018308
6763.0,1.5782894573273005
6764.0,1.540609408471718
6765.0,1.6148223930662022
6766.0,1.5497616363890334
6767.0,1.3914170475960717
6768.0,1.4670783845127475
6769.0,1.4370849450874328
6770.0,1.2434406303357899
6771.0,1.03785002430048
6772.0,1.024883878063422
6773.0,1.2246689545901694
6774.0,1.0870707004493876
6775.0,1.2331318365540023
6776.0,1.7460254472489734
6777.0,1.4647512713304107
6778.0,1.6758279289387037
6779.0,1.978387280892604
6780.0,1.8829990830971874
6781.0,1.9908848570346696
6782.0,2.45107305699488
6783.0,2.2190251979229463
6784.0,1.6368528888970026
6785.0,1.1189065411301657
6786.0,0.0986616796194868
6787.0,0.16112200102611185
6788.0,0.24269455613415197
6789.0,-0.5372469572048589
6790.0,-0.23769788257487057
6791.0,-0.7971033829441845
6792.0,-0.8842131524239895
6793.0,-1.3843097759028429
6794.0,-0.6388360900568039
6795.0,-0.6362076024417369
6796.0,0.021710545503453638
6797.0,-0.038824119324180145
6798.0,0.08324055142433329
6799.0,0.07558489919106365
6800.0,-0.3086744388980085
6801.0,-0.11447614817414528
6802.0,-0.3451971867055349
6803.0,-0.09709696701291207
6804.0,0.2911976619967524
6805.0,0.28357231549226153
6806.0,-0.5867772821638813
6807.0,-0.45767702228262586
6808.0,-0.23285472577010155
6809.0,-0.060201689040299156
6810.0,-0.631872080543226
6811.0,-0.7132217664865266
6812.0,-0.3707493839489461
6813.0,-0.42771328757512717
6814.0,-0.388496698497081
6815.0,-0.22794735733111368
6816.0,0.07148299453299303
6817.0,-0.3325801316223642
6818.0,-0.4159376763914178
6819.0,-0.21423684725508632
6820.0,0.1375586219482045
6821.0,-0.24050212072825725
6822.0,0.15282995163308108
6823.0,-0.42943230715863967
6824.0,-0.44967681743422555
6825.0,-0.9707341740137798
6826.0,-0.8348916371574664
6827.0,-0.9262343373748234
6828.0,-0.9759619759005409
6829.0,-0.9631343168007949
6830.0,-1.2880670605530815
6831.0,-1.54413406459681
6832.0,-1.4874522359187177
6833.0,-1.3834213931316537
6834.0,-1.612349463460994
6835.0,-1.853262050184426
6836.0,-1.2816178436584411
6837.0,-1.7754192120351018
6838.0,-1.497185812315271
6839.0,-1.7121013218866639
6840.0,-2.0251870425939793
6841.0,-1.3184772628259258
6842.0,-1.3648425328014955
6843.0,-0.7779202278768775
6844.0,-0.9787950838593473
6845.0,-1.2001569153857967
6846.0,-0.7319288783769977
6847.0,-0.3516758030374487
6848.0,-0.010733627581858196
6849.0,-0.1265723280947298
6850.0,-0.14984202026656981
6851.0,-0.11259303784145858
6852.0,0.1185451889127033
6853.0,0.02566262947092414
6854.0,-0.15435187076631113
6855.0,0.1770666443377221
6856.0,0.07145374865222721
6857.0,-0.0845609912526046
6858.0,0.1163398195391615
6859.0,0.6628590365994793
6860.0,0.5452005991567392
6861.0,0.005485633761567521
6862.0,0.1759631686083158
6863.0,-0.03325369957070515
6864.0,-0.6840128027659198
6865.0,-0.20494936506883488
6866.0,0.4170807865239134
6867.0,0.5736433933490628
6868.0,0.5520793364571079
6869.0,0.41818987645252625
6870.0,0.27837596702306183
6871.0,0.8767263926301467
6872.0,0.4160674026738037
6873.0,0.15770662745737746
6874.0,-0.06719769978955184
6875.0,0.3088827731661803
6876.0,0.5920534721976493
6877.0,0.5231035991790056
6878.0,1.031257741700923
6879.0,1.3261060347893712
6880.0,1.0561894262257197
6881.0,0.8418666332960528
6882.0,0.8701500490464799
6883.0,0.5008540337341433
6884.0,0.5485304030957733
6885.0,0.38492783129411745
6886.0,0.5428268918465147
6887.0,0.8548519319340924
6888.0,0.8632193636603229
6889.0,0.9954705913104753
6890.0,0.31020783886435677
6891.0,0.5062540948372403
6892.0,0.23403967091798145
6893.0,0.6583751030248088
6894.0,0.8993928115779597
6895.0,0.4622388426501581
6896.0,0.18053784993973337
6897.0,-0.21024423257151253
6898.0,0.009110665805250606
6899.0,0.08280149806201625
6900.0,-0.27267199416471977
6901.0,-0.16563367375304788
6902.0,-0.2582926344445076
6903.0,0.03610226506403036
6904.0,-0.16836767505086367
6905.0,-0.31215208561851193
6906.0,-0.14788963084515963
6907.0,-0.8455422675228699
6908.0,-1.26482658199994
6909.0,-1.3460725732027756
6910.0,-1.116049912079606
6911.0,-0.50700744782943
6912.0,-0.8846503696876729
6913.0,-0.6327868174349414
6914.0,-0.4562271371653619
6915.0,-0.2819289103933099
6916.0,-0.13515021773178987
6917.0,-0.3158546682274662
6918.0,0.00524866456917461
6919.0,-0.29226041107258105
6920.0,-0.5083768234841446
6921.0,-0.6368916296458089
6922.0,-0.1949482338742386
6923.0,-0.0024213756378748397
6924.0,0.2569814208013235
6925.0,0.24473749283903706
6926.0,0.5837619235414864
6927.0,0.9250647094283035
6928.0,0.9538334120391025
6929.0,1.3061640026331158
6930.0,1.9453217504930618
6931.0,1.685379585257312
6932.0,2.031028835254076
6933.0,1.8344670489756945
6934.0,1.6331900436421494
6935.0,0.9999616299637227
6936.0,0.7499380584146622
6937.0,0.472010688396284
6938.0,0.7456795225302537
6939.0,0.22736965854391084
6940.0,-0.04256186889309527
6941.0,0.19990129815293534
6942.0,0.17780255896441816
6943.0,-0.11027278437084576
6944.0,-0.0020090964687497354
6945.0,0.18485665490805217
6946.0,-0.12798751148203366
6947.0,0.06175623478055833
6948.0,-0.01117652334809488
6949.0,-0.4625856028561303
6950.0,-0.8323353487074403
6951.0,-0.8469879957836375
6952.0,-0.09078065327950302
6953.0,0.17947099024423563
6954.0,0.3159135945482072
6955.0,-0.27459761640805114
6956.0,-0.12858367403291346
6957.0,0.14196890658925465
6958.0,-0.1291290013382465
6959.0,0.3638228608454162
6960.0,0.17805700821103237
6961.0,-0.2001236086431842
6962.0,-0.14708015388476242
6963.0,0.11685050871419941
6964.0,-0.17545483744345997
6965.0,-0.23373832156682345
6966.0,-0.4691080036298625
6967.0,-0.9056306788556062
6968.0,-0.8334045605114319
6969.0,-0.539209870661657
6970.0,-1.197699747133336
6971.0,-0.777030331296978
6972.0,-0.8004822649128998
6973.0,-0.8134130516802004
6974.0,-0.6034055010592776
6975.0,-0.44460415325137115
6976.0,-0.8368694441164559
6977.0,-0.704653294705883
6978.0,-0.9692620859989678
6979.0,-1.0109248762820853
6980.0,-0.7343607823940317
6981.0,-0.5864732752287198
6982.0,-0.5762024409201854
6983.0,-0.39530312853952304
6984.0,-0.32548156971835024
6985.0,-0.6060055549688557
6986.0,-0.514432687260886
6987.0,-0.7726702550165825
6988.0,-0.7586840535348681
6989.0,-0.544196788312435
6990.0,-0.5680630570177002
6991.0,-0.7982605101921549
6992.0,-0.21942323692734234
6993.0,0.06548646291077029
6994.0,0.8016408648445221
6995.0,0.6194270403064803
6996.0,0.5531531621299034
6997.0,0.6723888267336686
6998.0,0.09551475978683577
6999.0,0.047847137879422685
7000.0,0.38626028173684457
7001.0,1.0396334606817046
7002.0,1.3241201107507785
7003.0,1.2701693629219886
7004.0,0.9789927194137864
7005.0,1.2799953969604898
7006.0,1.1822277488556192
7007.0,1.5662903123981038
7008.0,1.5558516017769015
7009.0,1.5822078738788696
7010.0,1.3758157348479714
7011.0,1.2948520936016052
7012.0,1.531209987162187
7013.0,1.2932202326069167
7014.0,0.8779455972424985
7015.0,0.9865111829812678
7016.0,1.4451778841778582
7017.0,0.9023832439854269
7018.0,1.104310678223912
7019.0,1.8126789899778073
7020.0,1.9037599437135084
7021.0,1.7262504346967331
7022.0,1.5463878680014391
7023.0,1.5132394715964197
7024.0,1.3164184006914088
7025.0,1.0531749909959665
7026.0,1.673118954194138
7027.0,1.7679968368583352
7028.0,1.6106385353410226
7029.0,1.4485549818896062
7030.0,1.26938088091788
7031.0,0.8798662061551471
7032.0,1.1454000858792255
7033.0,1.2308087632899811
7034.0,0.6146238614230293
7035.0,0.61728897465925
7036.0,0.35934369503083635
7037.0,0.45307107211852043
7038.0,0.3778607556197087
7039.0,0.44377938006751827
7040.0,0.29483227461431616
7041.0,0.424408968483727
7042.0,0.16970805514387324
7043.0,0.24419842743206155
7044.0,0.2552337322672145
7045.0,0.7096316926153694
7046.0,0.9534349655730133
7047.0,0.39488018661928714
7048.0,0.7251835665643335
7049.0,-0.015161221010335568
7050.0,1.0586460441705081
7051.0,0.7299733843438502
7052.0,0.5740341280987447
7053.0,0.3054229817982235
7054.0,0.6601305602601837
7055.0,0.17363121258859332
7056.0,0.10839673704346103
7057.0,0.6078744654202284
7058.0,0.27639044530275647
7059.0,0.11863880593846649
7060.0,0.547891819182671
7061.0,0.6449895596187649
7062.0,0.255274510208273
7063.0,0.1346826112672747
7064.0,0.15222355497022502
7065.0,0.05733444792630096
7066.0,-0.49472850699183113
7067.0,-0.5696384742373916
7068.0,-0.9347494890413834
7069.0,-0.8672175595175579
7070.0,-0.22259028126557479
7071.0,-0.2528306285213696
7072.0,0.3604931013383146
7073.0,0.37762625106714315
7074.0,0.1667778523943619
7075.0,0.21074180650231064
7076.0,0.22967947751122667
7077.0,0.12396984116827973
7078.0,0.14932709129309224
7079.0,0.3468406756134733
7080.0,0.10844102580196921
7081.0,0.77602720728002
7082.0,0.6971306467010223
7083.0,0.9207562158761141
7084.0,0.5106563311210901
7085.0,0.8015558071456359
7086.0,0.8427827948311623
7087.0,0.6619011715132573
7088.0,0.4226071480737873
7089.0,0.15083084296862542
7090.0,-0.7568451914083887
7091.0,-0.5982476927855598
7092.0,-0.3809767284646107
7093.0,-0.26305290114772517
7094.0,0.5362607084406052
7095.0,0.5608278524509533
7096.0,0.48198563909515474
7097.0,0.5757456883714271
7098.0,0.7840447178134211
7099.0,0.810907932263153
7100.0,0.5315568707537879
7101.0,0.5228752454562363
7102.0,0.22707493338352247
7103.0,0.38752786385790466
7104.0,0.501834339215664
7105.0,0.5396443523393785
7106.0,0.9059862312964888
7107.0,1.27030203165985
7108.0,0.9164075181725835
7109.0,0.5870344471073261
7110.0,0.5712465633127849
7111.0,0.03300257917521798
7112.0,0.0029444446727808875
7113.0,-0.009463698738652285
7114.0,-0.24182961428333313
7115.0,0.03181890019401604
7116.0,0.018773548764885076
7117.0,-0.42026546134187487
7118.0,-0.4643443367128268
7119.0,-0.6817840844419158
7120.0,-0.38648514409950685
7121.0,0.03338448589431575
7122.0,-0.38165536926914356
7123.0,-0.9029717320376891
7124.0,-1.0075855167090004
7125.0,-0.7281552280949577
7126.0,-0.550114512716613
7127.0,-0.5009372963240974
7128.0,-0.4430931313421546
7129.0,-0.8826502448376071
7130.0,-1.1108531951863687
7131.0,-1.617063435645983
7132.0,-1.0669945140739139
7133.0,-0.6249390207964765
7134.0,-0.71078867912555
7135.0,-0.6452851719237201
7136.0,-0.18269506029231652
7137.0,0.05709330060751594
7138.0,-0.09268829063629452
7139.0,-0.03721209326616407
7140.0,-0.05042632169016402
7141.0,-0.008359964756489598
7142.0,-0.004280985414516031
7143.0,0.25074635934168477
7144.0,0.4499568218477419
7145.0,0.17070918770537935
7146.0,-0.6433990851607482
7147.0,-0.9493732132248105
7148.0,-0.162973770424237
7149.0,-0.3526959888656049
7150.0,-0.053448424096785185
7151.0,0.04913148046350488
7152.0,0.20972924309853286
7153.0,0.5330334826210199
7154.0,0.2512558028725869
7155.0,0.4299148213124111
7156.0,0.8737528356819784
7157.0,0.6397592703683546
7158.0,0.5339986115720602
7159.0,0.6278951694152696
7160.0,0.4306799678710654
7161.0,0.35625112862812874
7162.0,0.46210553250370395
7163.0,0.61505089335244
7164.0,0.4531552386272849
7165.0,0.09831301476345355
7166.0,0.3526646967679881
7167.0,0.08756426922144239
7168.0,-0.10527240824214684
7169.0,-0.2999473354688137
7170.0,0.041601093926041166
7171.0,-0.7035734986863352
7172.0,-0.21160880566095375
7173.0,-0.4886793018633906
7174.0,-0.6443620669848583
7175.0,-0.481443817028482
7176.0,-1.0591959800493436
7177.0,-1.5802939262862563
7178.0,-1.872199706158416
7179.0,-1.9495646560533695
7180.0,-1.7797211603986196
7181.0,-1.7086531046769482
7182.0,-1.9469281485068994
7183.0,-1.6634090718966459
7184.0,-1.8652851037652862
7185.0,-1.924861402140022
7186.0,-1.7973924599205122
7187.0,-1.1636684462021378
7188.0,-1.5897296462481638
7189.0,-1.8128891631493378
7190.0,-2.1429960181817154
7191.0,-2.0952055903472164
7192.0,-1.8469794130242163
7193.0,-1.2655632569046784
7194.0,-1.1972815722160852
7195.0,-0.8041222096945049
7196.0,-0.985130239284137
7197.0,-1.2589784805117157
7198.0,-1.890814846426505
7199.0,-1.968166107214329
7200.0,-1.93665565747942
7201.0,-2.490832769578921
7202.0,-2.0908674971785395
7203.0,-1.7490936793256227
7204.0,-1.6240225703576403
7205.0,-1.2305966242019621
7206.0,-1.408448859858497
7207.0,-1.1265961158451745
7208.0,-0.802941997513046
7209.0,-1.006368225706039
7210.0,-1.1488480243533434
7211.0,-0.9971680405023349
7212.0,-0.7409807443054959
7213.0,-0.3908460637807864
7214.0,0.069317144701598
7215.0,0.37268392717314675
7216.0,0.33628038719337616
7217.0,0.29644807878773527
7218.0,0.7235875575832968
7219.0,0.9121665596520976
7220.0,1.0481484971399913
7221.0,1.3024171026035722
7222.0,1.368135280915178
7223.0,1.6025740758773404
7224.0,1.4555367435104603
7225.0,1.9855524437194054
7226.0,1.949843230376944
7227.0,2.172028808579276
7228.0,2.1916983655630475
7229.0,1.9766039965187852
7230.0,1.913079685806306
7231.0,2.5159652547006974
7232.0,2.9315161268413297
7233.0,2.4616180216065127
7234.0,1.5878285139986894
7235.0,1.8542011172511983
7236.0,1.4957662078691163
7237.0,1.7549512945406491
7238.0,1.4761879605487618
7239.0,1.4897183626716815
7240.0,1.337470422473543
7241.0,1.4991594056431798
7242.0,1.3295819213101314
7243.0,1.1286553812762106
7244.0,0.7489492597034724
7245.0,0.5597825058444336
7246.0,0.7753868085737474
7247.0,0.3062830336053396
7248.0,0.5357517504204885
7249.0,0.17478333624246095
7250.0,0.34727826916002436
7251.0,0.4168926153200724
7252.0,0.07347059796177591
7253.0,0.17095485775088157
7254.0,0.24304929565856137
7255.0,-0.12752874546710202
7256.0,0.2738658050332655
7257.0,0.9432778978189769
7258.0,1.2239573892416713
7259.0,1.301982685912251
7260.0,0.7337453237460206
7261.0,0.6312129421928039
7262.0,0.785355033376153
7263.0,1.1078506310217975
7264.0,1.2096631463679575
7265.0,1.3446245198820186
7266.0,2.16315603823021
7267.0,2.3693644347252256
7268.0,2.374419758475152
7269.0,2.075268199351455
7270.0,2.5410693025678333
7271.0,2.397353729390978
7272.0,2.0739990096995005
7273.0,1.5208197183482826
7274.0,1.3622443537009579
7275.0,1.1318800378834883
7276.0,1.2964984909073554
7277.0,1.0015350379127121
7278.0,1.1022309660376943
7279.0,1.1456641381769967
7280.0,0.8290966383346181
7281.0,0.775002717408363
7282.0,0.8219053605988852
7283.0,0.8380953876650945
7284.0,0.7666732668430352
7285.0,0.48771846495993415
7286.0,-0.30701412113312826
7287.0,-0.8265993505769271
7288.0,-1.066674109866069
7289.0,-1.0015027744787228
7290.0,-0.9788871789126576
7291.0,-0.8471956052645417
7292.0,-1.0108190478338996
7293.0,-0.43158490642447
7294.0,-0.6656745441916255
7295.0,-1.0632424756488414
7296.0,-1.4796679458566995
7297.0,-1.5952815792733135
7298.0,-1.4929661952427968
7299.0,-1.1887511146083014
7300.0,-0.8514452769454118
7301.0,-0.906759205806143
7302.0,-0.602586797749818
7303.0,-0.1921538968129426
7304.0,-0.5111394293266791
7305.0,-0.2926459958864727
7306.0,-0.47561161323446466
7307.0,-0.45863493724419774
7308.0,0.17913390270960988
7309.0,0.5547138258471755
7310.0,0.2504157322887582
7311.0,0.3840438600110313
7312.0,0.06716888520777314
7313.0,-0.632939905329093
7314.0,-0.5299346577247366
7315.0,-0.5695743103668873
7316.0,-0.7063606156278771
7317.0,-0.5664358498056695
7318.0,-0.8646887049839123
7319.0,-0.744922260698143
7320.0,-0.943974137795864
7321.0,-0.9048410617721795
7322.0,-0.792871078019843
7323.0,-0.1453652808329352
7324.0,-0.7101538752542549
7325.0,-1.1273102913880608
7326.0,-1.3384987130947752
7327.0,-1.337396022140864
7328.0,-1.0286514981796275
7329.0,-1.0166563482263857
7330.0,-1.0362520071811496
7331.0,-0.593402897700219
7332.0,-0.5630889750090082
7333.0,-0.2770283058579924
7334.0,0.16675974854042847
7335.0,0.31333242741298395
7336.0,0.11741642293265095
7337.0,0.5890207505879367
7338.0,0.1891003501783578
7339.0,-0.45607903543257866
7340.0,-0.44339547978693405
7341.0,-0.2611242805878816
7342.0,-0.16704602590291945
7343.0,-0.017951728336199707
7344.0,-0.12633602801446012
7345.0,-0.5987913950548831
7346.0,-0.3537638277250037
7347.0,-0.13446082002279436
7348.0,-0.15163419270528145
7349.0,0.1864121407712168
7350.0,-0.21733773762734596
7351.0,-0.5519655957888718
7352.0,-0.1916278718438898
7353.0,-0.16749471883495354
7354.0,0.13825864780726863
7355.0,-0.18510588534688663
7356.0,0.24682715374425215
7357.0,0.4270897340531761
7358.0,0.631273057617833
7359.0,0.30770633423306026
7360.0,0.641538953034082
7361.0,0.36874662733525143
7362.0,-0.1324045990086577
7363.0,-0.43738476490790046
7364.0,-0.5596704414335051
7365.0,-0.612459770321868
7366.0,-0.5189176242973851
7367.0,0.04444460884920609
7368.0,0.23138060111003303
7369.0,0.10241353356981878
7370.0,0.4914395327366171
7371.0,0.8263586475538347
7372.0,0.8270991039908744
7373.0,0.6757628043238195
7374.0,0.6118680628549278
7375.0,0.4778449026627773
7376.0,0.7579901274467906
7377.0,0.5555428325281784
7378.0,0.423724076207409
7379.0,0.41459071788985097
7380.0,0.2956081392777483
7381.0,0.0799192526342693
7382.0,0.06403568106778104
7383.0,0.15918670126992476
7384.0,0.5945902327423194
7385.0,0.5792966697515779
7386.0,1.1334168693976336
7387.0,1.2575164574265711
7388.0,1.4124655380560935
7389.0,1.0743068877433202
7390.0,0.6568495400380829
7391.0,0.6892237346550887
7392.0,0.4696700987059881
7393.0,0.5827175173366379
7394.0,0.7203029432139937
7395.0,0.7763234929540799
7396.0,1.1463957243599583
7397.0,1.0833085740167834
7398.0,0.5604259783227841
7399.0,0.18161823904789892
7400.0,-0.2294295269959285
7401.0,0.013044591426553481
7402.0,-0.11755605580427596
7403.0,0.07260056028924523
7404.0,0.37334855374746323
7405.0,-0.07654744699989668
7406.0,0.035223675193459064
7407.0,-0.354490172970574
7408.0,-0.4694745950659305
7409.0,-0.36232173775419735
7410.0,-0.30093183426732745
7411.0,-0.7172646041753938
7412.0,-0.6830750747037702
7413.0,-0.5995068287834254
7414.0,-0.4939974364906252
7415.0,-0.38417593138118394
7416.0,-0.5780601101709
7417.0,-0.22459999515535384
7418.0,0.04416124186698636
7419.0,-0.3551493702439648
7420.0,-0.12166117749458233
7421.0,-0.07525167127407101
7422.0,0.37746745356781414
7423.0,0.04778053480455596
7424.0,-0.17311315826338597
7425.0,0.17780356776018452
7426.0,0.127025534953051
7427.0,0.19052641549701516
7428.0,0.2726135991782835
7429.0,0.7094939919847754
7430.0,1.286467851226981
7431.0,0.8145580284175737
7432.0,0.4413484784208035
7433.0,-0.10487567826664734
7434.0,-0.3290665589853512
7435.0,0.11443116550553517
7436.0,-0.1514763355147904
7437.0,0.07553916442974698
7438.0,-0.37791838668966743
7439.0,0.2657795952322165
7440.0,0.027152514881791517
7441.0,-0.2603621882646598
7442.0,-0.18497828886450518
7443.0,-0.3723934660441849
7444.0,-0.323426813242311
7445.0,-0.2808008101783946
7446.0,0.2800361000922648
7447.0,-0.477153490557578
7448.0,-0.5869792362895981
7449.0,-0.8648735459741139
7450.0,-0.4748190265496486
7451.0,-0.24758442601010677
7452.0,-0.436622335792561
7453.0,-0.4275314495132343
7454.0,-0.8551348323827578
7455.0,-0.35430686943196427
7456.0,-0.019947208431593533
7457.0,0.14545826159128522
7458.0,-0.010186027431251354
7459.0,0.10137456985643079
7460.0,-0.1485986097940758
7461.0,-0.3128478249687876
7462.0,-0.3897036983593528
7463.0,-0.09225813333536798
7464.0,0.09378134943916942
7465.0,0.17568818732828073
7466.0,0.3035813246548792
7467.0,0.5832987478931544
7468.0,0.8075795510114774
7469.0,0.8675318791277147
7470.0,1.2569101668896974
7471.0,1.1749985241479808
7472.0,1.0237085525719087
7473.0,0.668004375703322
7474.0,0.6508171791995823
7475.0,0.7914728048158008
7476.0,1.006854385990995
7477.0,1.0051525158962993
7478.0,1.1780964371383644
7479.0,0.6567146993929416
7480.0,0.7090704296888555
7481.0,1.0982762862977224
7482.0,1.3829024946390445
7483.0,0.8445842662781284
7484.0,0.7448054678042486
7485.0,1.1816729930306076
7486.0,1.1022774795546366
7487.0,1.3420805183235411
7488.0,1.6602218631733794
7489.0,1.6629837279155022
7490.0,1.5344226879305924
7491.0,1.4064669277266184
7492.0,0.7695087176912188
7493.0,0.9058000270676912
7494.0,1.0836524520686943
7495.0,0.9367189701223169
7496.0,1.2281725896859144
7497.0,1.1815876758562163
7498.0,1.0417236687146456
7499.0,0.6094120444166549
7500.0,1.1389911496052827
7501.0,0.9594231435036988
7502.0,1.0168938259001896
7503.0,1.2950390417564095
7504.0,1.4096142305172163
7505.0,0.8506702269030405
7506.0,1.2159541138880683
7507.0,1.3586780327481514
7508.0,1.2972831063472432
7509.0,1.6548569667154915
7510.0,1.3380817871013801
7511.0,1.4927714801775163
7512.0,0.8910499769463059
7513.0,0.9415031403704749
7514.0,1.1132881855340537
7515.0,1.3013550386073605
7516.0,1.795461139766493
7517.0,1.4314169200145506
7518.0,1.0293473845113108
7519.0,1.1595055748103213
7520.0,1.15829879210385
7521.0,1.724870928652357
7522.0,1.690559395221848
7523.0,1.3934525054463667
7524.0,1.4299830100789912
7525.0,1.3028789625655088
7526.0,1.4971117115520773
7527.0,1.3943015535943954
7528.0,1.6435996404244952
7529.0,1.100341652951026
7530.0,0.33736095013748957
7531.0,0.7725262354540818
7532.0,0.3146499407906926
7533.0,0.3529441818604966
7534.0,0.004082431302351974
7535.0,0.12744790584443225
7536.0,0.13428843053666883
7537.0,-0.057523476237740984
7538.0,-0.1209048493454008
7539.0,-0.43837728568709416
7540.0,-0.37679610833379745
7541.0,-0.3648772733714254
7542.0,-0.33779868015562403
7543.0,-0.4572835538832757
7544.0,-0.335375310946065
7545.0,-0.5935711666372722
7546.0,-0.9502440925916718
7547.0,-1.2673275545407527
7548.0,-0.8644495150654403
7549.0,-0.6160619204475417
7550.0,-0.9425616794178262
7551.0,-0.7195522324169004
7552.0,-0.14738933564334245
7553.0,0.05179517042969864
7554.0,0.35984958924146326
7555.0,0.11800308131640913
7556.0,0.8917780267900705
7557.0,1.0880011763621573
7558.0,1.2253561982137349
7559.0,0.7589925990994837
7560.0,0.3611375367298195
7561.0,0.47658972018111717
7562.0,-0.010272222149522336
7563.0,-0.33357992935975056
7564.0,-0.17241428098986103
7565.0,-0.1756814533938828
7566.0,-0.15234825181275197
7567.0,-0.32012546221001426
7568.0,0.24967192044032194
7569.0,0.3046580109361071
7570.0,0.7719197353691891
7571.0,0.571323679016037
7572.0,0.728549289075815
7573.0,1.0199475969260108
7574.0,1.044841840684946
7575.0,0.5356313845702387
7576.0,0.7807064241252275
7577.0,0.4853914989797724
7578.0,0.6630686369851945
7579.0,1.1281367786432022
7580.0,1.5972578016728054
7581.0,1.5053414267919332
7582.0,0.8890190303074712
7583.0,0.6249804020625167
7584.0,0.6362534183998949
7585.0,0.4054734776520408
7586.0,0.7561416714672473
7587.0,0.7113571773331809
7588.0,0.45542720767526884
7589.0,-0.10489092312757325
7590.0,0.05772246159910428
7591.0,0.1975556232273804
7592.0,0.06055058026583002
7593.0,0.15685062449425907
7594.0,-0.0007646795012223317
7595.0,-0.25496029912803914
7596.0,0.2037850405917533
7597.0,0.044897580117376434
7598.0,0.2176504041616652
7599.0,0.40918344093206915
7600.0,0.5314178003442079
7601.0,0.6472696535882922
7602.0,0.26200552093954155
7603.0,0.30198319273776314
7604.0,-0.37809577380693427
7605.0,-0.607787685296537
7606.0,-1.4355428066684381
7607.0,-1.4677125533551638
7608.0,-1.1175951578287209
7609.0,-0.6209495887788627
7610.0,-1.0677611911233384
7611.0,-1.0529491347922153
7612.0,-0.6435513824490415
7613.0,-0.5012273227698295
7614.0,-0.4179604449105433
7615.0,-0.17187925079874308
7616.0,-0.10761176467971988
7617.0,0.014303561984936944
7618.0,-0.4227401545639526
7619.0,-0.580472678855053
7620.0,-0.7827377216315483
7621.0,-1.1320300610297047
7622.0,-0.9355570217620143
7623.0,-1.1093565382417228
7624.0,-1.3659940972389286
7625.0,-0.8268356275064844
7626.0,-1.129334359269806
7627.0,-0.7391107546624407
7628.0,-1.2661224593263734
7629.0,-1.3848009382720043
7630.0,-1.0182100316486726
7631.0,-0.8245132296531297
7632.0,-0.8283538915205845
7633.0,-0.8636894199719295
7634.0,-1.239581006460052
7635.0,-1.583918261530726
7636.0,-1.934939302835696
7637.0,-2.286212597540298
7638.0,-2.419396606625851
7639.0,-2.300798062878308
7640.0,-2.198105610290984
7641.0,-1.4987061032704425
7642.0,-1.869054333125167
7643.0,-1.60652006166948
7644.0,-1.3504448395788882
7645.0,-1.5272251501485594
7646.0,-1.7878338607038846
7647.0,-1.9549831100550263
7648.0,-1.6911904304965821
7649.0,-1.5168211867011343
7650.0,-1.6269259734552701
7651.0,-1.0980375169744658
7652.0,-0.7872445810016527
7653.0,-0.9112183678096059
7654.0,-0.44112470422224925
7655.0,-0.4029687016988029
7656.0,-0.7263323650533939
7657.0,-0.364434600361535
7658.0,0.048767453225809
7659.0,0.523459791251137
7660.0,0.47137536501204147
7661.0,0.5221969525037847
7662.0,0.23300939644778734
7663.0,0.40808716833521713
7664.0,0.5962443391052588
7665.0,0.8777283618131582
7666.0,0.9078714299643357
7667.0,0.9037159446899539
7668.0,0.8103835149781208
7669.0,0.20037462924376281
7670.0,0.4082548580641786
7671.0,0.3460689284470511
7672.0,0.8994752336480101
7673.0,0.7191069485054543
7674.0,0.39633685910216765
7675.0,-0.2088302529186114
7676.0,-1.1000704715397438
7677.0,-1.2652654827933894
7678.0,-1.1482705547543675
7679.0,-0.9424285616733044
7680.0,-1.3242187574131048
7681.0,-0.9026692695155583
7682.0,-0.5906890979696062
7683.0,-1.122745562555684
7684.0,-0.9951336771529722
7685.0,-0.6134944504516207
7686.0,-0.5884704130820579
7687.0,-0.15545824541260617
7688.0,-0.30395826211491817
7689.0,-0.17340358388086113
7690.0,-0.32387858461332464
7691.0,-0.5551172984199213
7692.0,-0.0011227107917403112
7693.0,-0.04684620556230669
7694.0,0.23929529333161487
7695.0,-0.056925334915115144
7696.0,-0.07875536860049603
7697.0,0.35165376128387965
7698.0,0.9639957248434156
7699.0,1.1737603810083024
7700.0,1.3213988196642994
7701.0,1.824850892097361
7702.0,1.346186716350027
7703.0,1.2259562753229083
7704.0,0.9079126096702195
7705.0,0.7835059447504221
7706.0,0.35168350136088405
7707.0,0.26789424047437543
7708.0,0.2065400590963706
7709.0,0.2693500178001349
7710.0,0.8515995287983296
7711.0,0.41604272034257705
7712.0,0.13060228657673673
7713.0,-0.3309036646934352
7714.0,-0.018805062584111187
7715.0,-0.2135269069674287
7716.0,-0.1496173988428978
7717.0,-0.008577807190531583
7718.0,0.2365842480972025
7719.0,0.21500398320477965
7720.0,-0.15103962808824467
7721.0,-0.16767860031330856
7722.0,0.2729748872788955
7723.0,0.2104380710624906
7724.0,0.10183327100337108
7725.0,0.09705164331727195
7726.0,-0.09187927083213117
7727.0,-0.4193233394140915
7728.0,-0.4259659808246053
7729.0,-0.44515718797118753
7730.0,-0.42061630159209673
7731.0,-0.5105620392324548
7732.0,-0.7343409466484196
7733.0,-0.7970255807094473
7734.0,-0.8589482257575979
7735.0,-0.6705033148952932
7736.0,-0.37984861945749226
7737.0,0.13602145161268603
7738.0,-0.4891953506165022
7739.0,-0.5058833160726613
7740.0,-0.29223973396702563
7741.0,-0.031504962899895406
7742.0,-0.0948071690894875
7743.0,0.4833230170251116
7744.0,0.4221088410805075
7745.0,0.5343710575624847
7746.0,0.478552993869975
7747.0,0.3429630201834146
7748.0,1.0220465172893838
7749.0,1.3950207718988774
7750.0,1.1686138367091679
7751.0,0.7082653882699437
7752.0,1.044186715926558
7753.0,0.21987782922936927
7754.0,0.31706458873098653
7755.0,0.29407027223691806
7756.0,0.03669774255962141
7757.0,0.4974852604443436
7758.0,0.5674428906548259
7759.0,0.4625968071676638
7760.0,0.936662834765354
7761.0,0.5975554035004991
7762.0,0.931200786245314
7763.0,0.7848813613796146
7764.0,0.8630122596163562
7765.0,1.3429144426219843
7766.0,1.1586409921644694
7767.0,0.8791837084658489
7768.0,0.36824026930236115
7769.0,0.7799803617237037
7770.0,0.7148853243298331
7771.0,1.2840891889459656
7772.0,1.441347719019267
7773.0,1.7965603122152551
7774.0,1.6392375182835612
7775.0,1.415295160749338
7776.0,1.3362995537990268
7777.0,0.788280889351807
7778.0,0.14912231525605002
7779.0,0.33409569407888384
7780.0,0.4923681160089304
7781.0,0.947807518343328
7782.0,0.7631180933398289
7783.0,1.204778412455824
7784.0,1.2757761026654402
7785.0,1.5674806484785484
7786.0,1.9607085222394152
7787.0,1.9916534511486994
7788.0,1.774944906378082
7789.0,1.3772544083888334
7790.0,1.233113875658106
7791.0,0.8936655866882732
7792.0,0.5605212569106288
7793.0,0.11833418077544072
7794.0,0.24962935459648045
7795.0,0.0031442414707643918
7796.0,-0.49548590598295805
7797.0,-0.7931859474799957
7798.0,-1.1496864395032946
7799.0,-1.0069452634905256
7800.0,-0.9340002243726692
7801.0,-0.5346254898326774
7802.0,-0.42994912868903057
7803.0,-0.6045110379964271
7804.0,-1.130842130168455
7805.0,-0.8915054234836254
7806.0,0.0015453328238073105
7807.0,0.16209899115186277
7808.0,0.3884216804820753
7809.0,-0.22304928009760666
7810.0,0.26544401592777417
7811.0,0.46311436712507165
7812.0,0.1617704894119973
7813.0,-0.07237284721619047
7814.0,-0.02219479546680716
7815.0,0.2766598702126843
7816.0,0.07021600965348596
7817.0,-0.18061537838990688
7818.0,-0.05888167894286876
7819.0,-0.0485778213074636
7820.0,-0.09649544178158533
7821.0,-0.2926423221996974
7822.0,0.2670960643600876
7823.0,0.33379135978858454
7824.0,0.39878200076506337
7825.0,-0.027334055446336547
7826.0,-0.4729305687475774
7827.0,-0.28160634536609597
7828.0,-0.5053559912078637
7829.0,-0.8933125872095107
7830.0,-1.0075149649626833
7831.0,-0.8310604095769234
7832.0,-1.0144567990196256
7833.0,-0.7181314021793817
7834.0,-1.0856218543029952
7835.0,-1.1109645569033177
7836.0,-0.44824611687449956
7837.0,-0.1565608464375569
7838.0,-0.6731700210872306
7839.0,-0.917132519135798
7840.0,-1.4121996713927998
7841.0,-1.4921793800666414
7842.0,-0.9772191487310609
7843.0,-0.5540369704653845
7844.0,-1.397127797996955
7845.0,-1.1029897117677334
7846.0,-0.7591593230614936
7847.0,-0.9694532859937548
7848.0,-0.8546862391114848
7849.0,-0.5051133788175508
7850.0,-0.45139776129305925
7851.0,-0.6632697214278439
7852.0,-0.7074700314626534
7853.0,-0.2777274059544531
7854.0,-0.4215643356654977
7855.0,-0.31866297348407985
7856.0,-0.3284724893646759
7857.0,-0.34624864186374593
7858.0,-0.12818449760310113
7859.0,-0.8706649274361458
7860.0,0.2142060979973811
7861.0,-0.117582626713438
7862.0,-0.5799394858290278
7863.0,0.1879369554639495
7864.0,0.31249328122549036
7865.0,0.679281174977329
7866.0,0.6869619773671913
7867.0,0.7707037660535678
7868.0,0.9036636073740736
7869.0,1.1724334537237948
7870.0,1.135446533002054
7871.0,0.7634548800692735
7872.0,0.8256679034602802
7873.0,0.6960327578029172
7874.0,0.395015006394769
7875.0,0.4580684473690262
7876.0,0.3335415335592379
7877.0,-0.08427532731789716
7878.0,-0.17477197661846286
7879.0,0.0819471907398896
7880.0,0.1305516472574415
7881.0,0.2333924942804118
7882.0,0.369110032123921
7883.0,-0.18684651281307202
7884.0,-0.6497990096743721
7885.0,-0.8037221610108471
7886.0,-0.821994979193723
7887.0,-1.021161999941201
7888.0,-1.0370178703934037
7889.0,-1.0581575109190413
7890.0,-1.1557441040180727
7891.0,-1.3522480133681203
7892.0,-1.206565901100184
7893.0,-1.4097105003155121
7894.0,-1.317479497675969
7895.0,-1.0757601891744843
7896.0,-0.9124234844227121
7897.0,-1.3803375662624795
7898.0,-1.535285133509142
7899.0,-2.2572426161388046
7900.0,-1.477731019302754
7901.0,-1.679001934679237
7902.0,-1.4192556075679887
7903.0,-1.5104687660438185
7904.0,-1.037142367646068
7905.0,-1.16669306965145
7906.0,-1.444965915064603
7907.0,-1.2760924208420892
7908.0,-1.135009987028939
7909.0,-0.6946234384436405
7910.0,-1.3009363427473477
7911.0,-1.5529474887531056
7912.0,-1.5133238076643236
7913.0,-1.1891842710713993
7914.0,-1.0145681441785501
7915.0,-1.017062129240338
7916.0,-1.3136826005794386
7917.0,-0.6656328039390621
7918.0,-0.6481111845898038
7919.0,-0.2513888565248915
7920.0,-0.30102989811346487
7921.0,0.20383928696292025
7922.0,0.6189669458300302
7923.0,0.8512313604040017
7924.0,0.909561643591676
7925.0,1.6095370167362624
7926.0,1.5628915443103397
7927.0,1.7622728987823946
7928.0,1.319514806716263
7929.0,1.3155535054929282
7930.0,0.8157538089138681
7931.0,0.5515265097569375
7932.0,0.7187341472932006
7933.0,0.40313881323271955
7934.0,-0.10509514367867023
7935.0,-0.059448164499665314
7936.0,-0.2886953719719718
7937.0,-0.6849289270841927
7938.0,-0.5925714685330948
7939.0,-0.437432170480496
7940.0,-0.39888983213700846
7941.0,-0.6808991071136696
7942.0,-0.9966302838232207
7943.0,-1.1921221165725513
7944.0,-0.7768498685585576
7945.0,-0.4037836940958649
7946.0,-0.8791231438814064
7947.0,-0.3426737079333903
7948.0,0.08093190147385593
7949.0,0.2673719799783574
7950.0,0.18280087896891278
7951.0,0.625763396540864
7952.0,1.1502968135889322
7953.0,1.3946945321312114
7954.0,1.159292640561921
7955.0,1.002342971980404
7956.0,1.3811609551057278
7957.0,1.6058056168211463
7958.0,1.5570266408738036
7959.0,0.7992670025760121
7960.0,0.7446181669340083
7961.0,0.7744778086803953
7962.0,0.06738880353387822
7963.0,0.2587623198354295
7964.0,0.41813001759401314
7965.0,0.11091772592793925
7966.0,0.3518833806006244
7967.0,0.15975528683248386
7968.0,0.3483174871205884
7969.0,0.41228613495141114
7970.0,0.33544027626184136
7971.0,0.4197912402277078
7972.0,0.4835662340131943
7973.0,0.6541497893658851
7974.0,0.5031078371955772
7975.0,-0.29400552075172337
7976.0,-1.3186713170668822
7977.0,-0.6730022602385551
7978.0,-0.6750125434176137
7979.0,-0.3972378937077249
7980.0,-0.8518975951256376
7981.0,-0.861727913362451
7982.0,-0.9287779563957184
7983.0,-1.12909060685082
7984.0,-1.6014156032101239
7985.0,-1.7340430570738123
7986.0,-1.1123654519333943
7987.0,-0.6737778451559924
7988.0,-0.646867005243327
7989.0,-0.8165541164586361
7990.0,-0.9045427704056359
7991.0,-0.7273456298503104
7992.0,-0.37189359844434905
7993.0,-1.2315567863268666
7994.0,-1.271108288928578
7995.0,-0.76362623949464
7996.0,-0.6741866542204534
7997.0,-1.0648033650880944
7998.0,-0.7304643668504558
7999.0,-1.2088260938013409
8000.0,-1.486444694126368
8001.0,-0.881727442524334
8002.0,-0.39652790150526984
8003.0,0.062335870159761664
8004.0,0.25941973767018656
8005.0,0.5292159090597462
8006.0,0.9708412230179093
8007.0,1.12433144470526
8008.0,0.8323522103928163
8009.0,1.1341348738174641
8010.0,1.3115199008332574
8011.0,1.2741637389930336
8012.0,0.7381721185199708
8013.0,0.7110867728474931
8014.0,0.3727828930032958
8015.0,0.5256783010729098
8016.0,0.4461608725795207
8017.0,0.5908712079312906
8018.0,0.749095542296718
8019.0,0.6643355153765027
8020.0,0.8393112652864314
8021.0,0.7585898250501916
8022.0,-0.13529849636664726
8023.0,-0.3269226406079211
8024.0,-0.2793002225431692
8025.0,-0.2720780159279706
8026.0,-0.1770055263755063
8027.0,-0.10920689345375598
8028.0,0.01880202243296053
8029.0,-0.03113725000160675
8030.0,0.2566338773791455
8031.0,0.37932284305783437
8032.0,0.33625724690392716
8033.0,0.5351408410215251
8034.0,0.47217693030192065
8035.0,0.464067922177786
8036.0,0.6458210244262603
8037.0,1.0955495645968742
8038.0,1.2135067179267645
8039.0,1.2419510826270963
8040.0,1.5295840613054705
8041.0,1.9963383955363807
8042.0,2.060362934874214
8043.0,2.191809218777093
8044.0,1.9337848908494841
8045.0,1.8764726063994026
8046.0,2.6425665291348013
8047.0,2.7087770714713053
8048.0,3.0994777728158893
8049.0,3.3323365979294053
8050.0,2.971162376240457
8051.0,3.4201440854147807
8052.0,2.4387646075218843
8053.0,1.9403239407520163
8054.0,2.5876924491945887
8055.0,2.047139232204071
8056.0,1.9794130245369161
8057.0,1.640302918434755
8058.0,1.8851985918243845
8059.0,2.3901982213407402
8060.0,2.0128123242327156
8061.0,1.7759691342668458
8062.0,1.950208213822783
8063.0,1.8086191834925474
8064.0,1.6970305430596202
8065.0,1.2516913454683143
8066.0,0.9546928690194937
8067.0,0.6225756204479498
8068.0,1.200730527899322
8069.0,1.1051680717500942
8070.0,1.0357894014842677
8071.0,0.8704876310530482
8072.0,0.9107180564175843
8073.0,0.5550237047066466
8074.0,0.9047999950888319
8075.0,1.008951243428798
8076.0,0.8592847234269027
8077.0,0.5596483739225252
8078.0,1.1597172961000695
8079.0,1.3097686148082683
8080.0,1.4820481151962084
8081.0,1.50830165954884
8082.0,1.3879479062814768
8083.0,1.1989868284297251
8084.0,0.6991283246438277
8085.0,0.5418826544235379
8086.0,0.7414999791156758
8087.0,0.5063599194026103
8088.0,0.013323585864895127
8089.0,0.10516409452722625
8090.0,0.11563679030604085
8091.0,0.09738267291929685
8092.0,0.7293126294950694
8093.0,0.7594845960253674
8094.0,0.36661384985821177
8095.0,0.3807632386633155
8096.0,0.36003926838846906
8097.0,0.07065742328687125
8098.0,0.14698310450778035
8099.0,0.1412506496794034
8100.0,0.15156542882386148
8101.0,0.0016680142203713555
8102.0,-0.4321543758195009
8103.0,0.10032923122124943
8104.0,0.08258181572379332
8105.0,0.19563328818030562
8106.0,0.008605346295707361
8107.0,-0.18006192583160552
8108.0,-0.5729551458062759
8109.0,-0.629313122726377
8110.0,-0.35459223026808906
8111.0,-0.6983113517378141
8112.0,-0.9780827772193903
8113.0,-1.2525101590839278
8114.0,-1.2931998045531692
8115.0,-1.6865738198959335
8116.0,-1.6749983891630367
8117.0,-1.750070300917553
8118.0,-1.6758265539704762
8119.0,-1.8676400355079692
8120.0,-1.5262307144209717
8121.0,-1.5781563013235282
8122.0,-1.6515900738142248
8123.0,-1.834456286239965
8124.0,-1.2313303114035072
8125.0,-1.4581663029664569
8126.0,-1.3262728945007412
8127.0,-0.9694929510803671
8128.0,-1.3843837107709256
8129.0,-1.4376523214525947
8130.0,-1.3645185838450602
8131.0,-1.5887612508537456
8132.0,-1.2252517375081184
8133.0,-1.1297350261412438
8134.0,-1.6692556936080574
8135.0,-1.9368320032053903
8136.0,-1.8985897982022666
8137.0,-1.4848178806202887
8138.0,-0.8661862244556291
8139.0,-0.9557077748706114
8140.0,-0.27825631442269616
8141.0,-0.3739856685890923
8142.0,0.04457313304786531
8143.0,0.09737306868602641
8144.0,-0.03571555558948446
8145.0,0.4136489091648446
8146.0,0.49900144399909235
8147.0,0.2571336185833676
8148.0,-0.07963852791592033
8149.0,0.2655812312843328
8150.0,-0.1259367750165572
8151.0,-0.6167048688361033
8152.0,-0.5984605940844783
8153.0,0.15537846787456122
8154.0,0.1372412237005294
8155.0,0.18478526061377598
8156.0,-0.36709473533656367
8157.0,-0.18509751926969237
8158.0,-0.04543059171374034
8159.0,-0.21703129846242253
8160.0,0.586035564441264
8161.0,0.46655468354216734
8162.0,0.32906666828537073
8163.0,-0.04362882543797314
8164.0,0.3926366140096985
8165.0,0.5367697262960723
8166.0,0.12556508267439587
8167.0,-0.18499799650761944
8168.0,-0.8738237216435578
8169.0,-0.6742058295580514
8170.0,-0.2499851865239699
8171.0,-0.04547457808536404
8172.0,-0.04275490915284943
8173.0,-0.13383153375918264
8174.0,-0.4436246427682066
8175.0,-0.22217070686206966
8176.0,-0.1943376522569035
8177.0,-0.5713485345592071
8178.0,-0.6780054776905633
8179.0,-0.3740307059212994
8180.0,-0.6766893218539883
8181.0,-0.3767570970322121
8182.0,0.46785070130443424
8183.0,0.4954276690767744
8184.0,0.2694756239254724
8185.0,0.2466370763324463
8186.0,0.4702788513351631
8187.0,0.4068853592966326
8188.0,0.035810679086631214
8189.0,-0.2726610656854084
8190.0,0.06004743290035819
8191.0,0.3953555032238313
8192.0,0.7564493606843448
8193.0,0.21094922353111578
8194.0,-0.0244866533225169
8195.0,0.4688509451379153
8196.0,0.4226292883307591
8197.0,-0.2263187725668921
8198.0,-0.5228551401871813
8199.0,-0.2402370714092142
8200.0,0.1420580530888256
8201.0,0.5106610905111426
8202.0,0.55349920692603
8203.0,0.9662216508858953
8204.0,1.0307439497772088
8205.0,1.2653704624481052
8206.0,1.0701132314214918
8207.0,1.2505737629821132
8208.0,0.8945045861895207
8209.0,0.7391019731400635
8210.0,1.3434706265169802
8211.0,1.0096439478845476
8212.0,1.2720184387462645
8213.0,0.786915594682809
8214.0,0.6162711307880069
8215.0,0.5539010421049724
8216.0,0.6877687451928931
8217.0,0.7163954183006962
8218.0,0.34738038394481874
8219.0,0.5098216953343825
8220.0,0.39676942883789024
8221.0,0.4192109225887878
8222.0,0.41567560833076284
8223.0,0.6578823555241424
8224.0,0.22684714221820124
8225.0,0.4333570981073519
8226.0,0.45645538467375657
8227.0,0.629228565344819
8228.0,-0.04663490376462576
8229.0,-0.33353488255501385
8230.0,0.16798646431657022
8231.0,-0.12498787935646696
8232.0,-0.689398781385703
8233.0,-0.6332080972275946
8234.0,-0.6374241183309141
8235.0,-0.9967870896214797
8236.0,-0.7470577023462436
8237.0,-1.0437559663241125
8238.0,-0.6261799289995962
8239.0,-0.7410072870376345
8240.0,-0.12408462046639579
8241.0,-0.24067918939348049
8242.0,0.18758487993601422
8243.0,-0.15859912977207652
8244.0,-0.5191762776537117
8245.0,-0.24697219378888716
8246.0,0.29613234081434353
8247.0,0.3887233709416352
8248.0,-0.09165912360813583
8249.0,0.05316785013860134
8250.0,-0.00532477140827315
8251.0,0.35486348155316133
8252.0,0.36292973449200816
8253.0,0.305192577711035
8254.0,0.09793967495189224
8255.0,0.30780112648249386
8256.0,0.3493432713849393
8257.0,0.08248776555660345
8258.0,-0.03707620866106458
8259.0,-0.303947370841524
8260.0,-0.1435409043084605
8261.0,-0.23987869107602505
8262.0,-0.6300666870781226
8263.0,-0.7635770072885293
8264.0,-0.6090834870828227
8265.0,-1.174832320672642
8266.0,-0.7023637102697498
8267.0,-0.4272799073540092
8268.0,-0.3895045205081314
8269.0,-0.19214333795432317
8270.0,-0.8633665563174653
8271.0,-1.0739999347574503
8272.0,-0.8545571044369031
8273.0,-0.7158090010371642
8274.0,-0.8786534781289708
8275.0,-0.7139777122384681
8276.0,-0.5753031474113454
8277.0,-1.1967581769490139
8278.0,-1.5019475669955091
8279.0,-1.4728290044601078
8280.0,-1.3890956214114674
8281.0,-1.448191287418323
8282.0,-0.959609439263873
8283.0,-0.5735039327926295
8284.0,0.450114395224403
8285.0,0.3603611853074897
8286.0,0.5216457848677492
8287.0,0.5078036999522668
8288.0,0.5299946123815077
8289.0,0.6034165027291688
8290.0,0.7224061596124581
8291.0,0.5943652806602251
8292.0,0.4278065061117118
8293.0,0.48046179820678864
8294.0,0.5081313336252958
8295.0,0.45506975346575734
8296.0,0.1837078422645684
8297.0,0.4370822885037212
8298.0,-0.11969851222951794
8299.0,0.10577459670183625
8300.0,0.08578863490701215
8301.0,-0.041675825443230605
8302.0,-0.6842114078198142
8303.0,-1.2012051996416617
8304.0,-1.1212362966000124
8305.0,-0.7423001406029391
8306.0,-0.8597179133196378
8307.0,-0.5031476147203244
8308.0,-0.6555441052430933
8309.0,-1.0001855811410953
8310.0,-0.8555171989263086
8311.0,-0.38717588163388084
8312.0,-0.08424302861051908
8313.0,-0.35645895383468174
8314.0,-1.107591201299802
8315.0,-1.6639493865991395
8316.0,-1.496438311222284
8317.0,-1.201167678245194
8318.0,-1.1025867716391415
8319.0,-1.0733128755585013
8320.0,-1.1481488283111796
8321.0,-1.0248764571239724
8322.0,-1.1227947024656428
8323.0,-0.6691548407128736
8324.0,-0.16497388114559453
8325.0,-0.6163291286420641
8326.0,-0.47210323974281476
8327.0,-0.2905071158710648
8328.0,-0.35269083649190497
8329.0,-0.055193121803440326
8330.0,-0.06670331031540368
8331.0,0.3201414534391674
8332.0,-0.2828203195783576
8333.0,-0.5231379446553163
8334.0,-0.50400227189894
8335.0,0.009432568562562582
8336.0,-0.11332154570317549
8337.0,0.331260118239625
8338.0,0.44392112987392607
8339.0,0.21881892202903452
8340.0,0.07206753003380212
8341.0,0.6408406550509032
8342.0,0.7937557175945193
8343.0,0.2578792761783324
8344.0,0.43954349335452814
8345.0,0.4919562782226113
8346.0,0.02068672591619114
8347.0,0.31871894101124426
8348.0,0.04245072689284085
8349.0,0.22221499349001136
8350.0,0.7075507813927522
8351.0,1.0491011366506855
8352.0,0.9347349904164476
8353.0,0.7672103814545285
8354.0,0.6952741520009219
8355.0,0.32869354210343266
8356.0,0.1069090908573112
8357.0,-0.010974041785228136
8358.0,-0.0983986524633583
8359.0,-0.3017684134283104
8360.0,-0.32613472340376054
8361.0,0.054390019730386485
8362.0,-0.3573021895580132
8363.0,-0.7251101327168104
8364.0,-0.47538158462757096
8365.0,-0.535062245563173
8366.0,-0.9403937704823221
8367.0,-0.7049955547990541
8368.0,-0.8862249960779038
8369.0,-0.7555797462766383
8370.0,-0.6937178414859791
8371.0,-0.4214541570670467
8372.0,-0.9242737636492196
8373.0,-1.3019755482299182
8374.0,-1.7451087496242177
8375.0,-1.4452641033298548
8376.0,-1.9433398191969085
8377.0,-2.0283928012841588
8378.0,-2.092585037579529
8379.0,-1.548237417425528
8380.0,-1.3343225469872533
8381.0,-1.1912781681185156
8382.0,-1.1073376384373113
8383.0,-1.39872410631222
8384.0,-1.3438642019097866
8385.0,-1.2647147082940047
8386.0,-1.0978667050342554
8387.0,-0.5016858734272446
8388.0,-0.6610216880853573
8389.0,-0.8241024496310673
8390.0,-0.5598583551272752
8391.0,-0.7569334123707738
8392.0,-0.7441506081792035
8393.0,-1.0326694911000573
8394.0,-1.1814140083579896
8395.0,-1.4974587889941817
8396.0,-1.1559210918024858
8397.0,-1.151332090560135
8398.0,-1.3212954428387724
8399.0,-0.6552700823460779
8400.0,-0.8883555601077964
8401.0,-0.9365679741061479
8402.0,-0.7947816034426576
8403.0,-0.6946217340549548
8404.0,-1.0703467309983052
8405.0,-1.0761702790267218
8406.0,-0.9529293850032362
8407.0,-1.1665586660870932
8408.0,-1.059155588300191
8409.0,-0.912838980198762
8410.0,-1.3071686360451036
8411.0,-1.1810510037877404
8412.0,-1.722402786660747
8413.0,-0.8747424224008857
8414.0,-1.2369744085626913
8415.0,-0.16197626873301085
8416.0,-0.13185018057678421
8417.0,-0.14233420333969804
8418.0,-0.3362036219027969
8419.0,-0.1991803143202543
8420.0,-0.30906796259051766
8421.0,-0.19418916772872374
8422.0,-0.21114467379974472
8423.0,-0.12410265099677602
8424.0,-0.23805284827521045
8425.0,-0.04423441664317376
8426.0,-0.11837463116858175
8427.0,0.29687426748370327
8428.0,0.6483763965289577
8429.0,0.9785510286032109
8430.0,1.2184920373258812
8431.0,1.1134412987754052
8432.0,0.9454721046477194
8433.0,0.9294003727736541
8434.0,0.7708785402143131
8435.0,0.7952485629848234
8436.0,0.9978433171424946
8437.0,1.08327922018969
8438.0,1.492534353994671
8439.0,1.4470567348241106
8440.0,1.1338805885334227
8441.0,1.1689844967196032
8442.0,1.3844749815690363
8443.0,1.5869296334323741
8444.0,1.639309530498311
8445.0,1.6333986579350765
8446.0,1.6291128049756736
8447.0,1.3924814807692563
8448.0,1.5892520350516117
8449.0,1.8418626675072103
8450.0,2.0156865011705305
8451.0,1.5462145960795481
8452.0,1.4246109903100699
8453.0,1.32470345554299
8454.0,0.8480175667151193
8455.0,0.349652724524935
8456.0,0.5626881410004154
8457.0,0.6217891128512513
8458.0,0.2022765973719936
8459.0,-0.12245922383922711
8460.0,-0.4097248047055331
8461.0,-0.30656928309861137
8462.0,0.04293649670412497
8463.0,0.15399694248688703
8464.0,0.17028909746225906
8465.0,0.7270008420438442
8466.0,0.14984455263680918
8467.0,0.6052879687366512
8468.0,0.6988550416403276
8469.0,0.8283750783369386
8470.0,0.41545319785187934
8471.0,0.1439837190324187
8472.0,0.24369191567326626
8473.0,0.14881911642852336
8474.0,0.24244694845015702
8475.0,0.16258571078423717
8476.0,-0.6925335399835384
8477.0,-0.5796484247181575
8478.0,-0.11558612286268827
8479.0,0.21839714712898972
8480.0,0.022418552617316012
8481.0,0.34712823776112883
8482.0,0.4911328983222608
8483.0,0.2719455705706514
8484.0,0.5332890183993484
8485.0,0.6482317767203295
8486.0,1.036471476247497
8487.0,0.7881532184558844
8488.0,0.6488354152353512
8489.0,0.24868669778253488
8490.0,0.5882905987915561
8491.0,0.5226123882544768
8492.0,0.6316891658077242
8493.0,0.5072634708667157
8494.0,-0.10007020568211467
8495.0,0.04679537364273893
8496.0,0.14314962916611926
8497.0,0.3554920937980409
8498.0,-0.04230537638838189
8499.0,-0.5055227533692174
8500.0,-0.9202774166683791
8501.0,-0.5169447422506551
8502.0,-0.6504561276950911
8503.0,-0.8045263630458683
8504.0,-0.5833338934467485
8505.0,-0.2598735415931963
8506.0,-0.5381318983357666
8507.0,-0.4017956743945358
8508.0,-0.8737497621094286
8509.0,-1.2676354639647744
8510.0,-0.728238217636926
8511.0,-1.2214091560813594
8512.0,-1.1064940708404263
8513.0,-1.2563419751592224
8514.0,-1.132856545287124
8515.0,-1.1539714772669378
8516.0,-0.9267881561440985
8517.0,-0.050561808821098175
8518.0,0.22463391075920391
8519.0,-0.16902063453327199
8520.0,-0.519286660397355
8521.0,-1.0054711444569295
8522.0,-0.6644207088631404
8523.0,-0.8585974339820954
8524.0,-0.41966929639457445
8525.0,0.015760482705282797
8526.0,-0.049214661563135094
8527.0,0.06689637519386277
8528.0,-0.6425698582619891
8529.0,0.11372556480238327
8530.0,0.27766283429713134
8531.0,-0.3294120419600405
8532.0,-0.34641729819931644
8533.0,-0.8299891051238968
8534.0,-0.919184339290783
8535.0,-0.897251495592068
8536.0,-1.0438094907662003
8537.0,-1.1861952776415756
8538.0,-1.6254043062675865
8539.0,-1.3874672038342306
8540.0,-0.7929994504461241
8541.0,-0.9126335847836525
8542.0,-0.5494912202225299
8543.0,-0.7089806697984249
8544.0,-0.917702925386858
8545.0,-1.2755822332838471
8546.0,-1.8458040480474964
8547.0,-1.7673073600347324
8548.0,-1.069665407107135
8549.0,-0.5221780097031357
8550.0,-1.188905413821054
8551.0,-1.68797199061434
8552.0,-1.295779976840607
8553.0,-1.0355500209342299
8554.0,-0.9991621011960747
8555.0,-1.4699601623463243
8556.0,-0.8632769019349386
8557.0,-0.853953968080853
8558.0,-0.7973635465136983
8559.0,-1.1014550160870853
8560.0,-0.9410253564594877
8561.0,-0.7295722870556308
8562.0,-0.3136803732804719
8563.0,-1.2548523385445103
8564.0,-0.9756913457609656
8565.0,-1.149915536399618
8566.0,-1.182130958760347
8567.0,-0.7613957072123412
8568.0,-0.43179021906819187
8569.0,-0.587506572833177
8570.0,-0.5897214384119992
8571.0,-0.23269027482316768
8572.0,-0.3526184188022681
8573.0,-0.3155276239468234
8574.0,-0.354659129557763
8575.0,-0.3590129463010946
8576.0,-1.094534073442356
8577.0,-1.5275051447192087
8578.0,-1.8000132002578004
8579.0,-1.6535697900640802
8580.0,-1.4831353957953912
8581.0,-1.5115568403270272
8582.0,-1.6222128269220502
8583.0,-1.9927066214151055
8584.0,-2.1726266115664377
8585.0,-2.278954467399155
8586.0,-2.378175664580578
8587.0,-2.7741787654005052
8588.0,-2.7578393051945476
8589.0,-2.7751929737279695
8590.0,-2.5716816262375644
8591.0,-2.064306198014219
8592.0,-2.436269724242357
8593.0,-2.3291619185153514
8594.0,-2.315961921806716
8595.0,-2.283221923341114
8596.0,-2.1926538991709723
8597.0,-2.0579280665663795
8598.0,-1.717314082327516
8599.0,-1.9062407982743166
8600.0,-1.8236105207787703
8601.0,-1.5022102960964958
8602.0,-1.721240948380687
8603.0,-1.611289158680665
8604.0,-1.5435185272247796
8605.0,-1.80231481545781
8606.0,-2.2247071230901865
8607.0,-2.7097568976252617
8608.0,-3.0036075688667534
8609.0,-3.3280973979157125
8610.0,-3.1792290117007647
8611.0,-3.8464232100024875
8612.0,-3.811606062727833
8613.0,-3.7953012675500775
8614.0,-2.8891007169004923
8615.0,-3.1226312793390023
8616.0,-3.14997234810578
8617.0,-2.497104718983234
8618.0,-2.314163140493852
8619.0,-1.9078916461153446
8620.0,-2.1941000446230134
8621.0,-2.083663648990817
8622.0,-2.380765019389606
8623.0,-1.9891520162659468
8624.0,-1.9859864886068568
8625.0,-1.6341652271432066
8626.0,-1.515197806404545
8627.0,-2.0725438550364927
8628.0,-1.8913388071881492
8629.0,-1.8058789768380317
8630.0,-1.7254063092025689
8631.0,-1.9189853671345372
8632.0,-1.6703736025748313
8633.0,-1.916472007953517
8634.0,-2.0580483963130036
8635.0,-1.9999105539912316
8636.0,-1.5498413039710333
8637.0,-0.8657516425300521
8638.0,-0.7756819152021024
8639.0,-0.24155685256352755
8640.0,-0.4837865526111632
8641.0,-0.35401523691912246
8642.0,-0.203835814600945
8643.0,-0.19660953975445367
8644.0,-0.022709725182092022
8645.0,-0.5310968583359035
8646.0,-0.5211660662118641
8647.0,-0.6271026911542553
8648.0,0.049805899045740176
8649.0,-0.3834118690564301
8650.0,-0.7521292929481547
8651.0,-1.7167910143502487
8652.0,-1.6216761877667332
8653.0,-1.9476101545045523
8654.0,-1.7331862190401521
8655.0,-1.6713162337742027
8656.0,-1.4473995154374497
8657.0,-1.0197849595054993
8658.0,-0.6977579660397648
8659.0,-0.7495862295386927
8660.0,-0.012170215741901802
8661.0,0.44959186041007104
8662.0,0.5910814423354263
8663.0,-0.10311221005228
8664.0,-0.10967517449058499
8665.0,0.7122326978685029
8666.0,0.24900517260831523
8667.0,-0.06059867906156352
8668.0,-0.4029536215692444
8669.0,-0.4738476931681354
8670.0,-0.029681552837807212
8671.0,0.0021028732486987785
8672.0,0.18776346190029247
8673.0,0.40765269531299664
8674.0,0.5171815987862787
8675.0,0.4034601143594644
8676.0,0.26552391540236076
8677.0,0.19782521233795441
8678.0,0.7495797061679288
8679.0,1.4220677352862494
8680.0,2.092394596410921
8681.0,2.014629077556262
8682.0,1.8407874197956278
8683.0,2.08560203725894
8684.0,2.012710773316917
8685.0,2.3971972905859467
8686.0,2.068650672019659
8687.0,1.4628424571282388
8688.0,1.53127431779704
8689.0,1.6608671558207568
8690.0,1.04279769896533
8691.0,1.101150087756765
8692.0,1.1738885525219915
8693.0,0.9924832829486208
8694.0,0.6730558313369258
8695.0,0.6901578727384003
8696.0,0.7477018816687784
8697.0,0.8184430391862496
8698.0,0.9297178131226569
8699.0,1.0175489588622906
8700.0,1.0291753807572397
8701.0,1.0573459153199747
8702.0,1.7242889215233688
8703.0,0.5380926393794898
8704.0,0.46137697936309596
8705.0,0.3791161684782071
8706.0,0.5013834040268026
8707.0,0.5735308891571915
8708.0,0.8325084132909866
8709.0,0.6328929186980479
8710.0,0.7551079121917491
8711.0,0.7953287528393381
8712.0,1.1994242111345526
8713.0,1.2217233430274133
8714.0,1.1934144261562132
8715.0,1.3876104605274173
8716.0,1.1835563125751387
8717.0,1.1290213032648775
8718.0,1.4115539781111879
8719.0,1.2360380048306672
8720.0,1.2523065005103677
8721.0,1.2657098674930274
8722.0,1.5056461177213527
8723.0,1.0538798787669945
8724.0,1.0486419128443578
8725.0,1.0027165457417266
8726.0,1.0738388401046421
8727.0,1.0611919563451953
8728.0,0.7216098331887473
8729.0,1.1357516918658435
8730.0,0.5208684373025353
8731.0,0.6078198925255016
8732.0,0.8786230514213191
8733.0,0.7599862050684792
8734.0,0.785656349048674
8735.0,0.6282862527885877
8736.0,0.9289802675711345
8737.0,0.5353073582734684
8738.0,0.42404269829401214
8739.0,0.28434227263801637
8740.0,0.10384405488782109
8741.0,-0.27254901234398676
8742.0,-0.03349272422789429
8743.0,-0.03523165807608323
8744.0,-0.22241242546581658
8745.0,-0.5936190323860315
8746.0,-0.4947656776399803
8747.0,-0.4325075042597928
8748.0,-0.9384125287756426
8749.0,-1.2715039577576637
8750.0,-0.9869880731998752
8751.0,-1.2993589576065114
8752.0,-1.2505499316259387
8753.0,-1.3211231113341526
8754.0,-1.9426049990054155
8755.0,-1.4215682352347672
8756.0,-1.73303192071008
8757.0,-1.710149185826706
8758.0,-1.5588896314227734
8759.0,-1.105847495595688
8760.0,-1.1618248502748387
8761.0,-1.370802196004988
8762.0,-1.125696413982129
8763.0,-1.7417160038657822
8764.0,-1.3939607316126894
8765.0,-0.9857375061991811
8766.0,-1.6831084660118028
8767.0,-1.4383959792571908
8768.0,-1.4847636639037047
8769.0,-1.1426988755610978
8770.0,-1.3713736302013013
8771.0,-1.4012057038856227
8772.0,-1.6525483127322282
8773.0,-2.048051597888936
8774.0,-1.815735536374307
8775.0,-2.2703588988050525
8776.0,-1.545277783984743
8777.0,-1.740157400848696
8778.0,-1.6460724478533797
8779.0,-1.420877520530954
8780.0,-1.2766248935217004
8781.0,-1.2118954194358251
8782.0,-0.8297751739548622
8783.0,-1.105827899183668
8784.0,-0.8099126257848765
8785.0,-0.7095905068414793
8786.0,-1.0801736694555004
8787.0,-1.2178593523479078
8788.0,-1.1092466453948926
8789.0,-0.9138372275689848
8790.0,-0.5312472815759071
8791.0,0.030304606549033886
8792.0,0.2290790754558033
8793.0,0.09170135923873862
8794.0,-0.05402892112858869
8795.0,-0.4092739810025184
8796.0,-0.38619826628670073
8797.0,-0.437487992732299
8798.0,-0.7106302821550401
8799.0,-0.03040036003178148
8800.0,-0.08485418371987466
8801.0,-0.46231094704563624
8802.0,-0.316583570064142
8803.0,-0.6997713110905783
8804.0,-0.7273833328515661
8805.0,-0.9723746280898375
8806.0,-1.1696512862638877
8807.0,-1.2079535324934396
8808.0,-1.2299430553766957
8809.0,-1.0981488525083636
8810.0,-1.2512691488081475
8811.0,-0.9657155224229884
8812.0,-1.4470613240376857
8813.0,-1.1605628706213684
8814.0,-0.7956568861147659
8815.0,-1.293952555401031
8816.0,-1.029011909924264
8817.0,-1.302968453343373
8818.0,-1.2417581204360708
8819.0,-1.813272693984115
8820.0,-1.8408350910966693
8821.0,-1.7712401540971014
8822.0,-1.395218019293833
8823.0,-1.6864218870334575
8824.0,-1.6589394656189043
8825.0,-1.795098668211464
8826.0,-1.3977649365981886
8827.0,-1.20796087140112
8828.0,-0.45016663045687155
8829.0,-0.21390575667806608
8830.0,0.5691326057043831
8831.0,0.2947133403873511
8832.0,0.38836642322584747
8833.0,0.16143406123709933
8834.0,0.2029401584947139
8835.0,0.45050337598701473
8836.0,0.011770090059646465
8837.0,0.1783699122893253
8838.0,0.06568442312205837
8839.0,0.45508113297573033
8840.0,-0.27809665173154396
8841.0,-0.4084977934463328
8842.0,-0.6598544824954714
8843.0,-0.45945840191392373
8844.0,-0.45231006093915643
8845.0,-0.4300760740624466
8846.0,-0.9696675553379575
8847.0,-0.7517988318700901
8848.0,-0.6032608104677564
8849.0,-0.3209915962915791
8850.0,-0.519472896656738
8851.0,-0.31957496842390953
8852.0,-0.5119915511534084
8853.0,-0.49168167964738885
8854.0,-0.8365326687068576
8855.0,-1.1685473994376234
8856.0,-1.009234201976492
8857.0,-1.1040089722835704
8858.0,-1.046197344544426
8859.0,-0.6897533258938082
8860.0,-0.8353719268157906
8861.0,-0.9455578235852811
8862.0,-1.1872248965268224
8863.0,-1.4311018999195597
8864.0,-1.1735580098360958
8865.0,-1.092812023509868
8866.0,-1.562655871623961
8867.0,-1.4667856453666548
8868.0,-1.5011102438463304
8869.0,-1.1489305859083607
8870.0,-1.2567543779418977
8871.0,-1.6040571415537646
8872.0,-1.8133038534055133
8873.0,-1.7955428944547025
8874.0,-1.4629875714356784
8875.0,-1.7554124286063302
8876.0,-2.3156782081898
8877.0,-2.2129159861842824
8878.0,-2.140192560898524
8879.0,-1.9371612171221395
8880.0,-2.3573419207899216
8881.0,-1.9902758386726784
8882.0,-1.735219653122577
8883.0,-1.520046335513846
8884.0,-1.5248627623299136
8885.0,-1.4149814177387
8886.0,-1.545069625130802
8887.0,-1.7644302100520297
8888.0,-1.8448059263350152
8889.0,-1.0927830163707681
8890.0,-1.5151213489204338
8891.0,-1.2890797557411737
8892.0,-1.4470427779453845
8893.0,-1.74806741540734
8894.0,-1.9276584806489991
8895.0,-2.072121645774746
8896.0,-2.0665362134149685
8897.0,-1.624269149548574
8898.0,-1.4211885166677516
8899.0,-1.3923867818360234
8900.0,-1.6110156028304399
8901.0,-0.9119059114895514
8902.0,-0.4749789000028678
8903.0,-0.47809718060988987
8904.0,-0.18694372124404685
8905.0,0.3835048407099041
8906.0,0.5587168628431242
8907.0,0.7292163483082961
8908.0,0.7521631454295621
8909.0,0.018392887711158545
8910.0,0.1256088685285601
8911.0,-0.33356320884003715
8912.0,0.45477130855530906
8913.0,0.1920438191564575
8914.0,0.38627480859491126
8915.0,0.6020590256767506
8916.0,0.36627286220132527
8917.0,0.7639349784655036
8918.0,0.690833170581136
8919.0,0.32925731130467245
8920.0,0.5816050580414686
8921.0,1.0980185066106236
8922.0,0.7802125705402705
8923.0,1.1313726487229554
8924.0,1.0021439844822446
8925.0,0.8082283747820821
8926.0,0.5320484589053082
8927.0,0.5983256573585671
8928.0,0.72206020039986
8929.0,0.9825082913744774
8930.0,1.259637383494278
8931.0,0.7327579835351643
8932.0,0.5716470998824631
8933.0,0.3801041578543899
8934.0,0.43600867499611573
8935.0,0.6437599329163554
8936.0,0.6583749788270239
8937.0,0.5729806881272808
8938.0,0.21098022165323954
8939.0,-0.07581982517205965
8940.0,-0.39208013663935315
8941.0,-0.6814862601761222
8942.0,-0.7590917430003283
8943.0,-0.42184200726155685
8944.0,0.006674986152994111
8945.0,0.2363464573146731
8946.0,0.34713417128207846
8947.0,0.8112847087133881
8948.0,0.9885183508669457
8949.0,1.2609797455026537
8950.0,1.641353458667046
8951.0,1.3422767702770337
8952.0,1.4857388243365028
8953.0,1.739424712172684
8954.0,1.6038747773317015
8955.0,1.9609713053211477
8956.0,2.1569278526110423
8957.0,1.7284311381682527
8958.0,2.2340842202926954
8959.0,1.9286741543231423
8960.0,2.3062786110035063
8961.0,1.7603869146779578
8962.0,1.9347761671056802
8963.0,1.5824329372196786
8964.0,1.3971515104011192
8965.0,1.1351148432071565
8966.0,1.233178421837911
8967.0,1.7203684550536784
8968.0,1.4638119934178107
8969.0,1.6780643427873918
8970.0,1.5215759027834594
8971.0,1.5300189493384275
8972.0,1.9678393411666943
8973.0,1.9907270909853976
8974.0,2.4489974797165264
8975.0,2.291725111669633
8976.0,2.1616960168419244
8977.0,2.712972429570608
8978.0,2.9613368040522183
8979.0,2.5977044405230534
8980.0,2.954871734455161
8981.0,2.4320356969702575
8982.0,3.2044460211231733
8983.0,3.2724099780156095
8984.0,2.597264504478237
8985.0,2.441455904993943
8986.0,2.5272555150316856
8987.0,1.974154963344421
8988.0,2.4947837761235276
8989.0,2.757109424271255
8990.0,3.1089007368483217
8991.0,2.979826409721897
8992.0,3.003911438702964
8993.0,2.621668531721477
8994.0,2.789858505426518
8995.0,2.6853413098450405
8996.0,2.4334487184104314
8997.0,2.125959200077974
8998.0,2.2395378946174076
8999.0,2.213955032405235
9000.0,2.0552963901307604
9001.0,1.9650027704049273
9002.0,1.6064899934037835
9003.0,1.6099136872632545
9004.0,1.4976245569370374
9005.0,1.1481436635394884
9006.0,0.896058001258151
9007.0,0.8426382350827238
9008.0,0.7741673304228978
9009.0,0.9897201811711578
9010.0,1.0088759163895578
9011.0,1.0486050886880833
9012.0,1.298446423480537
9013.0,0.970396546661515
9014.0,1.6874872894166701
9015.0,2.4406722073525753
9016.0,1.90783055600608
9017.0,2.1488341439686907
9018.0,1.895034915172941
9019.0,1.7561571994220322
9020.0,1.964470881776779
9021.0,2.0430143397604748
9022.0,2.372653954339796
9023.0,1.9398092973154089
9024.0,2.0370828176712057
9025.0,1.6995804329433732
9026.0,1.8068334696424722
9027.0,1.930626375672658
9028.0,1.6731249860849566
9029.0,2.0381895655332123
9030.0,2.15989266169462
9031.0,2.006596708111061
9032.0,2.0761349176243815
9033.0,2.4713179470881266
9034.0,2.1742371939714626
9035.0,2.3915448791885137
9036.0,2.0189077691703887
9037.0,2.143645299391458
9038.0,2.584254928872396
9039.0,1.889555137065257
9040.0,1.758622747048276
9041.0,1.5975147880814082
9042.0,1.2326420933570514
9043.0,0.7688114246990261
9044.0,1.019712410179661
9045.0,1.0547451291089756
9046.0,0.8260942562629487
9047.0,1.2536432196098286
9048.0,1.622578469517848
9049.0,1.3535060037294537
9050.0,1.086152765954418
9051.0,0.7367300005254432
9052.0,0.5498652737199916
9053.0,1.0761011536838048
9054.0,1.156710616831649
9055.0,1.2531206247816713
9056.0,1.2156982512014105
9057.0,0.36400598731289746
9058.0,-0.26876405724924773
9059.0,-0.4944716853063841
9060.0,-0.34440051285315393
9061.0,0.029214573724203663
9062.0,0.1810770204685426
9063.0,-0.34191296148763384
9064.0,-0.10365704270035325
9065.0,-0.3841988383074481
9066.0,-0.08989923868058208
9067.0,0.17084258287869142
9068.0,0.5369895730655343
9069.0,0.5933366894457344
9070.0,0.7704608093668381
9071.0,0.9508384368612421
9072.0,1.0533469494260632
9073.0,1.237260946019977
9074.0,1.4295788494121837
9075.0,1.3666866738818007
9076.0,1.6745306004979543
9077.0,1.6151803247122536
9078.0,1.672954004783664
9079.0,1.7438176613263239
9080.0,1.5171518554061516
9081.0,1.6816014186936012
9082.0,1.17447963654975
9083.0,0.9373234134849551
9084.0,1.0911767710443776
9085.0,0.7644498304349435
9086.0,0.6844012733307363
9087.0,0.9225299435149064
9088.0,0.7683365041527757
9089.0,1.2332964879081239
9090.0,0.6902822614068864
9091.0,0.8203757006908635
9092.0,1.248439553823992
9093.0,1.1838463798175736
9094.0,1.5212094053466276
9095.0,1.2998539060127217
9096.0,0.9213871296152809
9097.0,0.6874250492220193
9098.0,1.3233830741618822
9099.0,0.8343034443994021
9100.0,0.5995170314712336
9101.0,1.2249905508352537
9102.0,1.131616205458872
9103.0,1.0362279683723146
9104.0,1.52741326566229
9105.0,1.54814621938761
9106.0,1.339811887456201
9107.0,1.0440367172555902
9108.0,1.0779872328129945
9109.0,0.8359600850502474
9110.0,0.156184923579339
9111.0,0.07199664299667911
9112.0,0.07948922189829682
9113.0,0.23881192964915837
9114.0,0.40734861065695205
9115.0,0.7830778666853988
9116.0,0.0034903029274949704
9117.0,0.16216893530027524
9118.0,0.8271284797971326
9119.0,0.5213995922833019
9120.0,0.4429293348357281
9121.0,-0.020537999826812703
9122.0,0.34527538627143356
9123.0,0.06093536643477376
9124.0,-0.5040034904222828
9125.0,-0.6227846741209005
9126.0,-0.3681800233069321
9127.0,-0.6818496719806368
9128.0,-0.805014198319675
9129.0,-0.6802637549978614
9130.0,-0.7397384256363617
9131.0,-0.8585377113928657
9132.0,-0.39150835181072
9133.0,-0.23889050821143337
9134.0,-0.28017286913767325
9135.0,0.10455773635241239
9136.0,-0.2181929266409909
9137.0,-0.6791134039488225
9138.0,-1.2199127735841888
9139.0,-1.604212098809393
9140.0,-1.6275368521975524
9141.0,-1.0436241323225142
9142.0,-0.933427494472588
9143.0,-1.1786170296401999
9144.0,-1.3147101806631414
9145.0,-0.9152459174718663
9146.0,-1.0638638827367664
9147.0,-1.0370213031794293
9148.0,-1.096694079471698
9149.0,-0.7360923975697016
9150.0,-1.3140535599908731
9151.0,-1.3281587792054446
9152.0,-1.3741344758217335
9153.0,-1.229711366382664
9154.0,-1.4679865136959682
9155.0,-1.138181234213476
9156.0,-1.2577333204431915
9157.0,-1.3819157363514962
9158.0,-1.2617578890189192
9159.0,-1.1221814415476818
9160.0,-0.7511565919060637
9161.0,-1.1503973111457755
9162.0,-0.9209129989788032
9163.0,-0.6072789246390256
9164.0,-0.2706845833124949
9165.0,0.5549578107305765
9166.0,0.25801266397811484
9167.0,0.4836150500619162
9168.0,0.21983978263691695
9169.0,0.3309040772340835
9170.0,0.19182816244022347
9171.0,0.04616716909356158
9172.0,0.057983871445508345
9173.0,0.12747904596802467
9174.0,-0.19134036467961982
9175.0,-0.1297935932482725
9176.0,0.0640343567570157
9177.0,-0.29197307575948306
9178.0,-0.05053080297881962
9179.0,0.05121110071512169
9180.0,-0.2964536008823089
9181.0,-0.05890507595438735
9182.0,0.28306496596211594
9183.0,-0.10141919865709192
9184.0,-0.4654569751027656
9185.0,-0.284476012705183
9186.0,0.01769215289421705
9187.0,0.40603247129320647
9188.0,0.6150205082789384
9189.0,0.42362454580580283
9190.0,0.339800792505432
9191.0,0.17693827195313133
9192.0,-0.44255997137567327
9193.0,-0.2652238743239607
9194.0,-0.24519425989579957
9195.0,-0.3433924810391592
9196.0,0.010644800906179197
9197.0,-0.381942493022376
9198.0,-0.6206034138127177
9199.0,-0.40290750346507415
9200.0,-0.6543894270051296
9201.0,-0.5900933285149773
9202.0,-0.6490352362029188
9203.0,-0.5422932337447683
9204.0,-0.28325407410900527
9205.0,0.17909151202366186
9206.0,-0.10776734046212436
9207.0,-0.7340313009720516
9208.0,-0.9972043801453613
9209.0,-1.7235345056652838
9210.0,-1.365480280922632
9211.0,-1.3229961919574742
9212.0,-1.3149839670184529
9213.0,-0.8247984981141973
9214.0,-1.0015208804597293
9215.0,-0.8475641322636793
9216.0,-0.32494334638664285
9217.0,-0.6274563536844449
9218.0,-0.6020324852104003
9219.0,-0.7740094048489463
9220.0,-0.15032484813419833
9221.0,0.1256675634055289
9222.0,-0.07561380613027126
9223.0,-0.28219977844410543
9224.0,-0.17553035865102629
9225.0,-0.40057041796537
9226.0,-0.5130557480797054
9227.0,-0.512178989985797
9228.0,-0.8553856146869074
9229.0,-0.9646154412146234
9230.0,-0.893118196119407
9231.0,-0.6926171910130092
9232.0,-0.7956625220342628
9233.0,-0.9399862152706306
9234.0,-0.7057517627002704
9235.0,-0.9945648908278357
9236.0,-1.310267066308353
9237.0,-1.5698489544255254
9238.0,-1.4225229839947513
9239.0,-1.8041275169642188
9240.0,-2.0336282954850793
9241.0,-1.825262397880225
9242.0,-2.0669547007900637
9243.0,-2.0974240041998096
9244.0,-2.047626892961717
9245.0,-1.8098595013408096
9246.0,-1.808461392132563
9247.0,-1.185184671996984
9248.0,-1.116147362563424
9249.0,-1.1749902146513798
9250.0,-1.5102456608316048
9251.0,-1.8138413502539228
9252.0,-1.4806017853397564
9253.0,-1.4253055989453545
9254.0,-1.6459559161448203
9255.0,-1.191127790777415
9256.0,-0.6280412967854017
9257.0,-0.6714207385344746
9258.0,0.13453664484766892
9259.0,0.014676339859429177
9260.0,-0.26949349588232996
9261.0,0.11839573141392795
9262.0,-0.08178371098940389
9263.0,-0.015052305809145516
9264.0,-0.05443245599866001
9265.0,-0.03116654518920139
9266.0,0.22784671087397618
9267.0,0.4477073893487242
9268.0,0.3946089483887831
9269.0,0.30143487881283293
9270.0,-0.30357578248374234
9271.0,-0.3243155380874117
9272.0,-0.5037917155304765
9273.0,-0.932084478961545
9274.0,-0.897988031506015
9275.0,-1.1305337657713954
9276.0,-0.6558712414565412
9277.0,-0.733938123468981
9278.0,-0.6301561553648769
9279.0,-1.0079865009272035
9280.0,-1.815223811878321
9281.0,-2.2041185189055916
9282.0,-2.2961199454270385
9283.0,-2.0028959453551223
9284.0,-1.4937996436610763
9285.0,-1.306808449252446
9286.0,-0.9621152377509454
9287.0,-1.5096462427184398
9288.0,-1.4351271625582056
9289.0,-0.9236600747547374
9290.0,-0.7238710856566235
9291.0,-0.8240614900717858
9292.0,-1.0399319243273215
9293.0,-0.5037235400405604
9294.0,-0.4963144957582734
9295.0,-0.3889308719893546
9296.0,-0.6531444511310376
9297.0,-0.7745920823107484
9298.0,-0.7162363443103623
9299.0,0.013438230622267344
9300.0,-0.1395816787547885
9301.0,0.4541958537266997
9302.0,0.1573536265220541
9303.0,0.18865560752885197
9304.0,0.7271989933863605
9305.0,1.2247124636654543
9306.0,0.9877951686021234
9307.0,0.28982958887304466
9308.0,0.21527077641704687
9309.0,0.15584522715014937
9310.0,0.31420464489150846
9311.0,0.9014375095238796
9312.0,0.5177001085536377
9313.0,0.6957318139326198
9314.0,0.5779575796625948
9315.0,0.6347533801246822
9316.0,0.7148967658985466
9317.0,0.5434590442350725
9318.0,0.6186303176670169
9319.0,0.5452232255608528
9320.0,0.32604030415010676
9321.0,-0.040846470434013404
9322.0,-0.2102152442742098
9323.0,-0.23219648510857338
9324.0,0.14645092441404112
9325.0,-0.29360555073657624
9326.0,-0.812169768523787
9327.0,-1.1412383253258318
9328.0,-1.1293370575704318
9329.0,-0.8010729743832776
9330.0,-1.1857031580651594
9331.0,-1.182324669938336
9332.0,-1.099873558474587
9333.0,-1.2356442052757814
9334.0,-0.6418423671802355
9335.0,-0.2591992170714996
9336.0,-0.18925146002682985
9337.0,-0.28748377204863923
9338.0,-0.19973330102063092
9339.0,-0.3522095139131659
9340.0,0.1643858968393997
9341.0,0.9481140581726588
9342.0,0.9104318097984576
9343.0,0.6782010575897521
9344.0,0.3855733916654745
9345.0,0.2016011698987761
9346.0,0.8737433925195456
9347.0,0.6196017225602695
9348.0,0.22690623764592194
9349.0,1.2454104522134952
9350.0,1.101136156095888
9351.0,1.2184273899399027
9352.0,0.877568966598459
9353.0,0.8556179879732212
9354.0,0.575941196647993
9355.0,0.11482649980106863
9356.0,-0.08891551981584771
9357.0,-0.678757432099521
9358.0,-0.5756504326466471
9359.0,-0.4219079295423459
9360.0,-0.11024451699406818
9361.0,0.12913602058029294
9362.0,0.27406076180415334
9363.0,0.6737214767323991
9364.0,0.9181959927036825
9365.0,0.8625411918672566
9366.0,1.0102590652295942
9367.0,1.1180894594508177
9368.0,1.6450829553947095
9369.0,2.067201990608723
9370.0,2.1911263396628193
9371.0,2.2764088467992685
9372.0,2.5984598318722467
9373.0,2.5869727161489564
9374.0,2.451921438932657
9375.0,1.940264662275883
9376.0,1.4859178646155173
9377.0,1.8520861854628352
9378.0,1.6322673793551912
9379.0,1.8983430854844636
9380.0,1.7249886583717378
9381.0,1.6060681180389655
9382.0,2.0553854598793837
9383.0,1.8168712157227582
9384.0,1.2348861103703415
9385.0,1.5382654412537056
9386.0,0.8036883640589774
9387.0,-0.10569607711310236
9388.0,-0.1301336159271198
9389.0,0.24158082433860859
9390.0,0.23258484363883228
9391.0,0.04366857408117314
9392.0,0.606128796932652
9393.0,0.7942541983619192
9394.0,0.9304606158639717
9395.0,0.8055906771489068
9396.0,0.7029438311134798
9397.0,1.0896194131715327
9398.0,0.925954674306783
9399.0,1.2567473872976687
9400.0,1.0781555557906626
9401.0,1.142201430294158
9402.0,1.0367186759931954
9403.0,0.5478515886696984
9404.0,0.8494061628306131
9405.0,0.3723933508950337
9406.0,0.5356994175472414
9407.0,0.5670307290623917
9408.0,0.26978440105763
9409.0,-0.09126391315775167
9410.0,0.08108773635009871
9411.0,-0.03235914038774498
9412.0,0.2682206088056596
9413.0,0.41606598015242413
9414.0,-0.12200615717784691
9415.0,-0.12277072206605143
9416.0,0.15635460527329578
9417.0,0.07102807558401905
9418.0,-0.6018395384034613
9419.0,-0.93516786188508
9420.0,-0.604042195263757
9421.0,-0.4119105824592262
9422.0,-0.15466511448080036
9423.0,-0.3854672627580398
9424.0,0.22318066720665447
9425.0,0.14484791925884094
9426.0,-0.3188834844382743
9427.0,-0.6965461454564355
9428.0,0.0179085003384869
9429.0,0.35567831321486937
9430.0,0.13143502850895705
9431.0,-0.02438948345344341
9432.0,0.4362615934810939
9433.0,0.2845691161034184
9434.0,0.6641487606265221
9435.0,0.8539788250523737
9436.0,0.47995947736532923
9437.0,-0.1007533066166918
9438.0,0.18556385395487057
9439.0,-0.00809375589523978
9440.0,-0.3331396952950899
9441.0,-0.8126338657484364
9442.0,-1.1206244541824908
9443.0,-1.181061129782568
9444.0,-0.9760732746069885
9445.0,-0.8515757653296236
9446.0,-1.254436335421686
9447.0,-1.5198072165523566
9448.0,-1.6400135528227142
9449.0,-1.5436924691272749
9450.0,-1.3010383883758063
9451.0,-1.2251439245448073
9452.0,-0.6554617693524283
9453.0,-0.21043470804974496
9454.0,0.5171296023113292
9455.0,0.7564795612075743
9456.0,0.6403884851413814
9457.0,0.7846507357637063
9458.0,0.9571603082315718
9459.0,0.7922031730768772
9460.0,1.053848376040452
9461.0,0.8221062391092112
9462.0,1.499676562929957
9463.0,1.3260519003498306
9464.0,1.436225068562373
9465.0,1.2276257446748589
9466.0,1.2383075638175558
9467.0,1.0131033569094625
9468.0,0.4986845642712092
9469.0,0.33533975404900984
9470.0,0.2584596927742968
9471.0,0.12452047121417006
9472.0,-0.09848490824470996
9473.0,-0.05992347630875075
9474.0,-0.05559012987485391
9475.0,-0.5791688023827211
9476.0,-0.35223038869759893
9477.0,-0.27263945318225913
9478.0,0.12217092504296906
9479.0,-0.15443608602240783
9480.0,0.0047580279023936856
9481.0,0.3166852262884816
9482.0,-0.30086050375590556
9483.0,-0.5236141799623535
9484.0,-0.08982495797300982
9485.0,-0.45089805004842565
9486.0,-0.6369203296839363
9487.0,-0.572910176974712
9488.0,-0.2503624330451218
9489.0,-0.03213648167780325
9490.0,0.06366160628124512
9491.0,0.03565076787146237
9492.0,0.30984682108831724
9493.0,0.35544843721996994
9494.0,0.2846285791933868
9495.0,-0.23297358948782587
9496.0,-0.09804983854197959
9497.0,-0.4009664782610692
9498.0,-0.0026085570749139197
9499.0,0.8078159876862974
9500.0,0.8754776151978834
9501.0,0.3945169613335482
9502.0,0.6267312074890774
9503.0,0.7449845463421649
9504.0,0.7084416592508407
9505.0,0.5101388787962675
9506.0,0.14247290438682197
9507.0,-0.022021675451539408
9508.0,0.12998225275418882
9509.0,0.6264972609973658
9510.0,0.6896042219193168
9511.0,0.44854004801631087
9512.0,0.03873031794385673
9513.0,0.07241039097149675
9514.0,-0.4231943987710021
9515.0,-0.3282709551715957
9516.0,-0.6050039984794261
9517.0,-0.7463245433308304
9518.0,-1.0222270814418208
9519.0,-1.3300455400924833
9520.0,-0.697903975760838
9521.0,-1.0856007708524915
9522.0,-1.165235946497205
9523.0,-1.1812896803708959
9524.0,-1.069951821564664
9525.0,-0.6292292453787407
9526.0,-1.0434457288901753
9527.0,-1.458510315675305
9528.0,-0.6971758718218789
9529.0,-1.1791847165759965
9530.0,-0.8969668606996766
9531.0,-1.0976732227684534
9532.0,-0.918409495253326
9533.0,-0.6989051321634128
9534.0,-0.289691882392833
9535.0,0.00789111102744866
9536.0,0.15100175231757507
9537.0,0.031221872285857974
9538.0,-0.39380933784084643
9539.0,-0.051971889195526644
9540.0,0.19835046535299722
9541.0,0.04460811248560553
9542.0,0.011078492147944735
9543.0,-0.0412151087817121
9544.0,-0.1133704152052446
9545.0,-0.34123799985601655
9546.0,-0.6648423088263068
9547.0,-0.5812017257788804
9548.0,-0.6641017194401008
9549.0,-1.0297663277351699
9550.0,-1.2597015552770248
9551.0,-1.3391226870715398
9552.0,-1.1955604977952365
9553.0,-1.2409123348610942
9554.0,-1.36927970983223
9555.0,-0.7931155376717028
9556.0,-0.3876428227567951
9557.0,0.014671110179143076
9558.0,-0.6929198494992553
9559.0,-0.13847285741839288
9560.0,-0.18819590613006643
9561.0,-0.6122183816077896
9562.0,-0.7494021336471803
9563.0,-0.8964952475868531
9564.0,-0.7258550916309775
9565.0,-0.7499812152822192
9566.0,-0.6789095929597351
9567.0,-0.5146156201910399
9568.0,-0.2938663532435726
9569.0,-0.8155883290374255
9570.0,-0.9239324272552997
9571.0,-0.8731167903248673
9572.0,-0.027330975141514058
9573.0,0.28047894945561674
9574.0,0.6683733225439392
9575.0,0.1939839108806965
9576.0,-0.38327523524977547
9577.0,-0.04650136287911788
9578.0,-0.016318175866782036
9579.0,0.45917678007384355
9580.0,0.44066679352229104
9581.0,0.7088198220265387
9582.0,0.7303002093211378
9583.0,0.42554883341324473
9584.0,0.22802626353468286
9585.0,0.33523932711613824
9586.0,0.1701422566775224
9587.0,0.011222625228114874
9588.0,0.3461343044470618
9589.0,0.7759595027170838
9590.0,0.38359818494021025
9591.0,0.09622803230601062
9592.0,0.3786669000937956
9593.0,0.15794096057219661
9594.0,-0.060146085889059536
9595.0,0.16788459635159414
9596.0,0.30415745636861435
9597.0,0.46497706282311146
9598.0,0.40181103184323336
9599.0,0.4475385023742904
9600.0,0.7316977744819246
9601.0,0.772657296028304
9602.0,1.1415998972468437
9603.0,0.6433739306479082
9604.0,1.0645514174218094
9605.0,1.218741232167814
9606.0,1.1300179986025871
9607.0,0.6655652502541431
9608.0,0.8025047346368499
9609.0,0.579805033915642
9610.0,0.4950337937281194
9611.0,1.1882614898358126
9612.0,0.9178014629330622
9613.0,1.0886802371524122
9614.0,1.1392196944356503
9615.0,1.1182580615810922
9616.0,0.660814999896654
9617.0,0.4392964685128269
9618.0,0.6037288127937408
9619.0,0.8925645763344716
9620.0,0.787150151638731
9621.0,0.31054544783596366
9622.0,-0.07044502601789965
9623.0,-0.5476922213525287
9624.0,0.15820401678298623
9625.0,-0.036663427922335456
9626.0,-0.06270819251427194
9627.0,0.5131374034351819
9628.0,0.3746826824411935
9629.0,0.3318767818097519
9630.0,0.4088835232930393
9631.0,0.20163911589309574
9632.0,0.48891274382506844
9633.0,0.34445368024913336
9634.0,0.6507499924438465
9635.0,0.9442984264960083
9636.0,1.0610966333022003
9637.0,0.6377191952642485
9638.0,1.0010708565207176
9639.0,1.136351189804453
9640.0,1.292452254057736
9641.0,0.7365859941247271
9642.0,0.8246316825574422
9643.0,0.6447771288348779
9644.0,0.5557184174916253
9645.0,0.5312984182758912
9646.0,0.37188318928298747
9647.0,0.6062679764596454
9648.0,0.5499440893508561
9649.0,0.3884589283029024
9650.0,-0.14292134061586065
9651.0,0.14776955641829984
9652.0,0.20316670211942317
9653.0,0.38539310501163926
9654.0,0.09712925053477389
9655.0,0.23753730540649742
9656.0,-0.06760075064949295
9657.0,-0.2195439954090285
9658.0,-0.16447934596620573
9659.0,-0.15303011011641737
9660.0,0.13279639274171567
9661.0,0.2403298042624902
9662.0,-0.1353794178173249
9663.0,-0.22711144838555467
9664.0,-0.3720144123542575
9665.0,-0.15105087354459773
9666.0,-0.642477345817069
9667.0,-0.7617672068239969
9668.0,-0.5605692234466819
9669.0,-0.33010653788993655
9670.0,-0.32157804725132577
9671.0,-0.2739424078302382
9672.0,0.4076451728775315
9673.0,0.5736393493939974
9674.0,-0.03258511810347897
9675.0,0.44658608893933754
9676.0,0.5224451465929375
9677.0,1.0737143950423365
9678.0,1.0306600434858373
9679.0,0.7709753071362808
9680.0,0.43925212570820943
9681.0,1.1525428681556171
9682.0,0.8700243489231914
9683.0,1.0047863450422942
9684.0,0.9441855599068479
9685.0,0.8169874000441484
9686.0,0.5382414273845035
9687.0,0.4403592220790352
9688.0,0.6422407441922648
9689.0,1.20089896692404
9690.0,0.7987601188822749
9691.0,1.125390718348995
9692.0,1.7356222885410375
9693.0,1.758105589049356
9694.0,1.3102478300235794
9695.0,1.0276889519955237
9696.0,0.5188520850125442
9697.0,0.9629849291526803
9698.0,0.8742695224259873
9699.0,1.3399440962808158
9700.0,1.383834253906376
9701.0,0.6640909500515113
9702.0,0.18558480729826238
9703.0,0.3809079014375901
9704.0,0.32145861782082846
9705.0,-0.23374256053810943
9706.0,-0.2774644944931688
9707.0,-0.06538382579895965
9708.0,-0.1197779182151772
9709.0,-0.4832800481348772
9710.0,-0.8764712112350725
9711.0,-0.8303115592388987
9712.0,-0.7726433769907924
9713.0,-1.3065659310118851
9714.0,-1.7324647281327523
9715.0,-1.2882694055847654
9716.0,-1.8345468404287208
9717.0,-2.1882923109767356
9718.0,-2.4790080092799385
9719.0,-2.8166194460416167
9720.0,-3.1412956864102997
9721.0,-3.3770626474393217
9722.0,-2.974894797194918
9723.0,-2.8036554424941555
9724.0,-2.5458621953967913
9725.0,-2.026063279243658
9726.0,-2.503681662675052
9727.0,-2.156012122716466
9728.0,-1.964756536551802
9729.0,-1.9105987459810359
9730.0,-1.8424760578340873
9731.0,-2.127896132141793
9732.0,-2.0923696116256902
9733.0,-2.2930222175812736
9734.0,-2.112363394852907
9735.0,-2.1510871536832434
9736.0,-2.3181013019787713
9737.0,-1.6097524905033875
9738.0,-1.7494568411437015
9739.0,-2.094367218428704
9740.0,-2.0547278385616914
9741.0,-2.2728718751482218
9742.0,-1.743298547697349
9743.0,-1.8292954070178133
9744.0,-1.9811810593102217
9745.0,-1.8410710618182011
9746.0,-1.7528361120925813
9747.0,-1.9786522323637654
9748.0,-1.8768661609929866
9749.0,-1.7335672636967971
9750.0,-1.1907104395709838
9751.0,-0.8956022070646821
9752.0,-0.4423226214069569
9753.0,-0.10361697418855703
9754.0,0.031394312534239896
9755.0,-1.0196093861511182
9756.0,-1.4697218686918891
9757.0,-0.9198506009342486
9758.0,-1.1141781375593174
9759.0,-1.0476803763364617
9760.0,-0.9438946767280875
9761.0,-0.9628653186584847
9762.0,-0.812204095241877
9763.0,-1.582074433545517
9764.0,-1.6316533057025642
9765.0,-2.4387337680557097
9766.0,-2.4063910546720075
9767.0,-2.352366138032491
9768.0,-2.0342549903961187
9769.0,-1.650297065718385
9770.0,-2.5826426161689238
9771.0,-2.5439396147979574
9772.0,-2.316458484972264
9773.0,-2.2199219542776456
9774.0,-1.9037797944437092
9775.0,-1.792737738784919
9776.0,-1.9172980104910144
9777.0,-2.133355606357356
9778.0,-2.5770390366670375
9779.0,-2.212064794875428
9780.0,-2.238507860180083
9781.0,-2.5453014391327606
9782.0,-2.283281627932344
9783.0,-1.8736830968598546
9784.0,-2.1923969637329397
9785.0,-2.2201979413241633
9786.0,-2.0294576861340254
9787.0,-1.8218556894996754
9788.0,-1.4530592174348833
9789.0,-1.4239391517037265
9790.0,-1.1923670356231293
9791.0,-1.2285857962745734
9792.0,-0.6657965689733116
9793.0,-0.08348309217446936
9794.0,0.09011402821041536
9795.0,-0.14446142270446477
9796.0,-0.089169428759347
9797.0,0.07604660223864468
9798.0,0.08313175697649154
9799.0,0.37122932054596713
9800.0,0.4811622364249849
9801.0,0.04173589159886015
9802.0,-0.19311872821993045
9803.0,0.10064175771502082
9804.0,0.0956780793565098
9805.0,-0.2758669852460892
9806.0,-0.3976801048837148
9807.0,-0.4994621459413489
9808.0,-1.140709031470524
9809.0,-1.7519902167171686
9810.0,-1.4315978400884604
9811.0,-1.6286452217177045
9812.0,-1.4932444210094604
9813.0,-1.8359442878162768
9814.0,-1.533470203684622
9815.0,-1.5430825290876171
9816.0,-2.284076905731791
9817.0,-1.8887201243595917
9818.0,-1.4006830620666393
9819.0,-1.3741558536112906
9820.0,-1.074167159031655
9821.0,-0.984706615044379
9822.0,-1.0353187042338745
9823.0,-0.6003542294428634
9824.0,-0.7441801135971744
9825.0,-0.24406777137953578
9826.0,-0.34741903010692443
9827.0,-0.7194983226667928
9828.0,-0.7388254675927919
9829.0,-0.818966735804994
9830.0,-0.8864476350668674
9831.0,-1.1455266954117491
9832.0,-1.2103514205765953
9833.0,-0.989370571500671
9834.0,-0.9025979071832083
9835.0,-1.3937335990958535
9836.0,-1.1133983270340766
9837.0,-0.9230311965253578
9838.0,-1.1596533745069033
9839.0,-1.2178733355736284
9840.0,-1.227245998439647
9841.0,-1.45957675592122
9842.0,-1.7636977866900363
9843.0,-2.0770939730919857
9844.0,-2.667895308169567
9845.0,-2.84480916102502
9846.0,-2.751435850860571
9847.0,-2.802774008617381
9848.0,-2.9948412813886898
9849.0,-2.8931980262442485
9850.0,-2.858722887801123
9851.0,-2.295283741832151
9852.0,-1.943166130005967
9853.0,-2.0738450604649104
9854.0,-1.988643649732623
9855.0,-2.0145443202217113
9856.0,-2.0453600694933836
9857.0,-1.5729060055637436
9858.0,-1.3100136404440474
9859.0,-1.3225983722988017
9860.0,-1.7850741297496064
9861.0,-1.233477433764112
9862.0,-1.1742127291821944
9863.0,-1.185276874489326
9864.0,-1.2489468545906999
9865.0,-1.1175579961218851
9866.0,-1.3869432835328483
9867.0,-1.4369058287893524
9868.0,-1.1011997877263213
9869.0,-1.181527597712782
9870.0,-1.0295018247216754
9871.0,-1.2819900113264255
9872.0,-1.0990793106573642
9873.0,-1.617982412080137
9874.0,-1.47175206719018
9875.0,-0.9909403999141592
9876.0,-1.0485262606272125
9877.0,-1.010269192989808
9878.0,-0.9147370503215466
9879.0,-0.6339514096351669
9880.0,-1.2494778424039197
9881.0,-0.7245932614679784
9882.0,-0.6207718681569689
9883.0,-0.5221137004984328
9884.0,-0.8490477152400048
9885.0,-0.23217481360282832
9886.0,-0.5212517240333533
9887.0,-0.3383406043077797
9888.0,-0.6706090287500027
9889.0,-0.9974803833158732
9890.0,-0.40647857106252727
9891.0,-0.4282368445198766
9892.0,-0.3854769605940761
9893.0,-0.2684138137806326
9894.0,-0.41441598170394023
9895.0,-0.4650395033594071
9896.0,-0.48030447310054236
9897.0,0.1951506056278442
9898.0,-0.044006701291222916
9899.0,-0.853165268634941
9900.0,-1.0843220344067728
9901.0,-0.8321139550136896
9902.0,-0.8986054356433995
9903.0,-0.5952473260604
9904.0,-0.47546159836379986
9905.0,-0.37935232730557467
9906.0,-0.66895971849319
9907.0,-0.3894727675073874
9908.0,-0.92117991800006
9909.0,-0.6039882511563215
9910.0,-0.22763914238787286
9911.0,0.20376000317401477
9912.0,-0.08762285055186797
9913.0,0.3017070851622757
9914.0,0.3759001203481933
9915.0,0.5198443984884734
9916.0,0.21320730887365996
9917.0,0.30813282675699727
9918.0,0.5607966902268671
9919.0,0.3139969230382935
9920.0,0.2386501023382372
9921.0,0.2797159477521508
9922.0,0.33547910467585207
9923.0,0.6172772076747832
9924.0,1.1606625199645588
9925.0,0.9730568076812307
9926.0,0.5380947397801161
9927.0,0.2518191604005573
9928.0,0.02229499782136049
9929.0,0.3698950283244396
9930.0,0.2998048129105633
9931.0,0.5633257536990983
9932.0,0.6177536006851091
9933.0,0.5063483041334146
9934.0,0.5799970611091475
9935.0,0.3631600995268257
9936.0,0.373346777832764
9937.0,0.15286303510537144
9938.0,0.20562004692952657
9939.0,0.5722138680472488
9940.0,1.3647707999450116
9941.0,0.9659608786823684
9942.0,0.8017503144725889
9943.0,0.9646946061248654
9944.0,1.0140092915770682
9945.0,1.103777364861492
9946.0,0.7070396143036156
9947.0,0.5236490389612747
9948.0,0.12978572373164043
9949.0,-0.1293384264014607
9950.0,-0.6129814431788483
9951.0,-1.1621359098033504
9952.0,-0.9517784437897291
9953.0,-1.3660906074721784
9954.0,-1.184573802260708
9955.0,-0.7869953824214381
9956.0,-0.7278590637441268
9957.0,-1.2678681525375992
9958.0,-1.193613988092507
9959.0,-1.3502195772694683
9960.0,-1.3810454317415626
9961.0,-1.53308599394901
9962.0,-1.7967297829525202
9963.0,-2.016820865445854
9964.0,-2.3568965606743513
9965.0,-2.155065744962271
9966.0,-1.7114544967743373
9967.0,-1.6764096151897396
9968.0,-1.8374116679307648
9969.0,-1.6788816631827128
9970.0,-1.8367513014606713
9971.0,-1.366066350351475
9972.0,-1.5707279030004901
9973.0,-0.7648911247516916
9974.0,-0.4756579471196736
9975.0,-0.4499018258672807
9976.0,-0.1595835331383178
9977.0,-0.3781257148873959
9978.0,-0.40365187589852364
9979.0,0.1181519731845182
9980.0,0.2543508004898596
9981.0,0.07903748422290749
9982.0,0.07702055581826027
9983.0,0.19530996103425674
9984.0,-0.04794977312664633
9985.0,0.21831580090101632
9986.0,-0.321957280185296
9987.0,-0.4257780551461995
9988.0,-0.18186731736418454
9989.0,-0.1277056438693663
9990.0,5.75548402959869e-05
9991.0,-0.4243169553504713
9992.0,-0.03926720002999384
9993.0,0.0366572423489061
9994.0,-0.12885087186961355
9995.0,-0.4523670497155631
9996.0,-0.3542531844070266
9997.0,-0.5005388131487247
9998.0,-0.42320397563392986
9999.0,0.33184474354301163
10000.0,-0.33328151333346173
10001.0,-0.3861767980808317
10002.0,0.09044476851860267
10003.0,0.2719785312630598
10004.0,0.39164024906914785
10005.0,-0.1354555245236077
10006.0,-0.5860219781536996
10007.0,0.1778127084491271
10008.0,0.2365900868704224
10009.0,0.009536172409284699
10010.0,0.050914176208065716
10011.0,0.4050081488907131
10012.0,0.6606622297389104
10013.0,0.7603237207351189
10014.0,0.8769034800370658
10015.0,0.6960336527387898
10016.0,0.6922754539902607
10017.0,1.0441410999020144
10018.0,0.7286839062208581
10019.0,0.58115264917775
10020.0,0.7202488621621611
10021.0,0.756646349148373
10022.0,-0.06112170445000875
10023.0,-0.3095576351995731
10024.0,-0.6937953515133407
10025.0,-0.7918152546544559
10026.0,-0.7832727623784419
10027.0,-0.9454041685830235
10028.0,-1.074474699600008
10029.0,-0.7335252622913522
10030.0,-1.1308373116581714
10031.0,-0.9798311469607092
10032.0,-0.8128313728290291
10033.0,-1.3881724842045335
10034.0,-0.9611124947069154
10035.0,-0.5212947098324696
10036.0,-0.5173481625924482
10037.0,-0.5911611755949095
10038.0,-0.7262621343263855
10039.0,-0.43813018958625083
10040.0,-0.8222672648960907
10041.0,-0.8273252670375099
10042.0,-1.1322829970076285
10043.0,-0.923143327738494
10044.0,-1.089402068763467
10045.0,-1.7404646647031148
10046.0,-1.5085902496519625
10047.0,-1.1013977504649761
10048.0,-0.9410402817865676
10049.0,-0.6984467323059281
10050.0,-0.30417237366181676
10051.0,-0.0941744674740243
10052.0,-0.3430395162707375
10053.0,-0.3387684701999214
10054.0,-0.5056753007820153
10055.0,-0.5273884688997419
10056.0,-1.165221266281677
10057.0,-0.8555583780394701
10058.0,-1.0386879761744399
10059.0,-0.8904264316588258
10060.0,-0.8574565228109318
10061.0,-0.8599789049594743
10062.0,-0.9027656940061374
10063.0,-0.46622170007448793
10064.0,-0.20475285785188954
10065.0,-0.0999736970697353
10066.0,-0.10765500624827141
10067.0,0.00018146070389774005
10068.0,-0.21243360608637385
10069.0,-0.5907175811739707
10070.0,-1.0180107516029677
10071.0,-0.7620630363874108
10072.0,-0.35897119063880767
10073.0,-0.20503842680853163
10074.0,-0.4410675731213517
10075.0,-0.5521537918189663
10076.0,-0.35639376382260174
10077.0,-0.31518228937327697
10078.0,-0.030498768143046306
10079.0,-0.42921830194727273
10080.0,-0.8759888913867305
10081.0,-1.2004747530660906
10082.0,-1.0640024472467786
10083.0,-0.7910537058778356
10084.0,-1.1211046474179507
10085.0,-1.3126296570572498
10086.0,-1.271082646906612
10087.0,-1.41621494604202
10088.0,-1.764093830199832
10089.0,-1.4004721219438387
10090.0,-1.2091224436284902
10091.0,-1.4946218346254003
10092.0,-0.9100951772124701
10093.0,-1.1981377612015438
10094.0,-0.5792989219136491
10095.0,-1.1515419647547755
10096.0,-1.6168709775245476
10097.0,-1.2069403273313233
10098.0,-1.075233252972492
10099.0,-1.1606297578847882
10100.0,-1.1434260620909995
10101.0,-0.9932105083684893
10102.0,-1.0510537216216145
10103.0,-1.4045102422226408
10104.0,-1.3676393917473895
10105.0,-1.6468553421235688
10106.0,-1.3470599491709796
10107.0,-1.8351047902097544
10108.0,-1.7431870495246626
10109.0,-1.6130792595518488
10110.0,-1.0855544692919352
10111.0,-1.6273204849081508
10112.0,-1.7933919499019422
10113.0,-2.2100820245747586
10114.0,-1.9642051294260625
10115.0,-1.943469197278092
10116.0,-1.8851517932545336
10117.0,-1.8841416538915707
10118.0,-1.7459409014668612
10119.0,-2.4132051097769454
10120.0,-2.5833409680043373
10121.0,-2.460561041464223
10122.0,-2.9033082786230535
10123.0,-3.1140455883169498
10124.0,-2.327146253549809
10125.0,-1.865042783269782
10126.0,-2.1069353449076877
10127.0,-2.410204907804689
10128.0,-3.2235668683005305
10129.0,-2.4867616026598474
10130.0,-2.972523376924485
10131.0,-2.847839333085376
10132.0,-2.9683573869031026
10133.0,-3.1381270335898352
10134.0,-3.0976903349202973
10135.0,-3.1536782725219035
10136.0,-2.5774296605781264
10137.0,-2.7848387597957687
10138.0,-2.005911942943664
10139.0,-2.137355980822973
10140.0,-1.823207238490536
10141.0,-2.071534598491834
10142.0,-1.089307099974974
10143.0,-0.9746046866414915
10144.0,-0.916421031048422
10145.0,-0.8990537253124169
10146.0,-1.0166027122962706
10147.0,-0.9882896967987184
10148.0,-1.2773299845747692
10149.0,-0.9828814265147827
10150.0,-0.7724201607261699
10151.0,0.19794136815810393
10152.0,0.10399260403888232
10153.0,0.001701815924430028
10154.0,0.21062395617300816
10155.0,0.7876661984764222
10156.0,0.5380564277712143
10157.0,0.5115182141534812
10158.0,0.04078941418489984
10159.0,-0.21029447819808325
10160.0,-0.4074276959293682
10161.0,0.1990106869554979
10162.0,0.6848044941861234
10163.0,0.7083019676053977
10164.0,0.5779983918138232
10165.0,0.889825395179659
10166.0,1.4213567963331126
10167.0,1.1021812199113183
10168.0,1.413151526121035
10169.0,1.5429866415746192
10170.0,1.8678964199197852
10171.0,1.8731545730605952
10172.0,1.3650826652097097
10173.0,1.0202439795469715
10174.0,1.4727892210353408
10175.0,1.3438343143429003
10176.0,1.8912349835287188
10177.0,2.104852347158852
10178.0,1.8159026504352251
10179.0,1.6957302212247836
10180.0,1.3208347485665066
10181.0,1.0206649174947218
10182.0,1.3000458620286794
10183.0,0.6723491459734948
10184.0,0.8835219668928957
10185.0,0.7642584274030345
10186.0,0.4394356871298739
10187.0,0.5215457453263114
10188.0,0.858901807649873
10189.0,0.8408385619175749
10190.0,0.7548628409156519
10191.0,0.9528859452859306
10192.0,1.4281604585584715
10193.0,1.5761841791715547
10194.0,1.2662197172718934
10195.0,0.8699907042507468
10196.0,0.6840869090678737
10197.0,0.521482407739515
10198.0,0.58000395906784
10199.0,0.888493687070844
10200.0,0.807896652594605
10201.0,0.5308479500532977
10202.0,0.999167468750272
10203.0,0.6308371707899747
10204.0,0.5615470757932024
10205.0,0.697058548273827
10206.0,0.5542687167562792
10207.0,0.48906654197667615
10208.0,0.28082204390530574
10209.0,0.5097974244421569
10210.0,0.6689272191558564
10211.0,0.6096334826543366
10212.0,0.1728163639360895
10213.0,-0.044967579596687984
10214.0,-0.5591283770379814
10215.0,-0.889508575318423
10216.0,-0.8375657170342504
10217.0,-1.1709288278057373
10218.0,-0.8870379151867154
10219.0,-1.0543838739793392
10220.0,-0.8815738868589271
10221.0,-0.49942606798220546
10222.0,-0.05016868263093838
10223.0,0.1659264673952201
10224.0,-0.03042542267932663
10225.0,-0.15102650606348733
10226.0,-0.5336672914491336
10227.0,-0.5266525536994817
10228.0,-0.12427555665254819
10229.0,-0.5058761737124593
10230.0,-0.4090298359609659
10231.0,0.13997602726195102
10232.0,0.4225272416234281
10233.0,0.6295817270802702
10234.0,0.6440063633767632
10235.0,0.08231174794207352
10236.0,0.23813076652925114
10237.0,-0.2150335872075572
10238.0,-0.44031347914708513
10239.0,-1.0411131540596164
10240.0,-0.9013221709004571
10241.0,-0.7882837323757954
10242.0,-0.7183451665697658
10243.0,-0.5485639442865323
10244.0,-1.4116171653492238
10245.0,-1.4441680412631228
10246.0,-1.3918778973536112
10247.0,-1.673770272057539
10248.0,-2.0547463735753237
10249.0,-1.904593865474444
10250.0,-1.6746528427046874
10251.0,-1.1508051798999221
10252.0,-1.1212189984360654
10253.0,-1.3338622439093537
10254.0,-1.3039862113901468
10255.0,-1.3583646265258833
10256.0,-1.4129492804848152
10257.0,-0.9282809495436775
10258.0,-0.46696242111287606
10259.0,-0.5060601322492367
10260.0,-0.4840258009870145
10261.0,-0.02420332601040459
10262.0,-0.02708803224941586
10263.0,0.36374302997797525
10264.0,0.03387520830588625
10265.0,-0.13604923876570466
10266.0,-0.8242983422644679
10267.0,-0.2631556732747624
10268.0,-0.2862657611186179
10269.0,-0.7576067805241491
10270.0,-1.1418217978063856
10271.0,-1.0489393303607588
10272.0,-0.6531956559682506
10273.0,-0.861445096397276
10274.0,-0.8217770178167447
10275.0,-0.7449748551175072
10276.0,-0.7315074412722367
10277.0,-1.0943011176103876
10278.0,-0.794362209999333
10279.0,-0.8996381118814828
10280.0,-0.8936329964975182
10281.0,-0.5330041702472346
10282.0,-0.5205863826963224
10283.0,-0.8670311372237929
10284.0,-0.26089114367160904
10285.0,-0.39342645499694884
10286.0,-0.0639496955843728
10287.0,0.3458775642962703
10288.0,0.31007557869819596
10289.0,0.2655668598212511
10290.0,0.6707871598537722
10291.0,0.8805463721906981
10292.0,0.37813817603371364
10293.0,0.39946955906621046
10294.0,0.5061391009400814
10295.0,0.8938549194558263
10296.0,0.6869207961723987
10297.0,0.3260213113979891
10298.0,0.9180178968641733
10299.0,0.7438215468049963
10300.0,0.804274531194059
10301.0,0.29830102226262806
10302.0,0.15672486908582553
10303.0,0.07254328019059748
10304.0,0.1932408786785007
10305.0,0.0690991735936697
10306.0,0.011557367151277205
10307.0,-0.6155469743070127
10308.0,-0.6766486008778172
10309.0,-0.6923286588954218
10310.0,-0.9507981624589096
10311.0,-0.7490404163757887
10312.0,-0.7505355798822553
10313.0,-0.9859303560816821
10314.0,-0.6347109288389965
10315.0,0.06868314977882828
10316.0,-0.23555618728709676
10317.0,-0.8050772354369524
10318.0,-0.6283979725551928
10319.0,-0.3667227201700219
10320.0,-0.932703623608644
10321.0,-0.40826087262543115
10322.0,0.26616658249187763
10323.0,0.41684974694847327
10324.0,0.5856710803819438
10325.0,-0.08443151745695943
10326.0,0.3474182116752359
10327.0,0.3001750109167871
10328.0,0.25372954279694393
10329.0,0.2866499150444378
10330.0,0.2008107625970132
10331.0,0.6136541656082867
10332.0,-0.11056742586634438
10333.0,-0.5519839748251832
10334.0,-0.49980508167469334
10335.0,-0.40031248794090146
10336.0,-0.21248835702629823
10337.0,0.28550840626137564
10338.0,0.20258491568905454
10339.0,0.9134643710286352
10340.0,0.7500574891875991
10341.0,0.9126107487293745
10342.0,0.991507930961067
10343.0,0.682969219717454
10344.0,0.5377803202860092
10345.0,0.5678167174343125
10346.0,1.1600790069895837
10347.0,1.2971692295931112
10348.0,0.6238499305695457
10349.0,0.23467800359991348
10350.0,0.34873050076523804
10351.0,0.1623873675134399
10352.0,-0.3427616118893042
10353.0,-0.23536060010417495
10354.0,-0.040139513346326455
10355.0,-0.3215278254127039
10356.0,-0.5086577418892377
10357.0,0.03891111048692508
10358.0,-0.3154453328102572
10359.0,-0.1908849079859494
10360.0,-0.24200765560703474
10361.0,0.21105494103005212
10362.0,0.15994975269823122
10363.0,0.502095740950904
10364.0,0.33661704989682983
10365.0,0.25749781283689294
10366.0,0.8209549698759029
10367.0,0.5775119898705713
10368.0,0.29902906839647003
10369.0,0.6381336445114125
10370.0,1.0741161729577113
10371.0,1.1460268748998355
10372.0,1.537098937304277
10373.0,1.5247665907043084
10374.0,1.5451185162861918
10375.0,1.7675422469454094
10376.0,1.644483543043913
10377.0,1.0022766283701854
10378.0,1.510765976890256
10379.0,1.3963706105027762
10380.0,1.7876756674307774
10381.0,1.5711698065944586
10382.0,1.3259514114880073
10383.0,0.5586761804354913
10384.0,0.2535158545558291
10385.0,0.6266902100015936
10386.0,-0.18097469547122458
10387.0,0.09087055974538386
10388.0,0.8458565114443461
10389.0,0.49567897319012666
10390.0,0.6355997802613733
10391.0,0.4577261741170671
10392.0,0.33158246763738025
10393.0,0.3698467827807482
10394.0,-0.05304359875541986
10395.0,0.02946023547226808
10396.0,0.8097962215806214
10397.0,0.4739629824340777
10398.0,0.5188449261652246
10399.0,0.27738288345259976
10400.0,-0.08508634124698128
10401.0,0.07805004073045678
10402.0,-0.1943918310145964
10403.0,-0.3731125077201346
10404.0,-0.5383146302141094
10405.0,-0.3034176760233973
10406.0,0.19276324049309218
10407.0,-0.27913642010756806
10408.0,-0.6362637440217218
10409.0,-0.43120515711262475
10410.0,-0.7666082967499372
10411.0,-0.7701744024521809
10412.0,-0.4448973954089873
10413.0,-0.7487305554626709
10414.0,-0.5376508425050043
10415.0,-0.5883055815509267
10416.0,-0.9165830667367518
10417.0,-1.210962718328126
10418.0,-1.3514070299625307
10419.0,-1.0329790825719019
10420.0,-1.126552700958516
10421.0,-0.7478887123534131
10422.0,-0.9443887941923662
10423.0,-0.9593832363261146
10424.0,-1.024681788677266
10425.0,-0.6024266041763198
10426.0,-0.06591971586845546
10427.0,-0.1020211836349529
10428.0,-0.3053143855485053
10429.0,-0.8845658050727692
10430.0,-1.167055933556056
10431.0,-0.7289871130357727
10432.0,-0.836159819285579
10433.0,-1.0063626598273943
10434.0,-1.6236825967051887
10435.0,-1.5503073107736367
10436.0,-1.6426677158000331
10437.0,-1.1327107431317802
10438.0,-1.2862296213410762
10439.0,-2.108668457039638
10440.0,-1.8520291759395775
10441.0,-1.902117814187997
10442.0,-1.9519458487834298
10443.0,-1.5531350613955273
10444.0,-1.5928149790559647
10445.0,-1.2559472657101836
10446.0,-2.2461003161524355
10447.0,-2.507101294661137
10448.0,-2.6220682524984937
10449.0,-2.12439786150987
10450.0,-2.1875626654636036
10451.0,-1.6752163277663974
10452.0,-1.702628055207513
10453.0,-2.3250914517759087
10454.0,-2.5854135477509725
10455.0,-2.2042344943439227
10456.0,-1.6622471069389992
10457.0,-1.7643429252525298
10458.0,-2.0229713333023422
10459.0,-1.8125034384751884
10460.0,-1.376428705519952
10461.0,-1.4662124609200726
10462.0,-1.3371880358746033
10463.0,-1.1615566198354592
10464.0,-1.1860551931534267
10465.0,-1.0205949679909514
10466.0,-0.30471480657029215
10467.0,-0.08922071293508715
10468.0,0.07554075217257471
10469.0,0.0026082321132770425
10470.0,0.5762608013643046
10471.0,0.46554028978819145
10472.0,0.7763348864365129
10473.0,0.8324766226330629
10474.0,0.67980678160385
10475.0,0.6695156050742825
10476.0,0.7992852266998846
10477.0,0.5010048556946367
10478.0,0.1806761593689752
10479.0,-0.14472640745983933
10480.0,-0.04415848909175921
10481.0,0.34735154982874167
10482.0,0.4547036387738968
10483.0,0.06097259500407376
10484.0,-0.107821232832861
10485.0,0.32967180911800004
10486.0,0.412444111564046
10487.0,0.6169878164378271
10488.0,0.21179016858138544
10489.0,-0.19275383724133524
10490.0,-0.8612902637832607
10491.0,-1.002083239334732
10492.0,-0.9447069519272498
10493.0,-0.8383811911303689
10494.0,-0.875562283585028
10495.0,-0.47855200426555095
10496.0,-0.7269643528127143
10497.0,-1.2830576008328256
10498.0,-1.5952865638653182
10499.0,-2.005359120771148
10500.0,-2.2032953023788053
10501.0,-1.7946182534237962
10502.0,-1.3035127420697963
10503.0,-1.329253588934157
10504.0,-1.5078626819167604
10505.0,-1.3828128777809243
10506.0,-0.7884970702493243
10507.0,-0.975896552501262
10508.0,-0.27301855552159615
10509.0,-0.2315168927716703
10510.0,-0.3202452703248003
10511.0,-0.07341347079561833
10512.0,-0.5275426875262568
10513.0,-0.8862943966758533
10514.0,-0.7939344353179093
10515.0,-1.25708078791634
10516.0,-1.6321482434644277
10517.0,-2.11298894475161
10518.0,-2.5511307056959085
10519.0,-2.0326360812117414
10520.0,-2.2916105037341583
10521.0,-2.1789174727573077
10522.0,-2.20881280685991
10523.0,-1.785100293289878
10524.0,-1.9804157225247718
10525.0,-2.3310671697778584
10526.0,-2.0829158842630697
10527.0,-1.9046142246714017
10528.0,-1.6786437720518992
10529.0,-1.416782349657214
10530.0,-1.752082979881626
10531.0,-2.032467215226844
10532.0,-1.7667894382559333
10533.0,-1.9850100555476051
10534.0,-1.6471021885047734
10535.0,-1.2943725361029665
10536.0,-0.8165395760404814
10537.0,-1.0948429306934435
10538.0,-1.2881003532247783
10539.0,-1.5526172945179253
10540.0,-1.4178682199901225
10541.0,-1.3505483706617236
10542.0,-1.3019734893195078
10543.0,-1.814138624281195
10544.0,-2.198506716085995
10545.0,-2.2762364364052767
10546.0,-2.306430107082681
10547.0,-2.5070824800064964
10548.0,-1.9257157086454
10549.0,-1.9287966833746584
10550.0,-1.7784546504521834
10551.0,-1.7342418373393302
10552.0,-1.1935291530317627
10553.0,-1.0585570660737835
10554.0,-1.0769499942804515
10555.0,-0.924538389280679
10556.0,-0.38464046389396883
10557.0,-0.7301008282177797
10558.0,-0.9656852900802466
10559.0,-1.4226070575196297
10560.0,-1.3022057185267553
10561.0,-1.4808863919717452
10562.0,-1.2940602997968957
10563.0,-1.9442034009622755
10564.0,-1.5036964924062222
10565.0,-2.077125752721985
10566.0,-1.5545612882491486
10567.0,-1.6467390289563109
10568.0,-1.7633190545583555
10569.0,-1.733204895659724
10570.0,-1.6158049095457427
10571.0,-2.0875161202741404
10572.0,-1.8160359357778502
10573.0,-1.5654757468994414
10574.0,-1.8627058356950013
10575.0,-1.5726162115721818
10576.0,-1.7880588851141348
10577.0,-1.405444816991844
10578.0,-0.9186386083835416
10579.0,-0.5799439298499695
10580.0,-0.0087994307588799
10581.0,-0.49448484088458117
10582.0,-0.27473322739197437
10583.0,-0.2717068568751928
10584.0,0.45405939025252284
10585.0,-0.13362138989170047
10586.0,-0.37394381831045764
10587.0,-0.37669471077650724
10588.0,-0.06212027769139761
10589.0,-0.5117712766611613
10590.0,-0.7257752317466797
10591.0,-0.7228550002777766
10592.0,-0.4691473526378779
10593.0,-0.49693142255412304
10594.0,-0.5112935419721648
10595.0,-0.5574822953101122
10596.0,-0.5076064856782526
10597.0,-0.3116088392661957
10598.0,-0.8718846778933884
10599.0,-1.0417382256865815
10600.0,-1.0360037882929034
10601.0,-1.0614932235022125
10602.0,-0.7050512670034856
10603.0,-0.8886839199914334
10604.0,-1.2140160949254533
10605.0,-0.9573114339895525
10606.0,-0.6170665689999825
10607.0,-0.4896647035358893
10608.0,-0.38769356852181813
10609.0,-0.2946001400113818
10610.0,-0.7444397732553444
10611.0,-0.8517451543099603
10612.0,-0.7765669879114536
10613.0,-1.1806696456704742
10614.0,-0.8317441168913879
10615.0,-0.38414922347767144
10616.0,-0.8115681575965665
10617.0,-1.0181882953871617
10618.0,-0.4789265409105359
10619.0,-0.17503846303326703
10620.0,-0.5707102655860885
10621.0,-0.7413234249710807
10622.0,-0.687822624157299
10623.0,-0.8382783481429723
10624.0,-0.4492472928582252
10625.0,-0.8701142305060274
10626.0,-0.584728053876855
10627.0,-0.7018727028133117
10628.0,-0.8773448581064184
10629.0,-0.5417059350137532
10630.0,-0.5076934782930774
10631.0,-0.3848070057613019
10632.0,-0.30044706611508054
10633.0,-0.6214539623027289
10634.0,-0.827518765358665
10635.0,-0.5687725463142715
10636.0,-0.14248481948446995
10637.0,-0.41830910608739635
10638.0,-0.4208111318136699
10639.0,-0.4413142144928686
10640.0,-0.037487902343320834
10641.0,-0.20263574705330495
10642.0,-0.41910724470903865
10643.0,-0.14497834770549495
10644.0,-0.26770539071573674
10645.0,-0.13419001869619665
10646.0,-0.23908916081195652
10647.0,0.37363603070500684
10648.0,0.7155163769584507
10649.0,0.7391865745888461
10650.0,0.4004227226567346
10651.0,0.8743252854830639
10652.0,1.0376508695727285
10653.0,0.991539976397078
10654.0,0.8539304511066712
10655.0,1.242939115847168
10656.0,1.2067333789231076
10657.0,1.1483305179894934
10658.0,1.5830943141739262
10659.0,1.6556519324820065
10660.0,1.7764650875770054
10661.0,1.3696159475326761
10662.0,1.1781932960326615
10663.0,0.5971752250128582
10664.0,0.03877399822134142
10665.0,-0.33256580628159094
10666.0,-0.42760253837223183
10667.0,-0.48757267453914716
10668.0,-0.09445364844929466
10669.0,0.1424364995488951
10670.0,0.25644739776682834
10671.0,-0.12552088911687578
10672.0,-0.18621727137841326
10673.0,0.16929936588868674
10674.0,0.5238509521856143
10675.0,0.5106351528538747
10676.0,0.6235597416135883
10677.0,0.1404678961344732
10678.0,-0.5060311135005041
10679.0,-0.1501209742943891
10680.0,-0.3314925963939827
10681.0,-0.2572893974798694
10682.0,-1.221759507028713
10683.0,-1.2716254207583795
10684.0,-0.5836601867891609
10685.0,-1.1802615746308995
10686.0,-1.1737468330103356
10687.0,-0.9000797303275365
10688.0,-1.1826687047498723
10689.0,-1.2636083210761047
10690.0,-0.6100872057452944
10691.0,-0.4555898416786174
10692.0,-0.29014869822580636
10693.0,-0.3380713429675564
10694.0,-0.6732991298710012
10695.0,-0.169908313423778
10696.0,-0.2680621889052308
10697.0,-0.22758367055669912
10698.0,-0.5369064965821934
10699.0,-0.6937001538146396
10700.0,-0.5547135344520651
10701.0,-0.5619398949293324
10702.0,-0.817592103032629
10703.0,-0.5973822553555101
10704.0,-0.5698519271158944
10705.0,-0.619578620246956
10706.0,-1.2698369353207664
10707.0,-1.585710792587018
10708.0,-1.4694493029385465
10709.0,-1.2823652844281717
10710.0,-1.2035891468326776
10711.0,-1.2313824806653817
10712.0,-1.2281443684420077
10713.0,-1.3184460397884485
10714.0,-1.488711983372335
10715.0,-1.221335617291032
10716.0,-1.0822438971908876
10717.0,-1.4245961881777052
10718.0,-1.6844334737282676
10719.0,-1.3707659818474478
10720.0,-1.2311457345099202
10721.0,-1.1190132871977179
10722.0,-1.1522309458851663
10723.0,-1.0255348769292223
10724.0,-1.406945955377102
10725.0,-1.3943814105084686
10726.0,-1.2051791250344788
10727.0,-0.8021591185802573
10728.0,-0.9039204700000384
10729.0,-1.1422995011810784
10730.0,-1.392184704293836
10731.0,-0.8875283576344868
10732.0,-0.45496271366727603
10733.0,-0.4607082137566137
10734.0,-0.38388330867076476
10735.0,-0.5142011332976874
10736.0,-0.6665588572793268
10737.0,-0.7612419999754736
10738.0,-0.45687638898252875
10739.0,-0.09259426407572097
10740.0,0.11567624735392618
10741.0,0.08203682554576967
10742.0,0.18600089540251902
10743.0,0.2297271756044892
10744.0,-0.08928738420080079
10745.0,-0.16612050028058684
10746.0,-0.49067129898353
10747.0,-0.3412051613914683
10748.0,0.054786785257402826
10749.0,-0.14689083563985972
10750.0,0.013129169464731055
10751.0,0.37329890755089296
10752.0,0.40868312461995404
10753.0,0.053287770978604154
10754.0,0.4005003885345782
10755.0,0.3862174761230263
10756.0,0.7606570140131246
10757.0,0.7588981158768244
10758.0,0.14092716658596938
10759.0,0.4643918012140854
10760.0,0.24794401545624878
10761.0,-0.11746801370831114
10762.0,-0.10517163257710099
10763.0,-0.0640155906997775
10764.0,0.3712795062937532
10765.0,0.4437104311564312
10766.0,0.3471919994598941
10767.0,0.27845015177786375
10768.0,-0.10960128896436844
10769.0,-0.2505279806939838
10770.0,-0.09718745908960921
10771.0,0.11118548911344983
10772.0,0.6642245547958555
10773.0,0.42049161601424556
10774.0,0.5705880330811802
10775.0,0.7078390976430459
10776.0,0.47654103829853367
10777.0,0.5762822013842728
10778.0,0.6363388024159645
10779.0,0.5291777054361009
10780.0,0.35590270487910153
10781.0,0.13346805551544397
10782.0,-0.04192937109702494
10783.0,-0.10377861448832887
10784.0,-0.4534917100431568
10785.0,-0.13914006207898516
10786.0,0.28832284925420726
10787.0,0.4048253373606901
10788.0,0.27587199911245525
10789.0,0.6810676071562827
10790.0,0.6153730573219953
10791.0,0.9353887480331764
10792.0,1.0561386395741468
10793.0,0.5468971851392801
10794.0,0.22806288054855067
10795.0,-0.036198732310909476
10796.0,-0.35551004956662335
10797.0,-0.12925411834622821
10798.0,-0.1789962554683016
10799.0,-0.08302165923925296
10800.0,-0.4020529559233571
10801.0,-0.36310603221692245
10802.0,-1.0975955132516102
10803.0,-1.122569269322866
10804.0,-0.8547030831812458
10805.0,-0.44958835359183436
10806.0,-0.2914586873881474
10807.0,-0.03534390147819211
10808.0,0.0927566454104517
10809.0,-0.13708676274401635
10810.0,0.5463452105659187
10811.0,0.7532523493424481
10812.0,0.7535663379239943
10813.0,0.9311923002906402
10814.0,0.7134966047978403
10815.0,1.0488166050910301
10816.0,1.150963949587674
10817.0,0.8240795453247876
10818.0,1.05078010265761
10819.0,0.9659281958649553
10820.0,1.1752277858534488
10821.0,1.2191491165071322
10822.0,1.5405580548991527
10823.0,2.3121252062856392
10824.0,2.8004167363921613
10825.0,2.617755451364809
10826.0,2.3948332937623404
10827.0,1.5648108135941428
10828.0,1.6703297712164131
10829.0,2.1036399749849615
10830.0,2.2017430523246073
10831.0,2.268068756412405
10832.0,2.4924897612635846
10833.0,1.8755964272703136
10834.0,2.183238263556238
10835.0,2.455308479161051
10836.0,2.74139636455563
10837.0,2.455857395533703
10838.0,2.248318228849819
10839.0,2.16402181049807
10840.0,1.7604992133291182
10841.0,1.4300919189698482
10842.0,1.1561688787489866
10843.0,1.2610115321469473
10844.0,1.1575540797671053
10845.0,0.7071409280479021
10846.0,0.33378723379855346
10847.0,0.3169429707891828
10848.0,0.04146928161618002
10849.0,-0.2907062329008163
10850.0,-0.5739098258143788
10851.0,-0.7113630387350816
10852.0,-0.8548967521647994
10853.0,-0.43350438412619474
10854.0,-0.7331945916803515
10855.0,-1.0620414514443137
10856.0,-0.32901694367713163
10857.0,0.04180002391677623
10858.0,-0.0864768948542022
10859.0,-0.13334375773537155
10860.0,-0.47857344937746704
10861.0,0.1256487636909817
10862.0,-0.23169992110807547
10863.0,-0.006502511495036362
10864.0,0.22023546302349828
10865.0,-0.09268325657244
10866.0,-0.3046314560809079
10867.0,0.19065035401246028
10868.0,0.5939530006685485
10869.0,1.17448985461473
10870.0,1.175379528092987
10871.0,1.1985860522932286
10872.0,1.1953633319722687
10873.0,1.1300275930971118
10874.0,0.7570417552473845
10875.0,0.5739053702173296
10876.0,0.07958794791523816
10877.0,0.07452287009271301
10878.0,0.1258859223570546
10879.0,-0.1592138650927795
10880.0,-0.2756068198595011
10881.0,-0.06612133792682198
10882.0,-0.3585787506237367
10883.0,-0.04750234974277184
10884.0,-0.11030998558213528
10885.0,-0.16728263173809838
10886.0,-0.14459670013338732
10887.0,-0.13537616943006095
10888.0,0.12088845175353588
10889.0,-0.48666123368983333
10890.0,-0.7500762275587723
10891.0,-1.2436463179840167
10892.0,-1.7063041155460061
10893.0,-1.7750303249627253
10894.0,-1.9992510389267957
10895.0,-1.8782491144418159
10896.0,-1.3712039232279172
10897.0,-1.267067350835646
10898.0,-1.2140393403575571
10899.0,-1.3967417076838922
10900.0,-1.5184951821427166
10901.0,-1.2329764249435227
10902.0,-1.5442933322476158
10903.0,-1.1130159893450045
10904.0,-1.239247415380012
10905.0,-0.7185549010667925
10906.0,-0.9323524631156338
10907.0,-0.6218932576931733
10908.0,-0.8001576717731862
10909.0,-0.329209341608906
10910.0,-0.4790872771800577
10911.0,0.0364469748307506
10912.0,-0.07586353952702818
10913.0,0.14262805099100706
10914.0,0.600501572593434
10915.0,0.2934069643599901
10916.0,0.15342490261170377
10917.0,0.26440102082686556
10918.0,0.07504024743167059
10919.0,0.12947330218343592
10920.0,0.009881853663269852
10921.0,0.07365101316444192
10922.0,-0.7753602417789645
10923.0,-0.8138225204940084
10924.0,-0.9171864106769527
10925.0,-0.5877073199385736
10926.0,-0.6301278875580072
10927.0,-0.9428918536272087
10928.0,-0.967453112238863
10929.0,-1.2242706496733282
10930.0,-1.2865695769534091
10931.0,-1.4845966485677642
10932.0,-1.916923592193143
10933.0,-2.2733674405529127
10934.0,-2.066382731381282
10935.0,-1.9700437296610438
10936.0,-1.4178529963785362
10937.0,-0.8169167096123915
10938.0,-0.7837699408427324
10939.0,-0.8294701090213425
10940.0,-0.6218051532492146
10941.0,-0.9092366032453156
10942.0,-0.74794704607441
10943.0,-0.6314836401577385
10944.0,-0.7044254352473588
10945.0,-0.3963034153417616
10946.0,-0.8031110919936431
10947.0,-0.8627434294953156
10948.0,-0.784829990247232
10949.0,-0.5638600257845144
10950.0,-0.20505903783537927
10951.0,-0.25501629971337914
10952.0,0.04771135136548685
10953.0,0.168186978257478
10954.0,0.4039475615283916
10955.0,0.22689963812352795
10956.0,0.24553697180779666
10957.0,0.11808350637843167
10958.0,0.17676001714576978
10959.0,0.13891719020200452
10960.0,0.31339573392392217
10961.0,0.12969971275547007
10962.0,0.061642571292561565
10963.0,0.05676308242265978
10964.0,0.016532081667980432
10965.0,-0.42988844158251094
10966.0,-0.39233390070347995
10967.0,-0.38161894680205394
10968.0,-0.7435561487040783
10969.0,-0.7613064403594432
10970.0,-0.3445992258824399
10971.0,-0.33217114976099293
10972.0,-0.3347424104604201
10973.0,-0.6504238879637221
10974.0,-0.8502963711711423
10975.0,-1.2201405506209262
10976.0,-1.4758015662692228
10977.0,-1.3259480721150356
10978.0,-1.2528841388377006
10979.0,-1.5440800086344213
10980.0,-1.4812001380043078
10981.0,-1.6557634561936811
10982.0,-1.1717336665849014
10983.0,-1.2872506343833285
10984.0,-1.5240882251754428
10985.0,-1.286743528842314
10986.0,-1.1872458326622637
10987.0,-1.3280834167549282
10988.0,-0.6965983655318889
10989.0,-0.4190861119685154
10990.0,-0.4790757609865858
10991.0,-0.2084173145749056
10992.0,-0.4037579127998716
10993.0,-0.37969159150586385
10994.0,-0.1575487055997521
10995.0,0.042024445643567054
10996.0,0.16925232251706268
10997.0,0.3743302804098605
10998.0,0.4703180066554196
10999.0,0.6971387223487133
11000.0,0.42401497029337165
11001.0,-0.10672771643372592
11002.0,0.4233164274275333
11003.0,0.14334744667889737
11004.0,0.16807528621164106
11005.0,0.13352412072987094
11006.0,0.12218275646625634
11007.0,-0.09470896314312188
11008.0,-0.9899012166137187
11009.0,-0.9221401595631469
11010.0,-0.7044546410438961
11011.0,-0.5439337496420661
11012.0,-0.8546562910930169
11013.0,-0.6836849821613427
11014.0,-0.1836090597747832
11015.0,-0.3585133813060788
11016.0,-0.12653113709635652
11017.0,-0.027124078719720016
11018.0,0.734965285762187
11019.0,0.5923038261575045
11020.0,0.5820491218969247
11021.0,0.04662275780678182
11022.0,-0.2859586248539433
11023.0,-0.3658706282847332
11024.0,-0.4240843961054621
11025.0,-0.5106082620955348
11026.0,0.18505694218252522
11027.0,0.16855490593883618
11028.0,0.3012275137752695
11029.0,-0.10032646065274864
11030.0,-0.456473735215819
11031.0,-0.18212123955829695
11032.0,-0.19031577535024946
11033.0,-0.3424060945194414
11034.0,-0.5359896697906928
11035.0,-0.6962541882907137
11036.0,-0.5818890048232735
11037.0,-0.30374386321586794
11038.0,-0.7692584693737712
11039.0,-0.5553644928522932
11040.0,-0.5538867739186735
11041.0,-0.6250694172175334
11042.0,-0.7618427108892908
11043.0,-0.4487095478767533
11044.0,-0.3385076392612309
11045.0,-0.4631583366713895
11046.0,-0.3189693935706366
11047.0,-0.0472865696768629
11048.0,-0.1375382209360385
11049.0,-0.11330884736624314
11050.0,0.027208686079136304
11051.0,0.07472870351598736
11052.0,0.019080020144456922
11053.0,0.43706003944345323
11054.0,0.7889447328361372
11055.0,0.7352842748277021
11056.0,0.42531309778774445
11057.0,0.08430978535218187
11058.0,0.0832117165452452
11059.0,-0.026558119966631127
11060.0,0.1203965038059019
11061.0,-0.13582182899757905
11062.0,0.007466938476044599
11063.0,-0.07101256717297587
11064.0,0.14551072339038212
11065.0,0.13825369087758452
11066.0,-0.2517681260417338
11067.0,-0.35436878345797784
11068.0,-0.37494300279653847
11069.0,-0.09454023308276782
11070.0,-0.295531726268208
11071.0,-0.29973308014501043
11072.0,-0.5993173160822232
11073.0,-0.6241104030070775
11074.0,-0.7151094666784584
11075.0,-0.5046638725783976
11076.0,-0.21081474197884903
11077.0,-0.1329922902085467
11078.0,-0.17999538982416974
11079.0,-0.08197492260760846
11080.0,-0.6338710131273955
11081.0,-0.6032710567180833
11082.0,-0.717809652311516
11083.0,-0.5487289096771402
11084.0,-0.5618688901264484
11085.0,-0.8241297934964704
11086.0,-0.9606297697051508
11087.0,-0.9045298245432977
11088.0,-0.7502689927191651
11089.0,-0.35740833761814
11090.0,-0.8029955352189728
11091.0,-1.1253198881685287
11092.0,-1.7251188437028575
11093.0,-2.035371396993677
11094.0,-1.28394152953453
11095.0,-1.744852745254874
11096.0,-1.6831578353023242
11097.0,-2.0255284278964676
11098.0,-2.142387511969773
11099.0,-2.177502472769053
11100.0,-1.9390264757992597
11101.0,-1.8619788584131665
11102.0,-1.8846167197876162
11103.0,-1.7847366355779963
11104.0,-2.091299840315177
11105.0,-2.1398866625742974
11106.0,-1.9433183760312054
11107.0,-1.7620580442270959
11108.0,-1.596734259314938
11109.0,-1.2941257441339493
11110.0,-1.574296697367727
11111.0,-1.5004549443656683
11112.0,-1.2216011039017864
11113.0,-1.555109855059425
11114.0,-1.1783317139858456
11115.0,-0.4892859712318185
11116.0,-0.15380159446735636
11117.0,-0.18896360268533047
11118.0,0.08716236609267322
11119.0,0.6771079450171558
11120.0,0.5622194867012313
11121.0,0.6918473664833198
11122.0,1.0251147470372413
11123.0,1.8889636610033715
11124.0,2.431704438717192
11125.0,2.267848268627685
11126.0,2.188493633639812
11127.0,2.511670555602465
11128.0,2.2713587011979004
11129.0,2.0163934508808223
11130.0,2.2625542585712513
11131.0,2.352272352679979
11132.0,2.5965828607055084
11133.0,2.139349428668663
11134.0,1.4125823102551491
11135.0,0.9473261974977734
11136.0,1.2042839054242434
11137.0,1.4012102367823251
11138.0,1.839626306139436
11139.0,1.9818316245702996
11140.0,1.7572492480045976
11141.0,1.4592558370721926
11142.0,1.7356933537657662
11143.0,1.4440605617565507
11144.0,1.2239945566644765
11145.0,1.1876197549539917
11146.0,1.0809224115717968
11147.0,1.0489058079254931
11148.0,1.0166290108386395
11149.0,1.3916605499062047
11150.0,1.0113504270395102
11151.0,1.1506558803530775
11152.0,1.9213826664106954
11153.0,1.6303890133810774
11154.0,1.1740516657429385
11155.0,0.8729725603091731
11156.0,1.1881231598006057
11157.0,1.1909118186655998
11158.0,1.3964178625104822
11159.0,0.7718816852443108
11160.0,0.38197043614560366
11161.0,0.48360772432335347
11162.0,0.7586766050539485
11163.0,1.4084517163167212
11164.0,1.2593137067425637
11165.0,1.2053003743094226
11166.0,1.751311737825463
11167.0,1.4535948318461036
11168.0,1.397420355483256
11169.0,1.176458781022814
11170.0,1.4104963668243147
11171.0,1.6663700551888057
11172.0,1.827084241867831
11173.0,2.2026417387481905
11174.0,2.097490133243578
11175.0,2.0611310033742205
11176.0,2.7933682071733617
11177.0,2.503531827622679
11178.0,2.2375617231317078
11179.0,1.6851127092521623
11180.0,1.3492295631987505
11181.0,0.8013151985620335
11182.0,0.273982963922226
11183.0,0.7423870783531761
11184.0,0.4035245697791936
11185.0,0.012649141465723102
11186.0,-0.19503530014446424
11187.0,0.46037577702742283
11188.0,-0.024322719797113757
11189.0,0.13357551758039937
11190.0,0.1703022211320947
11191.0,0.13777395923438782
11192.0,-0.45328404927895816
11193.0,-0.4737695899844855
11194.0,-1.1705264870759895
11195.0,-0.6437793902427671
11196.0,0.016053131896221595
11197.0,-0.2866762913777659
11198.0,-0.1808025034033897
11199.0,0.10259443328081169
11200.0,0.21152988381900312
11201.0,1.1010858886756048
11202.0,1.1746463998798942
11203.0,1.0816362449392816
11204.0,0.881525896659575
11205.0,1.4573161513070523
11206.0,1.475006756163725
11207.0,1.393510714346936
11208.0,1.237460802513202
11209.0,1.086898811483832
11210.0,1.293363721042669
11211.0,1.2356764538464655
11212.0,1.3274237979699397
11213.0,0.9826801632218152
11214.0,0.9005751413351334
11215.0,0.811361765839757
11216.0,0.5554017317816182
11217.0,0.2127728393422833
11218.0,0.19040790294055582
11219.0,0.6724325982448723
11220.0,-0.10478236779326877
11221.0,-0.07369682794742866
11222.0,-0.10816761018700827
11223.0,0.13062430731862693
11224.0,0.2641776615172902
11225.0,0.09250098911731944
11226.0,-0.3687005817566935
11227.0,-0.4067877042670458
11228.0,-0.49554773110557593
11229.0,-0.20205311409984805
11230.0,-0.07775808588346621
11231.0,0.07044115131726505
11232.0,0.3550776690775359
11233.0,0.11333445445970217
11234.0,-0.4437413152473282
11235.0,-0.2127015722244882
11236.0,-0.2194863635131516
11237.0,-0.2490828114161425
11238.0,0.3131117735829505
11239.0,-0.05144300258597112
11240.0,-0.1445034789412409
11241.0,-0.07357205924385035
11242.0,-0.056729909846988134
11243.0,0.41756131125663903
11244.0,-0.040933092254035075
11245.0,0.3877327001288959
11246.0,0.3116910679803008
11247.0,0.17785378006227845
11248.0,0.48169229129771707
11249.0,0.169613015161948
11250.0,0.18077974799954472
11251.0,0.07255259989813875
11252.0,0.3193676784439499
11253.0,0.7841343378365431
11254.0,0.7443507637550624
11255.0,0.9782547702609822
11256.0,0.946359649783196
11257.0,1.0253448736853628
11258.0,1.0800523473344557
11259.0,1.1331943602059427
11260.0,1.4386195824176276
11261.0,1.2715280545490786
11262.0,1.077497354723457
11263.0,1.03509708349301
11264.0,0.9334945011225867
11265.0,1.1854444868689218
11266.0,1.2474539481231395
11267.0,1.0444478559969632
11268.0,0.9711892642675335
11269.0,1.4764084257521772
11270.0,1.8200284483192748
11271.0,1.3853221165472007
11272.0,1.1383956617538447
11273.0,1.384953662583312
11274.0,1.1908285009078388
11275.0,0.6390286699085507
11276.0,0.5794246767581415
11277.0,0.8813902126987474
11278.0,0.5932431404148729
11279.0,0.41236202660676863
11280.0,0.19191315669242412
11281.0,0.1549764787481826
11282.0,0.38812739460845935
11283.0,0.4688361182744032
11284.0,1.104771548501164
11285.0,1.037914691977677
11286.0,1.031079229175857
11287.0,0.764805157269913
11288.0,0.11373503532659723
11289.0,-0.3168427200442841
11290.0,0.24334364611670745
11291.0,0.3751919316646928
11292.0,0.33097161761455096
11293.0,-0.20283552372425512
11294.0,0.17504199205555615
11295.0,0.008450907101790278
11296.0,-0.43613907976494337
11297.0,-0.214522522300146
11298.0,-0.8473862730184217
11299.0,-0.6792111273308719
11300.0,-1.0457212492464403
11301.0,-1.5850764618155686
11302.0,-1.148888171454129
11303.0,-1.3846621597914917
11304.0,-1.3806384065901494
11305.0,-1.7171894107655132
11306.0,-1.7108673929971416
11307.0,-1.4052993695981737
11308.0,-1.2195975520775313
11309.0,-0.9593762014090739
11310.0,-0.8408160374464521
11311.0,-0.6996075540504851
11312.0,-0.5925310317609034
11313.0,-0.5746373916398337
11314.0,-0.5842472969793042
11315.0,-0.48979346927876494
11316.0,-0.9774419443739695
11317.0,-0.6394596667959735
11318.0,-0.4854916740240134
11319.0,-0.17110739658705754
11320.0,-0.17496446063057974
11321.0,-0.37464260383012093
11322.0,-0.05570730841166621
11323.0,0.08504096839115562
11324.0,-0.14577148100352683
11325.0,-0.05291363236115866
11326.0,-0.34652868480905663
11327.0,-0.14522042032714907
11328.0,0.06406698603162594
11329.0,0.42872895671648603
11330.0,0.6994776533654932
11331.0,0.4747810829724767
11332.0,0.8588110343614092
11333.0,0.9001529625562951
11334.0,0.6781589722151535
11335.0,0.9634819700639017
11336.0,0.9274585854368201
11337.0,0.610271629569879
11338.0,0.6374075477192669
11339.0,0.7304545978090817
11340.0,0.6060594128562029
11341.0,0.5755771692559513
11342.0,0.37343020662557813
11343.0,0.34026825432158464
11344.0,0.5418246267737088
11345.0,0.5524939894080068
11346.0,0.21428901274992534
11347.0,-0.16071953298267433
11348.0,-0.3075408788654834
11349.0,-0.1557964317647685
11350.0,0.44590452319008456
11351.0,0.48355216901675685
11352.0,0.5163826481387472
11353.0,0.2100046563242684
11354.0,-0.021777052258757673
11355.0,0.8963557744342143
11356.0,1.1146660791333145
11357.0,1.4004860478550216
11358.0,1.4112303661517174
11359.0,1.9105924404984789
11360.0,1.1701272541772318
11361.0,0.8535381234213825
11362.0,0.545961514186538
11363.0,0.30054906707622775
11364.0,0.18555885569515446
11365.0,0.10923774865278953
11366.0,-0.5497366420936112
11367.0,-0.6488069747831559
11368.0,-0.6395063344758306
11369.0,-0.7012257705708624
11370.0,-0.5205894471581823
11371.0,-0.7318146638720435
11372.0,-0.6457213764658164
11373.0,-0.9138164327181493
11374.0,-1.3835932315265365
11375.0,-1.2616848481287055
11376.0,-1.4317997019439428
11377.0,-1.5067189553151037
11378.0,-1.9300585396750272
11379.0,-1.5395029133191191
11380.0,-1.4239059033020656
11381.0,-1.2430742778229376
11382.0,-1.04768867133861
11383.0,-1.2064055023670235
11384.0,-1.3755344761128279
11385.0,-1.5211801052721137
11386.0,-0.9684255479385225
11387.0,-1.0305017346219867
11388.0,-0.8001365972974558
11389.0,-1.3801412196628586
11390.0,-1.2580111744263835
11391.0,-1.2976164755829669
11392.0,-0.9476223197743434
11393.0,-0.851918967253304
11394.0,-0.8462594687494517
11395.0,-1.0072423818518228
11396.0,-0.7253588990170775
11397.0,-0.9571810076816911
11398.0,-1.2973399252746625
11399.0,-0.9324909582285726
11400.0,-1.0408082121904272
11401.0,-1.2977958363018347
11402.0,-1.9490732683966232
11403.0,-1.8059010630442651
11404.0,-1.9556090904048382
11405.0,-2.0072135680506635
11406.0,-2.374123386799622
11407.0,-2.8264449346284604
11408.0,-2.5386094505551053
11409.0,-2.340920745811109
11410.0,-2.184490124963617
11411.0,-2.2134539812339042
11412.0,-2.1802141529907018
11413.0,-2.0655412348929407
11414.0,-2.2149404938832475
11415.0,-2.291743381823721
11416.0,-2.537216194303923
11417.0,-2.523417518542028
11418.0,-2.888808112513047
11419.0,-3.0693746824837995
11420.0,-3.364204379267416
11421.0,-2.818421578380133
11422.0,-2.006020479121457
11423.0,-2.0524725895475777
11424.0,-1.9696893597447358
11425.0,-1.5044377792120016
11426.0,-1.2977455932892967
11427.0,-1.3379734389873554
11428.0,-2.0112805362603394
11429.0,-1.9432802356252616
11430.0,-1.8414469781628613
11431.0,-1.7273278034328508
11432.0,-1.1336140083018653
11433.0,-1.072305595661508
11434.0,-0.8365571526703527
11435.0,-0.8253379027226349
11436.0,-1.021567426880906
11437.0,-1.5198157309023448
11438.0,-1.0231335156551944
11439.0,-0.6820958861522295
11440.0,-0.7414333083536369
11441.0,-0.4075015674855227
11442.0,0.03152518257058734
11443.0,-0.19339617636077833
11444.0,-0.31976244423441386
11445.0,0.15672058774518538
11446.0,-0.28822774955756136
11447.0,-0.11622907836625387
11448.0,-0.40407194896167864
11449.0,-0.03972510752706576
11450.0,0.1478138339362104
11451.0,-0.14685897369474707
11452.0,-0.17171204280525285
11453.0,-0.0629487921950601
11454.0,-0.6734258258664141
11455.0,-0.4151924751216075
11456.0,-0.6942459702943826
11457.0,-0.809368453843009
11458.0,-0.6289245997574171
11459.0,-0.050493953101067746
11460.0,0.3318583717597854
11461.0,0.3669835421824539
11462.0,0.5344116894534668
11463.0,0.5044394512176337
11464.0,0.2897613663720149
11465.0,0.6675553458334169
11466.0,0.024179048736795883
11467.0,0.09759981824805962
11468.0,-0.0855586884808837
11469.0,-0.24841900913065582
11470.0,-0.7415220562030851
11471.0,-0.8589131318398131
11472.0,-1.0050203252666692
11473.0,-1.063020804873733
11474.0,-0.9674985329921397
11475.0,-1.007834440498744
11476.0,-0.6269508387506639
11477.0,-0.2153016397374235
11478.0,-0.2487198076185561
11479.0,-0.15528380474251485
11480.0,-0.17793268424323888
11481.0,-0.2589858155442871
11482.0,0.06573655678185178
11483.0,0.1799710493122141
11484.0,-0.08415997319501542
11485.0,-0.05427600391841879
11486.0,0.014055388573923515
11487.0,-0.6998403483793276
11488.0,-1.0241823595439534
11489.0,-0.8689810519900517
11490.0,-0.7219380886895602
11491.0,-0.8786555855224829
11492.0,-1.1328225346681426
11493.0,-0.9316357949691173
11494.0,-1.179152631025782
11495.0,-1.4363381389023404
11496.0,-1.3172088489149563
11497.0,-1.5391464663455148
11498.0,-0.9543468892646947
11499.0,-0.24226382167158667
11500.0,-0.008414136518620302
11501.0,0.3074192446040536
11502.0,0.10049671871179688
11503.0,0.0945084103631235
11504.0,-0.26192507812459076
11505.0,-0.33151160271630786
11506.0,-0.007935958093491624
11507.0,0.03799769877601197
11508.0,0.1963691425487794
11509.0,0.31561655718226556
11510.0,0.31519138078137626
11511.0,-0.31271847756668986
11512.0,-0.2743462006765898
11513.0,-0.5504250147659945
11514.0,-0.13465009226357894
11515.0,0.7485946402691477
11516.0,0.6933630740681993
11517.0,0.5560616784344866
11518.0,0.08916796824828599
11519.0,0.17306340839313417
11520.0,-0.053484092063623534
11521.0,-0.2249476597750962
11522.0,-0.5794909141596054
11523.0,-0.5832839702780015
11524.0,-1.0409023391737096
11525.0,-0.8527601786695138
11526.0,-0.20261119704147457
11527.0,-0.8040217434752706
11528.0,-0.8485325820111613
11529.0,-0.5863432778485311
11530.0,-0.5699344663360288
11531.0,-0.40614344267246705
11532.0,-0.5100047136519663
11533.0,-0.8328777676197707
11534.0,-0.625710659909029
11535.0,-0.6011324285157
11536.0,-0.5829547504844135
11537.0,-0.6258666491877345
11538.0,-0.6462462637595134
11539.0,-0.11898930706879596
11540.0,-0.4571142161714724
11541.0,-0.2829597616237193
11542.0,-0.7348226468969986
11543.0,-1.0127448043590335
11544.0,-1.0450108966363392
11545.0,-0.3979047209117176
11546.0,-0.19891713033674527
11547.0,-0.08957991186903784
11548.0,-0.403610242826841
11549.0,-0.08206413121107592
11550.0,-0.7918324642745385
11551.0,-0.13934542067058275
11552.0,-0.2620185458309253
11553.0,-0.46944244455379047
11554.0,0.18874001558714154
11555.0,0.2837974752730929
11556.0,0.798477031457604
11557.0,0.9698311021159232
11558.0,1.2304615710735083
11559.0,2.13843324057342
11560.0,2.494885415667043
11561.0,2.720925742611398
11562.0,2.2047754685644154
11563.0,2.3451866747865076
11564.0,2.1660827686089346
11565.0,2.066270153819697
11566.0,1.717134056767496
11567.0,1.3286257057288249
11568.0,1.492217253361722
11569.0,1.5759133002516394
11570.0,1.1474391851154235
11571.0,0.9001267573907312
11572.0,0.7886729191476646
11573.0,0.965757599467576
11574.0,0.6870351420210685
11575.0,1.2890616801479577
11576.0,1.2530368076172442
11577.0,0.7987991780595065
11578.0,1.3994318068278704
11579.0,1.6399851198706261
11580.0,1.4026428350875637
11581.0,1.5213158200860546
11582.0,1.1274281090001397
11583.0,1.5183784777996805
11584.0,1.2962519834800257
11585.0,1.7230605828806138
11586.0,1.657868678189248
11587.0,1.4664932560073773
11588.0,1.9336601951916075
11589.0,1.9127111013505034
11590.0,1.9151647189684873
11591.0,1.8528401285343015
11592.0,1.4729196030424845
11593.0,1.6824540426445818
11594.0,1.4537477967570176
11595.0,1.3802238989506208
11596.0,0.3981751760221659
11597.0,0.12608011205243574
11598.0,-0.2996809527638032
11599.0,-0.44387746394205674
11600.0,-0.569836622216949
11601.0,-0.6768244694527308
11602.0,-0.5373656360645604
11603.0,-0.7378920264338448
11604.0,-0.3090277799710462
11605.0,-0.8309139368064111
11606.0,-0.37458604215763075
11607.0,-0.32101582578386595
11608.0,-0.08494116511639849
11609.0,0.0736986141441726
11610.0,0.03396327149466741
11611.0,-0.6359020024792394
11612.0,-0.33533234178277993
11613.0,-0.15199611087988174
11614.0,-0.35037199666672714
11615.0,-0.2732809607223127
11616.0,-0.5399083415596833
11617.0,-0.7419027354790968
11618.0,-0.3955787810656064
11619.0,-0.7647850745455687
11620.0,-1.2735418577564466
11621.0,-1.184747903308795
11622.0,-1.5666240093529176
11623.0,-1.534649160544394
11624.0,-1.743286289570367
11625.0,-1.6545810607674576
11626.0,-1.6106674030212038
11627.0,-1.336343138071927
11628.0,-1.2885560697930851
11629.0,-1.4390900799188058
11630.0,-1.5762346175064785
11631.0,-1.103120258180416
11632.0,-0.6672823338273854
11633.0,-0.7823892800928011
11634.0,-0.9881576892472776
11635.0,-0.629467721550647
11636.0,-1.349283324292289
11637.0,-1.8432138518038501
11638.0,-2.0791275307551085
11639.0,-2.3180946498377555
11640.0,-2.233311481451124
11641.0,-1.8004172953430633
11642.0,-1.384118721028563
11643.0,-1.0771632766063717
11644.0,-1.1887956128940098
11645.0,-1.296264837038271
11646.0,-1.5197922989618466
11647.0,-1.230835762236561
11648.0,-1.0412312445232845
11649.0,-0.9700994964586748
11650.0,-0.9738746760247435
11651.0,-0.9072874257208984
11652.0,-0.5720349194966169
11653.0,-0.6065499578542973
11654.0,-0.6909215231744968
11655.0,-0.3351755668492556
11656.0,-0.21160562253001963
11657.0,0.08314541608331355
11658.0,0.21379390918712138
11659.0,0.021417373204082713
11660.0,0.08272448421191639
11661.0,0.0760603764361041
11662.0,-0.5472044004764729
11663.0,-0.9256384897846044
11664.0,-0.8278084147868755
11665.0,-1.444898945406829
11666.0,-2.198765420365804
11667.0,-2.1927523162796714
11668.0,-1.707482265623872
11669.0,-1.2294517715785165
11670.0,-0.6161119623712117
11671.0,-0.21324704359406516
11672.0,0.07052072046568894
11673.0,0.3832656171925022
11674.0,0.7928427593192097
11675.0,1.333942812673783
11676.0,1.1629448339010657
11677.0,0.5135003378727814
11678.0,0.7145725652814221
11679.0,0.9081222350832181
11680.0,1.3656987740412887
11681.0,1.1847609841536262
11682.0,1.1985781818501517
11683.0,1.3931197567256728
11684.0,1.587244123626023
11685.0,1.2929893589470265
11686.0,1.0641399650878276
11687.0,0.7219329124249191
11688.0,0.7285476466180717
11689.0,0.31637297723858776
11690.0,0.49588333570263515
11691.0,0.2635187198137222
11692.0,0.39283075696120634
11693.0,0.06124319383125676
11694.0,0.4578377431220161
11695.0,0.8927168957571405
11696.0,0.958230368983234
11697.0,0.5561562309805181
11698.0,0.6600143083012857
11699.0,0.5932977494664867
11700.0,0.5996356303328256
11701.0,0.07558572145897241
11702.0,0.2405520496915518
11703.0,0.7835874373201083
11704.0,0.8066069045153046
11705.0,1.8330342753765707
11706.0,2.0197997519896793
11707.0,2.0818411598690596
11708.0,1.6471046052356586
11709.0,1.621480086922517
11710.0,1.2979400058153003
11711.0,1.6766135135209508
11712.0,1.7667997507764275
11713.0,1.3436637929046722
11714.0,1.3032026889139168
11715.0,1.5817736490974224
11716.0,1.417125144844274
11717.0,1.6300330981790876
11718.0,1.3455584062144859
11719.0,1.4352428283781027
11720.0,1.2215543491603447
11721.0,1.2868780397037785
11722.0,1.4558841544874372
11723.0,1.109853473526292
11724.0,1.1408664601223046
11725.0,1.6110989910020868
11726.0,1.1842706279693431
11727.0,1.3084643102987512
11728.0,1.1325264418369347
11729.0,1.0402769299657195
11730.0,1.0903265917218075
11731.0,1.066282442359815
11732.0,0.9146969190171138
11733.0,0.7459274626418089
11734.0,0.499622646716554
11735.0,0.4169482084576154
11736.0,0.4909362032848565
11737.0,0.0938811978011787
11738.0,0.39592302089145004
11739.0,0.21604567543060382
11740.0,0.314844422355466
11741.0,0.13094179850138
11742.0,0.06164737592351041
11743.0,0.08673120148133229
11744.0,-0.2059192836142293
11745.0,-0.4260992688360907
11746.0,-0.0910546590711867
11747.0,0.43996825754416485
11748.0,0.39977781397082074
11749.0,0.5461378815698891
11750.0,0.20889950916811684
11751.0,0.06367370932544769
11752.0,-0.33629551328450735
11753.0,-0.27037421658471117
11754.0,-0.25603955855982197
11755.0,-0.4664056470812236
11756.0,-0.14075162296917265
11757.0,-0.16347323561456537
11758.0,-0.39500438133038696
11759.0,-0.3838316513187911
11760.0,-0.141841531322729
11761.0,-0.006222546678444962
11762.0,-0.3479321251924619
11763.0,-0.22284362433531973
11764.0,-0.5396200681827101
11765.0,-0.7504939301274887
11766.0,-0.36539909035743245
11767.0,-0.3590858936916985
11768.0,-0.4855361547584418
11769.0,-0.6275782650185578
11770.0,-1.0778657613423515
11771.0,-1.1763354329883282
11772.0,-1.4004985204222216
11773.0,-1.1922130166098512
11774.0,-1.0894113642249035
11775.0,-0.8894623630104855
11776.0,-0.4726551716936952
11777.0,-0.5103136290351232
11778.0,-0.5010404456029017
11779.0,-0.2606487140097615
11780.0,-0.22698593545620382
11781.0,0.09187036423756145
11782.0,0.2434473515523523
11783.0,0.26293855224927765
11784.0,-0.3663658657572287
11785.0,-0.6524758317678141
11786.0,-0.9132082955698446
11787.0,-0.5110492187810547
11788.0,0.3269774357640241
11789.0,0.342302500589304
11790.0,0.22581111670592774
11791.0,0.35141203376403907
11792.0,0.27018320156552317
11793.0,0.3305935142995047
11794.0,0.34985044856011555
11795.0,0.466198727886353
11796.0,0.06196761928813466
11797.0,0.666530373543579
11798.0,0.397837497346763
11799.0,0.7105016179561991
11800.0,0.07962677119168915
11801.0,0.7875860008407572
11802.0,0.47415429371340045
11803.0,0.629894274559845
11804.0,0.26066499977680146
11805.0,0.8266308567806184
11806.0,1.2434886904027111
11807.0,1.5491748379642738
11808.0,1.5318307295583191
11809.0,1.2819920058840442
11810.0,0.8557525817182892
11811.0,0.7573850283715206
11812.0,0.8052882611754988
11813.0,0.38372423728781524
11814.0,-0.25755216234505324
11815.0,0.34984232262152326
11816.0,0.37874126920139606
11817.0,0.21458901450717052
11818.0,-0.028914900004435556
11819.0,0.28625775772627415
11820.0,0.29779652686947916
11821.0,-0.03742748842949972
11822.0,-0.09647155614695155
11823.0,-0.5959825449076184
11824.0,-0.1951419947022478
11825.0,-0.4035809945193666
11826.0,-0.675720365622406
11827.0,-1.013407310651267
11828.0,-0.7478886479316065
11829.0,-0.8697678579659612
11830.0,-0.8102796875965412
11831.0,-0.646420094347031
11832.0,-0.33349706037359544
11833.0,-0.6839994869768595
11834.0,0.0002945248221947194
11835.0,0.21509232818202068
11836.0,0.20484013035080276
11837.0,0.11360660352005586
11838.0,0.5065910352770869
11839.0,0.5901273886960339
11840.0,0.5038629928745726
11841.0,0.4243937399843125
11842.0,1.0992854101592633
11843.0,0.5014591892662296
11844.0,0.03792714185041379
11845.0,-0.31392201320957064
11846.0,-0.2670886262112905
11847.0,-0.3414142216356959
11848.0,-0.16294969033603318
11849.0,-0.586563108740385
11850.0,-0.7782318150636929
11851.0,-1.1174138295114449
11852.0,-1.0425953708319489
11853.0,-0.744271402676892
11854.0,-0.06486582922740136
11855.0,-0.5044030586457733
11856.0,-0.05619864388717699
11857.0,0.14463204136200147
11858.0,-0.04415948460417651
11859.0,-0.05612188182069376
11860.0,0.2787657834937893
11861.0,0.07057743883780507
11862.0,0.06301244859596422
11863.0,0.20226277750027186
11864.0,0.46500894797369013
11865.0,0.577755701930408
11866.0,0.7181753993871199
11867.0,0.7748056257615111
11868.0,0.8452139783235866
11869.0,1.0411481168948633
11870.0,1.0819136265458307
11871.0,1.02503746366611
11872.0,1.3410779771745216
11873.0,0.8513611777607013
11874.0,0.7833100767473474
11875.0,0.34187240530835133
11876.0,0.2651164727282561
11877.0,0.6187768438035255
11878.0,0.5339766419211086
11879.0,0.4204762858698995
11880.0,0.3566677060744745
11881.0,0.017735869389996384
11882.0,-0.14293886189999525
11883.0,-0.33826953738761245
11884.0,-0.2773304239675648
11885.0,-0.30692704158678974
11886.0,-0.9860735425866698
11887.0,-0.9696063911581493
11888.0,-1.1715410252187124
11889.0,-0.7320502081190903
11890.0,-0.4921677335585978
11891.0,-0.1781167183320838
11892.0,-0.4117742740748588
11893.0,-0.7885921381631271
11894.0,-0.9652696481359235
11895.0,-0.989024365924638
11896.0,-0.7421277270385018
11897.0,-0.91014673894915
11898.0,-1.1891830816305458
11899.0,-0.8777321287637645
11900.0,-1.0001444045057646
11901.0,-0.589353348717564
11902.0,-0.17597888293422842
11903.0,0.39933382378916216
11904.0,0.8033939490791244
11905.0,0.5662491272073935
11906.0,0.5809252587330345
11907.0,0.7320259921665175
11908.0,0.25161988225844656
11909.0,0.19407578262777705
11910.0,-0.016728965846836558
11911.0,0.053585038790539864
11912.0,0.02198226274907023
11913.0,0.567438154628197
11914.0,-0.14932059515899965
11915.0,-0.17162296180386538
11916.0,-0.23565459391638893
11917.0,-0.2780408044690686
11918.0,-0.81861006604361
11919.0,-0.5329214472361474
11920.0,-0.09300384409412965
11921.0,-0.42639855603546606
11922.0,-0.24743002624244062
11923.0,0.17518233283344326
11924.0,0.22178236105540478
11925.0,0.22952338906192993
11926.0,0.04024007631398674
11927.0,-0.302164613555349
11928.0,-0.2507030255968859
11929.0,-0.3260985680400583
11930.0,-0.16086948764818032
11931.0,-0.3880066063752695
11932.0,-0.3269970326674189
11933.0,-0.507172448429573
11934.0,-0.40622867086849723
11935.0,0.0813631826623657
11936.0,-0.2939939139031348
11937.0,0.048887049746721034
11938.0,-0.1370639088863122
11939.0,0.17005649257521388
11940.0,0.31630296556424764
11941.0,0.19784466630759423
11942.0,-0.5687877690090636
11943.0,-0.21078562553559105
11944.0,0.3788028007210369
11945.0,-0.05061272019698826
11946.0,0.007483099895511068
11947.0,0.1921464249948297
11948.0,0.3658844662554897
11949.0,0.5328597375393329
11950.0,0.3961711081605142
11951.0,0.7853739903658974
11952.0,0.9671366208235311
11953.0,0.8558903339976162
11954.0,0.3857224255847511
11955.0,0.3988479163744733
11956.0,0.9276124796346206
11957.0,1.170283781129081
11958.0,1.1351115569963468
11959.0,0.7526004089439644
11960.0,0.9245860435592219
11961.0,0.8826418019249614
11962.0,0.6731444014334532
11963.0,0.7220002036254338
11964.0,0.586634336047948
11965.0,0.5311216123242212
11966.0,0.47084396316770777
11967.0,0.3205550133709548
11968.0,-0.1945814840645252
11969.0,-0.17272738967864248
11970.0,-0.37127413927981434
11971.0,-0.24704878320984636
11972.0,-0.5186073412956389
11973.0,-0.5466556891697303
11974.0,-0.89031901293744
11975.0,-0.4960419620342489
11976.0,-0.3627066630789433
11977.0,0.07921673984852795
11978.0,0.6361448132273699
11979.0,1.0872452908409755
11980.0,1.514343301329051
11981.0,0.9988681822587798
11982.0,0.9538860061365664
11983.0,0.6874181834318116
11984.0,0.5098908025990322
11985.0,0.13467888815731138
11986.0,-0.13630032102404127
11987.0,0.36149159686498
11988.0,0.9575726385350363
11989.0,0.819088470502226
11990.0,0.9660344807587294
11991.0,0.5867755376301929
11992.0,0.6732405039655822
11993.0,0.07761183536183658
11994.0,-0.20724174143284266
11995.0,-0.5498098333643946
11996.0,-0.1198320363010617
11997.0,-0.5139978527292273
11998.0,-0.882484238800817
11999.0,-0.941154043874792
12000.0,-1.271652856946643
12001.0,-1.1995454779248373
12002.0,-0.7431028556076962
12003.0,-1.0421366968903336
12004.0,-1.0391454796020014
12005.0,-0.8533551615158892
12006.0,-0.7261308693407358
12007.0,-1.0102205684793737
12008.0,-0.5646616661262243
12009.0,-0.047842664787622835
12010.0,0.20563647338091878
12011.0,0.3215753381726538
12012.0,0.2274052338066372
12013.0,0.5459350626848994
12014.0,1.1747679268558198
12015.0,1.6930167483125484
12016.0,1.9994172512988595
12017.0,1.41359578461038
12018.0,1.838763841026148
12019.0,1.488046194882065
12020.0,1.3807731031767139
12021.0,1.0200054815994457
12022.0,0.9011166949592374
12023.0,0.9738333969997461
12024.0,0.8845722716727366
12025.0,0.4734889369678008
12026.0,0.4983980602768225
12027.0,1.0041051981325801
12028.0,0.6154604982521188
12029.0,0.2846177053450301
12030.0,0.5343061084761463
12031.0,0.41648036968980434
12032.0,0.5074516871749977
12033.0,0.3355571612132631
12034.0,0.15315049644010104
12035.0,0.16152104758133667
12036.0,0.6161458116936247
12037.0,0.5333804452018289
12038.0,0.3781366853910991
12039.0,0.7249993883536469
12040.0,0.4257118721173677
12041.0,0.5423602629665282
12042.0,0.7667155125002951
12043.0,0.5959367577722575
12044.0,0.9098219389771447
12045.0,0.7450976968953701
12046.0,1.0315686091733445
12047.0,0.972489062551882
12048.0,1.1949826535504062
12049.0,1.3244925761716726
12050.0,0.8151707386759306
12051.0,0.44728657111099174
12052.0,0.023444511211500263
12053.0,0.14884313184969478
12054.0,0.18944666586047537
12055.0,0.5709180581832753
12056.0,0.7023917039841954
12057.0,0.6736860521594616
12058.0,0.3218633661511096
12059.0,-0.09004908371873416
12060.0,0.014531692187902803
12061.0,0.41786859424203343
12062.0,0.20767638009328077
12063.0,0.19608425127551732
12064.0,0.6552503457105187
12065.0,1.0585579171717734
12066.0,0.7966665331683682
12067.0,0.8538975605782486
12068.0,0.9790199923360658
12069.0,0.7945723347178937
12070.0,1.0901659294916457
12071.0,0.6560792509277612
12072.0,0.3835967147766609
12073.0,0.3914600651956267
12074.0,0.619785157996122
12075.0,1.1725606334155732
12076.0,1.1754234553826002
12077.0,0.929516977110126
12078.0,1.25303465378499
12079.0,1.2414848574514903
12080.0,1.1898592521718554
12081.0,0.9162837888406228
12082.0,0.4243052492630256
12083.0,0.7295883970870427
12084.0,0.47938467929527084
12085.0,0.2964755937204385
12086.0,0.6814870791453924
12087.0,1.0815967802437723
12088.0,1.2700442994518482
12089.0,0.8380583195878699
12090.0,1.012039247520658
12091.0,1.1442105517838608
12092.0,1.09445504836093
12093.0,1.2639334205525163
12094.0,1.4475097170099707
12095.0,1.8582788196434799
12096.0,1.4785212619611656
12097.0,1.5775962895837725
12098.0,1.2136473648645434
12099.0,1.1469264104667063
12100.0,1.4595200315151642
12101.0,1.1201743558754438
12102.0,0.49496051507359917
12103.0,-0.05634422239502179
12104.0,-0.1694414425738451
12105.0,-0.5303923485756233
12106.0,-0.554591088439344
12107.0,-0.037222919196415294
12108.0,-0.05626738349122275
12109.0,0.619312857786777
12110.0,-0.25400451306276883
12111.0,-0.4167154867852668
12112.0,-0.31975170886146265
12113.0,0.533730189637899
12114.0,0.6307451886445599
12115.0,0.8828640520293987
12116.0,0.7978323174477976
12117.0,0.5910018988720556
12118.0,0.8986570971813093
12119.0,1.3197639302907311
12120.0,0.831059673420325
12121.0,1.190981401731308
12122.0,0.9546237919803257
12123.0,0.7528936384645215
12124.0,0.6489822879425319
12125.0,0.4983823158257455
12126.0,1.1473114089588061
12127.0,1.1175306557180344
12128.0,0.785617810075743
12129.0,0.6244405801551047
12130.0,0.9245189015325832
12131.0,0.6565259122660224
12132.0,0.5993249172340518
12133.0,0.9497183819751924
12134.0,1.0294504456922058
12135.0,0.6589374480016179
12136.0,0.7509109059085292
12137.0,0.8645026256930164
12138.0,0.5363110938861528
12139.0,0.7176309619447172
12140.0,0.9696425928522197
12141.0,1.3360476324548358
12142.0,1.4563748595489436
12143.0,1.23127708559969
12144.0,1.3833177756280888
12145.0,1.6081191426361727
12146.0,1.9885194173450444
12147.0,1.684514721054087
12148.0,1.7411461398761938
12149.0,1.753127978340526
12150.0,1.6334376680261102
12151.0,1.485403431365823
12152.0,0.7059460855080355
12153.0,0.8180722502348978
12154.0,0.896353005677662
12155.0,1.279700534489134
12156.0,0.9897554998998201
12157.0,1.8888695275623584
12158.0,1.7571297979647633
12159.0,1.396120151601411
12160.0,0.6383697657145442
12161.0,0.7697998814527466
12162.0,0.6539364427891405
12163.0,0.6049888866456272
12164.0,0.7837585103276161
12165.0,0.7084032887233943
12166.0,1.0300371852732146
12167.0,0.3974231075982798
12168.0,0.3544692744026332
12169.0,0.006873383889998919
12170.0,-0.07314703031021845
12171.0,0.0960757081339299
12172.0,0.2383973585022589
12173.0,0.24199026098064558
12174.0,0.37947293375287683
12175.0,0.24923441677926098
12176.0,0.3383899230421034
12177.0,0.5583646523496436
12178.0,0.7964953612885513
12179.0,0.7294635933703341
12180.0,0.7865288865989749
12181.0,0.3853330556924813
12182.0,-0.3352114221315411
12183.0,0.11923603358967666
12184.0,0.43216868328820346
12185.0,0.6951208110084512
12186.0,0.7817637410964896
12187.0,1.1904225624825444
12188.0,1.2276194241679739
12189.0,1.7342420593129197
12190.0,1.9841624582582131
12191.0,2.412552325655281
12192.0,2.5914745822944365
12193.0,1.7173045129335855
12194.0,1.7429914931413295
12195.0,1.398758307600321
12196.0,1.041086967419296
12197.0,1.0619611337103678
12198.0,0.9387498895426752
12199.0,0.8945908211869716
12200.0,0.796249338749241
12201.0,1.3340898776831889
12202.0,1.6380854173851391
12203.0,1.6634685667925124
12204.0,1.645782711899639
12205.0,1.4843534323368297
12206.0,1.7528634121962776
12207.0,2.2111603476489163
12208.0,1.7597692659891095
12209.0,1.7943654002124283
12210.0,1.8573943602754996
12211.0,1.7917972431728435
12212.0,1.3827745534787552
12213.0,1.1231240747740525
12214.0,1.1861085754566858
12215.0,1.146820059385089
12216.0,1.0325390224023987
12217.0,1.121537112234928
12218.0,0.7543176430771255
12219.0,0.10974053697049224
12220.0,0.29294179415342136
12221.0,0.47612992084319516
12222.0,0.4440677620680222
12223.0,0.38262011414869457
12224.0,0.6337788875717638
12225.0,0.728459101176387
12226.0,0.670017761217433
12227.0,0.6820532502400195
12228.0,0.2195853065555865
12229.0,0.10660119182145553
12230.0,-0.0034342209783235073
12231.0,-0.15019254424091144
12232.0,0.3442184977991302
12233.0,0.42982720018943754
12234.0,1.0574041310524205
12235.0,0.9597855126632286
12236.0,1.0721350477186025
12237.0,0.8772044849498616
12238.0,1.3185131676362363
12239.0,1.7085397050929125
12240.0,1.5065101940062795
12241.0,1.1214532805495003
12242.0,1.0758210949868179
12243.0,1.030263478459699
12244.0,0.9372321780340183
12245.0,1.9063448502414113
12246.0,2.0888736995816526
12247.0,1.7955391422132285
12248.0,1.9876577444941894
12249.0,1.9108999862582376
12250.0,2.0583715592787355
12251.0,2.1876599066111346
12252.0,2.1410802737222414
12253.0,1.7980686159038934
12254.0,1.7156875408414656
12255.0,1.7299201611209791
12256.0,1.5949129857621884
12257.0,1.2659227993418014
12258.0,1.1322759041019903
12259.0,0.9780890529549393
12260.0,0.6283691363153533
12261.0,0.8948595411990352
12262.0,0.9050913617901296
12263.0,0.5001496203418386
12264.0,-0.24767226869336623
12265.0,-0.49001980779131743
12266.0,-0.06970443645130653
12267.0,0.25170169569418405
12268.0,0.5874760097486762
12269.0,0.4782851757029851
12270.0,0.4613061114811269
12271.0,0.9115245409905446
12272.0,1.1997164823875273
12273.0,0.7293134038387131
12274.0,0.911951090409362
12275.0,1.3574785523062163
12276.0,1.1747890549554791
12277.0,1.3414239327155788
12278.0,1.1628401019517005
12279.0,1.1994037986247936
12280.0,0.8121170052525795
12281.0,0.809604835032875
12282.0,0.8857857565246391
12283.0,0.6953430638431556
12284.0,0.6953182150585048
12285.0,0.8073402200362535
12286.0,0.5817828795360268
12287.0,1.0867116798632122
12288.0,0.9849214359560997
12289.0,0.826501903027303
12290.0,0.7881487223717597
12291.0,0.7940656980985871
12292.0,0.6715532924673773
12293.0,-0.16160572799359185
12294.0,-0.6952712422458247
12295.0,-0.9388816353752294
12296.0,-0.5817039651148743
12297.0,-0.6665166179096577
12298.0,-0.39566126689817926
12299.0,-0.4129633970328361
12300.0,-0.6441117862527813
12301.0,-0.3214358696204386
12302.0,0.11751620786893385
12303.0,0.34813533852980655
12304.0,0.3109991859727075
12305.0,0.2967776970120296
12306.0,0.07383426651570174
12307.0,-0.25887699857278923
12308.0,-0.22814456309578016
12309.0,-0.4090885871239809
12310.0,-0.5578139971650121
12311.0,-0.5987537157956039
12312.0,-0.7214759247449688
12313.0,-0.29485866436338576
12314.0,-0.6351431988558667
12315.0,-0.6296760831453003
12316.0,-0.2096013668935695
12317.0,-0.2706821415766345
12318.0,0.044051433956846686
12319.0,0.5389600326779279
12320.0,0.5750915955180403
12321.0,0.646949620048219
12322.0,0.4887847837989968
12323.0,0.2093777675726548
12324.0,0.3156090769665992
12325.0,0.37429219585655965
12326.0,0.24570981674978637
12327.0,0.431517363363917
12328.0,0.3247551392566009
12329.0,0.35800628483582414
12330.0,0.588774291447721
12331.0,0.22333226308470694
12332.0,0.24411189789307886
12333.0,-0.22474413065859028
12334.0,-0.17869799412952825
12335.0,-0.18635520118676355
12336.0,-0.5123848734214642
12337.0,-0.9593645079039539
12338.0,-1.1236322868388775
12339.0,-0.9808294808414344
12340.0,-1.115160444112616
12341.0,-0.9432979527464425
12342.0,-1.2008058577817398
12343.0,-1.1946532997857358
12344.0,-0.8326151886659134
12345.0,-1.1136622377615002
12346.0,-0.9092331581426214
12347.0,-1.2084996671061103
12348.0,-0.8435478882677683
12349.0,-0.6855513234905396
12350.0,-0.70796139673089
12351.0,-0.7968514236717065
12352.0,-0.9634209769614269
12353.0,-1.1983510392652965
12354.0,-0.7920231716970598
12355.0,-0.28752320131022485
12356.0,-0.4285645676094929
12357.0,-0.7590529084145123
12358.0,-0.7361406241718138
12359.0,-0.10960749835044648
12360.0,0.00852800560463858
12361.0,0.17204564997388117
12362.0,0.44841893228711127
12363.0,0.5807920255294738
12364.0,0.6647281951237645
12365.0,0.40822963981027294
12366.0,0.23353418790289987
12367.0,0.20159891068626884
12368.0,0.714894468470157
12369.0,1.024755672898573
12370.0,1.3225633835562052
12371.0,1.3120705250341536
12372.0,0.8861307869008699
12373.0,0.8069320460481939
12374.0,1.205993813084402
12375.0,1.0074232437446784
12376.0,1.5464312171573293
12377.0,0.9489681305485733
12378.0,0.8799836235772268
12379.0,0.7876848372627482
12380.0,0.46443288014497186
12381.0,0.5140701394204601
12382.0,0.7888786939844274
12383.0,0.8342351332054001
12384.0,0.82973928199209
12385.0,0.6903743138615392
12386.0,0.9426388427050116
12387.0,1.0311279233980635
12388.0,1.1485505009428019
12389.0,1.0269290143603202
12390.0,0.8762974376450863
12391.0,0.5371965243304619
12392.0,0.315383380089418
12393.0,0.53166324800256
12394.0,0.18852209149432786
12395.0,0.12116539579976957
12396.0,0.20230660946495943
12397.0,0.2882581782194422
12398.0,0.3423939992744418
12399.0,0.07351439910774321
12400.0,0.22136344684926623
12401.0,0.25888959351871293
12402.0,0.10960490169993664
12403.0,-0.03038535542821838
12404.0,-0.2730550297038127
12405.0,-0.23965024826506398
12406.0,-0.863958842071417
12407.0,-0.21374786946310387
12408.0,-0.3239525982414559
12409.0,0.3900500398335589
12410.0,0.7030991459779952
12411.0,0.49800683165647913
12412.0,0.2281766687167253
12413.0,0.25794202692910356
12414.0,0.05026081630052287
12415.0,0.6455988499320057
12416.0,0.6477948531264441
12417.0,0.7042445574386056
12418.0,0.7852723957208213
12419.0,0.3803002462907883
12420.0,0.1499462186432163
12421.0,0.4168676372455701
12422.0,0.7497124531169942
12423.0,0.9540651207804042
12424.0,0.6738370118592351
12425.0,0.6967734207873888
12426.0,0.8387130171846041
12427.0,0.6633130984613589
12428.0,1.0570921951087977
12429.0,0.7012118595528548
12430.0,0.32367628378212665
12431.0,0.18121506813054275
12432.0,0.41069156055555056
12433.0,0.3828965201662237
12434.0,0.6752073431232605
12435.0,0.807219936528729
12436.0,0.8866039524824467
12437.0,0.9753154315798717
12438.0,1.329331917339639
12439.0,0.7148380814784423
12440.0,0.3967161135277292
12441.0,-0.14268717828641014
12442.0,-0.058994549726673284
12443.0,-0.28365854352212
12444.0,-0.6702689977218921
12445.0,-0.03019103665791134
12446.0,0.3089155949023648
12447.0,0.34337192699555585
12448.0,0.25703661074865175
12449.0,0.2322480821125655
12450.0,0.04773698144149971
12451.0,0.17746443659508496
12452.0,0.6587827151501192
12453.0,1.1207048731586131
12454.0,1.3838652494021595
12455.0,1.2733171518103894
12456.0,0.14038351844906183
12457.0,-0.12388853211017081
12458.0,0.045432161566741805
12459.0,-0.16604916401270298
12460.0,0.31487710941934954
12461.0,0.1397450517732981
12462.0,0.31129512342992005
12463.0,0.4120958209254852
12464.0,0.660653339145962
12465.0,0.5394584013514302
12466.0,0.34366716395862906
12467.0,0.3506618250961922
12468.0,0.6299125258189333
12469.0,0.9522531701500923
12470.0,1.12013934244499
12471.0,0.8033263163928168
12472.0,0.4068034647300463
12473.0,0.003544871666891103
12474.0,0.17644383866844954
12475.0,-0.1125765521941754
12476.0,-0.36130683039724953
12477.0,0.27963066014793425
12478.0,0.4696404282090897
12479.0,0.20286215455981418
12480.0,0.61301654183718
12481.0,0.6698651817456678
12482.0,0.24781586115229348
12483.0,0.2745887766734948
12484.0,0.010481879193535493
12485.0,-0.4214385547187727
12486.0,-0.34671291167504215
12487.0,-0.2757859119761325
12488.0,-0.3969257828604751
12489.0,-0.5900607196994012
12490.0,-0.29622869038679617
12491.0,-0.29013639298434374
12492.0,-0.644314213957462
12493.0,-0.6450756199926887
12494.0,0.0876511901713759
12495.0,0.6778617218373675
12496.0,0.3569477092467616
12497.0,-0.06741622339183406
12498.0,-0.4160276978598047
12499.0,-0.4591043525623656
12500.0,0.17328660484216368
12501.0,-0.1977008737252481
12502.0,-0.06231289426598141
12503.0,-0.05228976171066692
12504.0,-0.11171907918003199
12505.0,-0.36933265114421976
12506.0,-0.3987668544635972
12507.0,-0.09640133940712436
12508.0,-0.29048224391309624
12509.0,-0.6954944065639677
12510.0,-0.8433700231187616
12511.0,-0.8558485552836456
12512.0,-1.323651006291803
12513.0,-1.5276922192766482
12514.0,-1.4875308328795913
12515.0,-1.4872299700081582
12516.0,-1.209084234818277
12517.0,-1.1257346185457924
12518.0,-0.9425300179872147
12519.0,-1.440900226447222
12520.0,-1.1591852674622614
12521.0,-0.915938876449298
12522.0,-0.6057153051210098
12523.0,-0.4069519185730921
12524.0,-0.4397100797956625
12525.0,-0.3020720146718755
12526.0,-1.026099733670169
12527.0,-0.7902846790071627
12528.0,-0.2731771700369487
12529.0,0.08409659536189662
12530.0,0.27618223500857647
12531.0,0.08257127374473525
12532.0,-0.14566320777609795
12533.0,-0.16071016676560523
12534.0,-0.14164745881867982
12535.0,-0.07809757053359562
12536.0,0.46645880326340017
12537.0,0.5559639469820922
12538.0,0.9907436957150801
12539.0,0.7774820359459236
12540.0,0.7403938868504224
12541.0,0.9834871922768449
12542.0,1.101564705088936
12543.0,0.7837290044143108
12544.0,0.048585729690927115
12545.0,0.30102115362635484
12546.0,-0.09154736174648087
12547.0,-0.2560619114181538
12548.0,0.07717973895590058
12549.0,-0.027062892354550852
12550.0,-0.221891273211259
12551.0,0.002915855286299923
12552.0,-0.6356755148446112
12553.0,-0.4517524210376078
12554.0,-0.28710007536669935
12555.0,0.4171655778971529
12556.0,0.7285319087248183
12557.0,0.7306785232663706
12558.0,0.8273001348650653
12559.0,0.7396883485685236
12560.0,0.11363997481309329
12561.0,0.3552654277243966
12562.0,-0.04905066700989169
12563.0,-0.5891373257432359
12564.0,0.2530462867823019
12565.0,0.3553176137345586
12566.0,0.19925749097978318
12567.0,-0.22965604325140063
12568.0,-0.15177277808904596
12569.0,0.0806410836615184
12570.0,-0.2869719489082234
12571.0,-0.8181760558427568
12572.0,-0.7305265738565199
12573.0,-0.5764265267253231
12574.0,-0.41367200898877987
12575.0,-0.3141392743900389
12576.0,-0.5070869409018075
12577.0,-0.7548049234580791
12578.0,-0.7277698203815994
12579.0,-0.8257562175761096
12580.0,-1.0525525399348752
12581.0,-1.1208090399244286
12582.0,-1.6699277387409515
12583.0,-1.0047772724044548
12584.0,-1.3520343313557774
12585.0,-1.16212763189375
12586.0,-0.4961560207689172
12587.0,0.06247541491498837
12588.0,0.033586202566647044
12589.0,-0.1358186517121107
12590.0,-0.21517767903016335
12591.0,-0.4236084226349589
12592.0,-0.45938588226777677
12593.0,-0.8007905657744419
12594.0,-1.0993005450264453
12595.0,-0.2539169871183383
12596.0,0.43164619030143847
12597.0,0.027790670223787173
12598.0,0.2304506261776262
12599.0,-0.05708554885918257
12600.0,0.24071399639300653
12601.0,0.4258594659091548
12602.0,-0.15736224939470866
12603.0,-0.14488542147130226
12604.0,-0.14880545870352882
12605.0,-0.19294213461529186
12606.0,0.07579244911957242
12607.0,0.5742352468800114
12608.0,-0.027520845123929494
12609.0,-0.179814482495346
12610.0,0.42932061444651837
12611.0,0.10587389683959797
12612.0,0.42389060321479677
12613.0,0.6344027244882375
12614.0,1.0633089256739077
12615.0,1.2158444625980556
12616.0,1.1188892597622981
12617.0,1.079686497356436
12618.0,0.8323872403079859
12619.0,1.018108012825329
12620.0,0.9815001917099327
12621.0,0.7292842547561886
12622.0,0.27969732885934
12623.0,-0.0901031242303087
12624.0,-0.4902160227516415
12625.0,-0.30046485870125134
12626.0,-0.11375165132789833
12627.0,0.12122429225943748
12628.0,-0.058366487565573
12629.0,0.4299473887520404
12630.0,0.5876327939077886
12631.0,0.4508410154415855
12632.0,0.17430029760997923
12633.0,0.4158979254011181
12634.0,0.40268423410235554
12635.0,0.0881318340797202
12636.0,0.4232115440906179
12637.0,0.3957345836494193
12638.0,0.2987435696442631
12639.0,0.06422472495380466
12640.0,-0.01615487574597972
12641.0,0.12496036209599767
12642.0,0.1636972700463029
12643.0,0.36282524814457506
12644.0,0.40536069832488747
12645.0,-0.10446994513888624
12646.0,0.47343444238427457
12647.0,0.36788762347722664
12648.0,0.2210123838814644
12649.0,-0.14623361931182308
12650.0,-0.11801544401469397
12651.0,0.32682750311414377
12652.0,0.4178123516674438
12653.0,-0.011256767737810036
12654.0,-0.721443942626847
12655.0,-0.26114665787906755
12656.0,-0.40639942026947273
12657.0,-0.5737348064388432
12658.0,-0.3159984793799865
12659.0,-0.9205265450034485
12660.0,-0.9684451116029433
12661.0,-0.928269003950159
12662.0,-1.2827768075367252
12663.0,-1.7926387522363885
12664.0,-1.418461257022855
12665.0,-1.528166012623757
12666.0,-1.9126456448779956
12667.0,-2.166351224005785
12668.0,-1.6887260877871408
12669.0,-1.8196250288986988
12670.0,-2.105659807001134
12671.0,-1.84305782068427
12672.0,-2.183501599244658
12673.0,-1.946300534495535
12674.0,-1.7906874637530839
12675.0,-1.529428118018535
12676.0,-1.4780579668586362
12677.0,-1.24039744153619
12678.0,-1.034588787542247
12679.0,-0.6454673260209749
12680.0,-0.8083851198027564
12681.0,-0.3371393762524121
12682.0,-0.22738816440301696
12683.0,-0.31937311052240264
12684.0,-0.16034113352413518
12685.0,-0.04862060060655089
12686.0,-0.46796125660546634
12687.0,-0.2783982324340204
12688.0,-0.6908943827356839
12689.0,-0.5982768930802569
12690.0,-0.2790550354513789
12691.0,-0.4655651388117265
12692.0,-0.22580151939607263
12693.0,-0.001151342267013994
12694.0,-0.0030038021853260963
12695.0,-0.24830742353401375
12696.0,-0.37286389349187254
12697.0,-0.16853449794561576
12698.0,0.2218432027511832
12699.0,0.8090525228003052
12700.0,0.6972589978314502
12701.0,0.6738990012953834
12702.0,0.9727705292370401
12703.0,0.7488824488778002
12704.0,0.868806150611313
12705.0,1.4076585948193316
12706.0,1.4076165286806275
12707.0,0.6154393817753809
12708.0,1.2113043434755282
12709.0,1.5379297033506365
12710.0,1.409236448297749
12711.0,1.2757636988925651
12712.0,1.1624699792977213
12713.0,1.4713580553847674
12714.0,1.0270010170682657
12715.0,1.2667171483449882
12716.0,1.2837714424932736
12717.0,0.8119694119965487
12718.0,0.5494059406912546
12719.0,0.5467146476497721
12720.0,0.4355676331461165
12721.0,-0.2227569959820997
12722.0,-0.14379928907500875
12723.0,0.09949604180820104
12724.0,-0.43653221344190646
12725.0,-0.02321338908871534
12726.0,0.10529577820554159
12727.0,0.21280694924592522
12728.0,0.18294227854216757
12729.0,0.11077289141179755
12730.0,-0.4983486732076558
12731.0,-0.5803901971580181
12732.0,-0.7951580597822434
12733.0,-0.9685301354286502
12734.0,-0.7630515421333355
12735.0,-0.8817467602582935
12736.0,-1.007109863140966
12737.0,-1.1445175514081851
12738.0,-0.9023314060931471
12739.0,-1.0987352567965352
12740.0,-1.5997329916671874
12741.0,-1.7465879612922164
12742.0,-1.7928833178231407
12743.0,-1.8239558226963126
12744.0,-1.7385791837393876
12745.0,-0.8248247632914689
12746.0,-0.4907163749807563
12747.0,-0.09727508004931867
12748.0,-0.408825532792244
12749.0,-0.19050482801360705
12750.0,-0.5737275137782831
12751.0,-0.8750295825307857
12752.0,-0.7056689357870697
12753.0,-0.31511004766411993
12754.0,0.039764042650909326
12755.0,-0.08468136724170033
12756.0,0.13101948331878283
12757.0,-0.15052895023455343
12758.0,-0.1416602941048404
12759.0,-0.20702142923640776
12760.0,0.20153604686367133
12761.0,0.10425465838903714
12762.0,-0.23979545964971005
12763.0,-0.2179629328520191
12764.0,-0.3400442678037499
12765.0,-0.48487240043381297
12766.0,-0.38421250279816194
12767.0,0.6333366924173502
12768.0,1.002483930683375
12769.0,0.5733395120766611
12770.0,0.5629767882833819
12771.0,0.6747308622672359
12772.0,0.8431565677357016
12773.0,0.9531664127469103
12774.0,0.8158027693085452
12775.0,1.1000985795075202
12776.0,0.8821633117505902
12777.0,1.2799274356571186
12778.0,1.5194436886918903
12779.0,1.5511801530258826
12780.0,2.0628852203412453
12781.0,1.7511468794167708
12782.0,1.675939395571151
12783.0,1.7395312670812
12784.0,1.0643584591028026
12785.0,0.8020407820519667
12786.0,0.42264443175170113
12787.0,0.466513770466226
12788.0,0.42743792163661465
12789.0,0.7756702172785155
12790.0,0.9751846724647972
12791.0,0.8265265426617532
12792.0,0.6036339105390152
12793.0,0.38744522856488095
12794.0,0.5121266548126562
12795.0,0.28312935539866424
12796.0,0.4142914915607401
12797.0,-0.21944344748279865
12798.0,0.2765369127542265
12799.0,-0.06866212135813499
12800.0,-0.20862093265254458
12801.0,-0.4739151136864116
12802.0,-0.2634498892502277
12803.0,-0.13329297914637653
12804.0,-0.5289298219312388
12805.0,-0.4513414287448029
12806.0,-0.7857219115704662
12807.0,-0.723792983864353
12808.0,-0.44372878854065934
12809.0,-0.3245561070631436
12810.0,-0.46978834970879024
12811.0,-0.11944957835256836
12812.0,-0.16224153842316424
12813.0,0.04995148796295276
12814.0,-0.479883353173147
12815.0,-0.12977148820683965
12816.0,-0.21382166109005882
12817.0,-0.5557720883205628
12818.0,-0.6542084814260037
12819.0,-0.645200706576701
12820.0,-0.5068966981168628
12821.0,-0.4905082418912975
12822.0,-0.8597649393449192
12823.0,-0.2466557790911058
12824.0,-0.47207448456583007
12825.0,-0.34415013376425874
12826.0,-0.2318506098946701
12827.0,0.04827521586668365
12828.0,-0.43800465230024027
12829.0,-0.7205938781909621
12830.0,-0.5301212665830004
12831.0,-0.31468214579442844
12832.0,-0.023499494747980243
12833.0,0.08272719887525648
12834.0,-0.16477371881601516
12835.0,-0.37527980581535775
12836.0,-0.13189210067035886
12837.0,-0.08323847129942871
12838.0,0.10710092450951259
12839.0,-0.06785247544187922
12840.0,0.08848199697618771
12841.0,0.3386537443160977
12842.0,0.2642545890266127
12843.0,0.42272278189255275
12844.0,-0.35310920253007416
12845.0,-0.526286953711271
12846.0,-0.3793512657434571
12847.0,-0.15261187374195967
12848.0,-0.1380348150682824
12849.0,-0.09521395545890772
12850.0,0.15057515724109605
12851.0,-0.19200104944299196
12852.0,-0.3779768255089373
12853.0,-0.15115291991598487
12854.0,-0.015554146562629823
12855.0,0.1833932508694519
12856.0,-0.011979768630581034
12857.0,0.46714777664058227
12858.0,0.9899362580898092
12859.0,1.75569610493729
12860.0,1.9086635193595625
12861.0,2.3388055226761035
12862.0,2.495530808864882
12863.0,1.9498832634897625
12864.0,2.2617029421287227
12865.0,2.327837507676593
12866.0,2.2313021619289466
12867.0,2.2391494452092555
12868.0,2.0120993325853287
12869.0,1.907843588900075
12870.0,1.9607261722210028
12871.0,1.6988213521961635
12872.0,1.468979515963054
12873.0,1.5923481696181068
12874.0,1.4447774951980525
12875.0,1.5105785818389952
12876.0,1.5106184636135818
12877.0,1.2198541374444432
12878.0,1.2738178037265404
12879.0,1.5376703687790512
12880.0,0.758950405719857
12881.0,0.9349223656747233
12882.0,1.2120446404448981
12883.0,0.9270520203922856
12884.0,0.938769577011917
12885.0,0.563908472238579
12886.0,0.8696898230673589
12887.0,0.4542739170465954
12888.0,0.6974643393075433
12889.0,0.7573047940937203
12890.0,0.8812802833344311
12891.0,0.9388378705784088
12892.0,1.055673309009621
12893.0,0.688931973722481
12894.0,0.8263867607792438
12895.0,0.3935052889627641
12896.0,0.5755840848707896
12897.0,0.4979946729011263
12898.0,0.27112924238084546
12899.0,0.10122720774988767
12900.0,0.17718398909845867
12901.0,-0.1255740272250294
12902.0,-0.12447246350293638
12903.0,0.26597774041786953
12904.0,0.14202962620816423
12905.0,0.23591303039321865
12906.0,0.6150255627132617
12907.0,0.2906385956394922
12908.0,0.4729018269912588
12909.0,0.6546291763978607
12910.0,0.3191249876056013
12911.0,-0.2973895024394287
12912.0,-0.1274506677916193
12913.0,-0.5621507896558697
12914.0,-0.6473554979477072
12915.0,-0.21953256375267988
12916.0,0.2645859372459484
12917.0,0.7718488555065384
12918.0,-0.1370605903693668
12919.0,-0.35500488860840274
12920.0,-0.08028975370274877
12921.0,-0.2332413001351772
12922.0,-0.16979931666182468
12923.0,0.05424825983951187
12924.0,-0.12731602135504194
12925.0,0.06570859960600657
12926.0,0.7817840183541497
12927.0,0.8085808359336
12928.0,0.5847448270921154
12929.0,0.45694300836208945
12930.0,0.8532558804452473
12931.0,1.0214286430374908
12932.0,1.059282522928967
12933.0,1.1209308614744165
12934.0,0.9293674629811273
12935.0,1.3864821828592393
12936.0,1.7756746680689315
12937.0,1.4177267851094535
12938.0,0.9151846824878471
12939.0,0.3289550304558838
12940.0,0.301987280527245
12941.0,0.04706862680612009
12942.0,-0.14335060170233438
12943.0,-0.46113612260600667
12944.0,-0.5405306773681193
12945.0,-0.45198336926709837
12946.0,-0.14863660882674973
12947.0,-0.5413333864866244
12948.0,-0.5589585403758458
12949.0,-0.35745046516936263
12950.0,0.01068150940610485
12951.0,0.17073366081986416
12952.0,0.7510608359219271
12953.0,1.3489365186874713
12954.0,0.8295699813834407
12955.0,1.22955476039167
12956.0,1.140705052701276
12957.0,0.7906585313981509
12958.0,0.6407529245252207
12959.0,1.1418877281719282
12960.0,1.1563784893205435
12961.0,1.0530567967966988
12962.0,1.634725416160594
12963.0,1.9759475603942527
12964.0,1.9258116709014417
12965.0,1.6935056940446886
12966.0,1.9270307396244306
12967.0,2.3106037836042654
12968.0,2.0634848574614897
12969.0,2.152714256310272
12970.0,2.383894507053891
12971.0,2.5627750105309275
12972.0,2.0781487060450243
12973.0,1.8801667501752624
12974.0,1.6372890523843073
12975.0,1.4995906958611294
12976.0,1.6231693011684012
12977.0,1.637065006369887
12978.0,1.702391699862773
12979.0,1.8176559192426258
12980.0,1.5840979988432315
12981.0,1.7245502057810127
12982.0,2.003823497329322
12983.0,1.6405776252904054
12984.0,2.0378207619086637
12985.0,2.1057761116148623
12986.0,2.092366797481168
12987.0,1.7530815482823383
12988.0,1.5726517192811786
12989.0,1.137275599171667
12990.0,0.3607068856479594
12991.0,0.706881280793042
12992.0,0.1924678079065344
12993.0,-0.21843801780290467
12994.0,0.20937732074168117
12995.0,-0.14913488422747542
12996.0,-0.569361686806448
12997.0,-0.20952122790701094
12998.0,-0.1559698153872817
12999.0,-0.4573553926231795
13000.0,-0.06020637843696486
13001.0,0.2134214793081793
13002.0,0.024120697822264503
13003.0,0.2027794751880713
13004.0,-0.05071366005439348
13005.0,0.18426176599347535
13006.0,0.14112707910931693
13007.0,0.5722664739687074
13008.0,0.9275650600916334
13009.0,0.9960122810053178
13010.0,1.0335675642331552
13011.0,1.0579119186968644
13012.0,0.36847350275105417
13013.0,0.7702507314930345
13014.0,0.5178213883043017
13015.0,0.15527711896324947
13016.0,0.360401738577346
13017.0,0.3337895992834787
13018.0,-0.22287735100556127
13019.0,0.2518649106762228
13020.0,0.1885452789848819
13021.0,-0.07032922106452827
13022.0,0.0728636702940898
13023.0,0.025043838182073695
13024.0,-0.05438926160442778
13025.0,0.062206275377780826
13026.0,0.21715919478499285
13027.0,0.8193614948901333
13028.0,0.6686182015362033
13029.0,0.6590071217172895
13030.0,1.1769739977688864
13031.0,1.1526565978534642
13032.0,0.8384299577140962
13033.0,0.41588713020129364
13034.0,-0.247653800024001
13035.0,-0.3300915070711443
13036.0,-0.06046062290007359
13037.0,0.5148372091847732
13038.0,0.6743750800943286
13039.0,0.7481466351544996
13040.0,0.6061514693279441
13041.0,0.44495199825630694
13042.0,0.7457364741477133
13043.0,0.08993996403709303
13044.0,0.24855129850843855
13045.0,0.5201333717901118
13046.0,0.22459410622905984
13047.0,0.6417871939959012
13048.0,0.8757913550045497
13049.0,0.9571462227166467
13050.0,0.9595459357242122
13051.0,0.7825572488744555
13052.0,1.2636915050891255
13053.0,0.7545716112107778
13054.0,0.7816173750803634
13055.0,0.5847049802640304
13056.0,0.8892022270969393
13057.0,0.7036710793603503
13058.0,0.45595965385047554
13059.0,0.024477435272671377
13060.0,0.3798472378386026
13061.0,0.4750926592710178
13062.0,1.0003391319772041
13063.0,0.3058111598361183
13064.0,0.5293892507053293
13065.0,0.7939125265986864
13066.0,0.7132869915311237
13067.0,0.3553487696922677
13068.0,0.0243685547554206
13069.0,0.7191199007913904
13070.0,0.6668447721176435
13071.0,1.1145407732455883
13072.0,1.2315704344579521
13073.0,1.3631160464517267
13074.0,1.6304708875308318
13075.0,1.5158468776220557
13076.0,1.0293476499434056
13077.0,0.8053587423417887
13078.0,0.5815659925617769
13079.0,0.6569772339403792
13080.0,0.6312377639398878
13081.0,0.6472201461752375
13082.0,1.141457146611717
13083.0,0.5594550618701096
13084.0,0.4160246375253447
13085.0,0.03937314755998034
13086.0,-0.12863747383258073
13087.0,-0.17065581594161358
13088.0,-0.6609104119187879
13089.0,-0.6009953909595893
13090.0,-0.44788177700757337
13091.0,-0.6167735212779414
13092.0,-0.7648089353181746
13093.0,-0.7241168088549647
13094.0,-1.1711876096901892
13095.0,-0.8548925908594593
13096.0,-0.8713074468214709
13097.0,-0.8046475787273769
13098.0,-0.3765691427843769
13099.0,0.16346668985482238
13100.0,0.49990628446012775
13101.0,0.5462389293868007
13102.0,0.10872605600001256
13103.0,0.1812678028630138
13104.0,0.5540153384684896
13105.0,0.416638946259389
13106.0,0.6508120552248977
13107.0,0.7805123690256841
13108.0,1.012243846055819
13109.0,1.1572394187227442
13110.0,1.2677144647928913
13111.0,1.5178000903953957
13112.0,1.4092385231632385
13113.0,1.6867727688615344
13114.0,1.722693013363557
13115.0,1.6827692369181793
13116.0,1.770157485141676
13117.0,1.4472962547684056
13118.0,1.0031822774347963
13119.0,0.43985567693690397
13120.0,0.3898572214591398
13121.0,0.5061569701250351
13122.0,0.8201590368282253
13123.0,0.6899236563592331
13124.0,0.68115841619988
13125.0,0.994557850906417
13126.0,0.7488204899020253
13127.0,0.5158411654431974
13128.0,0.5591568422276473
13129.0,0.8347943943905065
13130.0,0.5734902277766021
13131.0,0.35353055285123414
13132.0,0.3431123290352299
13133.0,0.47361980440559387
13134.0,0.289126766825311
13135.0,-0.36267607584927364
13136.0,-0.4336939336739324
13137.0,-0.3869451612488584
13138.0,-0.6910403443039008
13139.0,-1.1231628891517427
13140.0,-1.0645898379761485
13141.0,-1.5666807389736586
13142.0,-1.5886521655078376
13143.0,-1.3681722285877396
13144.0,-2.0149116409670853
13145.0,-2.1151642782760622
13146.0,-2.5318931603718067
13147.0,-2.816020885800076
13148.0,-2.3366184316612975
13149.0,-2.5273271665219146
13150.0,-2.259489278628606
13151.0,-1.795021307072787
13152.0,-1.8941779515380102
13153.0,-1.9880829992691955
13154.0,-1.1318540821325236
13155.0,-1.3681435888675906
13156.0,-1.7654222623197604
13157.0,-1.2790951100881274
13158.0,-1.1136852509240327
13159.0,-1.2714994478673078
13160.0,-0.43143500599285
13161.0,-0.13367618323716113
13162.0,0.15979618543431895
13163.0,-0.019459168000698995
13164.0,0.03599326275428211
13165.0,0.18168277242940675
13166.0,0.26646732570431225
13167.0,0.5876656815151315
13168.0,0.6110869436495663
13169.0,0.7483741637989342
13170.0,0.45197997094917564
13171.0,0.17582302658529914
13172.0,0.5772253071395228
13173.0,0.6288948082995369
13174.0,0.08266401063052364
13175.0,-0.02810940677981945
13176.0,0.22527938148563587
13177.0,0.28908276247047326
13178.0,0.33535588925509174
13179.0,0.0007513574594051331
13180.0,0.12055591241697719
13181.0,0.19513909711893995
13182.0,0.6763614999821579
13183.0,0.7586801937220258
13184.0,-0.05748778630722584
13185.0,0.3382531827301196
13186.0,0.19255341588720526
13187.0,0.49214751017095976
13188.0,0.6179155274163834
13189.0,-0.21747849679815312
13190.0,-0.6312135597967115
13191.0,-0.5862572847789693
13192.0,-0.5266207259279125
13193.0,-0.9257906813803413
13194.0,-1.3375705427542608
13195.0,-1.4848811994561282
13196.0,-1.295956512750531
13197.0,-1.0726867735658066
13198.0,-1.4390786917694125
13199.0,-1.7191099141666517
13200.0,-1.8879675501522597
13201.0,-1.9409776882317005
13202.0,-2.345220550496473
13203.0,-2.1739358110971825
13204.0,-2.421315215034453
13205.0,-2.3337476230387164
13206.0,-2.1152406526934904
13207.0,-2.135661558215541
13208.0,-1.616565084508736
13209.0,-0.9053396200751488
13210.0,-1.0086354506190125
13211.0,-0.7406818854210374
13212.0,-0.6164800889022322
13213.0,-0.6851031802749329
13214.0,-0.8466783672547773
13215.0,-0.8410879028599183
13216.0,-1.092908853969809
13217.0,-1.1598370748860132
13218.0,-1.0707306137384491
13219.0,-1.1618934304581048
13220.0,-1.1069154711197207
13221.0,-1.0404123578234243
13222.0,-0.8642713182726051
13223.0,-0.29574833360598507
13224.0,-0.41223990702489216
13225.0,-0.32370650107121446
13226.0,0.01816066155654994
13227.0,-0.3195000566040342
13228.0,-0.16913499799047413
13229.0,0.26799321805898546
13230.0,0.3378540269365367
13231.0,0.08206735781241292
13232.0,0.5681517557048775
13233.0,0.8500788957268481
13234.0,1.2554571234323788
13235.0,1.0435168703428557
13236.0,0.9272613738925325
13237.0,1.151238351208706
13238.0,0.7320226136478343
13239.0,0.37486376905274954
13240.0,0.3063703090255516
13241.0,0.2889687407317241
13242.0,0.019033792598470156
13243.0,-0.027178546649578667
13244.0,-0.5931912447247886
13245.0,-0.47695781912667684
13246.0,-0.3698104468067025
13247.0,0.5895941275392218
13248.0,-0.06246525255404434
13249.0,-0.0032219448252705715
13250.0,-0.655166787804241
13251.0,-1.2895201890660122
13252.0,-0.3850165989490898
13253.0,-0.9163896145753103
13254.0,-0.41956624544424875
13255.0,-0.16838140775016028
13256.0,-0.1973355279090435
13257.0,-0.8189331672133932
13258.0,-0.7764150212663001
13259.0,-0.6177248248525675
13260.0,-0.38288758236823783
13261.0,-0.8972595529695894
13262.0,-0.384310344763389
13263.0,-0.03270223277062628
13264.0,-0.409699059019727
13265.0,-0.3344588990438603
13266.0,-0.4596067531692881
13267.0,-0.6757918464051329
13268.0,-0.7582982868115538
13269.0,-0.7431237540603947
13270.0,-0.7728301662763748
13271.0,-0.5982792820189355
13272.0,-0.3189511199414269
13273.0,-0.1514350137091228
13274.0,-0.3661490692544016
13275.0,-0.5805998082498242
13276.0,-0.68352063691905
13277.0,-0.4196628017731193
13278.0,-0.5796759221937497
13279.0,-0.4002325231854653
13280.0,-0.7103438251372451
13281.0,-1.1326915446093455
13282.0,-1.4741790209746117
13283.0,-1.406707729500327
13284.0,-1.6017788201276864
13285.0,-1.4917317042830915
13286.0,-0.8881332955194218
13287.0,-1.0020524139142426
13288.0,-0.4689277754477592
13289.0,-0.27525985184616464
13290.0,-0.17562777836164367
13291.0,-0.07049269984927338
13292.0,0.0584642726069184
13293.0,0.07384165383143951
13294.0,0.2309053430791356
13295.0,0.2885801378986832
13296.0,0.5278676628272703
13297.0,0.8205247792386521
13298.0,0.8420228315042141
13299.0,0.8281862112797677
13300.0,1.0018316512580872
13301.0,1.20697600389801
13302.0,0.8163884227314049
13303.0,0.6233557648240574
13304.0,0.3148132978683697
13305.0,0.5518624619243446
13306.0,0.9976523858226605
13307.0,0.30022930318757113
13308.0,0.8675431197689358
13309.0,1.1974657258212111
13310.0,1.3153338778441743
13311.0,1.3518204941875012
13312.0,1.7365805174462077
13313.0,2.106573879212122
13314.0,1.9580873593912842
13315.0,1.43995197661009
13316.0,1.638610489800728
13317.0,1.0692365987613395
13318.0,1.264492755440714
13319.0,0.7560837939450278
13320.0,0.9869418382368662
13321.0,0.9724741182855059
13322.0,0.9884354245429721
13323.0,1.3786391994963845
13324.0,1.389922846645019
13325.0,1.0796435753266918
13326.0,0.6064172961507857
13327.0,0.6567912956451257
13328.0,1.2176445134106522
13329.0,1.1213405284326787
13330.0,1.5286105704690496
13331.0,0.6935414163322267
13332.0,0.35785532980180246
13333.0,0.4688993426349648
13334.0,0.3614908135101959
13335.0,0.11845292127660353
13336.0,0.4432078920654043
13337.0,0.7393897269345622
13338.0,0.882059225669612
13339.0,1.5460507710745142
13340.0,1.440383187675569
13341.0,1.1165583950150777
13342.0,1.2532983052274065
13343.0,1.0676429726764278
13344.0,1.3000145825970504
13345.0,1.2451584725537022
13346.0,1.3311982758954108
13347.0,1.779125574940719
13348.0,1.6908766550782868
13349.0,1.860643155801445
13350.0,1.8071506909996724
13351.0,1.9536814063335934
13352.0,2.0141789800496537
13353.0,2.0670188139703627
13354.0,2.2576793729894957
13355.0,2.4437990830254397
13356.0,2.5270287662207305
13357.0,2.6312327291198443
13358.0,2.545544869581383
13359.0,2.356385796638536
13360.0,2.18706636886837
13361.0,2.038508503067032
13362.0,2.393357739744655
13363.0,1.8979602852285264
13364.0,1.4240806521804605
13365.0,1.8792049504903843
13366.0,1.680202740805996
13367.0,1.3317773214489792
13368.0,1.5866703899921362
13369.0,1.8349732578431435
13370.0,2.3129702153110574
13371.0,2.820325493620964
13372.0,2.969958559113901
13373.0,3.526031214530063
13374.0,3.0271089482129323
13375.0,2.6032159602977214
13376.0,3.2651891386771514
13377.0,3.3316787838618174
13378.0,3.150968928916813
13379.0,3.055289476920064
13380.0,3.1511530191488126
13381.0,3.07736369825107
13382.0,2.571380407595813
13383.0,2.3649721861169204
13384.0,2.137791971934301
13385.0,2.1903769254150083
13386.0,2.1459197586527172
13387.0,2.1835481284188014
13388.0,1.6426626736135608
13389.0,1.7537514880311336
13390.0,1.7099138523142636
13391.0,1.6043136763005321
13392.0,1.6817692001793643
13393.0,1.1412993595548997
13394.0,0.27682792643495224
13395.0,0.08835714344700388
13396.0,-0.2180943683721946
13397.0,-0.23858012392124295
13398.0,-0.3447916727091767
13399.0,-0.2675386272367631
13400.0,-0.06097255377979757
13401.0,0.1193910837920493
13402.0,0.3977489728949777
13403.0,0.23586280760774458
13404.0,0.488954836743808
13405.0,0.3349768647828153
13406.0,0.41364864827198633
13407.0,0.14514036864935026
13408.0,0.11025454327530174
13409.0,-0.004624904325052567
13410.0,-0.19024895638112468
13411.0,-0.35021837497936553
13412.0,-0.3786045201255898
13413.0,-0.29843635857992307
13414.0,-0.035858436496307156
13415.0,-0.6557840263089454
13416.0,-1.003658468426221
13417.0,-0.7676379063186286
13418.0,-0.5550086823821336
13419.0,-0.6340405261381827
13420.0,-1.0648504953045728
13421.0,-0.824377762616686
13422.0,-0.995192425770043
13423.0,-0.9756370356320335
13424.0,-0.8831821486918611
13425.0,-0.31786088050865535
13426.0,0.12029608224773486
13427.0,0.4122624441832067
13428.0,0.6122962136456388
13429.0,0.4299638843175272
13430.0,0.38750650773301143
13431.0,1.0425027886314824
13432.0,1.4385734886745194
13433.0,1.5343183840589132
13434.0,1.5747201535162691
13435.0,1.9918191592621863
13436.0,2.515838780873105
13437.0,1.9237083632302947
13438.0,2.37335039654971
13439.0,2.1276323813170888
13440.0,2.1833795426580886
13441.0,2.4539750992222613
13442.0,2.394481310913093
13443.0,2.0673714084098895
13444.0,1.3282374925411058
13445.0,1.641863974672234
13446.0,1.5556571673626334
13447.0,1.9808802671016439
13448.0,1.3541242227839807
13449.0,0.8130299437253143
13450.0,0.7936373745069277
13451.0,1.1163553368914638
13452.0,0.9128167229378481
13453.0,0.5753870771552223
13454.0,0.4671676636100551
13455.0,0.7779726295246321
13456.0,0.4870914852582839
13457.0,0.475597237004817
13458.0,0.5285130636458784
13459.0,0.27081370964613133
13460.0,0.895756496969901
13461.0,1.271831936414848
13462.0,0.9034240458967748
13463.0,0.4252104356626342
13464.0,0.1563698599714907
13465.0,-0.4155238474858809
13466.0,-0.46356425188744677
13467.0,-0.06518949407224411
13468.0,-0.2646744279209362
13469.0,-0.34222914035567065
13470.0,-0.5292111115287842
13471.0,-0.7072660791498473
13472.0,-0.5140095518561001
13473.0,-0.3577751352186211
13474.0,-0.6057763652049979
13475.0,-0.9771219245366017
13476.0,-0.7643804288254124
13477.0,-0.7835046654562264
13478.0,-0.8836267908116928
13479.0,-1.0032181668506281
13480.0,-0.9629012086771551
13481.0,-1.0484695707357357
13482.0,-1.1630872556126552
13483.0,-0.5799950014451791
13484.0,-0.4412024950993832
13485.0,-0.8826507752164706
13486.0,-0.6520834012508321
13487.0,-0.6850210091503472
13488.0,-0.36325051497736077
13489.0,-0.04284682516436522
13490.0,0.6150176295609752
13491.0,0.4057614463916604
13492.0,0.5533176295212721
13493.0,0.3328411723338828
13494.0,-0.01192618235779791
13495.0,0.09345987385897556
13496.0,0.1376994859170092
13497.0,0.3189779470565017
13498.0,-0.1993645950685466
13499.0,0.4033112715237003
13500.0,0.7568667449266031
13501.0,1.1796563751975897
13502.0,1.381359557055795
13503.0,1.7211870970212009
13504.0,1.8243572514550854
13505.0,2.5293501163015857
13506.0,2.4386507903660073
13507.0,2.3757277336739673
13508.0,2.57007758950869
13509.0,2.484096934473171
13510.0,2.2337680838960052
13511.0,2.0607818692235753
13512.0,2.1755833456377185
13513.0,2.3871484198957127
13514.0,2.3754543277936304
13515.0,2.1576374610992777
13516.0,2.0416357234053613
13517.0,1.9503322851100602
13518.0,2.2189746847574296
13519.0,2.171126800142386
13520.0,1.639640145769988
13521.0,1.7181797100918328
13522.0,1.2564781469704835
13523.0,1.2246996760701956
13524.0,1.1180940596449112
13525.0,1.564154194359968
13526.0,1.3674686327635721
13527.0,1.2939943765557353
13528.0,1.881196519465322
13529.0,1.8854141985891326
13530.0,2.1423964719570483
13531.0,1.883053293188354
13532.0,1.588024794558336
13533.0,1.043910958146995
13534.0,0.6444204463928571
13535.0,0.7681284455233719
13536.0,0.56577345713431
13537.0,0.3736438157528543
13538.0,-0.15268050543067951
13539.0,-0.585761763156519
13540.0,-0.5927668285990879
13541.0,-0.8226547270966817
13542.0,-0.9642487298585722
13543.0,-1.070787956534312
13544.0,-0.43228054271757277
13545.0,-0.25642083592678944
13546.0,-0.4212119272994941
13547.0,-0.3610743372483351
13548.0,-0.3146495025337892
13549.0,-0.40549482166382755
13550.0,-0.4123467406122483
13551.0,-0.834160371153295
13552.0,-0.6315125577956144
13553.0,-0.311466039412268
13554.0,-0.7381806107585777
13555.0,-0.7027133997273496
13556.0,-0.6192430447688222
13557.0,-0.8638099213671261
13558.0,-0.6536000225494365
13559.0,-0.18408985256852173
13560.0,-0.6306540345034948
13561.0,-0.5526653853088312
13562.0,-1.0080399934790396
13563.0,-1.4352727158494945
13564.0,-0.8956856441683871
13565.0,-0.6505623100755331
13566.0,-0.3808662467867382
13567.0,-0.3184128424695189
13568.0,-0.3560337930629747
13569.0,-0.2821117343093589
13570.0,-0.5944468950455131
13571.0,0.07335290407288708
13572.0,-0.1199068086034908
13573.0,-0.2311732600698302
13574.0,-0.008447404901220923
13575.0,0.09555600955866875
13576.0,-0.7298584714688316
13577.0,-1.0683674126807137
13578.0,-1.0870423284731616
13579.0,-0.8156043099778857
13580.0,-0.7474899914546311
13581.0,-0.46693807916850627
13582.0,-0.6974349837995065
13583.0,-0.8047840051495104
13584.0,-1.1967594510083353
13585.0,-0.8546837668013039
13586.0,-1.0743313098435001
13587.0,-1.2251877211241031
13588.0,-1.3725497495859416
13589.0,-1.0486521303332768
13590.0,-0.7107503942920204
13591.0,-0.4204992002774253
13592.0,-0.8469112339542069
13593.0,-0.6469672103879147
13594.0,-1.1685391571907044
13595.0,-0.6690823623761447
13596.0,-0.34405437041254705
13597.0,-0.3804486782060262
13598.0,0.08543849039409696
13599.0,0.1825989247703136
13600.0,0.2307402617016825
13601.0,-0.016968305321680394
13602.0,-0.1467503049179918
13603.0,0.27788120873723715
13604.0,0.12938628210751352
13605.0,0.917090649849294
13606.0,0.8910204291384065
13607.0,0.992959959439959
13608.0,0.6309974563691221
13609.0,0.9341624849823239
13610.0,1.1369893052705953
13611.0,0.8367821899508157
13612.0,0.8795575442151381
13613.0,1.397907459360788
13614.0,1.1304756977982797
13615.0,0.8944392856810381
13616.0,1.0455662286072231
13617.0,1.2015202453566984
13618.0,0.8687600273774915
13619.0,0.5270976599330683
13620.0,0.9026981030778641
13621.0,0.5984646136076618
13622.0,0.882701883098097
13623.0,0.5019497325558437
13624.0,0.3436454308905458
13625.0,-0.19815709092519213
13626.0,-0.0910569284122929
13627.0,-0.3826025781224365
13628.0,-0.1832917194853539
13629.0,-0.35201545036554693
13630.0,-0.7352279155379446
13631.0,-0.3379573692771801
13632.0,-0.5316776728936259
13633.0,-1.1160089876995385
13634.0,-1.5153276088441943
13635.0,-1.9289943074448221
13636.0,-2.114602648873429
13637.0,-2.1499731764736327
13638.0,-1.3300118644842236
13639.0,-1.347435569058411
13640.0,-1.0296936963073369
13641.0,-1.2265659588139943
13642.0,-1.4781935610938106
13643.0,-1.2726054532632594
13644.0,-0.6632016384448938
13645.0,-0.6886640101633923
13646.0,-0.5876206015552246
13647.0,-0.7722906875917952
13648.0,-1.4229108236600312
13649.0,-1.3973483734808734
13650.0,-1.2923767722982742
13651.0,-1.1130311603513128
13652.0,-1.0985381260004365
13653.0,-0.8592098536828944
13654.0,0.09619144157481996
13655.0,-0.3833805584416013
13656.0,-0.631781463311542
13657.0,-0.7127248150011053
13658.0,-1.373692952524781
13659.0,-1.357885562742555
13660.0,-1.6977385308693829
13661.0,-1.1371825434254332
13662.0,-1.2291330252857346
13663.0,-1.5265075661610519
13664.0,-1.1870323426592417
13665.0,-0.8395261355038537
13666.0,-0.7711727809714372
13667.0,-0.741950129224196
13668.0,-0.45808823577598046
13669.0,-0.5777092253546926
13670.0,-0.016130747656925015
13671.0,-0.2618480413480889
13672.0,-0.29617657427883914
13673.0,-0.2324267952975585
13674.0,-0.6187710461214466
13675.0,-0.2573585159549391
13676.0,-0.2499618321408422
13677.0,-0.6867017352797452
13678.0,-0.4664861596006144
13679.0,-0.49499070504640186
13680.0,-1.183782622468485
13681.0,-1.3653488843742636
13682.0,-0.997776901793181
13683.0,-1.4990255330157718
13684.0,-1.338137505659723
13685.0,-0.9997320228336363
13686.0,-1.3560131205159296
13687.0,-1.4511985963560874
13688.0,-1.9826368470826061
13689.0,-1.8595346025813753
13690.0,-2.0485905321210627
13691.0,-1.9528484036660414
13692.0,-1.3197333170597145
13693.0,-1.733996110243416
13694.0,-1.7123834166311684
13695.0,-1.7141971966394252
13696.0,-1.4336060850459078
13697.0,-1.3101257703653828
13698.0,-1.6115572170827854
13699.0,-1.47139247028573
13700.0,-1.4154597404493703
13701.0,-1.0146753875130066
13702.0,-1.1673768865871657
13703.0,-1.1143347389670666
13704.0,-0.5385845317039814
13705.0,-0.27116455256027233
13706.0,-0.26229687918555233
13707.0,-0.6165171533219287
13708.0,-0.007642830341671125
13709.0,-0.18459613234943642
13710.0,0.04566295452951413
13711.0,-0.07691801628917735
13712.0,-0.0541104526043854
13713.0,-0.43175447867175015
13714.0,-0.9142916511397017
13715.0,-0.716480629958377
13716.0,-0.6554530729491269
13717.0,-0.3586173819956264
13718.0,-0.6170843192065609
13719.0,-0.526586651245811
13720.0,-0.42675495194743956
13721.0,-0.2796216721794731
13722.0,-0.09871712643907549
13723.0,0.0014383671517098212
13724.0,0.1236444614513901
13725.0,-0.4547180953496998
13726.0,-0.7693433762004831
13727.0,-1.1860803229647092
13728.0,-1.0552699142938042
13729.0,-1.1703664508847476
13730.0,-1.2059060092304974
13731.0,-1.1268744491572307
13732.0,-1.172600932811777
13733.0,-0.9786671187620786
13734.0,-1.1734457540730767
13735.0,-1.4964656497958964
13736.0,-1.1529415579855145
13737.0,-0.9850194313880107
13738.0,-0.24479545113550827
13739.0,-0.2649782892891204
13740.0,-0.5154014456002947
13741.0,-0.4232787423864149
13742.0,-0.45486969699853813
13743.0,-0.6349441701283263
13744.0,-0.5368172262748346
13745.0,-0.6850755426236861
13746.0,-1.0760473273744275
13747.0,-1.5139999562522366
13748.0,-1.6212401490487733
13749.0,-1.611988456188137
13750.0,-1.2295705568804276
13751.0,-1.437904107986898
13752.0,-1.5257516754292235
13753.0,-1.0178696195997035
13754.0,-1.224426000168464
13755.0,-1.0344838957398463
13756.0,-0.8300052465322665
13757.0,-0.9699053688647545
13758.0,-0.5267118248170989
13759.0,-0.4110672629111313
13760.0,-0.4245617522190575
13761.0,-0.8209831424300521
13762.0,-0.6500499166249207
13763.0,-0.30994229803935686
13764.0,-0.08007389411844404
13765.0,-0.14664127383013617
13766.0,-0.1609261419024789
13767.0,-0.6755909682459691
13768.0,-1.277488516791693
13769.0,-1.363305032555455
13770.0,-1.6229884571335333
13771.0,-1.647739201984877
13772.0,-1.2281757188742088
13773.0,-0.9446621431772566
13774.0,-0.6474920347367463
13775.0,-0.4652515223709137
13776.0,-0.28567674407051413
13777.0,-0.3510211122632574
13778.0,-0.2811870994879512
13779.0,-0.2896705628791769
13780.0,0.5188498631937015
13781.0,0.580896184951109
13782.0,1.419100891645227
13783.0,1.249958170577478
13784.0,1.0175963851458178
13785.0,0.9009934811494787
13786.0,0.4938623301456197
13787.0,0.7591825338564003
13788.0,0.6376500921174196
13789.0,0.6445816064151123
13790.0,0.3261205560904598
13791.0,0.09287602520321461
13792.0,0.2628624561736832
13793.0,0.08896238948672247
13794.0,0.21165336750619448
13795.0,0.6137280384845182
13796.0,0.3931839135837896
13797.0,0.31586766701180635
13798.0,-0.09906797784437177
13799.0,-0.42750541011345505
13800.0,-0.4262689139879836
13801.0,-0.2948171131057488
13802.0,-0.5215070987214525
13803.0,-1.0573765896093883
13804.0,-1.2114613772952283
13805.0,-0.7900179117358688
13806.0,-0.9039205851945318
13807.0,-1.2181694466324462
13808.0,-1.21459481647176
13809.0,-0.8730424703101156
13810.0,-0.5624244306140833
13811.0,-0.6296759206226864
13812.0,-0.11690110929349368
13813.0,0.558966218831889
13814.0,0.7603989634161032
13815.0,0.8410456033065252
13816.0,0.3279998526724833
13817.0,0.11428921187108679
13818.0,0.5374111731546167
13819.0,0.9263938876207087
13820.0,1.5823858213062898
13821.0,1.2073258465412675
13822.0,1.016225301917352
13823.0,1.5609353532166863
13824.0,1.7164814179493506
13825.0,1.493059127496331
13826.0,1.782731696260532
13827.0,2.286842014645185
13828.0,1.9111372922586547
13829.0,1.9205533457303121
13830.0,1.735382881787985
13831.0,1.7326997239722037
13832.0,1.2442045317884984
13833.0,1.2908502555534371
13834.0,1.5184992841301175
13835.0,1.299297902568429
13836.0,1.0120942747282682
13837.0,0.7666607635003297
13838.0,0.7874137492899694
13839.0,0.6922485931718857
13840.0,1.244978292769353
13841.0,0.9300570013060502
13842.0,1.5679375029836136
13843.0,1.2995064302684107
13844.0,0.9896540639655034
13845.0,1.144735170574878
13846.0,1.0872652035421193
13847.0,0.7999720832970043
13848.0,1.2430056602646413
13849.0,1.1812141668078864
13850.0,1.019832677532362
13851.0,1.1501423752611561
13852.0,0.6099133881619107
13853.0,0.21695837745823576
13854.0,0.9661235857686812
13855.0,0.9078780343521967
13856.0,0.9819920776253996
13857.0,1.0260146293603558
13858.0,0.8091788221191054
13859.0,0.43041594964924934
13860.0,0.08966941262835176
13861.0,-0.039822940177724905
13862.0,-0.02625049895359891
13863.0,-0.5170455133646978
13864.0,-0.5380773016048369
13865.0,-0.5349061480840482
13866.0,-1.26005099655318
13867.0,-0.719797004399058
13868.0,-0.6406525692888997
13869.0,-1.2043772195074558
13870.0,-1.0185099383690996
13871.0,-1.3508082416480203
13872.0,-1.466590896869452
13873.0,-1.3495771333488258
13874.0,-1.4337169079552117
13875.0,-0.57697124176559
13876.0,-0.07834894161786737
13877.0,0.3509941283993575
13878.0,0.18356190514497067
13879.0,0.5006124198492674
13880.0,0.17362080710945405
13881.0,0.13411363869137544
13882.0,-0.05704132146645988
13883.0,0.17628971265632756
13884.0,0.11757113656387311
13885.0,-0.4877010735502644
13886.0,-0.47614170244613674
13887.0,-0.45184796346985556
13888.0,-0.72013011300972
13889.0,-0.8936955338749412
13890.0,-0.6029876839014754
13891.0,-0.6292808457515765
13892.0,-0.778698456066287
13893.0,-1.4044025476869009
13894.0,-1.377584068546611
13895.0,-1.183011054448047
13896.0,-1.2086296028865107
13897.0,-0.8014001935788297
13898.0,-0.604531149287215
13899.0,-0.5661498237652737
13900.0,-0.4581061155258988
13901.0,-0.3123006587242068
13902.0,-0.23343613286516296
13903.0,-0.4325019630065037
13904.0,0.3088902718506724
13905.0,0.24216483842703385
13906.0,0.350626700353188
13907.0,0.28422520700683734
13908.0,0.4699698441749949
13909.0,0.24618591608787882
13910.0,0.4765887072688172
13911.0,0.05027381409473025
13912.0,0.28465596090687234
13913.0,0.34259447663278453
13914.0,-0.022776291147165284
13915.0,-0.12907027481995412
13916.0,-0.20628526768488914
13917.0,-0.3033569706879698
13918.0,-0.04469964555143949
13919.0,-0.0958777533345325
13920.0,0.07325461324512676
13921.0,-0.4086440897928317
13922.0,-0.5483414596040631
13923.0,0.11063644863411015
13924.0,0.21452861714858396
13925.0,0.20777204624351123
13926.0,0.2594237951318461
13927.0,0.31787827820485826
13928.0,0.39815238608327574
13929.0,0.42458140173455816
13930.0,0.8916226980918752
13931.0,1.074995801910087
13932.0,1.0707780410272658
13933.0,0.7199893073776279
13934.0,-0.18630449344058875
13935.0,-0.4631024828866646
13936.0,0.04197746499710103
13937.0,0.1231403262799582
13938.0,-0.4818513740605559
13939.0,-0.5937095609727294
13940.0,-0.29132002592125844
13941.0,-0.3705519976857058
13942.0,-0.21428229950009106
13943.0,-0.4477914647134938
13944.0,-0.25742872560040464
13945.0,-0.604844385897355
13946.0,-0.5626297066651728
13947.0,-0.12004973010588849
13948.0,0.00792420553455131
13949.0,-0.25720348689478356
13950.0,-0.02692931360736761
13951.0,-0.6733086645843254
13952.0,0.0730942414367417
13953.0,-0.8130337988638626
13954.0,-0.17909828766439062
13955.0,0.4376149821175748
13956.0,0.8039852945280154
13957.0,0.5541395732913308
13958.0,0.3645627118296778
13959.0,0.04858495595443241
13960.0,-0.01799552932623323
13961.0,-0.33981667028947504
13962.0,0.147900528960071
13963.0,-0.08919264391926454
13964.0,-0.5781917543877201
13965.0,-0.7128427684573968
13966.0,-0.6005881600864366
13967.0,-1.1800379807833181
13968.0,-1.5435333343320665
13969.0,-1.5387887970834069
13970.0,-1.43717815365821
13971.0,-1.366098962279607
13972.0,-1.2176143213587045
13973.0,-0.9047707688274456
13974.0,-1.399257958371176
13975.0,-1.5151760219849957
13976.0,-1.5875250702026138
13977.0,-1.6257798069834917
13978.0,-1.9172396899139421
13979.0,-1.5186791127175665
13980.0,-1.2099965581315237
13981.0,-0.7311932274675521
13982.0,-0.6664970023323705
13983.0,-0.8151539731529679
13984.0,-1.1046564587397683
13985.0,-1.1412246971210787
13986.0,-1.1512133246234129
13987.0,-0.4647058420819876
13988.0,-0.4290784670494078
13989.0,-1.1249782365410042
13990.0,-1.0673284844177644
13991.0,-0.9238394369233621
13992.0,-1.6445370842091371
13993.0,-0.9522189612781705
13994.0,-0.873834965865182
13995.0,-0.5827965796985161
13996.0,-0.37190965942915716
13997.0,0.020711733438284752
13998.0,0.31695561704720515
13999.0,0.2526955788719244
14000.0,0.3882700102953931
14001.0,0.4392982439178678
14002.0,0.3240461666422907
14003.0,0.4048517215091869
14004.0,0.36664658190121263
14005.0,0.5961107896346958
14006.0,0.2558148915522405
14007.0,0.7102383448017182
14008.0,0.5844592515881011
14009.0,0.6594584825031817
14010.0,0.6086990030520242
14011.0,0.7040966468870539
14012.0,0.5365556377707665
14013.0,0.9389418708031383
14014.0,1.0827684378921028
14015.0,1.1828130902849747
14016.0,1.3399500480890307
14017.0,1.2011575234262086
14018.0,1.1451545508999577
14019.0,1.2412967576963403
14020.0,1.0432652881584477
14021.0,1.1694470854142864
14022.0,0.9397406675685167
14023.0,0.885994299228968
14024.0,1.019155187675643
14025.0,0.8071988839293791
14026.0,0.6452872403480786
14027.0,0.49491949514085576
14028.0,0.291583504685466
14029.0,-0.12930279458717125
14030.0,0.01439928301449446
14031.0,-0.6505157270758624
14032.0,-0.9035216903997143
14033.0,-0.6769802376467992
14034.0,-0.8126447894082298
14035.0,-0.28215120513227226
14036.0,-0.18650498224816797
14037.0,-0.23706379857756738
14038.0,-0.3495397010900509
14039.0,-0.951041054674522
14040.0,-0.9317363825119851
14041.0,-1.3290637450023675
14042.0,-0.4344468424973841
14043.0,-0.7521574005608784
14044.0,-0.41476554323371845
14045.0,-0.20831652229643305
14046.0,-0.6074950284960161
14047.0,-1.3862319960015599
14048.0,-1.8640349832724217
14049.0,-1.908012495320619
14050.0,-2.131796221384748
14051.0,-2.091793949167524
14052.0,-2.254655450973482
14053.0,-2.425294406301348
14054.0,-2.618894108996622
14055.0,-2.925748071469241
14056.0,-2.5409983541589702
14057.0,-2.272614175572256
14058.0,-2.0525734043003454
14059.0,-1.9913882811940513
14060.0,-2.1025735783031205
14061.0,-1.710570580788231
14062.0,-2.1554234069639406
14063.0,-2.1223661930195643
14064.0,-2.396503700155868
14065.0,-2.416999044328516
14066.0,-2.202301339445045
14067.0,-1.7411767120894657
14068.0,-1.797848138669679
14069.0,-2.0508393520325363
14070.0,-1.5837332442131984
14071.0,-1.9883147381852204
14072.0,-2.21474448250226
14073.0,-2.2900541361743723
14074.0,-1.852558844660248
14075.0,-1.1435300253813958
14076.0,-1.688698867066071
14077.0,-1.5439231128427537
14078.0,-1.3843304622039023
14079.0,-1.2608742293434796
14080.0,-0.9968389617038194
14081.0,-1.2112330964446967
14082.0,-0.8825928430322336
14083.0,-1.1475909629401408
14084.0,-0.5436226223110403
14085.0,-0.46633145660021386
14086.0,-0.7949590412955889
14087.0,-1.1851659783528095
14088.0,-1.2732670480480957
14089.0,-1.3102904527532242
14090.0,-1.0169510248877853
14091.0,-0.9939464403803046
14092.0,-0.08079278196413431
14093.0,-0.007615455485944889
14094.0,-0.18962931959644455
14095.0,-0.3946625335531693
14096.0,-0.6959897925836442
14097.0,-1.7386448614049916
14098.0,-1.7993693794851338
14099.0,-1.3380239650169066
14100.0,-1.9434312503971491
14101.0,-2.270390503194126
14102.0,-2.138778641010562
14103.0,-2.373785174742126
14104.0,-1.9854262650046548
14105.0,-2.0262475737193233
14106.0,-2.215613648495531
14107.0,-2.150384765082907
14108.0,-1.8517000418779934
14109.0,-2.358139771217339
14110.0,-2.548454031459789
14111.0,-2.1564239832754395
14112.0,-1.4946677154836099
14113.0,-1.4983905984277592
14114.0,-1.0817234554545958
14115.0,-1.4673772194736088
14116.0,-1.2449764807723533
14117.0,-2.0619030012816055
14118.0,-2.0716016592713027
14119.0,-1.5386576334735043
14120.0,-1.9904365095328176
14121.0,-1.391375345387219
14122.0,-1.2404580131853156
14123.0,-1.2176844587031224
14124.0,-0.8662743488731519
14125.0,-1.0431079290600884
14126.0,-1.280903507646803
14127.0,-1.6181923432791154
14128.0,-1.799094970433551
14129.0,-1.2030428384302403
14130.0,-0.8234133410163866
14131.0,-0.869901709678418
14132.0,-0.742920910391555
14133.0,-0.8423288170636694
14134.0,-1.1284272477148023
14135.0,-1.5028238181072107
14136.0,-1.0498494887119156
14137.0,-0.5970998975191933
14138.0,-0.7466892772713305
14139.0,-1.0699807676473692
14140.0,-0.5065337284614841
14141.0,-0.8607008520204995
14142.0,-1.0735746563682216
14143.0,-0.8348961219771307
14144.0,-0.7287744285744592
14145.0,-0.3416980086540197
14146.0,-0.747343943210296
14147.0,-0.6919822046081433
14148.0,-0.07762161318972893
14149.0,0.135469177036025
14150.0,0.14142954787695394
14151.0,0.131431432256546
14152.0,-0.12263029204547977
14153.0,-0.47563130242545437
14154.0,-0.2822572137524567
14155.0,-0.5768964038578128
14156.0,-0.5785296693855518
14157.0,-0.5116523569469673
14158.0,-0.4441085959017244
14159.0,-0.705799542519175
14160.0,-1.3459939198988493
14161.0,-1.8253305270943976
14162.0,-1.5190565477263824
14163.0,-1.373002103307617
14164.0,-0.9176867025000385
14165.0,-1.3018899544227045
14166.0,-0.7515848794785933
14167.0,-1.1597478484556303
14168.0,-0.7067235816233656
14169.0,-0.49762328290341007
14170.0,-0.6520675414078696
14171.0,-0.9152594162797398
14172.0,-0.9529919267028446
14173.0,-0.8320841988469084
14174.0,-0.9232932428071926
14175.0,-1.0032966258942226
14176.0,-0.4778549147401937
14177.0,-0.7388219546903692
14178.0,-0.8292805765745062
14179.0,-1.0468410293908814
14180.0,-0.8515798489590704
14181.0,-0.8545366348438069
14182.0,-1.6312531218456903
14183.0,-1.6700194947206028
14184.0,-1.449028222303816
14185.0,-1.5351406857443095
14186.0,-1.4659224301166518
14187.0,-1.2825998278325972
14188.0,-0.9460742007744869
14189.0,-0.9545910801191693
14190.0,-0.9054389462334526
14191.0,-1.3897246062484356
14192.0,-1.4711947593878505
14193.0,-1.216431566530231
14194.0,-0.8324642186029161
14195.0,-0.5572839337172576
14196.0,-0.4037861430131009
14197.0,-0.32568122142684086
14198.0,0.10474109157945999
14199.0,0.23764472129724612
14200.0,-0.09532060658114594
14201.0,-0.41421219201299936
14202.0,-0.3089509722064015
14203.0,-0.33525266592634645
14204.0,-0.9886943067453702
14205.0,-1.5172233610798749
14206.0,-1.5927367747549273
14207.0,-1.7874040175297712
14208.0,-1.6738617789684191
14209.0,-1.6510987034590332
14210.0,-2.1163541464459934
14211.0,-2.2218621354571852
14212.0,-2.3576485433764787
14213.0,-2.088128337003154
14214.0,-2.399558993308725
14215.0,-2.5995968797903855
14216.0,-2.5831063391839546
14217.0,-2.1776486076180004
14218.0,-2.077230421436678
14219.0,-2.1465770299854228
14220.0,-2.404029605254681
14221.0,-2.113513277249684
14222.0,-2.449289333887337
14223.0,-2.753845532138303
14224.0,-2.775242488038825
14225.0,-2.519656169200006
14226.0,-2.5941236561265653
14227.0,-2.2447814181513754
14228.0,-2.5184580394540443
14229.0,-1.7396781799910839
14230.0,-1.6998190218954687
14231.0,-1.8653185808287647
14232.0,-1.3361025301690646
14233.0,-1.6447886264325202
14234.0,-1.2979050174186206
14235.0,-1.4101268843574826
14236.0,-1.7560340578776552
14237.0,-2.0747198363571955
14238.0,-2.248708894780603
14239.0,-2.3101880487502617
14240.0,-1.82329309538056
14241.0,-2.2403640300548595
14242.0,-1.6106766949080433
14243.0,-1.3007688643783821
14244.0,-1.2891729902666338
14245.0,-1.066775797472919
14246.0,-1.4729459298707774
14247.0,-1.154784594842224
14248.0,-1.159577693503451
14249.0,-1.4509890396284628
14250.0,-1.8312508521783553
14251.0,-2.05415590074759
14252.0,-1.4720894897002728
14253.0,-0.9616236227363506
14254.0,-0.9917361455498609
14255.0,-0.5564791193045011
14256.0,-0.539085483235363
14257.0,-0.50149682210766
14258.0,-0.9235872529316702
14259.0,-0.9393385039342333
14260.0,-0.8922291642415933
14261.0,-0.8474168329273191
14262.0,-0.8132721294085269
14263.0,-0.854008624654997
14264.0,-0.8297224789990372
14265.0,-0.6967845913439212
14266.0,-0.5100747374249912
14267.0,-0.6735541220044884
14268.0,-0.33396924852030935
14269.0,-0.6378328781730603
14270.0,-0.6412912541579971
14271.0,-0.7953693524159662
14272.0,-0.5835575964140154
14273.0,-0.6608457827287985
14274.0,-0.26805889928626914
14275.0,0.3703579084879606
14276.0,0.6598653562930692
14277.0,0.520845897971506
14278.0,0.3616693705811185
14279.0,0.17930712865842488
14280.0,0.4859046037492251
14281.0,0.6768469145752348
14282.0,0.21361417225334745
14283.0,0.136689365146066
14284.0,0.5336063155982547
14285.0,0.4440544673713841
14286.0,-0.09604427928082904
14287.0,-0.05773117528923172
14288.0,-0.041832057309857416
14289.0,-0.17911353380831568
14290.0,-0.5525231257896455
14291.0,-0.6611667194821831
14292.0,-0.5138859596499074
14293.0,-0.40071126759381026
14294.0,-0.5588400666248028
14295.0,-0.41249082417060967
14296.0,-0.907949106620189
14297.0,-0.9634345697204636
14298.0,-0.6868592876318812
14299.0,-0.8217652688654284
14300.0,-1.0695023028736035
14301.0,-1.1829993401023668
14302.0,-1.1445302070092938
14303.0,-1.1936778442415024
14304.0,-1.1721256218035723
14305.0,-1.5968475374370659
14306.0,-1.1679551829885757
14307.0,-0.8295621911636542
14308.0,-0.8693405441629138
14309.0,-0.36338310830323695
14310.0,-0.1570327686383327
14311.0,-1.1947545877539134
14312.0,-1.3543449220507493
14313.0,-1.492744394067715
14314.0,-1.7797976725695164
14315.0,-2.196013526655499
14316.0,-1.7143131082157406
14317.0,-1.881057327594454
14318.0,-2.020681683206867
14319.0,-1.5233512001738656
14320.0,-1.9947734207763532
14321.0,-1.8784389220863622
14322.0,-1.166129538286575
14323.0,-0.8360966659465644
14324.0,-0.599696906290814
14325.0,-0.7647525317549162
14326.0,-0.7606560986818085
14327.0,-1.1286021400776174
14328.0,-1.0070467949998891
14329.0,-0.6132775584297965
14330.0,-0.9773822064147379
14331.0,-0.9105937107646402
14332.0,-0.8713706881647448
14333.0,-0.9232178002895916
14334.0,-0.1383026235342366
14335.0,-0.14330068725799347
14336.0,-0.035477020085599234
14337.0,-0.07395495600841227
14338.0,0.007573343983072078
14339.0,0.25123885290198467
14340.0,0.5684722074110282
14341.0,0.7184408048086595
14342.0,0.8929004971281894
14343.0,0.4370934665058914
14344.0,0.5099168519969468
14345.0,0.26821845431744507
14346.0,0.3837530300308485
14347.0,0.12620977625796811
14348.0,0.06571203472311972
14349.0,0.2138824301133606
14350.0,-0.207502927825882
14351.0,0.07965924545806122
14352.0,-0.1639844277846039
14353.0,-0.09849571950135083
14354.0,-0.21255660014684877
14355.0,0.100640018170641
14356.0,-0.14113703128238414
14357.0,0.12002836718082915
14358.0,-0.43833702921832823
14359.0,-0.7890673783978451
14360.0,-0.9107361559210891
14361.0,-0.8949264377357793
14362.0,-0.42888042643623364
14363.0,-0.4114034899581935
14364.0,-0.37050725601235635
14365.0,-0.08628191580894873
14366.0,0.2453322164309274
14367.0,-0.3259073715727493
14368.0,-0.3490417326686657
14369.0,-0.337782475978656
14370.0,0.29728197476289814
14371.0,0.15363200730363444
14372.0,0.008946019804571798
14373.0,-0.4477016989926365
14374.0,-0.8225855057926632
14375.0,-0.8542094996312435
14376.0,-1.28039210751028
14377.0,-1.7586090240835943
14378.0,-1.5621701891949868
14379.0,-1.732001588167675
14380.0,-2.1428008290154277
14381.0,-2.0127164389659415
14382.0,-1.152910428829565
14383.0,-1.0825738636490316
14384.0,-1.5003218986479523
14385.0,-1.2615114741767444
14386.0,-1.2554175560064473
14387.0,-1.3879066495930523
14388.0,-1.36056888390438
14389.0,-1.517758054763615
14390.0,-1.2530831442246688
14391.0,-1.1953434792553568
14392.0,-0.8508339934985264
14393.0,-0.7185679295206242
14394.0,-0.3559679216188174
14395.0,-0.4440340896123977
14396.0,-0.4113638352458068
14397.0,-0.2731438235425614
14398.0,-0.033803346932770206
14399.0,-0.0980753513946292
14400.0,-0.6351868334753824
14401.0,-0.10954961826061194
14402.0,0.44327736059739453
14403.0,0.17185148832957506
14404.0,0.13431052593668538
14405.0,-0.09696283301315983
14406.0,-0.4925260045969131
14407.0,-0.8694632888110678
14408.0,-1.099033139217889
14409.0,-1.1822123984709958
14410.0,-1.2294575537262602
14411.0,-1.3354616152448655
14412.0,-0.9975354187725383
14413.0,-1.3980087299455746
14414.0,-1.4645745562234598
14415.0,-1.3606073713129019
14416.0,-0.7244345470520704
14417.0,-0.3670812397011133
14418.0,-0.4042233827876471
14419.0,-0.524948522278718
14420.0,-0.5085525395202857
14421.0,-1.063412866886778
14422.0,-1.114989954624859
14423.0,-0.937152485036101
14424.0,-0.7586616866870488
14425.0,-1.4916740402247692
14426.0,-1.1430186261807855
14427.0,-0.13116591963658397
14428.0,0.11097364688592364
14429.0,0.24795732028912879
14430.0,0.06643823163567025
14431.0,-0.5469149350273161
14432.0,-0.842798311299214
14433.0,-0.4424651922531766
14434.0,-0.6080115374185905
14435.0,-0.5585655178364256
14436.0,-0.7088285343773517
14437.0,-1.0322350362233597
14438.0,-0.7356799967375331
14439.0,-0.6335666425262443
14440.0,-0.7127154380397864
14441.0,-0.9673972043008221
14442.0,-0.5529020106805821
14443.0,-0.38344052037769405
14444.0,-0.056016275157506845
14445.0,0.2951004494998546
14446.0,0.43571789562744034
14447.0,0.5578280078816877
14448.0,0.7344285762239015
14449.0,0.9114869568457422
14450.0,1.1919320681719743
14451.0,1.3806090682362564
14452.0,0.8372543616567494
14453.0,1.0156151309687882
14454.0,0.7928472100739832
14455.0,0.4160282942097143
14456.0,0.6345595551919797
14457.0,0.4651527253761093
14458.0,0.2725821006977552
14459.0,-0.317458717363406
14460.0,-0.22399068829850496
14461.0,0.04461084248357913
14462.0,-0.2847397110410385
14463.0,-0.38744906150749553
14464.0,-0.7277203554822465
14465.0,-0.6236987967710759
14466.0,-0.8477855019477221
14467.0,-0.5413560669921099
14468.0,-0.5220170711531316
14469.0,-0.3642685671195774
14470.0,-0.4514412169312203
14471.0,-0.5337762896623626
14472.0,-0.2666062729651201
14473.0,0.07602880456379912
14474.0,0.7368376641422991
14475.0,0.35049752145741964
14476.0,0.12974097857911754
14477.0,0.14537225010537694
14478.0,0.10462287555406685
14479.0,0.6175101476017943
14480.0,0.45008390617094374
14481.0,0.4346656294830654
14482.0,0.22792989775635977
14483.0,0.4118555548640399
14484.0,0.4592719881760413
14485.0,1.0024669030640008
14486.0,0.6704373076351917
14487.0,0.13926663539302753
14488.0,0.20487190955892887
14489.0,0.3248539453826187
14490.0,0.34088568658984675
14491.0,0.18501514867114768
14492.0,0.12808088655598343
14493.0,0.28154952246781395
14494.0,0.28122814414025127
14495.0,-0.10781817787817904
14496.0,-0.2717180890173394
14497.0,-0.4325905994627175
14498.0,-1.0348981622713662
14499.0,-0.41241859492778943
14500.0,-0.170865851932199
14501.0,0.35245411173497543
14502.0,0.27974198165956965
14503.0,-0.10155458237120374
14504.0,0.26950826198006733
14505.0,0.8530707875870225
14506.0,0.6005062526123064
14507.0,0.5181484483612799
14508.0,0.8332793343902754
14509.0,0.17688861743104067
14510.0,0.40951181976612605
14511.0,0.41518334449732425
14512.0,0.5213338550436705
14513.0,0.837899896758411
14514.0,0.949417138756407
14515.0,0.2753630544720812
14516.0,0.35116884452441094
14517.0,0.5172347274440884
14518.0,0.22584438195181333
14519.0,-0.09450791852250676
14520.0,-0.46927379865363095
14521.0,-0.21976015729989645
14522.0,-0.5616048658652728
14523.0,-0.7514009979529108
14524.0,-1.044849043427827
14525.0,-0.9407727735028187
14526.0,-0.8217534607073096
14527.0,-0.743238620802991
14528.0,-0.9564964471121373
14529.0,-0.9620174168308184
14530.0,-0.5882528971239522
14531.0,-0.7812061380410478
14532.0,-0.5585180895010865
14533.0,-0.33536029839801584
14534.0,-0.3406659728273242
14535.0,-0.3061794737319151
14536.0,-0.9158435402207592
14537.0,-0.6877865503102172
14538.0,-0.5397269796463564
14539.0,-0.47236435815872485
14540.0,-0.10049804022365083
14541.0,-0.27094153148593436
14542.0,-0.5604634707794376
14543.0,0.08781234121178583
14544.0,0.7314533476037706
14545.0,0.888730991531827
14546.0,0.6859017883869623
14547.0,0.14618516053356956
14548.0,0.3882037165045934
14549.0,0.5406854521460157
14550.0,0.12154662416058848
14551.0,0.21393897571992063
14552.0,0.09535730746303335
14553.0,0.19484607325607128
14554.0,0.1725089005543862
14555.0,0.06629649722701926
14556.0,-0.021208327112869754
14557.0,-0.38289855981218873
14558.0,-0.496719508211924
14559.0,-0.48662091926162715
14560.0,-0.18450637445667234
14561.0,-0.06437991506918363
14562.0,-0.574092626011507
14563.0,-0.7831403511726001
14564.0,-0.6272579155016118
14565.0,-0.7048963188742747
14566.0,-0.46501987118036203
14567.0,-0.7343468370928339
14568.0,-0.44581733651733496
14569.0,-0.34993256430836184
14570.0,-0.3118776349286079
14571.0,-0.4876913655476082
14572.0,-0.12638313342391555
14573.0,-0.022600876587106508
14574.0,-0.2349964152866665
14575.0,-0.03821476509050015
14576.0,-0.2500162004330467
14577.0,0.020092830991751492
14578.0,0.16831594435442077
14579.0,0.0871579160425872
14580.0,0.35943851426787937
14581.0,0.03566305080533916
14582.0,-0.5144833716115534
14583.0,-1.05250796668563
14584.0,-1.717468360205113
14585.0,-2.166052152238357
14586.0,-1.923911366719731
14587.0,-1.2845496774870635
14588.0,-1.4305260991130728
14589.0,-1.033332832202661
14590.0,-1.6987819159397235
14591.0,-1.4201947623422573
14592.0,-1.4625332466484555
14593.0,-1.5479367566889224
14594.0,-1.9473247892039782
14595.0,-2.0446144674324005
14596.0,-1.8125651733511636
14597.0,-1.6593022610645363
14598.0,-1.2794257781884166
14599.0,-1.1741909238035013
14600.0,-1.6120641609107251
14601.0,-1.6525429375037894
14602.0,-1.9546998830584028
14603.0,-1.760163378525694
14604.0,-2.2541015777220568
14605.0,-2.1190578534022406
14606.0,-1.7709196649684908
14607.0,-1.7691750727842055
14608.0,-1.3859608266299515
14609.0,-1.426024285499863
14610.0,-1.4244106428990029
14611.0,-1.20734157608257
14612.0,-1.4421882830805868
14613.0,-0.7445824790149924
14614.0,-0.9701517207563986
14615.0,-0.9992488426876247
14616.0,-1.3756048677622212
14617.0,-1.2159806005589362
14618.0,-1.0629054154261015
14619.0,-1.2824445477059792
14620.0,-1.2713403282196705
14621.0,-1.3884019802759218
14622.0,-1.89330506957765
14623.0,-2.1523367630250867
14624.0,-2.3108150596039256
14625.0,-1.677231832414261
14626.0,-1.2768089690721987
14627.0,-0.94007715259025
14628.0,-0.6131824041312615
14629.0,-0.5232213070417044
14630.0,-0.4078771764694972
14631.0,-0.7563532902001531
14632.0,-1.0073087054281462
14633.0,-0.8682111596469614
14634.0,-0.3618179402358646
14635.0,-0.7580449254360466
14636.0,-0.5019830569065662
14637.0,-0.17160598467373084
14638.0,0.07809174448003539
14639.0,0.23634263806039987
14640.0,0.2440073768310571
14641.0,0.3154853552917982
14642.0,-0.2789242084995557
14643.0,0.21150280361451695
14644.0,-0.3149613926743712
14645.0,0.09028682994239973
14646.0,-0.19943266874942395
14647.0,-0.7554001158574071
14648.0,-0.6077916481379732
14649.0,-0.10091750000751804
14650.0,-0.3184723817895464
14651.0,0.31148899431516436
14652.0,-0.227032243128918
14653.0,-0.1620445813489994
14654.0,-0.4186273534518651
14655.0,-0.21860471274781654
14656.0,-0.19898886549850828
14657.0,-0.5507013615600628
14658.0,-0.4733453257505027
14659.0,-0.17276156622179972
14660.0,-0.5593847388000789
14661.0,-0.4177177889195717
14662.0,-1.029333174882884
14663.0,-0.49337337113120755
14664.0,-0.6049839873780746
14665.0,-0.8329622532321974
14666.0,-1.0114930821373171
14667.0,-1.035198111293413
14668.0,-1.0963271654343125
14669.0,-1.1214973805429986
14670.0,-1.2390766428347577
14671.0,-1.1540313606000279
14672.0,-1.0015832056193597
14673.0,-1.3544957303943006
14674.0,-1.604853633534668
14675.0,-1.3668229080848142
14676.0,-0.8678575758674894
14677.0,-0.3616648374908765
14678.0,0.13269516411525528
14679.0,-0.41876277610015444
14680.0,-0.2928188741758916
14681.0,-0.14799327219462435
14682.0,-0.061148637265541095
14683.0,-0.7123078481350971
14684.0,-0.45065713700659515
14685.0,-0.5785972333216538
14686.0,-0.13638918411964107
14687.0,0.09981255629007926
14688.0,0.3771557896246938
14689.0,0.6062898754627168
14690.0,0.24122220509800024
14691.0,0.3383394207148581
14692.0,0.12818963041249187
14693.0,0.29345336184342113
14694.0,0.42353043024757253
14695.0,0.49517833021367563
14696.0,-0.12700524960822074
14697.0,-0.1758604766520845
14698.0,0.29197582366929
14699.0,0.6093406552499216
14700.0,0.94587413676915
14701.0,1.0654359216609013
14702.0,1.3974246188708066
14703.0,1.0304362884674636
14704.0,1.082446227608036
14705.0,1.4193451616956008
14706.0,1.1038869233539317
14707.0,0.7551643441045193
14708.0,0.32505267135488014
14709.0,0.22269813583039721
14710.0,-0.16444047360640626
14711.0,-0.40501776880453205
14712.0,-0.4081987920187695
14713.0,-0.46788650928194897
14714.0,-0.381718877263879
14715.0,-0.9196996516131463
14716.0,-1.0528852309294208
14717.0,-1.1423453631351248
14718.0,-0.8652521492187729
14719.0,-0.6277907114716299
14720.0,-0.6492295661380695
14721.0,-0.45833281605312237
14722.0,-0.5864060376268353
14723.0,-0.6303141639347686
14724.0,-0.4734477408948168
14725.0,-0.5458093265729456
14726.0,-0.6536136666864243
14727.0,-0.1729344007384208
14728.0,0.3775166336637559
14729.0,-0.005734531053443015
14730.0,0.05036823572444345
14731.0,-0.45738926623986426
14732.0,-0.46126498431070045
14733.0,-0.4398319551716061
14734.0,-0.8975512545620631
14735.0,-0.8078194769513265
14736.0,-0.4385656700736104
14737.0,-0.5792176491123264
14738.0,-1.0657151190339782
14739.0,-1.356493323589304
14740.0,-1.2232654189957157
14741.0,-1.1300937878353405
14742.0,-1.0722624621452443
14743.0,-1.061371126698287
14744.0,-1.2978502087123307
14745.0,-1.7388149589460795
14746.0,-1.843385862818915
14747.0,-1.30783927384326
14748.0,-0.8170832491957414
14749.0,-0.6003866466510863
14750.0,-0.7197773801755533
14751.0,-1.1675181184947856
14752.0,-1.033068048030571
14753.0,-1.1027758743934697
14754.0,-0.8939828734729818
14755.0,-0.5567489997737514
14756.0,-0.5699799930476331
14757.0,-0.49614854225855004
14758.0,-0.5742643015296912
14759.0,-0.6864357211636622
14760.0,-0.6916093589226014
14761.0,-0.5022490557752108
14762.0,-1.1809351627499594
14763.0,-1.2008089635924544
14764.0,-0.8811325470044848
14765.0,-0.9089191474421614
14766.0,-0.8089783316900968
14767.0,-1.345410573811082
14768.0,-1.441899479576787
14769.0,-1.053629351379715
14770.0,-1.5344389227401096
14771.0,-1.44159474329558
14772.0,-1.4904857780771623
14773.0,-1.6175339815857246
14774.0,-1.4357530748513123
14775.0,-1.5712727193903855
14776.0,-1.5319390669257444
14777.0,-1.4210163889748462
14778.0,-1.5297695463560799
14779.0,-1.1172609498898278
14780.0,-1.3433761571435225
14781.0,-0.9729487205495774
14782.0,-1.074637551109537
14783.0,-0.9876977556420623
14784.0,-1.023046017824608
14785.0,-1.2670862656122905
14786.0,-1.4688328263799046
14787.0,-1.1215214320787315
14788.0,-1.50050436959186
14789.0,-1.8088469778152452
14790.0,-2.1018164555891365
14791.0,-1.584105884260794
14792.0,-1.7907428744622083
14793.0,-1.398687444720832
14794.0,-1.1175005940970903
14795.0,-1.3465217691491906
14796.0,-1.2032287469781544
14797.0,-0.9701414514979798
14798.0,-0.8983710696265201
14799.0,-0.8150397440078084
14800.0,-0.31150518864634014
14801.0,-0.44807907533451397
14802.0,-0.642882927282067
14803.0,-0.7738628692157243
14804.0,-0.535690707373519
14805.0,-0.21846140109903128
14806.0,-0.8618173615702408
14807.0,-0.81538668112178
14808.0,-0.05458516286129367
14809.0,0.004844820657802271
14810.0,-0.394780410449801
14811.0,-0.5289672278530583
14812.0,-0.5571692374788495
14813.0,-0.6297208974260391
14814.0,-1.0454001207396126
14815.0,-0.6793492805427817
14816.0,-0.7995666472015323
14817.0,-0.3430023748702002
14818.0,-0.16451217496958576
14819.0,0.2217487119387687
14820.0,-0.036380506686669895
14821.0,0.13957710696594317
14822.0,-0.5422513502102624
14823.0,-0.6150337724751632
14824.0,-0.8140478738345971
14825.0,-0.36687816100938486
14826.0,0.20256055802071216
14827.0,0.223826204798703
14828.0,0.010926466936270252
14829.0,-0.37834373905988783
14830.0,-0.7002445011807044
14831.0,-0.8491887453788071
14832.0,-0.7139040746770806
14833.0,-0.7087546313798144
14834.0,-0.9119355104948816
14835.0,-1.0781763677121186
14836.0,-0.962256911994231
14837.0,-1.1760143210070573
14838.0,-1.0327383834705712
14839.0,-0.9516253531976536
14840.0,-0.3924528481633516
14841.0,-0.7449419738200872
14842.0,-0.8804573109811082
14843.0,-0.5049452150643863
14844.0,-0.9224607000898575
14845.0,-1.3285560052665515
14846.0,-1.1249243461487415
14847.0,-0.6607253451810386
14848.0,-0.47493572265949524
14849.0,-0.22595944025601827
14850.0,-0.6297854856048716
14851.0,-1.078402317647101
14852.0,-0.9261911971864359
14853.0,-1.3902374295319626
14854.0,-1.22742231364351
14855.0,-1.5402189657850343
14856.0,-1.426413351140154
14857.0,-1.5261658936879254
14858.0,-1.4535325933494738
14859.0,-1.1771679528958152
14860.0,-0.49596276294015074
14861.0,-0.8909678557950828
14862.0,-0.8082607858305615
14863.0,-0.48868304119900685
14864.0,-0.6236678175176273
14865.0,-0.6861553149143177
14866.0,-0.5762520905363037
14867.0,-0.07731740546973787
14868.0,0.5207299021539102
14869.0,0.7576552046018821
14870.0,0.32342469507052335
14871.0,-0.02757187998776084
14872.0,-0.24570512580824322
14873.0,-0.04237988006635618
14874.0,-0.27389790188840935
14875.0,-0.2044994962935176
14876.0,-0.3424104541701928
14877.0,-0.3794831699005674
14878.0,-0.7678688455399455
14879.0,-0.44989105121669803
14880.0,-0.30643815910410543
14881.0,-0.2093511410498607
14882.0,-0.16895726149727017
14883.0,0.14830509535749356
14884.0,-0.21394237473985048
14885.0,0.10584715683379228
14886.0,0.006862036968517157
14887.0,0.2259025627673028
14888.0,-0.21210797574379053
14889.0,0.06224795389385723
14890.0,0.3905889433457248
14891.0,0.3449825572928178
14892.0,0.41289674611514593
14893.0,-0.11793921441334326
14894.0,0.20555190408551902
14895.0,0.5308554047194892
14896.0,1.1611157127297775
14897.0,1.1422277256462285
14898.0,0.853875715099996
14899.0,1.1954717899394682
14900.0,1.2899704081132946
14901.0,1.4085419159993522
14902.0,1.1068070611756167
14903.0,0.6745642289618886
14904.0,0.7886914902180012
14905.0,0.3496468299184205
14906.0,0.627003614541352
14907.0,0.7232703615663438
14908.0,1.0384043964447862
14909.0,0.933572218032752
14910.0,0.27652798676736623
14911.0,0.6404039047082689
14912.0,0.6150359464600995
14913.0,1.0389548359080871
14914.0,0.4736593989618312
14915.0,0.186616352099702
14916.0,-0.31703496007198584
14917.0,0.029519305614992164
14918.0,0.31692585649276483
14919.0,-0.09739903262807514
14920.0,-0.2476436475895331
14921.0,0.09784576733968212
14922.0,0.5493760581649431
14923.0,0.48213033262295746
14924.0,0.053262535918218
14925.0,-0.05185104363238383
14926.0,0.26646210180514285
14927.0,-0.15582190172728566
14928.0,-0.18384374725702338
14929.0,-0.7161637917053574
14930.0,-0.7063850921175902
14931.0,-1.4198408019623958
14932.0,-1.2078856940749159
14933.0,-1.0488762468295654
14934.0,-1.481490270212522
14935.0,-1.982131089125743
14936.0,-2.1300866450682
14937.0,-2.1777036418431814
14938.0,-1.839111237313277
14939.0,-1.075127405138516
14940.0,-0.7690684077997065
14941.0,-0.25202934002533767
14942.0,0.18588747814800521
14943.0,0.34240684734280946
14944.0,0.3980838093958704
14945.0,0.35232184739296646
14946.0,0.3785272779587898
14947.0,0.3105318408731211
14948.0,0.22667351037521694
14949.0,0.17779246009024818
14950.0,-0.0035182425292845376
14951.0,-0.1956420553016105
14952.0,-0.15784193136623115
14953.0,-0.09702250369327242
14954.0,0.3527576940078562
14955.0,0.17882632490385736
14956.0,-0.17287892970414667
14957.0,-0.37438067057930424
14958.0,-0.7988387993061217
14959.0,-0.5054621618326417
14960.0,-0.30655279672895697
14961.0,0.3433603215484284
14962.0,0.4112609184943812
14963.0,0.5183443685208278
14964.0,0.5704068273552451
14965.0,0.09939245867747437
14966.0,-0.4239561062269026
14967.0,-0.3807270727841666
14968.0,-0.8165447622417372
14969.0,-0.8092499682197876
14970.0,-0.6499603214333561
14971.0,-0.8313027096341201
14972.0,-0.9011906804520112
14973.0,-0.7113168535315804
14974.0,-0.605804479438814
14975.0,-0.38732596654296236
14976.0,0.10828134549007346
14977.0,0.31674420534860614
14978.0,0.014502625465732444
14979.0,-0.21609525032386767
14980.0,-0.4646879102536535
14981.0,-0.18710126946903288
14982.0,0.10050021664790021
14983.0,-0.2043658573490438
14984.0,-0.34110513417284705
14985.0,-0.7373677583479622
14986.0,-0.906023943613653
14987.0,-0.04246418100177307
14988.0,-0.13541425818347144
14989.0,0.14968480234803408
14990.0,-0.08683432385884005
14991.0,-0.5386387889724193
14992.0,-0.42922222173151764
14993.0,-0.26808342098987686
14994.0,0.030965884127329146
14995.0,0.10279076870919891
14996.0,0.12812841168260053
14997.0,0.26428576177564195
14998.0,0.11886394150897023
14999.0,0.07684095671305814
15000.0,-0.489067774225179
15001.0,-0.022708640735068897
15002.0,-0.23985557535932775
15003.0,-0.30038839013608204
15004.0,-0.298580564679197
15005.0,-0.18627471440457233
15006.0,0.1684563479810333
15007.0,0.3725402682703233
15008.0,0.8731335755790923
15009.0,0.9438413909937625
15010.0,0.5651025088018569
15011.0,0.24288352701215976
15012.0,0.14348879982256707
15013.0,0.15281057309811558
15014.0,0.12092748786121467
15015.0,0.08004411144426411
15016.0,-0.0473357413255588
15017.0,-0.2601372663798532
15018.0,-0.32296061364974615
15019.0,-0.42303668851622345
15020.0,-0.2972260488597639
15021.0,0.029564836109189363
15022.0,-0.2444031645871163
15023.0,-0.2158921937265665
15024.0,-0.325538214605166
15025.0,0.04484467659153507
15026.0,0.2334782773793345
15027.0,0.308171222514824
15028.0,-0.1608856258700564
15029.0,-0.011257908422994178
15030.0,0.14982463027907136
15031.0,0.6171706671693024
15032.0,0.6384942604826956
15033.0,0.8567701485939859
15034.0,0.4650923946963414
15035.0,0.2770329751847339
15036.0,0.3436674554022304
15037.0,0.5090546342202263
15038.0,0.962888012133871
15039.0,1.148231326753663
15040.0,1.632945452615262
15041.0,1.5071812909138849
15042.0,1.2550656408956875
15043.0,1.0467825093020149
15044.0,1.2359256776188403
15045.0,0.8816055956211746
15046.0,0.4861391137928969
15047.0,0.4328762290426775
15048.0,0.00841177522570774
15049.0,-0.220741393182848
15050.0,-0.5100092887546716
15051.0,-0.15499605313624948
15052.0,0.21911416488981952
15053.0,0.31029507412993257
15054.0,0.4919839329006854
15055.0,0.26747514777195164
15056.0,0.8320893307831723
15057.0,0.6715844240950717
15058.0,0.790192541361532
15059.0,0.7722605951930712
15060.0,0.3614174807603664
15061.0,0.39501364091246244
15062.0,-0.25199754034907024
15063.0,-0.03401933341309027
15064.0,0.05907358713884761
15065.0,0.40807458459068247
15066.0,0.3500800706559228
15067.0,1.0073653839166865
15068.0,1.6982342456766741
15069.0,1.4426462226843484
15070.0,1.4581715209628563
15071.0,0.8493770100533402
15072.0,0.7013101128237609
15073.0,0.9437781301079584
15074.0,0.5966190828993277
15075.0,0.691422479741122
15076.0,1.0278222213365213
15077.0,0.6088587998728928
15078.0,0.7838205280976779
15079.0,0.7053362138453341
15080.0,0.661739968908588
15081.0,0.6156134384266244
15082.0,0.6287063394340134
15083.0,0.630915284316627
15084.0,0.6642638244059549
15085.0,0.5212629926430459
15086.0,0.5117262598197482
15087.0,0.27132368751045544
15088.0,0.4030469296357554
15089.0,-0.12068741300262464
15090.0,-0.0982502831672536
15091.0,0.26403723374338606
15092.0,0.37768921199653027
15093.0,-0.10889648294912346
15094.0,0.2208027862476838
15095.0,0.09854191770645995
15096.0,0.03053281458988137
15097.0,-0.027316941443359655
15098.0,0.1479796011275172
15099.0,0.5727724017554757
15100.0,0.6354312384943539
15101.0,0.5591405621858196
15102.0,0.5278644350043757
15103.0,0.6456341864710533
15104.0,1.4783976489204598
15105.0,1.037102315129962
15106.0,1.0937922301061382
15107.0,1.17624303107648
15108.0,1.076357651259444
15109.0,0.5164092126453107
15110.0,0.21758270012574127
15111.0,0.1785721140946115
15112.0,0.12807992771831084
15113.0,0.18122632521213983
15114.0,-0.019346672808052773
15115.0,0.3459925773472834
15116.0,0.3027729236281147
15117.0,0.862919160273488
15118.0,0.9671261721990361
15119.0,1.0925464995083258
15120.0,0.7451327757874626
15121.0,0.7836915739675471
15122.0,0.43983307628084706
15123.0,0.14455085044070504
15124.0,0.3791445402469795
15125.0,1.0357356820120247
15126.0,1.0807656756137687
15127.0,1.3043351842818454
15128.0,1.831132984496648
15129.0,2.045694916472991
15130.0,2.1627491188113583
15131.0,1.8588964208720067
15132.0,1.6189452225522174
15133.0,1.5767178191557776
15134.0,1.4692084429032246
15135.0,1.5661214137424326
15136.0,1.530953281443334
15137.0,1.3979447909643195
15138.0,0.7728533869785996
15139.0,0.3842270902333979
15140.0,0.5200120221407705
15141.0,0.6449860507742142
15142.0,0.4513282295688811
15143.0,0.5486904116558015
15144.0,0.873011072570389
15145.0,0.9277925989932219
15146.0,1.037121154664861
15147.0,1.0700871226848157
15148.0,0.7563021995645876
15149.0,0.7429450008924906
15150.0,1.3044125567017808
15151.0,1.5898783663227682
15152.0,2.4433798760017407
15153.0,2.0244570919541527
15154.0,1.8208986581673023
15155.0,1.3103113320970003
15156.0,1.398145236831876
15157.0,1.2546303442625155
15158.0,0.9323890789658873
15159.0,0.7657127969277652
15160.0,1.149934163966691
15161.0,1.10015439870795
15162.0,0.6676407086482099
15163.0,0.17923521519047103
15164.0,0.10270189440640957
15165.0,-0.14764601548099715
15166.0,0.4790069923291387
15167.0,-0.12548982390217006
15168.0,0.7992553020441597
15169.0,0.6637671540067142
15170.0,1.352867049025562
15171.0,1.6033009535044358
15172.0,1.8078431457703528
15173.0,1.3881187619914561
15174.0,1.0858755428018476
15175.0,1.3152534226456016
15176.0,0.8242491891007091
15177.0,0.20375601843924696
15178.0,-0.0002243851086419224
15179.0,-0.21144299378820788
15180.0,0.4131874724454624
15181.0,0.2599956390679601
15182.0,0.32592973100587486
15183.0,0.20351591471207273
15184.0,0.18594079832944602
15185.0,-0.016739981564059703
15186.0,0.6791999700223412
15187.0,0.2996871086434163
15188.0,0.9288271936378663
15189.0,0.3906076666780359
15190.0,1.1840255924784115
15191.0,1.1788315697554301
15192.0,0.9115215815687017
15193.0,0.7265170300254168
15194.0,1.0801974774546532
15195.0,0.9872876035845858
15196.0,0.9084986882200174
15197.0,0.5333280595398506
15198.0,0.7567455903974425
15199.0,0.7207745436272882
15200.0,0.9728516281479196
15201.0,0.4838032777182468
15202.0,0.9372895731963
15203.0,0.7797377934083453
15204.0,0.9479051739274079
15205.0,0.6128344902757122
15206.0,0.8268385592847391
15207.0,0.6511303812317535
15208.0,0.2872840810086354
15209.0,0.5642736004661855
15210.0,0.12322877669675525
15211.0,0.6463821080566393
15212.0,0.3926845979331607
15213.0,0.4404585566822064
15214.0,0.984759484396463
15215.0,0.8004558752361145
15216.0,0.1955257058457095
15217.0,0.06676707139724995
15218.0,0.02576378454027415
15219.0,-0.5838531345881176
15220.0,-0.7235643995729069
15221.0,-0.7093648498657023
15222.0,-0.9869986069692043
15223.0,-0.17287714124545073
15224.0,0.08609257829874395
15225.0,-0.6954871994011141
15226.0,-0.36527593397330643
15227.0,0.1311413387503581
15228.0,0.32516790361498854
15229.0,0.34779713468075196
15230.0,0.7501392439478575
15231.0,0.6795128118284421
15232.0,0.9028229695912307
15233.0,0.49999125456122334
15234.0,-0.005365131835031456
15235.0,0.18074092856914165
15236.0,0.3106111340778673
15237.0,0.5591946914028147
15238.0,0.6418377827120998
15239.0,1.032476871419875
15240.0,0.8273219753566753
15241.0,0.681459428009478
15242.0,0.538384437031963
15243.0,0.6786825136042236
15244.0,0.6126867738174115
15245.0,0.7137115188273707
15246.0,0.4547961325623856
15247.0,0.5625278946288196
15248.0,0.5997493187522334
15249.0,0.6356242780192553
15250.0,1.01759348075875
15251.0,0.7921704480567034
15252.0,0.0656684768061524
15253.0,-0.2552021625015401
15254.0,0.0598681498665701
15255.0,0.04065173011099443
15256.0,0.3122158441573094
15257.0,-0.016079931302313555
15258.0,-0.09083230710676697
15259.0,0.3180000278741024
15260.0,0.4441570282881422
15261.0,0.415551486679288
15262.0,0.2823915136481624
15263.0,-0.03259827885248334
15264.0,0.29803689307054104
15265.0,0.6643252969058192
15266.0,0.7071316816030627
15267.0,0.5097603790519258
15268.0,0.6921141579143862
15269.0,0.3728305410611709
15270.0,-0.03513743534015967
15271.0,0.15291769745473655
15272.0,0.2647371556593365
15273.0,0.5607870034404938
15274.0,0.4495825389300756
15275.0,0.37530075927441353
15276.0,0.4246600362431062
15277.0,-0.1197636750677879
15278.0,-0.07924035982681119
15279.0,-0.07466277907292528
15280.0,-0.36842575779650377
15281.0,0.07845132993211035
15282.0,-0.4497472467299851
15283.0,0.04875596074914623
15284.0,-0.08442968504496445
15285.0,-0.12350930792393164
15286.0,0.4346717125790577
15287.0,0.6259146804458042
15288.0,0.5840374855986963
15289.0,0.07398080379590893
15290.0,0.16689279482342204
15291.0,0.20402982467974307
15292.0,0.24780479123752405
15293.0,0.14580347653138861
15294.0,-0.1287254900754776
15295.0,-0.12680291173329863
15296.0,-0.4469531976769363
15297.0,-0.3763846108742392
15298.0,-0.22948097843061324
15299.0,-0.6348043385982014
15300.0,-0.7845601338446099
15301.0,-0.9390529679714087
15302.0,-0.7250941122364636
15303.0,-0.5171364658245658
15304.0,-0.6791598629033859
15305.0,-0.6838386219990242
15306.0,-0.3640302158619717
15307.0,0.02848787501022154
15308.0,0.3297416184544568
15309.0,0.7541117007482832
15310.0,1.3107336850365066
15311.0,1.2463030469762757
15312.0,1.3998640406322203
15313.0,1.5791134131349016
15314.0,0.8890849445386343
15315.0,0.7500484809799064
15316.0,0.9611583842599642
15317.0,0.858665204117358
15318.0,0.8114679803371879
15319.0,0.6797919952402718
15320.0,0.8459958187999606
15321.0,1.0059976790236136
15322.0,0.9651372458838915
15323.0,0.32401051203552556
15324.0,0.34708173648738666
15325.0,0.08095152725010252
15326.0,0.14826074543008552
15327.0,-0.10261518079068951
15328.0,4.820911476290102e-05
15329.0,0.06752822662838921
15330.0,-0.17700667771203385
15331.0,-0.1502283681278654
15332.0,-0.21846510593383522
15333.0,-0.09606473960048909
15334.0,-0.0013399666790716303
15335.0,0.18710810154610602
15336.0,0.33338521947405475
15337.0,0.022830048904847855
15338.0,-0.1785839353093964
15339.0,-0.09140971596267793
15340.0,0.778424912411939
15341.0,0.41686133347972404
15342.0,0.28791455869801175
15343.0,0.6796016929101593
15344.0,0.2662290663794059
15345.0,-0.3350160905124827
15346.0,-0.7198023031495537
15347.0,-0.9601222455576066
15348.0,-1.133173477465864
15349.0,-1.0643281051748714
15350.0,-1.1699179378275526
15351.0,-0.6490626156134212
15352.0,-0.0889901478003402
15353.0,0.5496575438290289
15354.0,0.3364795203289226
15355.0,-0.12796711606150185
15356.0,-0.36959786389629823
15357.0,-0.8293839514698494
15358.0,-0.7404776007497108
15359.0,-1.1229197536449107
15360.0,-0.9036408974605324
15361.0,-1.3453451307685318
15362.0,-1.3400319409993608
15363.0,-1.122132293456367
15364.0,-1.0829827429177539
15365.0,-1.1041717380051292
15366.0,-0.9172987769999126
15367.0,-1.0411887078346183
15368.0,-0.7373981547334807
15369.0,-0.37494657803812687
15370.0,-0.7860228807397004
15371.0,-0.37533367866228495
15372.0,-0.513441045253595
15373.0,-0.7727374269628791
15374.0,-0.9752106150346508
15375.0,-1.4633010267967252
15376.0,-1.1465359306409861
15377.0,-1.8672933525173168
15378.0,-1.1460637137326832
15379.0,-1.7713091601329864
15380.0,-2.5734187523410808
15381.0,-2.4764683933134517
15382.0,-2.3869331980285424
15383.0,-2.957000301496508
15384.0,-2.372808125775468
15385.0,-2.2258706926771077
15386.0,-1.605282288850349
15387.0,-1.6687062307810931
15388.0,-1.63572980147844
15389.0,-1.769508283647575
15390.0,-1.3170684999664757
15391.0,-1.2744014546796139
15392.0,-1.3342379926198449
15393.0,-1.2784252115801291
15394.0,-1.1673722151964407
15395.0,-0.8268503886957064
15396.0,-1.4010118427004645
15397.0,-1.3902235204835331
15398.0,-1.2081717893869168
15399.0,-1.0306537588868525
15400.0,-0.25923899226945957
15401.0,-0.3427572606737311
15402.0,-0.7217557135740237
15403.0,-1.323942484145547
15404.0,-1.5341657976597571
15405.0,-0.7837896573067032
15406.0,-1.3299456360264423
15407.0,-0.7933651138810061
15408.0,-0.48244569632098755
15409.0,-0.8331587397086702
15410.0,-0.28055003056503247
15411.0,-0.1897673723767602
15412.0,0.05238088843153216
15413.0,0.02690987753647478
15414.0,0.1214941288448494
15415.0,-0.28120588959192155
15416.0,-0.7085829437748452
15417.0,0.3173175690633915
15418.0,0.2001877696901943
15419.0,0.4427306077793171
15420.0,1.064685568228389
15421.0,1.3746970768220537
15422.0,1.5591505692232048
15423.0,1.8861360110668692
15424.0,1.8673695547180147
15425.0,2.410326470847328
15426.0,2.2247435000203737
15427.0,1.7371715946601645
15428.0,1.6587348314076416
15429.0,2.1261293548487528
15430.0,2.210980191722676
15431.0,2.0366998994897543
15432.0,1.8884534485172764
15433.0,1.8730166131923092
15434.0,1.5914509680578313
15435.0,0.9277380068436778
15436.0,0.5851046626716538
15437.0,0.7827098860275747
15438.0,0.3716652480856537
15439.0,-0.01807017391701965
15440.0,0.17910240187358575
15441.0,-0.21422906578654954
15442.0,-1.3575640148308454
15443.0,-1.0783739756572572
15444.0,-1.7493942681030017
15445.0,-1.9474340411119528
15446.0,-2.5162854487713906
15447.0,-2.2530106821413627
15448.0,-2.3921450576267116
15449.0,-2.197696199388714
15450.0,-1.9534623033805214
15451.0,-1.9984253572073276
15452.0,-1.9898268901964118
15453.0,-1.5565902682616242
15454.0,-2.112952034406117
15455.0,-2.1288427986220184
15456.0,-1.9144761691802403
15457.0,-1.47129321789956
15458.0,-1.3998286062406176
15459.0,-1.2180878137186208
15460.0,-1.3618772205148346
15461.0,-1.3802286610943357
15462.0,-1.570214146475241
15463.0,-1.7213212245694773
15464.0,-1.5779461983309162
15465.0,-1.5008681659007799
15466.0,-1.519953181824104
15467.0,-1.9822894671130846
15468.0,-1.9799898379483283
15469.0,-2.0258404557157337
15470.0,-2.1986322435615673
15471.0,-2.3887595782370434
15472.0,-2.368877359954622
15473.0,-2.2179005136022063
15474.0,-1.9913885033965286
15475.0,-1.8121759313704713
15476.0,-2.0357016617804957
15477.0,-2.115810366061865
15478.0,-1.7275188848866818
15479.0,-2.2774869801143094
15480.0,-1.7765080282602637
15481.0,-1.7598936320419378
15482.0,-2.1297910169051226
15483.0,-2.3531114468546526
15484.0,-2.4523609054268647
15485.0,-1.9131468571221715
15486.0,-2.2380188948579756
15487.0,-2.3225574225803967
15488.0,-2.3696841382911726
15489.0,-2.5194908845095982
15490.0,-2.0578114284712834
15491.0,-1.6007769070544056
15492.0,-1.6774826993685643
15493.0,-1.7400436284720424
15494.0,-1.9767988151641647
15495.0,-1.9756912164991203
15496.0,-1.526634818616214
15497.0,-1.1695606157715353
15498.0,-1.2755196165434748
15499.0,-1.713083119776308
15500.0,-1.600776044910006
15501.0,-1.5184466810244008
15502.0,-1.3165988801076351
15503.0,-1.457102655163682
15504.0,-1.2911216383318365
15505.0,-1.1154033400882801
15506.0,-1.1763250483505514
15507.0,-1.1857335238669657
15508.0,-0.7588695063260457
15509.0,-0.5966745775235421
15510.0,-0.2818588311502769
15511.0,-0.057959730020346434
15512.0,-0.05512722133266303
15513.0,-0.241574953010053
15514.0,-0.5143533330802048
15515.0,-0.3815476614259353
15516.0,-0.47577615891235336
15517.0,0.3197898523735957
15518.0,-0.016812841945100243
15519.0,-0.12578458836769724
15520.0,-0.20958837558900034
15521.0,0.02967306311381726
15522.0,0.4176190589941763
15523.0,0.6755979690045717
15524.0,0.9046632449990735
15525.0,0.4875271701049294
15526.0,0.5253263286554429
15527.0,0.6978535958495596
15528.0,0.5089104561550593
15529.0,0.7394485945911864
15530.0,0.5374337568834521
15531.0,0.6273936540240075
15532.0,0.2935228941827692
15533.0,0.08563270631383238
15534.0,0.0591476508662819
15535.0,0.09510744086010636
15536.0,0.3872560655083471
15537.0,0.967547064640423
15538.0,0.2413682578915759
15539.0,0.26746741896932197
15540.0,0.632465716462741
15541.0,0.5017483467623218
15542.0,0.1182664836438474
15543.0,0.7063580008142492
15544.0,0.5658680835661536
15545.0,0.48104851489645106
15546.0,0.5759663176681713
15547.0,0.7484809571077352
15548.0,0.749592066972632
15549.0,0.8062519219090362
15550.0,0.8260060380363239
15551.0,0.5576405009185534
15552.0,0.39047489746472397
15553.0,0.28264030019695663
15554.0,0.021999857072310502
15555.0,-0.33817044101341887
15556.0,0.08030111323153977
15557.0,-0.1450019151103375
15558.0,0.03559109954227918
15559.0,0.45216690032230955
15560.0,0.8049656706676939
15561.0,0.8471888553917801
15562.0,0.6941998417046371
15563.0,0.30285517913285054
15564.0,-0.11040950163427588
15565.0,-0.15851590778742664
15566.0,-0.2905215798867032
15567.0,-0.1611438110812488
15568.0,-0.14294433313389088
15569.0,-0.20042730169693523
15570.0,-0.6158981799742064
15571.0,-0.9295800532796705
15572.0,-0.6762447268332089
15573.0,-0.7250112661323032
15574.0,-0.7826510142525508
15575.0,-1.187811651029577
15576.0,-1.554253914851968
15577.0,-1.0683044404102366
15578.0,-0.918343912430642
15579.0,-1.380062166316334
15580.0,-1.1215630299232697
15581.0,-0.436455168292312
15582.0,-0.6496326933165236
15583.0,-0.7194050813533646
15584.0,-0.37528424746767397
15585.0,-0.850890292041053
15586.0,-1.062586772040515
15587.0,-0.7543850331797279
15588.0,-0.8022815223445672
15589.0,-0.5703847133778118
15590.0,-0.9949924065773459
15591.0,-0.9190785822795283
15592.0,-1.1883272492132666
15593.0,-0.9151667584177208
15594.0,-1.2004448076571452
15595.0,-0.9891209079990273
15596.0,-1.081226415053698
15597.0,-0.7116347465917588
15598.0,-0.5994756475220732
15599.0,-0.15261479667147165
15600.0,-0.6363043404664037
15601.0,-0.9751391353493106
15602.0,-1.1419747668128493
15603.0,-0.5033066559696042
15604.0,-1.0400841485062624
15605.0,-0.4283469322210728
15606.0,-0.9421333180395671
15607.0,-0.7478721023052903
15608.0,-0.6610877360137629
15609.0,-1.0461717738980258
15610.0,-1.4460741735438305
15611.0,-1.1918807921317327
15612.0,-0.6273760678978797
15613.0,-0.12295819993182927
15614.0,0.20074495686262672
15615.0,0.3349635334230633
15616.0,-0.3241907424145069
15617.0,-0.4305640984519624
15618.0,-0.8516017240889266
15619.0,-0.3633702884425056
15620.0,-0.10531657124657162
15621.0,-0.17209191297835974
15622.0,-0.3563289808088642
15623.0,-0.34568482043888005
15624.0,-0.07261528937869233
15625.0,-0.0887886534491683
15626.0,-0.40204708830433933
15627.0,-0.31894131021512756
15628.0,-0.4030301440540458
15629.0,-0.48558730546538453
15630.0,-0.4106085330220309
15631.0,-0.11912087968464996
15632.0,-0.1240164467500138
15633.0,-0.3628999288332022
15634.0,0.29348548319345213
15635.0,0.6279438517324609
15636.0,0.756620364459565
15637.0,0.6859668111999185
15638.0,0.46333061649131324
15639.0,0.3587281051421755
15640.0,0.24785010366659105
15641.0,0.4428410168086539
15642.0,0.4489257880388326
15643.0,0.284783199989092
15644.0,0.29627923585786026
15645.0,0.31805348736283423
15646.0,-0.011003590589260981
15647.0,-0.6094374194711116
15648.0,-0.4885366954956367
15649.0,0.5735923131619312
15650.0,0.6925009692675711
15651.0,0.873562174781315
15652.0,-0.020477791761791098
15653.0,0.22456392858275503
15654.0,0.3143953875182197
15655.0,0.2599364879359141
15656.0,0.029609466415454283
15657.0,0.4130813766821074
15658.0,0.7661201015206613
15659.0,0.3298388976014112
15660.0,0.17109321600337896
15661.0,0.13414645676552986
15662.0,-0.24527896489782725
15663.0,-0.4093124884777057
15664.0,-0.3625153471190045
15665.0,-0.22990405112278944
15666.0,-0.8037956651815318
15667.0,-0.4073385315528876
15668.0,-0.7823500935111637
15669.0,-1.1640839149959774
15670.0,-0.8618480039156831
15671.0,-0.9441566287324401
15672.0,-0.5806627835409145
15673.0,-0.6451484331170599
15674.0,-0.42072390556268036
15675.0,-0.169139381017863
15676.0,-0.40671534802935955
15677.0,-0.15841622676095765
15678.0,-0.1711408431000343
15679.0,-0.09862414987716983
15680.0,-0.035765490112866276
15681.0,0.16179190998878717
15682.0,0.30146660219622107
15683.0,0.26109308533601544
15684.0,0.08365428013072207
15685.0,0.6740118311969713
15686.0,0.9787594395120927
15687.0,0.9302490980449649
15688.0,0.7494774143134831
15689.0,1.380979430696725
15690.0,1.1749445045440554
15691.0,1.1835426556637825
15692.0,0.8008273914119206
15693.0,0.5977724583127411
15694.0,1.0864685231676405
15695.0,1.7955804152678587
15696.0,1.0529472001556295
15697.0,1.103214960394397
15698.0,1.226673657998909
15699.0,0.7792934716836846
15700.0,1.6722751828415117
15701.0,1.3175555949038036
15702.0,1.185912621344119
15703.0,1.9854619872950412
15704.0,1.904231337061102
15705.0,1.9017642888226867
15706.0,2.271167093056952
15707.0,2.1167193237183226
15708.0,1.8919773327360334
15709.0,2.0287627671367274
15710.0,1.8895150551089497
15711.0,1.9172088347919176
15712.0,1.7298936102364773
15713.0,1.328392344876879
15714.0,1.0546499409145782
15715.0,1.0364572177023816
15716.0,1.0700700089602613
15717.0,0.9887723036176038
15718.0,0.7562471734763048
15719.0,0.6645580565179098
15720.0,0.7208349568592649
15721.0,0.8875923918066448
15722.0,0.8101324132441567
15723.0,0.6217497821585557
15724.0,0.5319506390300414
15725.0,0.12825123605199745
15726.0,0.7147712162139239
15727.0,0.9713841494583682
15728.0,0.3555578968810357
15729.0,0.13873620255749985
15730.0,0.028436762333648252
15731.0,-0.25000479537845327
15732.0,-0.02242254428007731
15733.0,-0.326261457823342
15734.0,-0.3666236509757801
15735.0,0.07605603433101055
15736.0,0.6228495375837452
15737.0,0.20195330512754045
15738.0,0.25619211470888825
15739.0,0.8095083980451927
15740.0,0.5681541103069773
15741.0,0.9077101646936583
15742.0,0.4039072642547082
15743.0,0.29161841458199
15744.0,-0.6013630659442135
15745.0,0.1073075691484956
15746.0,0.2998214157141135
15747.0,0.3618659549074875
15748.0,0.3960077412811542
15749.0,0.3818399713428829
15750.0,0.4882632960171235
15751.0,-0.0758349273906439
15752.0,-0.06725992211278672
15753.0,-0.4893005986333464
15754.0,0.0872028519452055
15755.0,0.17682517527998962
15756.0,0.6893106104158888
15757.0,0.680060362126249
15758.0,0.6363389997982242
15759.0,1.2545758537780567
15760.0,1.0482097257511598
15761.0,1.808494718425118
15762.0,1.0535228756265669
15763.0,1.1036105930685172
15764.0,1.6811007115330043
15765.0,1.9833412673546276
15766.0,1.6720246546959783
15767.0,1.902552406708685
15768.0,2.243071560162519
15769.0,2.06876344722369
15770.0,2.1659829413445735
15771.0,2.714466020196483
15772.0,2.3098487452004375
15773.0,2.1980554381846975
15774.0,1.9526716406365192
15775.0,2.0146441370162753
15776.0,2.3715450809713383
15777.0,2.064818206559507
15778.0,1.5489312224149516
15779.0,1.3904918642933337
15780.0,1.21699307580524
15781.0,0.7855507195893185
15782.0,0.2923819164448725
15783.0,0.6309179265726284
15784.0,0.35031619860440716
15785.0,0.6335417121411495
15786.0,0.5923120470873661
15787.0,0.9424888048414132
15788.0,0.9042962082106424
15789.0,0.36202562851975945
15790.0,0.33391759787420777
15791.0,0.7546962183490898
15792.0,0.906335991972706
15793.0,0.7000515232789681
15794.0,0.4653618943443153
15795.0,0.19957118322927475
15796.0,-0.08903763513726828
15797.0,-0.06833712740106128
15798.0,0.13781559283872724
15799.0,0.2081165824956751
15800.0,-0.5694350404287067
15801.0,0.1757854278387122
15802.0,0.4068603520259364
15803.0,-0.02949055284847757
15804.0,-0.2047348539302769
15805.0,-0.5910904304542113
15806.0,-0.6441091438432421
15807.0,-0.6431012121429672
15808.0,-0.5414626932181444
15809.0,-0.420341704246128
15810.0,-0.06434773170285046
15811.0,-0.3751594885434073
15812.0,-0.3111689581784804
15813.0,0.04822639907061216
15814.0,-0.30889737183324967
15815.0,-0.19315572441834694
15816.0,0.04191982360154933
15817.0,-0.2583637914281761
15818.0,-0.04555430140392666
15819.0,-0.1969058351352225
15820.0,-0.2906763348571194
15821.0,0.10662250024112674
15822.0,0.034914594969999865
15823.0,-0.25942694676569095
15824.0,0.232372168087387
15825.0,0.3055454872019551
15826.0,0.003920480187197428
15827.0,-0.4154707819131869
15828.0,-0.07609203887218557
15829.0,0.2416008890119613
15830.0,-0.1104950952225458
15831.0,-0.5265215688482181
15832.0,-1.0259160384358323
15833.0,-0.6403847785934514
15834.0,-0.05147204766369062
15835.0,-0.1625237180961432
15836.0,-0.05704555765112383
15837.0,0.06724936264734223
15838.0,0.0394131184012981
15839.0,0.21496705969170046
15840.0,0.35429258645714845
15841.0,0.5284385954864717
15842.0,0.6284287116296001
15843.0,0.7770790402970259
15844.0,1.4533332565611827
15845.0,1.922541786702142
15846.0,1.5496906627114713
15847.0,1.689224191116175
15848.0,2.1007243725818987
15849.0,1.7641664874846472
15850.0,1.8526938051210278
15851.0,1.9284927495961603
15852.0,1.6914997528648485
15853.0,2.147497637548686
15854.0,2.2269418684946003
15855.0,1.874744180264716
15856.0,1.191765048569273
15857.0,0.7768440617351414
15858.0,0.8747047199163748
15859.0,0.4624646542998741
15860.0,0.7458101330694399
15861.0,0.7321951555934867
15862.0,0.5011130007197782
15863.0,0.671677694842065
15864.0,0.8499852353361803
15865.0,1.0600895353140882
15866.0,0.6823080022349246
15867.0,1.0358240132095937
15868.0,0.8588899336501038
15869.0,0.438110977715887
15870.0,0.6992584880130517
15871.0,0.8200893180770813
15872.0,0.8319771471197955
15873.0,0.4357769607227501
15874.0,0.5913241365413343
15875.0,0.8997313334042834
15876.0,1.238625393550915
15877.0,1.1062280692514241
15878.0,0.8646947880678031
15879.0,0.6808800848544132
15880.0,0.7392029662345845
15881.0,1.365554271129716
15882.0,1.1531686647987551
15883.0,0.9154833679322502
15884.0,0.7394655469894053
15885.0,0.7501706602688017
15886.0,1.2154633445245313
15887.0,0.9816478054485328
15888.0,1.215200342061979
15889.0,1.6394588661292326
15890.0,1.8137929464674076
15891.0,1.5452102709120015
15892.0,1.4693161034234508
15893.0,1.2937856034120323
15894.0,0.9696883768525228
15895.0,1.0222201277611336
15896.0,0.2523857789320564
15897.0,0.11270681638966049
15898.0,-0.11285125083001166
15899.0,-0.4557698278440586
15900.0,-0.007437049946772134
15901.0,0.3650526820703217
15902.0,0.21440746296034496
15903.0,-0.0129420127730763
15904.0,0.48344466148149234
15905.0,-0.10827068957215863
15906.0,0.16617779740281724
15907.0,0.05123649353698781
15908.0,0.49650222629610635
15909.0,0.43422149191142984
15910.0,0.992740410506096
15911.0,1.0496311261972477
15912.0,1.178820548051623
15913.0,0.6933772338063298
15914.0,0.5309728917517773
15915.0,0.49879733244422675
15916.0,0.01899531456321696
15917.0,0.5118628391731022
15918.0,0.6427390821573656
15919.0,0.035244740606526936
15920.0,-0.05916284736290061
15921.0,-0.381723361173655
15922.0,-1.0791882677499791
15923.0,-0.08760298161676527
15924.0,-0.6972043954290092
15925.0,-0.5243244067187165
15926.0,-0.7034364135052382
15927.0,-0.6238064434367044
15928.0,-0.6485822411160699
15929.0,-0.30276462419429423
15930.0,0.027556302755388395
15931.0,0.12053606692434907
15932.0,0.4363160444162161
15933.0,0.5969894499555598
15934.0,0.7267722839675693
15935.0,0.8499476048020375
15936.0,1.1843336647180154
15937.0,0.6142576607206024
15938.0,0.434105383765208
15939.0,0.30552375776369467
15940.0,-0.05184885251801441
15941.0,-0.12726787077155333
15942.0,-0.02265821972007355
15943.0,0.031229870391822113
15944.0,0.18475634344170444
15945.0,0.2629473810177101
15946.0,-0.0824269662035256
15947.0,-0.4989328238010188
15948.0,-0.8756116237291658
15949.0,-1.1132651619719154
15950.0,-1.0457441959978184
15951.0,-0.953883709707933
15952.0,-0.7666002471717461
15953.0,-0.6377082988050045
15954.0,-1.024002197723893
15955.0,-1.0062398820814389
15956.0,-1.030003894212223
15957.0,-0.8414022434170156
15958.0,-1.0821778623841014
15959.0,-0.9877915736050196
15960.0,-1.2749417338994342
15961.0,-0.9999434493544772
15962.0,-1.478932105991304
15963.0,-1.5548513441065066
15964.0,-1.1704799739198468
15965.0,-0.7403485711187696
15966.0,-1.0184689411905286
15967.0,-1.2726010840587665
15968.0,-1.3667155004386389
15969.0,-1.3252274149185337
15970.0,-1.3581800707439189
15971.0,-1.3949214231963494
15972.0,-1.3250300495451393
15973.0,-0.99742214064021
15974.0,-0.9658764196553327
15975.0,-1.4743359658270454
15976.0,-1.4851436276244527
15977.0,-1.407133675755618
15978.0,-0.8853163104637471
15979.0,-0.9692946346738092
15980.0,-0.8985722973205985
15981.0,-0.5555336763104142
15982.0,-0.306624326458787
15983.0,-0.19079130224560864
15984.0,-0.025134302031572464
15985.0,0.12076551957985393
15986.0,0.025689908827441918
15987.0,-0.03739715173840291
15988.0,0.12197463217419738
15989.0,-0.020891197065997222
15990.0,-0.14681287369758061
15991.0,-0.5047602656803469
15992.0,-0.9868828010130297
15993.0,-1.5636720635645256
15994.0,-1.2784559829200144
15995.0,-1.3104043907357883
15996.0,-1.0860869035364684
15997.0,-0.6462242109332573
15998.0,-0.3806794756250688
15999.0,-0.10286676765276237
16000.0,-0.09749901531130524
16001.0,0.2812595976628892
16002.0,0.7701083109611218
16003.0,0.5974632304130487
16004.0,0.5124261220758423
16005.0,0.9520167540336552
16006.0,1.5777398685616366
16007.0,1.6605312172626436
16008.0,1.4627681296011954
16009.0,1.1726947173557587
16010.0,1.4801950065892207
16011.0,0.9521824800180703
16012.0,0.7236055909795038
16013.0,0.6535020917591584
16014.0,0.6459864544325227
16015.0,0.33748681934413954
16016.0,0.27621872968835876
16017.0,0.6488149392886229
16018.0,1.1700269499321123
16019.0,1.1763055720379352
16020.0,0.8639098456264815
16021.0,0.9403388840383584
16022.0,0.797557793801548
16023.0,0.7696699762524402
16024.0,1.100435534095399
16025.0,1.1288421730295817
16026.0,0.7578296984890307
16027.0,0.9242329355651491
16028.0,0.5877927972321868
16029.0,0.5542007548391794
16030.0,0.9075207161551273
16031.0,0.8458635748896446
16032.0,0.8952618182821639
16033.0,0.33410678472721445
16034.0,-0.04411734596967365
16035.0,-0.05114591489459244
16036.0,0.08241863281566178
16037.0,0.03737176413330608
16038.0,0.1259571118306238
16039.0,0.4710662405360507
16040.0,0.7683557673232033
16041.0,0.6612762379640167
16042.0,1.0967597060088117
16043.0,1.681895072858076
16044.0,1.8856420164682524
16045.0,1.594241718037789
16046.0,1.6004531888397884
16047.0,1.3588916200669041
16048.0,1.1108349552488224
16049.0,1.4805125364877831
16050.0,1.3777333383049721
16051.0,1.2847812113778587
16052.0,1.1243731627592846
16053.0,1.2644756486778403
16054.0,1.482957214195635
16055.0,1.4037005875573598
16056.0,1.2046811866940135
16057.0,0.9619322388953346
16058.0,1.1280005464563805
16059.0,0.6138734619358321
16060.0,0.22768469143710424
16061.0,0.4612881106775747
16062.0,0.2597689700014273
16063.0,0.27412362382328487
16064.0,0.2910871190529928
16065.0,0.5172460016918886
16066.0,0.4589760717492443
16067.0,0.6547132360927723
16068.0,1.284385882099135
16069.0,0.8730018591096756
16070.0,1.4715984857583755
16071.0,1.1591746159981793
16072.0,1.5202879994543879
16073.0,1.8153588969791943
16074.0,2.1156027478400024
16075.0,2.0708483817090015
16076.0,1.3916590855682898
16077.0,1.1220205744805265
16078.0,0.6297640691563087
16079.0,0.531430667738074
16080.0,0.8480013120956336
16081.0,0.801364125346501
16082.0,0.6786417829080342
16083.0,1.0285372651532245
16084.0,1.0270074845599668
16085.0,0.7774878062790089
16086.0,0.8443126104445439
16087.0,0.5796040707596928
16088.0,0.6244921223393756
16089.0,0.5611298263594955
16090.0,0.21862119029204202
16091.0,0.5653950364478939
16092.0,0.5997312626845449
16093.0,0.7712839869018814
16094.0,0.9060036026320523
16095.0,0.816144504877192
16096.0,1.0944752543269376
16097.0,1.1001190323455645
16098.0,0.7756757403942491
16099.0,1.3528007889074467
16100.0,1.3678394432668843
16101.0,1.4698838408315622
16102.0,1.7363422995060742
16103.0,1.716146712706822
16104.0,1.1997735362323843
16105.0,0.6127170341181499
16106.0,0.9765273012618962
16107.0,1.0465733675630782
16108.0,0.41083617073733514
16109.0,0.255387556056513
16110.0,0.15051097099424393
16111.0,0.07667775947774502
16112.0,0.10848839525887066
16113.0,-0.3111619076958903
16114.0,-0.05165989273285654
16115.0,0.2289712007993188
16116.0,0.10104768811798809
16117.0,0.20812218881904096
16118.0,0.40313079183134837
16119.0,0.3470814097593943
16120.0,-0.2858064753046134
16121.0,0.4360492656542312
16122.0,0.4437321138588074
16123.0,0.47251972512798507
16124.0,0.00938576045896583
16125.0,0.057638667224071995
16126.0,-0.3566088888736934
16127.0,-0.9033843565412327
16128.0,-0.7610165439639728
16129.0,-0.8320605422720129
16130.0,-0.813741813758954
16131.0,-0.9189889066523058
16132.0,-0.6242883782017994
16133.0,-0.40419180842156033
16134.0,-0.04735819851224132
16135.0,0.5077479009307106
16136.0,0.21165007228152
16137.0,0.6110089361623027
16138.0,0.602511331004866
16139.0,0.5635068506629857
16140.0,0.4755194362242631
16141.0,0.5613849606250473
16142.0,0.6606239996521965
16143.0,0.7132253036701833
16144.0,0.8736919086912976
16145.0,1.354115249780484
16146.0,1.7983154116284037
16147.0,1.1087532771751047
16148.0,1.4722378132630514
16149.0,1.5925405865097446
16150.0,1.650448146408192
16151.0,1.4599677212232771
16152.0,1.1928015421726053
16153.0,1.7570094663776255
16154.0,1.56149518089203
16155.0,1.4278876227370827
16156.0,1.3885500661249008
16157.0,1.725424161034907
16158.0,1.7570682391998518
16159.0,1.6187530085502688
16160.0,1.6292008798675826
16161.0,1.4729542168603447
16162.0,1.0185188014493889
16163.0,1.0033555529665488
16164.0,0.8512855526893064
16165.0,1.2750195734734096
16166.0,0.8196024675336562
16167.0,0.8140240071469202
16168.0,0.6072084844882994
16169.0,0.5299133610512279
16170.0,0.6775171160771007
16171.0,0.5235436475347537
16172.0,0.8317556447880396
16173.0,0.5700440693576687
16174.0,0.1867722918079051
16175.0,-0.1614994585458976
16176.0,0.40286712449714246
16177.0,-0.1395547874809308
16178.0,-0.12167370298431923
16179.0,-0.20819507484611777
16180.0,-0.14987119325036408
16181.0,-0.1381350980101196
16182.0,-0.12795984928513834
16183.0,0.002898784236647148
16184.0,0.1448306800092787
16185.0,0.416730965939282
16186.0,-0.16211798664264682
16187.0,0.1746354398231736
16188.0,0.15512036886567615
16189.0,0.13136568138568053
16190.0,0.5966502944294199
16191.0,0.9468514754171291
16192.0,1.3444184186035213
16193.0,1.0845069043324091
16194.0,0.6236195351098692
16195.0,-0.19335658339553663
16196.0,-0.24939236164862966
16197.0,0.20888921757549325
16198.0,0.3865869489582756
16199.0,0.6525829028442607
16200.0,0.9261195571651201
16201.0,0.43616794160636696
16202.0,0.51299446526969
16203.0,0.03578440392748
16204.0,-0.2946440056196463
16205.0,-0.06715140411714984
16206.0,0.2022097275599371
16207.0,0.21332152488968106
16208.0,0.19489865562507055
16209.0,0.7775326382625676
16210.0,0.6550337862032559
16211.0,0.6111005686067981
16212.0,0.5872812039322242
16213.0,0.2236188131305501
16214.0,0.32685046206060875
16215.0,0.8491137603180958
16216.0,1.2367970000441064
16217.0,1.5767451865893571
16218.0,1.3383734101703169
16219.0,1.5571380720469714
16220.0,1.9031315488898084
16221.0,1.939135692345492
16222.0,1.8577171086640758
16223.0,1.996826858375523
16224.0,1.628097093897182
16225.0,1.6391245308730578
16226.0,2.029656460663064
16227.0,1.441281832455486
16228.0,1.1207444753669773
16229.0,0.5372716965592115
16230.0,-0.09564710702294932
16231.0,-0.32083535631181387
16232.0,-0.1713696355618238
16233.0,-0.13585457831195646
16234.0,0.2588732028802375
16235.0,0.3215996306876718
16236.0,0.34081066823408385
16237.0,0.10900727079002179
16238.0,0.29100002497924105
16239.0,-0.027235156908821445
16240.0,0.28140460181246757
16241.0,0.06339792535588404
16242.0,-0.12843718482695032
16243.0,0.07753331771348407
16244.0,0.16149719996600936
16245.0,-0.022220699467702026
16246.0,-0.00035783450238157516
16247.0,0.771958050696268
16248.0,0.9134338914237363
16249.0,0.9510116895986982
16250.0,0.5657170336771314
16251.0,0.6951638964955571
16252.0,1.1897245687803526
16253.0,0.8761713644308323
16254.0,1.2536731303754454
16255.0,1.1448326818486247
16256.0,1.4992743260966812
16257.0,1.6276725508480838
16258.0,1.2995413146955852
16259.0,1.0558064468935418
16260.0,0.9081115279284081
16261.0,0.6125048238933717
16262.0,0.4011890794800185
16263.0,0.4057565610096859
16264.0,0.3346165897561163
16265.0,0.23720783705068393
16266.0,0.12012476104196178
16267.0,-0.1354898069613562
16268.0,-0.3378090346970202
16269.0,-0.03705741178940847
16270.0,0.13111790340681112
16271.0,-0.24127683029149027
16272.0,-0.33184783226492715
16273.0,-0.14980908287281863
16274.0,-0.33984114126106413
16275.0,0.39738748845015476
16276.0,0.10011351219899084
16277.0,0.5723240020839572
16278.0,0.07280846176130429
16279.0,0.0031292307553498905
16280.0,0.22114460917153758
16281.0,0.2463503552515891
16282.0,0.44875344876973733
16283.0,0.38983150577607895
16284.0,0.2997035193870094
16285.0,0.3781082779502676
16286.0,0.5801857966849695
16287.0,0.3787281831205591
16288.0,0.44288250914081273
16289.0,0.2702369426067118
16290.0,-0.43087417858831023
16291.0,-0.27529545127936994
16292.0,-0.45143565640641237
16293.0,-0.06260064734225312
16294.0,0.4703818199371708
16295.0,0.6034765180868602
16296.0,0.7090346866973481
16297.0,0.5898299321757023
16298.0,0.4424366156347
16299.0,0.5775055015467706
16300.0,0.8727462650610152
16301.0,0.29268620992535266
16302.0,-0.057432691411685666
16303.0,0.1036106947574928
16304.0,0.35542478203252476
16305.0,-0.032261068351336075
16306.0,-0.1288166638838176
16307.0,-0.28442190526013755
16308.0,0.1333705357121463
16309.0,0.2842085729042284
16310.0,0.6330800963004658
16311.0,0.11830697389694328
16312.0,-0.391449981746529
16313.0,0.03067812001579573
16314.0,0.43961546645585664
16315.0,0.48102367036071364
16316.0,0.6340870084810699
16317.0,0.23345138583605146
16318.0,-0.012193528375420731
16319.0,0.12867112480128834
16320.0,0.23583874715708592
16321.0,0.26150354843350865
16322.0,0.22463329763354076
16323.0,0.006868671322506681
16324.0,0.1151418038249255
16325.0,0.04300556166805963
16326.0,0.17874601737571802
16327.0,0.24809210158396106
16328.0,0.29638408889234186
16329.0,0.22380689688036748
16330.0,0.008476641700590426
16331.0,0.20994137712073777
16332.0,0.4086044429410567
16333.0,0.13179667302818043
16334.0,-0.35821217348457324
16335.0,-0.6741814551991367
16336.0,-0.35908255717697146
16337.0,-0.5423191885572796
16338.0,-0.7515087501411879
16339.0,-0.636633562639496
16340.0,-0.842957543823567
16341.0,-0.5846223795841448
16342.0,-0.6871199165708293
16343.0,-0.2772889038839775
16344.0,0.34607603119755537
16345.0,0.30652066503158376
16346.0,0.4795157675843543
16347.0,-0.05866618597086798
16348.0,-0.33813756485493224
16349.0,-0.3350328068256573
16350.0,-0.3941041018868475
16351.0,-0.33282687986476367
16352.0,-0.021509147273848672
16353.0,-0.22004618050710711
16354.0,-0.32540697668102203
16355.0,-0.18052545583787064
16356.0,-0.20787090023161087
16357.0,-0.4190111133310508
16358.0,-0.24893248578784144
16359.0,-0.4454075439619846
16360.0,-0.8043369183190348
16361.0,-1.069318648709955
16362.0,-0.9614779135260447
16363.0,-0.8996577701805061
16364.0,-1.2312627775541731
16365.0,-1.2233716153147085
16366.0,-0.8546909641835887
16367.0,-0.7256610109919801
16368.0,-1.0573909598248445
16369.0,-0.3656785910508774
16370.0,-0.14981694049623265
16371.0,-0.625764612245205
16372.0,-0.9773876199125572
16373.0,-1.1974991024514612
16374.0,-1.1856036537085124
16375.0,-1.1376213307388041
16376.0,-1.4071514556002085
16377.0,-1.6154319420321492
16378.0,-1.622884895152232
16379.0,-1.8641366724618844
16380.0,-1.866547523963574
16381.0,-2.211656999254061
16382.0,-2.1657874663913113
16383.0,-2.4696091864341305
16384.0,-2.3410183304626115
16385.0,-1.302489073676701
16386.0,-1.4091637361290774
16387.0,-1.7959996259770459
16388.0,-1.6870087466557315
16389.0,-2.1876740801980104
16390.0,-2.217821538746692
16391.0,-2.0998796614454984
16392.0,-1.9345903634459047
16393.0,-2.1226671297949258
16394.0,-2.0896589888887656
16395.0,-1.6554002565208559
16396.0,-1.3168114129782225
16397.0,-0.770874504104316
16398.0,-0.723582460463439
16399.0,-0.8245944736936208
16400.0,-0.7550690299224495
16401.0,-0.47593075487116193
16402.0,-0.537494010358688
16403.0,-0.19670665095227452
16404.0,0.25469362651789984
16405.0,0.5426561810820224
16406.0,-0.20797570356359296
16407.0,-0.3640666679458643
16408.0,0.08963812012162659
16409.0,0.05586885779125357
16410.0,0.09296737540581498
16411.0,-0.20425229185197008
16412.0,0.4099046617049108
16413.0,0.16796011945385061
16414.0,0.12874001721445816
16415.0,0.05794515011391585
16416.0,-0.028996032861566774
16417.0,0.029095524831860044
16418.0,0.022922086195275602
16419.0,-0.30382973952177533
16420.0,0.21613349125681092
16421.0,0.3404838184851149
16422.0,0.6013932048892401
16423.0,-0.03356823316870339
16424.0,0.060941423114415846
16425.0,0.6530981056505458
16426.0,0.8636521933054893
16427.0,0.500949781567025
16428.0,0.3408779029960702
16429.0,0.9064617443899585
16430.0,0.9124945596135025
16431.0,0.8867236043216841
16432.0,1.5110238922954702
16433.0,1.6286460578323885
16434.0,1.5299633217872282
16435.0,1.559461084862565
16436.0,1.363128509340083
16437.0,1.2993564561723372
16438.0,0.9653236829275411
16439.0,0.7181334659653137
16440.0,0.04007777936157675
16441.0,0.05330361525520548
16442.0,0.43822196180821443
16443.0,0.1491746125383388
16444.0,0.5399228147725433
16445.0,0.27987614466018074
16446.0,0.5543533724188245
16447.0,0.5498091489914271
16448.0,0.2786032057903616
16449.0,0.5448932957889339
16450.0,0.5396755741295781
16451.0,0.7396795079285432
16452.0,0.8129362678367109
16453.0,0.49903471181967773
16454.0,0.23127098907587856
16455.0,0.6114063678834925
16456.0,0.6980410055014665
16457.0,0.9178041168239478
16458.0,1.3952742606244866
16459.0,1.7546233436483296
16460.0,1.9496769830682399
16461.0,1.5512689349550384
16462.0,1.6763122913848512
16463.0,1.791832666428703
16464.0,1.5725422546669772
16465.0,1.0773570427211017
16466.0,1.2351404054295145
16467.0,1.1245836220061922
16468.0,0.7580738308811739
16469.0,1.0929010657089453
16470.0,0.6016714478398351
16471.0,0.38571474430430736
16472.0,0.2981221160529264
16473.0,0.1105451364762216
16474.0,0.17245104999967087
16475.0,0.5487758316899045
16476.0,0.36483561524010066
16477.0,0.3873722497011926
16478.0,0.7727709169562582
16479.0,0.7152900080947715
16480.0,0.9085679569484302
16481.0,0.9101717598507545
16482.0,0.9363993535102642
16483.0,1.1650492184142616
16484.0,1.4793429061222316
16485.0,1.4085532519074706
16486.0,1.573141000499779
16487.0,1.653444584213859
16488.0,1.9162657424922438
16489.0,1.9096241221867682
16490.0,2.309098701715581
16491.0,1.9420731658543948
16492.0,2.0158112318571497
16493.0,1.5615372726079886
16494.0,1.3380668126925515
16495.0,1.6302999181518925
16496.0,0.7666596299159201
16497.0,-0.10764288652675091
16498.0,-0.178986574952907
16499.0,-0.14414090705211366
16500.0,-0.1998629614810992
16501.0,0.10349395757292418
16502.0,0.7931583843492753
16503.0,1.2015300061930136
16504.0,1.6878280948246849
16505.0,1.3064669169609093
16506.0,0.9201874739614824
16507.0,1.565222768710914
16508.0,1.5539678660691973
16509.0,1.2053577591852251
16510.0,1.405855659199985
16511.0,1.353315347386817
16512.0,0.8715691204653978
16513.0,0.3347620018766854
16514.0,-0.17086331835418933
16515.0,-0.17037088022479824
16516.0,-0.19848770027278922
16517.0,-0.21383807743197963
16518.0,-0.8885845414434339
16519.0,-1.0200591546739006
16520.0,-0.4972222769011783
16521.0,-0.7258624807067053
16522.0,-1.1196465827737934
16523.0,-1.3100199231322396
16524.0,-1.2080758705577068
16525.0,-0.9446434377117742
16526.0,-1.1532300503328898
16527.0,-0.8820445628509259
16528.0,-1.4001817457317673
16529.0,-1.8336342377379955
16530.0,-2.3952589485596842
16531.0,-2.7244227804108463
16532.0,-2.546267007310536
16533.0,-2.430270870521716
16534.0,-2.797886014610355
16535.0,-3.1969500578599717
16536.0,-3.015541000295501
16537.0,-2.541656786835502
16538.0,-1.8839075453883225
16539.0,-2.2174384582303746
16540.0,-1.9555111234002598
16541.0,-1.5950338757711364
16542.0,-1.1768693121847424
16543.0,-0.7905350154672985
16544.0,-0.80440438660435
16545.0,-0.5490624110717139
16546.0,-0.3921293825242238
16547.0,0.0037745044830544416
16548.0,-0.4119703804746547
16549.0,-0.2268059335371125
16550.0,-0.495689562874994
16551.0,-0.6293296017984796
16552.0,-0.0935538016013775
16553.0,-0.4273665119279415
16554.0,-0.6460676678301256
16555.0,-0.7383594067891693
16556.0,-1.1115099773693171
16557.0,-1.885640262923062
16558.0,-1.7931035988381765
16559.0,-1.8836980390141735
16560.0,-1.7008655688451193
16561.0,-1.6533152937243445
16562.0,-1.0131441448166074
16563.0,-0.8829388539641356
16564.0,-0.9442048660182504
16565.0,-1.1516709136865477
16566.0,-1.4386494680648323
16567.0,-1.6112675545585615
16568.0,-1.7362239782679132
16569.0,-0.9916590521349917
16570.0,-0.9520320922376757
16571.0,-0.9613689693695795
16572.0,-1.0677531974784136
16573.0,-0.6229631250937049
16574.0,-0.695732626248685
16575.0,-0.35731517846496763
16576.0,0.08525751739734266
16577.0,0.4117649711094262
16578.0,0.11577618791126654
16579.0,-0.13635224350275843
16580.0,-0.06839989928767434
16581.0,-0.30304738990513025
16582.0,-0.5666006230410269
16583.0,-0.1307769778288307
16584.0,-0.3577486118096058
16585.0,-0.7015713427116681
16586.0,-1.0326616527335326
16587.0,-0.3279404818599524
16588.0,-0.6868265772111151
16589.0,-0.17674089141175098
16590.0,-0.17601968294988066
16591.0,-0.23719432991274605
16592.0,-0.1265352861313622
16593.0,-0.18915712003892388
16594.0,0.2177974549612104
16595.0,0.1337353322823322
16596.0,-0.5054187949491135
16597.0,-0.2511086058424368
16598.0,-0.24076026469305725
16599.0,-0.34392684417289615
16600.0,-0.8167034629025574
16601.0,-0.8746157586287168
16602.0,-0.04412123746404939
16603.0,-0.2808787150460612
16604.0,0.09356459822806618
16605.0,0.17469457982826503
16606.0,-0.01566878011750064
16607.0,0.1372603083426111
16608.0,0.14757017822540464
16609.0,0.18069190676552135
16610.0,0.07941535483970096
16611.0,0.6176186428384052
16612.0,0.5487056872591477
16613.0,0.6061371836595257
16614.0,0.5752358001352134
16615.0,1.1608240347757621
16616.0,1.4165902650980722
16617.0,1.4709245174532068
16618.0,1.1984577665738407
16619.0,1.1413153952350814
16620.0,0.9887259636917346
16621.0,1.1828566312105735
16622.0,0.4649076802723585
16623.0,0.6592418719918994
16624.0,0.4965624381854782
16625.0,1.05630721676127
16626.0,1.3092139550573332
16627.0,1.300934904780374
16628.0,1.3557739299931604
16629.0,1.2732265725516545
16630.0,1.0111026963492378
16631.0,0.7860936954499096
16632.0,1.221537423798992
16633.0,1.0451047089246008
16634.0,1.1666591213700692
16635.0,1.057636000987272
16636.0,0.21009601216360196
16637.0,0.05721038822181618
16638.0,-0.03652849288323832
16639.0,0.06296824517932428
16640.0,0.14715413367024893
16641.0,-0.15155172783368123
16642.0,-0.39006276543800544
16643.0,0.20008524519333037
16644.0,0.22235426000989117
16645.0,0.3723795423945428
16646.0,0.5495832197603779
16647.0,0.6961958652934673
16648.0,0.8458063986785895
16649.0,0.6857587772223259
16650.0,0.5177330878767531
16651.0,0.5516006212926192
16652.0,1.3774571637577333
16653.0,1.3531737145804215
16654.0,1.5341054041330773
16655.0,2.292912062803196
16656.0,2.1828085211740422
16657.0,2.2488234198868557
16658.0,1.522156394029037
16659.0,1.6648088285031757
16660.0,1.8387615234631962
16661.0,1.4292503535696022
16662.0,0.8830745256913124
16663.0,1.1588061239019174
16664.0,1.3343796791813936
16665.0,0.8654240068378012
16666.0,1.1598615799275491
16667.0,1.3351643330230865
16668.0,0.9409465292598802
16669.0,0.67464378307973
16670.0,0.9729573635745483
16671.0,0.9888885245714987
16672.0,1.1215863119571732
16673.0,0.8052781889953156
16674.0,0.981427242803093
16675.0,1.0000839231535492
16676.0,0.8256044947193604
16677.0,0.7558244167076084
16678.0,0.7366749842864387
16679.0,0.8346888731459634
16680.0,0.7886850466811319
16681.0,0.5990071891201832
16682.0,0.7455235676364569
16683.0,0.6048801509594292
16684.0,0.346312017402877
16685.0,-0.2673187924509817
16686.0,0.21574137346839173
16687.0,0.62362409115155
16688.0,0.5877290202062997
16689.0,0.43731244262834496
16690.0,0.41806430584975596
16691.0,0.6548302058102033
16692.0,0.6930425630602126
16693.0,1.4079571550267787
16694.0,1.0473439537802176
16695.0,1.102817370712414
16696.0,0.8003233147263088
16697.0,0.909255902019028
16698.0,0.9498043130426246
16699.0,1.22109940732141
16700.0,0.7972738969784401
16701.0,0.7638935982198954
16702.0,1.2851489135730585
16703.0,0.8032816989305941
16704.0,0.5847425464679203
16705.0,0.6783737904632278
16706.0,0.5692032446453815
16707.0,0.6987015716903628
16708.0,0.5453139112909469
16709.0,0.5278575221685214
16710.0,0.8193449092360866
16711.0,0.6449448967239176
16712.0,0.8079834476739445
16713.0,0.42701242350338453
16714.0,-0.06904928977928032
16715.0,-0.18391024831894703
16716.0,0.19210079063989055
16717.0,-0.016175610376220395
16718.0,0.275665092256036
16719.0,0.7711123227075614
16720.0,1.1728248020245267
16721.0,0.6945089671467938
16722.0,0.27718844824494004
16723.0,0.23089467878423686
16724.0,0.6047379885373828
16725.0,1.1292682066283843
16726.0,0.9572668128635744
16727.0,0.45835263895937306
16728.0,0.7749067895217122
16729.0,1.028203759792861
16730.0,1.485916176334895
16731.0,1.4985062453200144
16732.0,1.2839718035254521
16733.0,1.3451697560274893
16734.0,1.4928003578640625
16735.0,1.1958603282992664
16736.0,1.6161467494861144
16737.0,1.2921955783419041
16738.0,0.979459206975594
16739.0,1.097606978970128
16740.0,1.5579354360654638
16741.0,0.8469344557088252
16742.0,1.1075650401643409
16743.0,0.8596507978283041
16744.0,0.9579677479615222
16745.0,0.47915594942264184
16746.0,0.32973943426551
16747.0,0.7433509148981062
16748.0,0.8317934542088327
16749.0,0.7245028318468942
16750.0,0.9832593379868708
16751.0,1.0961373901335207
16752.0,0.961854375477014
16753.0,0.9886968649765331
16754.0,1.1033010989617464
16755.0,1.2928964396812146
16756.0,1.4424630614520482
16757.0,2.121785462546971
16758.0,2.4605801585057416
16759.0,2.2569273732769837
16760.0,1.9891605838427477
16761.0,2.155263026543651
16762.0,2.328289882792236
16763.0,2.0354030393831333
16764.0,1.883856084912052
16765.0,2.070484684180247
16766.0,1.6703983954867918
16767.0,1.0311952623120226
16768.0,1.2500220460647484
16769.0,1.095914269420744
16770.0,1.4258725138421164
16771.0,1.6127396526988904
16772.0,1.1868388540065165
16773.0,1.1867642307710717
16774.0,0.7890463139363997
16775.0,0.5083320719660513
16776.0,0.7206288389002472
16777.0,0.6322549371855339
16778.0,0.41823550077010674
16779.0,0.14098304729997652
16780.0,0.271457393097951
16781.0,0.8209093416307828
16782.0,0.7985453316851153
16783.0,1.0525234238482022
16784.0,0.8819516267357196
16785.0,0.39147390123179665
16786.0,0.40445008752842765
16787.0,0.43337015161166653
16788.0,0.7620448708302084
16789.0,0.5343816527237583
16790.0,0.1401146219473401
16791.0,-0.08749197439944834
16792.0,-0.42759666351145215
16793.0,-0.0964066358077062
16794.0,-0.22862531343554487
16795.0,-0.14483604355039414
16796.0,-0.13808151977134875
16797.0,-0.07100063231152476
16798.0,-0.13724611047499158
16799.0,-0.21940419161429167
16800.0,-0.34065491161825046
16801.0,-0.6934816073304977
16802.0,-0.32253943869024937
16803.0,0.17036053654022787
16804.0,0.03881740400003711
16805.0,0.2027792820877958
16806.0,0.5614389490837572
16807.0,0.3668663575356143
16808.0,0.6057411848529591
16809.0,1.1821519975380184
16810.0,1.1291514775301963
16811.0,0.7865864115575179
16812.0,0.46406454458830887
16813.0,0.5009646726423413
16814.0,0.5836971626188069
16815.0,0.9372872733301717
16816.0,1.0921257941940188
16817.0,0.5409024832804039
16818.0,1.3310066621196956
16819.0,1.5044776980826224
16820.0,1.3159670815850864
16821.0,1.1946958925535707
16822.0,0.7972338181540995
16823.0,1.715685735210604
16824.0,1.2287358686271321
16825.0,1.3158198541344417
16826.0,1.2723248041462585
16827.0,1.1257043034106642
16828.0,0.6078149950757941
16829.0,0.13341394812674545
16830.0,-0.02983322942251182
16831.0,0.42137565487134554
16832.0,0.666995040070694
16833.0,0.9581923152103743
16834.0,1.25216908352904
16835.0,1.5051261118496868
16836.0,1.383816500744048
16837.0,0.9470211035632925
16838.0,0.894403401037409
16839.0,0.8451128906564573
16840.0,0.6556907504564781
16841.0,0.5020824526541947
16842.0,0.20699412564808622
16843.0,-0.16260766849020372
16844.0,0.05477161214063109
16845.0,0.47684671489365904
16846.0,0.3040023494379146
16847.0,0.21437698889409468
16848.0,0.4612858108615397
16849.0,0.7230172249534639
16850.0,1.1065278063993247
16851.0,1.094902588424655
16852.0,0.9548943995232979
16853.0,1.2107609696150887
16854.0,1.460899220604196
16855.0,1.4983011236001955
16856.0,1.2523984016104142
16857.0,1.290631500911464
16858.0,1.381648990405426
16859.0,0.7361226739663943
16860.0,0.5409698086491803
16861.0,0.12755208002196639
16862.0,-0.5011222953582123
16863.0,-0.6533482591924059
16864.0,-0.309535271090137
16865.0,-0.6783897567864505
16866.0,-0.18118061880459158
16867.0,0.08689572009770252
16868.0,0.11257844370186293
16869.0,0.5774999220828702
16870.0,0.3958645508899481
16871.0,0.7805296349581912
16872.0,0.5630511370740847
16873.0,0.6094517965439281
16874.0,0.5152515263023613
16875.0,0.4755288400634007
16876.0,0.7200402215154681
16877.0,0.733155251022931
16878.0,1.036261122114429
16879.0,0.958507240962085
16880.0,0.8597244758475606
16881.0,0.9147869229785051
16882.0,0.5360068803794056
16883.0,0.3626720453510676
16884.0,0.4238787966079293
16885.0,0.7183159396824095
16886.0,0.7477498085668656
16887.0,0.8529928081946233
16888.0,0.7000359418853852
16889.0,0.8173884000837885
16890.0,1.0830213366792256
16891.0,1.560191819992824
16892.0,1.133573603441414
16893.0,0.3512395018906468
16894.0,0.5376962091269465
16895.0,0.7334959348709229
16896.0,1.2862270234841033
16897.0,1.3699620778104653
16898.0,1.6361417335681836
16899.0,1.0895401641166245
16900.0,0.8787164500402556
16901.0,0.8561629165790421
16902.0,0.7829043027993415
16903.0,-0.055913128124433165
16904.0,0.5755769153560855
16905.0,0.27919848648573614
16906.0,0.6457817885804125
16907.0,0.9831885912286995
16908.0,0.7738959814208642
16909.0,1.271402655342051
16910.0,1.1953639192707903
16911.0,1.2514620076237826
16912.0,1.4845239507085812
16913.0,1.4968914001488567
16914.0,2.098482682475199
16915.0,2.069802103052959
16916.0,1.7762973274520442
16917.0,1.4901642528912697
16918.0,1.2759171712410395
16919.0,1.336646549000487
16920.0,1.7680800653099134
16921.0,1.6753957276779647
16922.0,1.8079000467821806
16923.0,2.1282927988945946
16924.0,1.7183438199698742
16925.0,1.2190526921071798
16926.0,1.169193936851702
16927.0,0.6431211776085727
16928.0,0.9219974743494967
16929.0,1.0564665278900482
16930.0,1.5463227154571682
16931.0,0.9825317684804536
16932.0,0.8077359662491699
16933.0,0.9857329122142556
16934.0,0.9781105947331472
16935.0,0.8045691778878862
16936.0,0.4677686972050132
16937.0,0.8750084375387541
16938.0,0.11344730768949196
16939.0,0.4861002547254216
16940.0,-0.012605214281799115
16941.0,-0.2573876040478565
16942.0,-0.3607427782205888
16943.0,-0.06838847726016795
16944.0,-0.008903908204578315
16945.0,0.14680695119196208
16946.0,0.15501761377466938
16947.0,-0.4800003195461268
16948.0,-0.5653364175536868
16949.0,-0.6926025714035503
16950.0,-0.4095783182450242
16951.0,-0.09576665911354837
16952.0,0.379285572375368
16953.0,0.558467844998244
16954.0,0.39810377283778575
16955.0,0.5038011809495283
16956.0,0.13935099616030056
16957.0,0.2818172921601788
16958.0,0.44044195321384494
16959.0,0.3186332551213671
16960.0,0.323803578987518
16961.0,0.5703036356542335
16962.0,1.0324264377978178
16963.0,0.864462800641301
16964.0,1.336862627234516
16965.0,1.3564838655150482
16966.0,1.1782128322595706
16967.0,0.9915597099392308
16968.0,0.9776214548798976
16969.0,1.494826764098089
16970.0,1.3627063634054277
16971.0,0.810186262290147
16972.0,0.7999902569990884
16973.0,1.168524598345509
16974.0,1.3451864397176878
16975.0,1.3392211729633543
16976.0,1.2028042088971735
16977.0,0.7333078199384504
16978.0,0.7664284319415602
16979.0,0.8159203858784765
16980.0,1.346610028484581
16981.0,0.8144762318895049
16982.0,0.6419207442992924
16983.0,0.32329798202266663
16984.0,0.16415555970166076
16985.0,-0.12855333096190738
16986.0,-0.08355887105824066
16987.0,0.16178549956098282
16988.0,0.23388032927544714
16989.0,0.5252579160778994
16990.0,0.7482148049042043
16991.0,0.6627933012510858
16992.0,-0.007360426527242558
16993.0,0.18007612683579696
16994.0,0.4057340297344675
16995.0,0.6355518184422861
16996.0,0.5216306982139529
16997.0,0.309211160718168
16998.0,0.6274172663896529
16999.0,0.9080760443877657
17000.0,0.12253189178319235
17001.0,-0.19895206064085577
17002.0,0.45693708751316753
17003.0,0.38481829582006216
17004.0,0.06816347020242075
17005.0,-0.4037953428155431
17006.0,-0.5712392967321477
17007.0,-0.47003702786454976
17008.0,-0.22902535233305912
17009.0,0.25005063069200373
17010.0,0.3250044315468044
17011.0,0.2735964521376834
17012.0,0.37884765814314203
17013.0,0.49688440176907206
17014.0,0.875973086439679
17015.0,0.7463555712800465
17016.0,0.3739728942558259
17017.0,0.5408193112631934
17018.0,0.506905748899585
17019.0,0.6242667330810198
17020.0,0.6500745797984209
17021.0,0.4788429715169071
17022.0,0.22448327286667843
17023.0,0.8090054221069989
17024.0,0.6777839986389512
17025.0,0.46121011003189316
17026.0,0.40526289521074105
17027.0,0.332308948404175
17028.0,0.4753320379006863
17029.0,0.9742583822123014
17030.0,0.8239486448101707
17031.0,0.29258209702647214
17032.0,0.6687421150689918
17033.0,1.4819011806813442
17034.0,0.9430848673801855
17035.0,0.9847388260125312
17036.0,1.1899493174812263
17037.0,1.3838126289826986
17038.0,1.3600188709939733
17039.0,1.243187080184174
17040.0,1.2546057645431974
17041.0,1.2667147450205365
17042.0,1.0260008878161648
17043.0,0.9501702207510561
17044.0,0.4629907455091789
17045.0,0.311069269919623
17046.0,0.7362064536552133
17047.0,1.2015297686749256
17048.0,1.6344005230037872
17049.0,1.9602367539223997
17050.0,2.6498349154200582
17051.0,2.3509346848797987
17052.0,2.380273201072396
17053.0,2.2895976844255768
17054.0,2.544482340625114
17055.0,2.3145774501439615
17056.0,1.9898057218902272
17057.0,2.121029591837938
17058.0,2.62379879121927
17059.0,2.5375378905318247
17060.0,2.2308407908638404
17061.0,2.223102795969645
17062.0,2.721824322945253
17063.0,2.4943280770330034
17064.0,2.3876330464233466
17065.0,2.2489778551797195
17066.0,2.2438922721694183
17067.0,2.2317180153707565
17068.0,2.4926509197594653
17069.0,3.093116778104973
17070.0,2.446030483067808
17071.0,2.6990925995309594
17072.0,2.650822839086145
17073.0,2.6469810319751312
17074.0,2.234659712612917
17075.0,2.4740327402432425
17076.0,2.1101961233185045
17077.0,1.861491868028004
17078.0,1.5721765923028361
17079.0,1.6297673164596251
17080.0,1.0577798711092061
17081.0,0.8871157519930362
17082.0,1.4254708946115773
17083.0,1.2982759457651363
17084.0,1.6237361992579724
17085.0,1.6815331920928114
17086.0,2.139158878050902
17087.0,2.2119684861300652
17088.0,1.4495414219498999
17089.0,1.493420888805401
17090.0,1.2562789119628095
17091.0,1.511381686070979
17092.0,0.5908830317668016
17093.0,0.5822847943615578
17094.0,0.03815240696550559
17095.0,0.15934675454112965
17096.0,0.04239273398277117
17097.0,0.7283130306124829
17098.0,0.7263616130182364
17099.0,0.6053924508041515
17100.0,0.703167252427598
17101.0,0.7401684875642175
17102.0,0.8341679299741196
17103.0,0.8205618568077575
17104.0,0.6156869006764344
17105.0,0.5118434021230038
17106.0,0.9387367913782463
17107.0,0.592419946589914
17108.0,0.4169575727561823
17109.0,0.3968679876780634
17110.0,0.6289255250729713
17111.0,0.7019249625894568
17112.0,1.1502161002455962
17113.0,1.5025074990856881
17114.0,1.7572824377990637
17115.0,1.70168582043197
17116.0,1.0045282234689403
17117.0,0.5439662703326233
17118.0,0.2959288238922855
17119.0,0.3148973846570755
17120.0,-0.1609251048600317
17121.0,-0.20685499759096548
17122.0,-0.04472334865380301
17123.0,-0.6072633359322955
17124.0,-0.055719888994164024
17125.0,0.4347608261941682
17126.0,-0.07938498435073588
17127.0,0.044006522783929705
17128.0,0.006218076521924298
17129.0,-0.29149014757255554
17130.0,-0.5071022450699896
17131.0,-1.0662793829780601
17132.0,-0.7273252596962287
17133.0,-0.7793402269350107
17134.0,-0.5661735415603711
17135.0,-0.3028809313853388
17136.0,-0.4722666125057493
17137.0,-0.48738954775770293
17138.0,-0.9004289178757809
17139.0,-0.6987528765747559
17140.0,-0.6294569761457428
17141.0,-0.735661371618195
17142.0,-0.5333089692535513
17143.0,-0.5707799235867135
17144.0,-0.376499145761858
17145.0,-0.169981318312493
17146.0,0.2615723000927759
17147.0,0.8207570542503677
17148.0,0.8893212853027783
17149.0,0.8250372053942479
17150.0,0.9194527989686726
17151.0,0.7416933066720965
17152.0,0.6822537735036941
17153.0,0.4453697294911645
17154.0,0.2516480867920794
17155.0,0.30606921077501326
17156.0,0.28943613083083003
17157.0,0.476536096677258
17158.0,0.6150044410177695
17159.0,-0.29331893536220943
17160.0,-0.26166629630934407
17161.0,0.08639441814579657
17162.0,0.23057231026827726
17163.0,0.2514679201979946
17164.0,0.30713296297157777
17165.0,0.5865485214489157
17166.0,0.414564838790727
17167.0,0.2615506897469927
17168.0,-0.02252381090425551
17169.0,0.4859476285205903
17170.0,-0.18218228916039575
17171.0,-0.37965786190586154
17172.0,-0.8781250906200662
17173.0,-0.08761534344205302
17174.0,-0.14439370303653531
17175.0,0.47709917521758916
17176.0,0.49504271951827206
17177.0,0.28391449791576306
17178.0,0.7663784549999318
17179.0,0.7274434724214732
17180.0,0.5522849005899947
17181.0,0.5917280814269309
17182.0,0.5142184236350587
17183.0,-0.07802619877424549
17184.0,0.36457375250008056
17185.0,0.558107543626197
17186.0,0.3103637690469878
17187.0,0.013396893976727053
17188.0,0.244197107131997
17189.0,0.20560664796321065
17190.0,0.1198045852833641
17191.0,0.1281618718379957
17192.0,-0.6194135885844182
17193.0,-0.47418463207877903
17194.0,-0.7270502057073869
17195.0,-0.36664873147573285
17196.0,-0.6540486096256837
17197.0,-0.4917624425921705
17198.0,-0.23471179904952277
17199.0,-0.144973509653473
17200.0,-0.4851298269992177
17201.0,-0.5242206909019639
17202.0,-0.1640587482272814
17203.0,-0.0723109090896361
17204.0,0.1766109668096132
17205.0,0.04165450815433816
17206.0,0.08669834105964525
17207.0,0.2055684827552007
17208.0,0.6853574828170667
17209.0,0.7532689119647115
17210.0,0.7742445140144972
17211.0,0.625874666792221
17212.0,0.5409875026936375
17213.0,0.15925274735333977
17214.0,0.18787569614572722
17215.0,-0.0033100365108312824
17216.0,-0.39724522762905556
17217.0,-0.04685165132374686
17218.0,0.2868138171695486
17219.0,0.1082276030618155
17220.0,-0.5402002601762074
17221.0,-0.6000118920758941
17222.0,-0.6575338984023446
17223.0,-0.6215051524745095
17224.0,0.20014121560661802
17225.0,-0.0037163975763931933
17226.0,-0.2567491747648215
17227.0,-0.35487350923090055
17228.0,-0.19956162751831333
17229.0,0.11313402950008361
17230.0,0.3393410478204253
17231.0,0.6157802014027509
17232.0,0.20603852328522282
17233.0,0.7699784922202358
17234.0,0.8480665677740004
17235.0,0.7302046680567168
17236.0,0.9957014646526288
17237.0,0.8443272823668364
17238.0,0.7463641680626499
17239.0,1.0010219540645529
17240.0,0.3677331580719645
17241.0,0.5269871239487919
17242.0,0.9935189847174754
17243.0,0.9143596905665508
17244.0,0.8628689693593496
17245.0,0.6834021045789322
17246.0,0.6137113471752952
17247.0,-0.06953116373206447
17248.0,-0.17148635840128668
17249.0,-0.6112194980930652
17250.0,-0.588870487468914
17251.0,-0.9520695351690758
17252.0,-0.8598966432276416
17253.0,-0.9879803145251689
17254.0,-0.7730107662681506
17255.0,-0.5077562751464564
17256.0,-0.46469901409708697
17257.0,-1.0467275297222411
17258.0,-0.48912271911046445
17259.0,-0.41628471980710563
17260.0,-0.7625940391562089
17261.0,-0.2673560434170848
17262.0,0.22774724621994985
17263.0,-0.3027752829337168
17264.0,-0.525464179404417
17265.0,-0.7754338509324916
17266.0,-0.8749649204011388
17267.0,-1.0988239103903508
17268.0,-1.0573979190048677
17269.0,-1.4251467196651406
17270.0,-1.840984109663777
17271.0,-1.5776910565604927
17272.0,-1.3568797588465715
17273.0,-0.9668945128821973
17274.0,-0.5912256100410909
17275.0,-0.15760004625290608
17276.0,-0.23696629204797615
17277.0,0.15958447829963668
17278.0,-0.12920240681904305
17279.0,-0.3203154691105075
17280.0,-0.45728259803352367
17281.0,-0.5971012969037334
17282.0,-0.35352152487512234
17283.0,-0.0694378108187893
17284.0,0.02576176126084491
17285.0,-0.32928705828485333
17286.0,-0.29483159287433947
17287.0,-0.20027371678831743
17288.0,-0.6076472288581412
17289.0,-0.6383796728160154
17290.0,-0.4446543310279211
17291.0,-1.333221610120399
17292.0,-1.6794368963337731
17293.0,-1.320675702107772
17294.0,-1.0354887686689
17295.0,-0.9242723871422016
17296.0,-0.44353243156734345
17297.0,0.18800245449450548
17298.0,-0.25507835747758795
17299.0,-0.19223619552237575
17300.0,0.20038133570013517
17301.0,0.4416880219744317
17302.0,0.3030080330470692
17303.0,0.4864153543413129
17304.0,0.6441115607244721
17305.0,0.5987416416717054
17306.0,0.6204571850252285
17307.0,0.44511042500764597
17308.0,0.40930685922041465
17309.0,0.5181274237010148
17310.0,0.1819334330920926
17311.0,-0.028345570192069264
17312.0,0.08828888995125117
17313.0,0.10604784010875493
17314.0,-0.8036105931884502
17315.0,-1.1256135036704191
17316.0,-1.1092854081828023
17317.0,-1.2940122076337066
17318.0,-0.9451269306974933
17319.0,-1.7270983967299425
17320.0,-1.108942428921423
17321.0,-0.8194058638620929
17322.0,-1.2355844509595801
17323.0,-1.7401901249788736
17324.0,-1.9599207097062463
17325.0,-2.133716524073536
17326.0,-1.534340136682184
17327.0,-0.996789306856651
17328.0,-0.6557360788062794
17329.0,-0.8198316475084501
17330.0,-0.7280697036913271
17331.0,-0.8089192668157494
17332.0,-0.6089178090432261
17333.0,-0.8628354832243863
17334.0,-0.80678260681033
17335.0,-0.44424711998324984
17336.0,-0.6263514929909416
17337.0,-0.68365862173145
17338.0,-1.2280755579231493
17339.0,-0.8950610017078828
17340.0,-0.4965800909570039
17341.0,-0.4117870905001707
17342.0,-0.28176845507625137
17343.0,-0.26142702906074766
17344.0,-0.28175407101124106
17345.0,-0.3370444185153982
17346.0,-0.4358111528093527
17347.0,-1.0935683478594465
17348.0,-0.6417306515390226
17349.0,-0.9518510846398072
17350.0,-1.4188754268573018
17351.0,-1.4793438731197117
17352.0,-1.275679872115274
17353.0,-1.466610985316601
17354.0,-1.8734295425476852
17355.0,-2.0098035873244307
17356.0,-2.3482827858081126
17357.0,-2.249353878656088
17358.0,-2.4453766352266357
17359.0,-2.6747388875156513
17360.0,-2.6583330254427486
17361.0,-2.3872867920739798
17362.0,-3.0497457680300775
17363.0,-2.5907357666216257
17364.0,-2.6424075378004903
17365.0,-2.5640180581666643
17366.0,-2.324584218148009
17367.0,-2.207753563786461
17368.0,-1.640629849378666
17369.0,-1.4389032820350254
17370.0,-1.48725089223197
17371.0,-1.6913019265213074
17372.0,-1.268774763892632
17373.0,-1.7413589143920696
17374.0,-1.5261673418270763
17375.0,-1.3082379767305232
17376.0,-1.1475213177271615
17377.0,-1.6810186609257953
17378.0,-1.4264882349850172
17379.0,-0.954855251724519
17380.0,-1.5586139936997458
17381.0,-1.3861812651779035
17382.0,-1.4656032133179928
17383.0,-1.4604788050305237
17384.0,-1.2531824538199907
17385.0,-0.9393611879402735
17386.0,-1.1355042886320552
17387.0,-1.9245329202891552
17388.0,-2.1291128063817086
17389.0,-2.148310389356575
17390.0,-1.817991221289883
17391.0,-1.600004171984918
17392.0,-1.391935050375991
17393.0,-1.014778388499173
17394.0,-0.6848263621112737
17395.0,-0.3982696488286485
17396.0,-0.24844823492785711
17397.0,-0.7443584130237617
17398.0,-0.8361212007962087
17399.0,-0.6475373522711607
17400.0,-0.7632072475072977
17401.0,-0.5933719842795796
17402.0,-0.816679250201302
17403.0,-1.069097016670823
17404.0,-1.1347612886268612
17405.0,-1.1860638803283188
17406.0,-1.0279194229574482
17407.0,-1.3168053525016932
17408.0,-1.8988690925555758
17409.0,-1.8211623063911986
17410.0,-2.0550961238090206
17411.0,-1.6970363027708202
17412.0,-1.4592239772807958
17413.0,-1.924616082589646
17414.0,-1.6665930877532178
17415.0,-1.112279047083746
17416.0,-0.8892930878080187
17417.0,-1.1693004946518912
17418.0,-1.0339304113933208
17419.0,-0.8417019468421751
17420.0,-0.888116778036126
17421.0,-0.6077370345136567
17422.0,-0.6554206776219554
17423.0,-0.9564912518355102
17424.0,-1.06408219981832
17425.0,-0.6339369655872615
17426.0,-0.5030662754623169
17427.0,-0.8423328256280957
17428.0,-1.2795998901158938
17429.0,-0.8177577009671175
17430.0,-0.9716476185798911
17431.0,-0.8065398179685564
17432.0,-0.9429548477933769
17433.0,-1.0929433615276634
17434.0,-1.2441745015261445
17435.0,-1.0879607066484234
17436.0,-1.1267674078985472
17437.0,-1.347875014277644
17438.0,-0.8580122514656461
17439.0,-0.7022252217042072
17440.0,-0.7587078545360366
17441.0,-0.5279382313237485
17442.0,-0.3205982768730977
17443.0,-0.035550585795494916
17444.0,0.2398318783107865
17445.0,0.40043863211131886
17446.0,0.7123800820663929
17447.0,0.8284516480893815
17448.0,0.7875503793673837
17449.0,0.6279766162599314
17450.0,0.4969304916703371
17451.0,0.7738052283334562
17452.0,0.590132553890675
17453.0,0.7154090401848809
17454.0,0.49155795437542005
17455.0,0.6625742460470699
17456.0,1.0052392922429323
17457.0,0.7082186989747911
17458.0,0.6121167593299045
17459.0,0.6724649000239777
17460.0,1.366411625859088
17461.0,1.558288585108118
17462.0,1.8825513400021934
17463.0,1.6403881032954375
17464.0,1.3764454736718117
17465.0,1.34983847923668
17466.0,0.581543092641302
17467.0,0.2946125244936956
17468.0,0.5795727949014422
17469.0,0.8597068008642301
17470.0,0.5956330062518659
17471.0,0.4798040647220964
17472.0,0.38969820023772395
17473.0,0.5492892589511146
17474.0,0.761404186372567
17475.0,1.3449677021970867
17476.0,1.5887229390665987
17477.0,1.5033776817893751
17478.0,1.8990534765701463
17479.0,1.3012001014445458
17480.0,1.4931332158787207
17481.0,1.8889524303085827
17482.0,1.7854208862010221
17483.0,2.032804113620554
17484.0,1.514413847365545
17485.0,1.4422799168572606
17486.0,1.2343186717894041
17487.0,0.5620299088318169
17488.0,0.3095978522918449
17489.0,0.5856860574644092
17490.0,0.38267271415490656
17491.0,0.2636850152346276
17492.0,0.8623865565986704
17493.0,1.04124135155696
17494.0,1.6275446949259342
17495.0,1.9332533334297133
17496.0,1.8668853946787232
17497.0,1.5060092754103511
17498.0,1.0637856441173787
17499.0,0.9538392662390829
17500.0,0.8871990652985384
17501.0,0.6997479924538555
17502.0,0.6606236996522274
17503.0,0.6907855810475564
17504.0,0.746690774267859
17505.0,0.7903403833870581
17506.0,0.7067942634719141
17507.0,1.1667348469217544
17508.0,1.494311498768022
17509.0,2.0284964253955886
17510.0,2.624991759011212
17511.0,2.1770410395334863
17512.0,2.1380272633461983
17513.0,1.9402758583758892
17514.0,1.7533510097474565
17515.0,1.4932227001914966
17516.0,1.7180985055448732
17517.0,1.492165478965247
17518.0,0.6600829075160652
17519.0,0.8627981767314261
17520.0,1.3403406223323855
17521.0,1.1895093771564698
17522.0,0.8475299553606706
17523.0,0.696595147879769
17524.0,0.9512614349794818
17525.0,0.5393530529607276
17526.0,0.7162749986735497
17527.0,0.9780761604558588
17528.0,0.995902844426783
17529.0,0.708523553763946
17530.0,0.7149917151802802
17531.0,1.1511093316414238
17532.0,1.4964274285490433
17533.0,1.3463903398012471
17534.0,1.732155306839703
17535.0,1.9841592852590717
17536.0,2.278123994495811
17537.0,2.1320374791795307
17538.0,1.7524422054780868
17539.0,1.2658001600658828
17540.0,1.5802365395217952
17541.0,1.2069279214175455
17542.0,1.0626079051527915
17543.0,0.7218836706028091
17544.0,0.6160898677885385
17545.0,1.0985582786401151
17546.0,1.042367190342363
17547.0,1.0292491624663573
17548.0,0.8388973840745426
17549.0,0.836307678565605
17550.0,0.9648306829242335
17551.0,1.66178637197328
17552.0,1.129174917095211
17553.0,1.2512604311607507
17554.0,0.8160923374952387
17555.0,0.8162606135138062
17556.0,0.7792728448477264
17557.0,0.4425520348701101
17558.0,0.66985355038186
17559.0,0.4063013693052689
17560.0,0.7045436687704896
17561.0,0.3521175226413929
17562.0,0.16128478973875643
17563.0,0.23672033648517105
17564.0,-0.3100380177031381
17565.0,-0.14346995150096123
17566.0,-0.1387368275205076
17567.0,0.029501099405174452
17568.0,-0.16942616883603456
17569.0,-0.5163547105544833
17570.0,-0.5385915582928976
17571.0,-0.7458984060848102
17572.0,-0.9234862471698129
17573.0,-0.9582256796896874
17574.0,-1.081495543909083
17575.0,-1.4482497962185663
17576.0,-1.1586750557058365
17577.0,-1.242425179772286
17578.0,-0.9794368727621943
17579.0,-1.0806185690006855
17580.0,-1.0584755032620785
17581.0,-0.7169163880423982
17582.0,-1.1100515591166258
17583.0,-0.8493612196704099
17584.0,-0.6086168079450167
17585.0,-0.06713832352188631
17586.0,-0.5088952626324091
17587.0,0.19263106956378018
17588.0,0.24588290798529966
17589.0,0.5414925578525269
17590.0,0.44612495437487387
17591.0,0.8535804479370479
17592.0,0.7838174723241639
17593.0,0.8058743429516059
17594.0,1.0794683149179154
17595.0,1.1520106588470858
17596.0,1.097496531714386
17597.0,1.0362194943301593
17598.0,1.2665631436227631
17599.0,1.0107784120103311
17600.0,1.1536969750710613
17601.0,1.46411350803157
17602.0,0.9188396572210187
17603.0,0.708388972058375
17604.0,0.30316984802324737
17605.0,0.3475305035390356
17606.0,0.35026914862941816
17607.0,0.7227656038644676
17608.0,0.45584876250845685
17609.0,0.6626706801827227
17610.0,0.8443310657293889
17611.0,1.2556646282734059
17612.0,1.594935950667999
17613.0,1.4634504041963248
17614.0,0.9970975188552635
17615.0,1.0613747161048823
17616.0,1.329289755704225
17617.0,1.6820350827446962
17618.0,1.8258051236762403
17619.0,1.3665876461923023
17620.0,0.6146437387861183
17621.0,0.49050883824068797
17622.0,0.9614548770900242
17623.0,1.2678557480584869
17624.0,1.4555833475790387
17625.0,1.7745772462161342
17626.0,1.3182589097539146
17627.0,1.2479093779951078
17628.0,1.5130990637970207
17629.0,1.349908288684147
17630.0,1.1492988538658016
17631.0,0.662888784011075
17632.0,0.010450276527571578
17633.0,-0.26004183688790194
17634.0,0.07138324804552332
17635.0,0.4763960260536194
17636.0,0.36635048633104383
17637.0,0.11640582634493035
17638.0,0.25602207984043235
17639.0,0.12091279494967962
17640.0,-0.3567845626855401
17641.0,-0.6954119773433289
17642.0,-0.9877514486916497
17643.0,-1.172071497855208
17644.0,-0.569069560546359
17645.0,-0.5256264367074793
17646.0,0.051102210499588074
17647.0,-0.5374677910073232
17648.0,-0.26405162528132475
17649.0,0.12586029078690147
17650.0,0.44850175957636784
17651.0,0.5765522056832709
17652.0,0.8480342439117747
17653.0,0.4200833871237208
17654.0,0.46195633343473114
17655.0,1.0468968458393968
17656.0,1.2330688729818367
17657.0,0.82525577809413
17658.0,0.6265138808785762
17659.0,0.5381312519434646
17660.0,0.7082557028798702
17661.0,1.0141507275172013
17662.0,1.0059889156373434
17663.0,1.2236325289349554
17664.0,1.3311216035977687
17665.0,1.2792634230774906
17666.0,0.826554514036064
17667.0,1.3453727853142763
17668.0,0.8251181390201224
17669.0,1.3716668251115678
17670.0,1.4186767285421615
17671.0,1.3774838723218115
17672.0,1.5987285080367837
17673.0,1.5181998591252717
17674.0,1.6519710001585284
17675.0,1.301659775129505
17676.0,1.449144868080694
17677.0,1.627318915931114
17678.0,1.4817629078506824
17679.0,1.8863730780218497
17680.0,1.6906655253358498
17681.0,1.599772768318298
17682.0,2.3954287377299863
17683.0,2.007639235642877
17684.0,1.8537606869792944
17685.0,1.781328315057453
17686.0,2.519899261820571
17687.0,2.545513027699349
17688.0,2.721524397127284
17689.0,2.6599916979007054
17690.0,2.3766648779419026
17691.0,2.0112996155062786
17692.0,1.9919102025811326
17693.0,1.9348752499996051
17694.0,2.4088503533465664
17695.0,2.7489322112052093
17696.0,3.1880157374483673
17697.0,3.2302906444425568
17698.0,3.1633425711816376
17699.0,3.2000512902201534
17700.0,3.054466038408699
17701.0,2.6480738984665075
17702.0,2.2076486310475825
17703.0,2.5233792383148166
17704.0,2.334306237473064
17705.0,2.7671211764995416
17706.0,2.256508474617294
17707.0,2.395586095607253
17708.0,2.3284975144287214
17709.0,1.9716740455486785
17710.0,1.5091952242981808
17711.0,1.3407578324133733
17712.0,1.2168069641604315
17713.0,1.4538745089089415
17714.0,1.2897513612379747
17715.0,1.2747815600612804
17716.0,1.1222383248138417
17717.0,1.093765546596981
17718.0,0.9024031492266547
17719.0,1.4439449419454122
17720.0,1.1687519760519904
17721.0,0.9932147003796868
17722.0,1.0240410264479143
17723.0,0.9945878008894533
17724.0,1.1573695762267278
17725.0,1.3409486595533129
17726.0,1.5973808939051892
17727.0,0.8064678228175763
17728.0,1.0857977147762932
17729.0,0.9307208796645048
17730.0,1.1032658231370722
17731.0,1.4052054090924935
17732.0,1.4862522826055515
17733.0,0.883391937957509
17734.0,0.744399521163756
17735.0,1.0011263126842762
17736.0,1.04453997624405
17737.0,0.5055413166197638
17738.0,0.4213616171571572
17739.0,0.41404954712914777
17740.0,0.11149264136442505
17741.0,0.005214591887753264
17742.0,0.06415325323620005
17743.0,-0.3547654511201914
17744.0,-0.3701827495685908
17745.0,-0.24130905134008712
17746.0,-0.4444417590530823
17747.0,-0.6053479200555236
17748.0,-1.1835769178227213
17749.0,-1.0152076779416597
17750.0,-0.7518179672365615
17751.0,-0.6554685814634282
17752.0,-0.5971598521414947
17753.0,-0.9053030674480211
17754.0,-0.5256083938869918
17755.0,-0.14454767043430367
17756.0,-0.16503837209953143
17757.0,-0.1424201273256423
17758.0,-0.019579715347024323
17759.0,-0.3210765944839893
17760.0,-0.8629726233534658
17761.0,-1.0345768398788082
17762.0,-0.5612584607447593
17763.0,-0.20610056082296613
17764.0,0.2154995281039205
17765.0,0.044944275723405536
17766.0,-0.5070076655640363
17767.0,-0.5152316514376533
17768.0,-0.31352487448025457
17769.0,-0.06415961883058921
17770.0,-0.5138560177761252
17771.0,-0.5719487409544097
17772.0,-0.5278419989409602
17773.0,-0.39461906067110464
17774.0,-0.27033139687371704
17775.0,-0.3185636783093204
17776.0,-0.2276660269690619
17777.0,0.02284007616856068
17778.0,0.13833974557788908
17779.0,0.6769548959173379
17780.0,0.9189706897119466
17781.0,0.5518762031697089
17782.0,1.1540625175489814
17783.0,0.5447185175123175
17784.0,0.88111430275427
17785.0,0.7653045503252291
17786.0,0.8023076234116426
17787.0,1.092072403406842
17788.0,0.9925227027990209
17789.0,0.47636977114833984
17790.0,0.7515673963510816
17791.0,0.7872098253457127
17792.0,0.70235819137209
17793.0,0.5833366807050215
17794.0,0.7453257513652727
17795.0,1.2622285579560542
17796.0,1.293283745112403
17797.0,1.1807742591241588
17798.0,1.0064966488111826
17799.0,1.067847510284859
17800.0,0.6900159683593113
17801.0,0.5671167771270089
17802.0,0.5950887079199291
17803.0,1.1520674073810895
17804.0,1.2445128110103976
17805.0,1.3350750065318089
17806.0,1.026324599126009
17807.0,1.2200550716364462
17808.0,1.5511870319406524
17809.0,1.2055168404299998
17810.0,0.7875931944448236
17811.0,0.43987858825764525
17812.0,0.021756218767457647
17813.0,-0.41913686364138325
17814.0,-0.15016553813660463
17815.0,0.11035332032554096
17816.0,0.09330826610842305
17817.0,0.16681985606337663
17818.0,0.26587257165757594
17819.0,0.6529055167351695
17820.0,0.4906784262031577
17821.0,-0.40292828326492897
17822.0,-0.3541456887777197
17823.0,-0.4991724980697421
17824.0,-0.08572392186821337
17825.0,0.08717039224527985
17826.0,-0.36883688134818543
17827.0,-0.15673395603112378
17828.0,-0.5249911752318046
17829.0,0.13850970140221858
17830.0,0.18051096941139538
17831.0,0.21134263715638313
17832.0,-0.15144242305265576
17833.0,0.14964415688667543
17834.0,-0.19179101099462026
17835.0,-0.44841600901670975
17836.0,-0.6684234898608091
17837.0,-1.1173387893323634
17838.0,-0.6703929072554353
17839.0,-1.2228335637715744
17840.0,-1.4231235876794546
17841.0,-1.0575249843221592
17842.0,-1.027959528456315
17843.0,-0.9740375217698279
17844.0,-1.0112286330367133
17845.0,-0.9155498394663885
17846.0,-0.45767128117285644
17847.0,-0.48396590235877757
17848.0,-0.7896489022389253
17849.0,-0.8127832557143528
17850.0,-0.7555627286256098
17851.0,-0.3589882002568829
17852.0,-0.2883929219227793
17853.0,-0.3946803117617971
17854.0,-0.8494079898809035
17855.0,-0.7193414183663102
17856.0,-0.9224039193195932
17857.0,-0.768672429484291
17858.0,-0.785510782012011
17859.0,-1.0174073156885766
17860.0,-0.8151853067636166
17861.0,-0.48048808037316615
17862.0,-0.21483668563209019
17863.0,-0.47515261072973203
17864.0,0.4584336626836206
17865.0,0.474300521671875
17866.0,-0.04388091903453306
17867.0,0.013018975512124713
17868.0,-0.178657397850885
17869.0,-0.0558533799592649
17870.0,0.07989837539512928
17871.0,-0.6325133119015737
17872.0,-0.9553480613966769
17873.0,-1.2698556888107002
17874.0,-1.3926622041206067
17875.0,-1.2042909093456566
17876.0,-0.6365077597881564
17877.0,-0.8981306903238562
17878.0,-0.7290676695970404
17879.0,-0.26200813324624544
17880.0,0.32140557604936537
17881.0,0.1561588035652767
17882.0,0.1398639344272638
17883.0,-0.0006007338692309017
17884.0,-0.1272678539782804
17885.0,0.08533756312137121
17886.0,0.43401794343150646
17887.0,1.3056734173571323
17888.0,1.0941283670886541
17889.0,1.430665784532894
17890.0,1.2128871215366004
17891.0,1.4415455001337991
17892.0,1.333799515821493
17893.0,1.1024212647517209
17894.0,0.45522517137623153
17895.0,0.47663411796301214
17896.0,0.3344976881527783
17897.0,0.14414724547146524
17898.0,0.42057790318305144
17899.0,1.296147671683652
17900.0,1.77381018977161
17901.0,1.6701110044099703
17902.0,1.3609504442107223
17903.0,0.7072401211838545
17904.0,1.025714833318634
17905.0,0.6394344553414787
17906.0,0.242125907865672
17907.0,0.4154570966558283
17908.0,0.6331008769319085
17909.0,0.6038552207977069
17910.0,0.8158855540674117
17911.0,0.7629257293208898
17912.0,0.41619765700451644
17913.0,0.030816132118312578
17914.0,-0.20938738200757845
17915.0,-0.4884342692788672
17916.0,-0.2472800354002167
17917.0,0.23024205528908065
17918.0,0.39266961955908886
17919.0,0.31448969899282414
17920.0,-0.33373806782075033
17921.0,-0.5486917168113098
17922.0,-0.6587686465721698
17923.0,-0.578388937004242
17924.0,-0.6680099443358111
17925.0,-0.5661185717635049
17926.0,-0.5334062999757749
17927.0,-0.31295756168219213
17928.0,-0.3273252376390585
17929.0,-0.5664707372742354
17930.0,-0.7127527142318784
17931.0,-0.7552608057417113
17932.0,-0.4562457806252715
17933.0,-0.6067278459305894
17934.0,-0.5152367158157856
17935.0,-0.8001459090597409
17936.0,-0.556986764395424
17937.0,0.01740546841205881
17938.0,0.060586880633616766
17939.0,0.06248278360566939
17940.0,0.38854499852583513
17941.0,0.3652554289745959
17942.0,0.3166753021952556
17943.0,0.6129658581375618
17944.0,0.8761359601642227
17945.0,1.2626435326393735
17946.0,0.971968976942516
17947.0,1.4588574096647506
17948.0,1.3981013824237007
17949.0,1.6796444916122193
17950.0,1.3825119118505445
17951.0,1.4362730686006813
17952.0,1.9945707540847044
17953.0,1.4881248946869443
17954.0,1.5109056397333072
17955.0,1.5415328759372202
17956.0,1.4686158705024817
17957.0,0.8492358128609067
17958.0,0.41915941664451073
17959.0,0.5443933776149544
17960.0,-0.17472781356674572
17961.0,0.26941210851510555
17962.0,0.5074643377750445
17963.0,0.4458227307007754
17964.0,0.6052121055516522
17965.0,0.5717373386990977
17966.0,0.48010608597948123
17967.0,0.11877151356937699
17968.0,-0.12145405227014976
17969.0,0.3662625757473695
17970.0,0.8377724230528112
17971.0,0.582132386922732
17972.0,0.6764736464647996
17973.0,1.028811990470815
17974.0,0.9359762230852147
17975.0,1.3700708398039263
17976.0,1.5520558195526521
17977.0,1.346024210606588
17978.0,1.1753613634092088
17979.0,1.747156353932786
17980.0,1.9269980262271056
17981.0,1.8782263919835867
17982.0,2.0915020448114934
17983.0,1.9105555432414696
17984.0,1.7901226274040627
17985.0,1.7718263738746347
17986.0,2.022381366827477
17987.0,1.64940300386395
17988.0,1.4919022044100458
17989.0,1.0846998867313624
17990.0,0.8795932595043907
17991.0,0.6227199958053116
17992.0,0.4473629866136468
17993.0,0.4994963465503441
17994.0,0.1292238083770807
17995.0,0.7396384599187614
17996.0,0.5904342897343969
17997.0,0.8385547747753646
17998.0,0.5805724038756985
17999.0,-0.08528302306447832
18000.0,-0.6606149002354982
18001.0,-0.5406937734836591
18002.0,-0.7365678343425593
18003.0,-0.8009631355574173
18004.0,-0.8931611965715672
18005.0,-1.0082492665418192
18006.0,-0.8594589084817684
18007.0,-0.9927628948604303
18008.0,-1.098050022579983
18009.0,-0.23422441798142257
18010.0,0.3762431962267315
18011.0,0.06777826604966908
18012.0,0.02253727046510763
18013.0,0.210939163310544
18014.0,0.6886631232598334
18015.0,0.897431005238992
18016.0,0.9786073946761803
18017.0,0.7904078890006381
18018.0,0.4470570200813596
18019.0,0.3567983336638248
18020.0,0.15698650375499704
18021.0,0.29827289266577417
18022.0,0.21692557095847095
18023.0,0.25681968040592307
18024.0,-0.13062688947745488
18025.0,-0.3889053757192188
18026.0,-0.15371268929885573
18027.0,0.5093343001511588
18028.0,0.786060452727523
18029.0,0.23069083174683302
18030.0,-0.23265012992763703
18031.0,-0.08857087161125257
18032.0,0.3481904923317149
18033.0,-0.07824899603850483
18034.0,-0.08843014286408378
18035.0,-0.18537704224932924
18036.0,-0.17605725117815266
18037.0,0.6757821779751223
18038.0,1.0361916978782182
18039.0,1.4896606582041771
18040.0,1.4941810527750297
18041.0,1.2838218729919735
18042.0,1.1916733363963659
18043.0,0.7452068653428197
18044.0,1.135291854646405
18045.0,0.9820280332125616
18046.0,0.8882526218538761
18047.0,0.5929196991300726
18048.0,0.08803163085919402
18049.0,0.11472332912843017
18050.0,0.0014202264359294142
18051.0,-0.04861807546610984
18052.0,0.26839536659502355
18053.0,-0.14459690982524354
18054.0,-0.1774004404057313
18055.0,-0.433244132843151
18056.0,-0.5496619246863235
18057.0,-0.8470133696563614
18058.0,-0.5526776268570952
18059.0,-0.4639891658109281
18060.0,-0.4335345140779591
18061.0,-0.2700700547856718
18062.0,-0.18616753193620528
18063.0,-0.2913576668752257
18064.0,-0.2249038186626198
18065.0,-0.6762399407600221
18066.0,-0.44973835275716245
18067.0,-0.6418447526046921
18068.0,-0.76531026351456
18069.0,-0.4389709882558448
18070.0,-0.43236561295626375
18071.0,-0.5154371780323698
18072.0,-0.234572444310982
18073.0,-0.44148052965651086
18074.0,-0.22248402147529056
18075.0,-0.23931063803965352
18076.0,-0.38681716343131906
18077.0,-0.08312943629507735
18078.0,0.02070497907887099
18079.0,0.0661331227357527
18080.0,-0.43625903096240776
18081.0,-0.8888526210606147
18082.0,-0.06538341593997243
18083.0,0.02881959525258304
18084.0,-0.3044153625146018
18085.0,-0.045328924210556176
18086.0,0.5800356118373023
18087.0,0.8537023620791379
18088.0,1.09748064494602
18089.0,0.953758578069271
18090.0,1.2320594518235326
18091.0,1.623511980132013
18092.0,1.227249925001652
18093.0,1.3360466938528193
18094.0,1.2209210246871443
18095.0,1.3461740740067698
18096.0,1.2511410271010073
18097.0,1.343245235444119
18098.0,1.188629083574279
18099.0,1.293145649485086
18100.0,1.8037097706688199
18101.0,1.773670762192297
18102.0,1.7244021902060207
18103.0,1.4946528761003939
18104.0,1.64931568269344
18105.0,1.2358557907439105
18106.0,1.1538107568224327
18107.0,1.4843197034615674
18108.0,1.6360791061545608
18109.0,1.3397126868850995
18110.0,1.0615321120292112
18111.0,0.774271470034928
18112.0,0.8307775308157197
18113.0,0.807184715676834
18114.0,0.8694593056183794
18115.0,0.7801881183155823
18116.0,0.5900758483909156
18117.0,0.2729662400239374
18118.0,0.2386993427823332
18119.0,0.11825404176740348
18120.0,-0.5331766047470284
18121.0,-0.9733626195732399
18122.0,-1.2389069073931873
18123.0,-1.11210031986414
18124.0,-1.5355375652236636
18125.0,-1.1613206306983659
18126.0,-0.7636382602458041
18127.0,-0.89348985241348
18128.0,-0.7445434978882506
18129.0,-0.40262556323329307
18130.0,-0.6817284703699642
18131.0,-0.2774029480198105
18132.0,-0.03550117914312151
18133.0,-0.35153740982830955
18134.0,-0.11978015558740088
18135.0,-0.34306156847752356
18136.0,-0.4872800222612215
18137.0,-0.20052025284382557
18138.0,-0.0075500774723617214
18139.0,-0.1962584909376121
18140.0,-0.18453949487467158
18141.0,-0.8594066057328589
18142.0,-0.8217876834457888
18143.0,-0.5291996841285878
18144.0,-0.3061510851181903
18145.0,-0.9214441160653174
18146.0,-0.9769800578713482
18147.0,-1.3288619808549644
18148.0,-1.2957172548472735
18149.0,-0.6039467437830653
18150.0,0.15245414699424498
18151.0,-0.19288032650239229
18152.0,-0.24036014943662068
18153.0,0.33194404285051404
18154.0,0.24020594855681565
18155.0,0.44467343000191706
18156.0,0.647869740959444
18157.0,0.5907602068845493
18158.0,0.7926327063893642
18159.0,0.6291324868031054
18160.0,0.4862310243713414
18161.0,0.35481419859804025
18162.0,0.6386490445947217
18163.0,0.6947673056665998
18164.0,0.3937180067546893
18165.0,0.06565979925486826
18166.0,0.1869106127625303
18167.0,-0.14101321810373338
18168.0,-0.16283361936830976
18169.0,-0.14760112091237643
18170.0,-0.3070862250701533
18171.0,-0.32614606338953417
18172.0,-0.5915315943604785
18173.0,-1.168346261916869
18174.0,-0.9650948771043136
18175.0,-1.2378887476101175
18176.0,-1.3540524877032247
18177.0,-1.319060255728527
18178.0,-1.2409550307293014
18179.0,-0.9774341067848213
18180.0,-0.7650324483871638
18181.0,-0.49036735209229604
18182.0,0.11910614099950678
18183.0,0.18675897275238182
18184.0,0.12812012239965853
18185.0,-0.27770714677165736
18186.0,0.10072465459524793
18187.0,0.4308045826063602
18188.0,0.7153991128309882
18189.0,0.08227337491899533
18190.0,-0.40077907806841884
18191.0,-0.09991464364089137
18192.0,-0.34518944081282205
18193.0,-0.3686258754794804
18194.0,-0.363884458709558
18195.0,-0.4246646063091269
18196.0,-0.2441978919359999
18197.0,-0.17094397534958017
18198.0,-0.44387246810581027
18199.0,-0.24994685011259676
18200.0,-0.7112208823578281
18201.0,-0.5984202599695562
18202.0,-0.9129975038866665
18203.0,-0.9178511987850532
18204.0,-1.0610961879222738
18205.0,-1.3761939663625247
18206.0,-1.0646299820586107
18207.0,-0.8224551284923178
18208.0,-1.1421000216709
18209.0,-1.2557921640146321
18210.0,-1.111134941846624
18211.0,-0.5284234975300581
18212.0,-0.9617956123413511
18213.0,-0.8649816362015208
18214.0,-0.7710805639868161
18215.0,-1.3651149589462497
18216.0,-1.3207057259145185
18217.0,-1.679447637456359
18218.0,-2.2272755102397066
18219.0,-1.9809554993047014
18220.0,-1.9971703968071544
18221.0,-1.6488626160949609
18222.0,-1.1845417181461788
18223.0,-1.0503412898549833
18224.0,-1.2211872881399861
18225.0,-0.8660702417618219
18226.0,-0.8564264915572132
18227.0,-0.5076487812037773
18228.0,-0.7926736675553896
18229.0,-0.9715332950807067
18230.0,-0.9599313973885909
18231.0,-0.682154800608649
18232.0,-1.1142914943476434
18233.0,-0.6099052864671355
18234.0,-0.6441814871316456
18235.0,-0.8747339823850379
18236.0,-0.6171708647506456
18237.0,-0.026720124624693864
18238.0,0.0929481767147187
18239.0,0.13269501608932444
18240.0,-0.029710838409562373
18241.0,0.1353803134420673
18242.0,0.32507271220132106
18243.0,0.32632409536113477
18244.0,0.5300769470521395
18245.0,0.11420769398014258
18246.0,0.3871045785419227
18247.0,0.2762770093153167
18248.0,0.5110088191644191
18249.0,0.48512032159261936
18250.0,0.7028312964735229
18251.0,0.5308072897962595
18252.0,0.9443914569130893
18253.0,1.0746795738368726
18254.0,0.5380230402661825
18255.0,0.22403162537730598
18256.0,0.8332499360236851
18257.0,0.8422912542286038
18258.0,1.1088157835414996
18259.0,1.042374794993378
18260.0,1.333039408608064
18261.0,1.3877602915100664
18262.0,1.26502943965939
18263.0,1.277606363098071
18264.0,1.431417620672442
18265.0,1.3164961186943356
18266.0,1.4338089222833634
18267.0,1.5343191021885398
18268.0,1.82233685526643
18269.0,1.5356160813705355
18270.0,1.5934397001072398
18271.0,1.1885104721828703
18272.0,0.7900320886399697
18273.0,0.9268548083657119
18274.0,0.8199381268041575
18275.0,1.1884409233181947
18276.0,0.9355775691842476
18277.0,1.1907946382814973
18278.0,0.8986206416000448
18279.0,1.1425421302936158
18280.0,1.0881909727658423
18281.0,0.4573153583885098
18282.0,0.0010956084937149835
18283.0,-0.2128364380580024
18284.0,-0.39226809714512395
18285.0,-0.7447545274102636
18286.0,-0.9390596065792435
18287.0,-0.9996610567758032
18288.0,-0.8702537059124517
18289.0,-0.5166488070011864
18290.0,-0.2762959055423244
18291.0,-0.2693779648924642
18292.0,-0.5099993152262624
18293.0,-0.32980538608246224
18294.0,-0.4566011627701786
18295.0,-0.5336288263409981
18296.0,-0.688622550204032
18297.0,-0.5308258720784087
18298.0,-0.7484846756228442
18299.0,-0.8559948232854226
18300.0,-0.7129948100004059
18301.0,-1.0801452922874617
18302.0,-1.267028541463457
18303.0,-1.4260631352350366
18304.0,-1.3257229834679765
18305.0,-1.6636505204492709
18306.0,-1.1499096883322732
18307.0,-0.6610700072719569
18308.0,-0.8253328538734442
18309.0,-0.7384185753203769
18310.0,-1.1904278558555255
18311.0,-1.3017997875943843
18312.0,-1.3102752216484876
18313.0,-1.2412745059098456
18314.0,-0.9457320922188827
18315.0,-1.324016936993619
18316.0,-1.6550906477225047
18317.0,-1.2844572901567712
18318.0,-1.07229827937665
18319.0,-0.8599642691173562
18320.0,-1.2392712837919457
18321.0,-1.3468831307849554
18322.0,-1.2837872736352045
18323.0,-1.8431674979597115
18324.0,-1.9640949515693098
18325.0,-1.7540638149083527
18326.0,-2.122261442162177
18327.0,-2.4230482240037268
18328.0,-2.0088343545045158
18329.0,-2.0155660956945356
18330.0,-1.8217179165427095
18331.0,-1.9857689814968387
18332.0,-2.2432627390691806
18333.0,-2.355499877365604
18334.0,-2.453987208582925
18335.0,-2.183730671778172
18336.0,-1.7448164782642293
18337.0,-1.1544911811626801
18338.0,-1.6852101449931958
18339.0,-1.4286268477158226
18340.0,-1.7423497887166746
18341.0,-1.091397875005783
18342.0,-0.9455492786781201
18343.0,-1.3326692480081608
18344.0,-1.0724865371604424
18345.0,-1.1256162132928569
18346.0,-1.1729213537535408
18347.0,-1.4223296439810607
18348.0,-1.7892740337778057
18349.0,-1.4189788305459259
18350.0,-0.7816703862362266
18351.0,-0.7506130667882093
18352.0,-0.29722346392830534
18353.0,-0.5028616253845292
18354.0,-0.38570724660192285
18355.0,-0.4181050331216364
18356.0,0.132840543328393
18357.0,0.4419284895843437
18358.0,0.6878702902261087
18359.0,0.2440919297393513
18360.0,0.411600008940799
18361.0,0.08410826007717304
18362.0,0.11208229674830394
18363.0,0.10651387309467569
18364.0,-0.37049366496849373
18365.0,-0.35046976784116696
18366.0,-0.3871571091453827
18367.0,-0.8474460980874371
18368.0,-0.3415323360873316
18369.0,-0.9569956696271249
18370.0,-0.7349979022208473
18371.0,-0.7116741139682052
18372.0,-0.6578566972182757
18373.0,-0.7010061920472361
18374.0,-0.43280125054872454
18375.0,0.039545109582745985
18376.0,-0.06697741386961423
18377.0,-0.04619601808754191
18378.0,-0.2136836871622572
18379.0,-0.3236850495645268
18380.0,-0.2375059993770684
18381.0,-0.7244730565276217
18382.0,-0.21252107121981434
18383.0,0.23720122615121475
18384.0,0.11037203779191843
18385.0,-0.007680690281112443
18386.0,-0.0993498316309312
18387.0,-0.2957458199560525
18388.0,0.05242125211004378
18389.0,0.19576071277623006
18390.0,0.13718479015538432
18391.0,0.11481304493129786
18392.0,0.5306971974746634
18393.0,0.4392245674757936
18394.0,0.026181034601615416
18395.0,0.16439968316996276
18396.0,0.7682271905040929
18397.0,1.580688287702834
18398.0,1.9100058245608902
18399.0,1.553712350257853
18400.0,1.8144205750985585
18401.0,1.7459174291812118
18402.0,1.7064490126931036
18403.0,1.1113935307358442
18404.0,1.9102444382688222
18405.0,2.112123702082404
18406.0,2.006822989026162
18407.0,2.047647560584395
18408.0,1.931946813625298
18409.0,1.6001630301474623
18410.0,1.589458186259073
18411.0,1.719353403819916
18412.0,1.4142809778042722
18413.0,1.0215924767484583
18414.0,1.1583594570899918
18415.0,1.4979585218341507
18416.0,1.720170447952555
18417.0,1.7665721501572602
18418.0,1.6117125578679703
18419.0,1.129158018043686
18420.0,1.0522062276751625
18421.0,1.1412885398657395
18422.0,0.9490735334317069
18423.0,0.734301586997834
18424.0,0.8585989226613758
18425.0,0.674692734110386
18426.0,0.627476786314681
18427.0,0.40296030413084216
18428.0,0.36321069179734855
18429.0,0.5861820614755407
18430.0,0.47273615914504685
18431.0,0.20814900892422045
18432.0,0.2453007396881831
18433.0,0.6926933725280437
18434.0,0.6027278557418564
18435.0,0.6344949390443712
18436.0,0.8874087451612125
18437.0,1.060751272602013
18438.0,1.2982441975799452
18439.0,0.8318528578832565
18440.0,1.4985391493484457
18441.0,1.7935694085453713
18442.0,2.6089678835900947
18443.0,2.9492367799628694
18444.0,2.9866679179687523
18445.0,2.418713388273778
18446.0,2.376378020348375
18447.0,2.050261567246605
18448.0,1.9336517807757552
18449.0,1.5320317326323596
18450.0,1.6254698457098102
18451.0,1.4626348009378127
18452.0,1.9529344806323445
18453.0,1.9529671969199063
18454.0,2.35581199955057
18455.0,2.322970757966403
18456.0,2.5510940759573972
18457.0,1.9640764765994607
18458.0,1.7651326943657204
18459.0,1.788529915244531
18460.0,1.2395268946855873
18461.0,1.2643111386568648
18462.0,1.135398928707988
18463.0,1.466869714036552
18464.0,1.800201681924948
18465.0,1.3950089849142748
18466.0,1.4362342708265872
18467.0,1.2542418508414528
18468.0,1.0295602692508565
18469.0,0.6390615675746696
18470.0,0.7163693565744123
18471.0,0.09500958927791636
18472.0,0.04940549596774068
18473.0,-0.03837749400129278
18474.0,-0.29823951718205616
18475.0,0.1875055907219001
18476.0,0.2605884518781464
18477.0,0.4588044451952483
18478.0,0.7868350619980371
18479.0,1.2164155795126952
18480.0,1.0036668599930434
18481.0,1.0508531499082083
18482.0,1.2929151485680608
18483.0,1.497466801137802
18484.0,1.528760260719021
18485.0,1.9007961028664924
18486.0,1.3621859209460938
18487.0,1.1512674937679535
18488.0,1.0375133425101635
18489.0,0.49359060478105726
18490.0,0.6156299769705751
18491.0,0.3543916590355428
18492.0,0.32341278983272936
18493.0,0.22340772461400576
18494.0,0.38142951851398565
18495.0,0.5489338474615186
18496.0,0.2917952892707466
18497.0,0.22978646766335598
18498.0,0.4231283566015137
18499.0,0.6663065071486348
18500.0,0.4280529311010793
18501.0,0.6110275087318322
18502.0,0.6134835095515827
18503.0,0.9514980483965093
18504.0,0.46663929099798734
18505.0,0.5634341066553841
18506.0,0.7359760027770088
18507.0,0.5581876557001131
18508.0,-0.05856435684243366
18509.0,-0.10352004569505666
18510.0,0.21464714596888357
18511.0,0.19744873143631236
18512.0,-0.25593413590366276
18513.0,-0.08808010100935665
18514.0,-0.09285624450843832
18515.0,-0.02584227576645875
18516.0,-0.5488021267559866
18517.0,-0.20208869682195357
18518.0,0.011501588483635333
18519.0,0.35654874062705616
18520.0,0.5939909739744219
18521.0,0.15144389311929457
18522.0,0.3778479039623259
18523.0,0.41823873407096496
18524.0,0.3166595051396094
18525.0,0.17322430945287948
18526.0,1.1868750638387358
18527.0,0.9203075368372227
18528.0,1.2023782074183003
18529.0,1.3013548164164461
18530.0,0.8447638483258536
18531.0,0.45870417911942046
18532.0,0.169789327088382
18533.0,0.3139968156825894
18534.0,0.22274202384252736
18535.0,0.6470279610491869
18536.0,0.36552244112826077
18537.0,0.15816715205250126
18538.0,0.405715252385468
18539.0,0.58636499056631
18540.0,0.4134618813935003
18541.0,0.8477130329170253
18542.0,0.44168029479715365
18543.0,0.5165870201571182
18544.0,-0.5244733133482882
18545.0,-0.49622083807310163
18546.0,-0.21827994780799226
18547.0,0.30355191928909764
18548.0,0.031006321688693272
18549.0,0.11909106247895938
18550.0,0.19317099573450713
18551.0,0.052923145322920584
18552.0,-0.12214828138386549
18553.0,-0.008752910084042331
18554.0,0.18063396028593362
18555.0,0.5812268247057648
18556.0,0.3528278208057572
18557.0,0.20715108194988388
18558.0,-0.08123363683076912
18559.0,-0.538872200031941
18560.0,-0.1858326315805146
18561.0,-0.056210965606500435
18562.0,-0.028044333177800553
18563.0,0.15081599644510818
18564.0,0.3899440384944274
18565.0,0.10508558005614826
18566.0,0.24189576717937522
18567.0,0.4009349032047156
18568.0,0.3065686324117567
18569.0,0.27244196061823156
18570.0,-0.011118328542276013
18571.0,-0.34556091494665625
18572.0,-0.5981981236953058
18573.0,-0.5762250995379984
18574.0,-0.39933289880873024
18575.0,0.1853914667893195
18576.0,-0.09025023169211138
18577.0,0.11700655081265034
18578.0,0.25978721228266655
18579.0,0.06427741970785553
18580.0,-0.42913747364440735
18581.0,-0.18996779320404197
18582.0,-0.15996068242074687
18583.0,0.2823965767791179
18584.0,-0.18562405376169527
18585.0,0.35060179076902687
18586.0,-0.03869143152751897
18587.0,-0.44533427975564543
18588.0,-0.03893004887396884
18589.0,0.7164678638915827
18590.0,0.594057114025947
18591.0,0.3320247067168125
18592.0,0.3478652440806108
18593.0,-0.13793332926551655
18594.0,0.41676758022085414
18595.0,0.3619531422506064
18596.0,0.2736444461578781
18597.0,0.5001353253781589
18598.0,0.22129082887623036
18599.0,0.5234153581328423
18600.0,0.40289222345666525
18601.0,0.26463498516564293
18602.0,0.6049676026797428
18603.0,0.8627580778160252
18604.0,0.7152076567531346
18605.0,0.2918960978431786
18606.0,0.6586889468404751
18607.0,1.1075698918135446
18608.0,1.2282528154164032
18609.0,0.6873538846312783
18610.0,1.0914018600391666
18611.0,0.9738265028932497
18612.0,0.5728653504559957
18613.0,0.4925335615329598
18614.0,0.2572973773196632
18615.0,-0.004968282177975847
18616.0,0.23876772290349974
18617.0,0.09975110477877869
18618.0,0.34162893908959147
18619.0,0.6088511491800388
18620.0,1.2783137564499372
18621.0,0.9318970187320504
18622.0,1.6143528801115405
18623.0,1.5343219082585025
18624.0,1.5946215074126138
18625.0,1.4826291226794608
18626.0,1.997610647824327
18627.0,1.552037804980645
18628.0,1.5455770541281786
18629.0,1.6169023772831415
18630.0,1.7009239878890274
18631.0,1.7250835797574986
18632.0,1.9293588866800535
18633.0,1.5577403922936481
18634.0,1.5739181084981984
18635.0,1.4588762343394994
18636.0,1.538585564069689
18637.0,1.7308998912331233
18638.0,1.3719519273997476
18639.0,1.2575251125043336
18640.0,0.8624428163052111
18641.0,0.430138084041782
18642.0,0.44978388937110586
18643.0,0.3330911200021728
18644.0,0.13877928178738597
18645.0,0.486686578987915
18646.0,0.5435458822196855
18647.0,0.049348001559642085
18648.0,-0.08784171932408535
18649.0,0.120518143973006
18650.0,-0.18177841248090504
18651.0,-0.4387039242770012
18652.0,-0.20095592639147022
18653.0,-0.03279381891552147
18654.0,-0.3231244199224119
18655.0,-0.8052323612769119
18656.0,-0.5531845589686297
18657.0,-0.33933695920056295
18658.0,-0.2881476764898043
18659.0,-0.4099966860047911
18660.0,-0.817125854348137
18661.0,-0.46639199841516094
18662.0,-0.26447125162516727
18663.0,0.1592206323885581
18664.0,0.39911857124764694
18665.0,0.4623010333311559
18666.0,0.43118569198789775
18667.0,0.21071846344286754
18668.0,0.16259614855498916
18669.0,0.021549245766841807
18670.0,-0.3642549886548027
18671.0,0.21192949679386242
18672.0,-0.22136319257586654
18673.0,-0.698309240300512
18674.0,-0.6553898385369615
18675.0,-1.0838741172982795
18676.0,-1.459029798849667
18677.0,-1.4610212423228444
18678.0,-1.939946689820653
18679.0,-1.7435252103175465
18680.0,-2.074229630157747
18681.0,-1.7321048094499112
18682.0,-2.042010333620462
18683.0,-1.7324837565258955
18684.0,-2.1117861832498814
18685.0,-2.2783112824674716
18686.0,-1.3901262074374827
18687.0,-1.1757421177217322
18688.0,-0.8017209250988024
18689.0,-0.7650731358787799
18690.0,-0.8739462738016417
18691.0,-0.602121572388944
18692.0,-0.5127036670027628
18693.0,-0.9157296647212471
18694.0,-1.1555245494200976
18695.0,-1.618546610754321
18696.0,-1.1904071504058114
18697.0,-0.49841839266072185
18698.0,-0.4953304496446571
18699.0,-0.139984129060305
18700.0,-0.2695952438650906
18701.0,0.38031095745971966
18702.0,0.07802309239976618
18703.0,0.04827901714517352
18704.0,-0.3933432626066987
18705.0,-0.23131584810039044
18706.0,0.009035204243131673
18707.0,-0.05846924426581874
18708.0,0.09122388974890772
18709.0,0.3957618659157605
18710.0,1.0187808631096773
18711.0,0.9555143654575466
18712.0,0.589927375506192
18713.0,0.2501425986992355
18714.0,0.3619497454120945
18715.0,0.7561592135048605
18716.0,1.1433307612421948
18717.0,1.0366887944647023
18718.0,0.7740571263821616
18719.0,0.8851032148538884
18720.0,0.49196876048409577
18721.0,0.10680382938779637
18722.0,0.07442993411498731
18723.0,1.1458834995179714
18724.0,0.9052136630435046
18725.0,0.9818362595882117
18726.0,1.0499491205386553
18727.0,0.5321668835419147
18728.0,0.3275579264342829
18729.0,0.1770745222903166
18730.0,-0.41280779095202824
18731.0,-0.4716549787210813
18732.0,-0.45960990263429413
18733.0,-0.8000189193236333
18734.0,-0.8430595194043983
18735.0,-0.4461273033780694
18736.0,-0.755542058842436
18737.0,-0.4264872823407331
18738.0,-0.7610301805773718
18739.0,-0.8645828594019163
18740.0,-0.6739326233806653
18741.0,-0.7955965200344508
18742.0,-0.6488164670480598
18743.0,-0.5245291421499609
18744.0,-0.9803331959378692
18745.0,-0.9804438491190041
18746.0,-1.0273407895407847
18747.0,-1.1255253860545151
18748.0,-1.2724953031238904
18749.0,-1.0091707871540678
18750.0,-1.1430973527859747
18751.0,-1.190752887766359
18752.0,-0.6918735028359286
18753.0,-0.41297624808589284
18754.0,-0.259977615673442
18755.0,-0.7894972411650492
18756.0,-0.5894038238010766
18757.0,-0.5897514240770992
18758.0,-0.41811813659780994
18759.0,-0.2325719624541155
18760.0,-0.2748801481636891
18761.0,-0.5565470838427808
18762.0,-0.7859546110450684
18763.0,-0.7644797830083561
18764.0,-0.7213819145457134
18765.0,-0.6914603954695735
18766.0,-0.5546026817291841
18767.0,-0.42451841212920266
18768.0,-0.16904160953839986
18769.0,-0.0021661973261366263
18770.0,-0.3624234407979371
18771.0,-0.5929822988842024
18772.0,-0.7247197669721978
18773.0,-0.4415562974836835
18774.0,-0.39719463564582924
18775.0,-0.2133402643665712
18776.0,-0.06170651632859364
18777.0,-0.1335320146044671
18778.0,-0.05042578561791046
18779.0,-0.03827183664236284
18780.0,0.5485666687947448
18781.0,0.4374426161291104
18782.0,1.3862412342452028
18783.0,1.5752067713587903
18784.0,0.8554851260652168
18785.0,0.5835835275008022
18786.0,0.315335736493773
18787.0,0.30123393626269335
18788.0,0.1866747586888388
18789.0,0.3510148411971137
18790.0,0.41746921629426137
18791.0,0.48215702758519907
18792.0,0.7981477130030832
18793.0,0.9333664304047826
18794.0,1.2431460481262913
18795.0,1.4955416322981845
18796.0,1.8034808550574462
18797.0,2.3503306324746545
18798.0,2.6264175027255683
18799.0,2.596974249144792
18800.0,2.55221662799347
18801.0,2.2788108818842585
18802.0,2.033114569887601
18803.0,2.0110614653103673
18804.0,1.6220072644024812
18805.0,1.7013092579569198
18806.0,1.7411428895703418
18807.0,1.4138692603735987
18808.0,2.2586444566402637
18809.0,2.304748110613398
18810.0,1.7398181849662118
18811.0,1.434976043252835
18812.0,1.7771310174325672
18813.0,1.527835845208734
18814.0,1.1096257153620699
18815.0,1.1209793089255444
18816.0,1.3599538326416316
18817.0,0.8913256369977747
18818.0,0.9442148687156757
18819.0,0.9749931059297748
18820.0,0.29746442075794133
18821.0,0.4766581255216259
18822.0,0.25897198063607635
18823.0,0.4664930876960149
18824.0,0.28888531437371767
18825.0,0.06990513600883505
18826.0,0.12351334549640268
18827.0,-0.13612075470619922
18828.0,-0.21651212770182415
18829.0,-0.12172165551007108
18830.0,0.23107144035929533
18831.0,-0.1778282824467434
18832.0,-0.08120483271069795
18833.0,-0.1524179548304858
18834.0,-0.3735508934418451
18835.0,-0.01914485961548007
18836.0,-0.02126018463208273
18837.0,0.10230606826677958
18838.0,0.19770665534379273
18839.0,0.005451761438572483
18840.0,-0.1665761303141461
18841.0,0.2854720217447162
18842.0,0.7665480249708999
18843.0,0.7655068393466904
18844.0,1.0061733309561585
18845.0,0.937026993922177
18846.0,1.1531680254688839
18847.0,1.163864424376698
18848.0,1.4708942078650336
18849.0,1.6797917762975514
18850.0,1.9317952265957363
18851.0,1.7134919724874151
18852.0,1.3662710819504718
18853.0,1.409772443486449
18854.0,1.452487833941074
18855.0,1.333363697205706
18856.0,1.4946524064097522
18857.0,1.1932541899166476
18858.0,1.1706591118241274
18859.0,1.0303574163047844
18860.0,0.6271826746229273
18861.0,0.7110013865727693
18862.0,0.10658797105122386
18863.0,0.0647819213590996
18864.0,0.582151008287675
18865.0,0.4370357869969461
18866.0,-0.24877275206127358
18867.0,-0.07300157591925513
18868.0,0.04735401308306486
18869.0,0.6566278854424533
18870.0,0.6468591806325695
18871.0,0.39968238609560525
18872.0,0.33621605848555924
18873.0,0.465948089633724
18874.0,0.5717482966879666
18875.0,0.7367593645004801
18876.0,0.6935207875322041
18877.0,0.6933767771499239
18878.0,0.13593515689407865
18879.0,0.23903582712066296
18880.0,0.12999603847581698
18881.0,-0.031556405895049794
18882.0,0.11593471096507786
18883.0,0.3720089318843787
18884.0,0.14292033662914577
18885.0,0.4722425906225718
18886.0,1.120015531069044
18887.0,0.9597070447775258
18888.0,0.7355630925162747
18889.0,0.814990521029689
18890.0,0.7107381667501846
18891.0,0.617493888012337
18892.0,0.4537577366708156
18893.0,0.671588046606449
18894.0,0.7445586957155298
18895.0,0.5348606285392573
18896.0,1.178345407131181
18897.0,1.4318129581867711
18898.0,1.483700923364126
18899.0,0.7850389991098545
18900.0,0.6336109515227737
18901.0,0.04571227005259393
18902.0,0.44739569746032054
18903.0,0.5034527333551442
18904.0,0.6271275407867577
18905.0,0.6564720942849209
18906.0,0.6263730308342617
18907.0,0.31339410290349345
18908.0,-0.004946027580546908
18909.0,0.11363017369792275
18910.0,-0.04751264738748037
18911.0,-0.5097679432812401
18912.0,-0.2546040113188628
18913.0,0.3035732173884986
18914.0,0.40933023573752947
18915.0,0.6834931532067744
18916.0,0.8839892807544151
18917.0,1.3169892407538173
18918.0,1.2568641446996367
18919.0,1.1280068930199538
18920.0,0.9284234145817646
18921.0,1.2513005180429233
18922.0,1.0152767860531773
18923.0,0.7603504674283739
18924.0,0.6649896469764257
18925.0,0.4839400053713089
18926.0,0.5274642920157441
18927.0,0.8436191090149741
18928.0,0.5193404923385254
18929.0,1.0904739354616557
18930.0,1.4302987764422952
18931.0,1.2585461548931616
18932.0,1.5784724065919282
18933.0,1.635885470803588
18934.0,1.991432460059038
18935.0,1.8414691109489763
18936.0,2.6811419280577375
18937.0,2.757694125330643
18938.0,2.698988914665684
18939.0,2.7767070540375687
18940.0,2.796080119849891
18941.0,2.743187300630385
18942.0,2.4761528126908345
18943.0,2.337143371440677
18944.0,2.3457314199660906
18945.0,1.9812891920730207
18946.0,1.9992146687332126
18947.0,2.282666328091891
18948.0,2.265404660135682
18949.0,2.304530029081943
18950.0,2.2816908172595114
18951.0,2.4353519888262656
18952.0,2.1607661494297394
18953.0,2.101146213806332
18954.0,1.720730947339573
18955.0,1.6196856166790081
18956.0,1.304958351126627
18957.0,0.8761227919230274
18958.0,0.7477821093110046
18959.0,0.9332809106233347
18960.0,1.2266129491237743
18961.0,1.1660587129483424
18962.0,1.1961326000970494
18963.0,1.115570668998789
18964.0,1.261880668180108
18965.0,0.891921537080054
18966.0,0.8478319988079949
18967.0,1.000787162763577
18968.0,0.9403825846813816
18969.0,0.9293132240174184
18970.0,0.6197671499021953
18971.0,1.0751000783248474
18972.0,1.4906784670879838
18973.0,1.4340396234023158
18974.0,1.4019433768672978
18975.0,1.7715107200585765
18976.0,2.0840617697624815
18977.0,2.2451359181065427
18978.0,2.1748170030402125
18979.0,1.8250972128207608
18980.0,1.8160717264571018
18981.0,1.6751322481559154
18982.0,1.3911260978649675
18983.0,1.5861819499581726
18984.0,1.6794491527869098
18985.0,1.1367372129603504
18986.0,0.6846529144270521
18987.0,0.3984502400554475
18988.0,0.8558384835346788
18989.0,0.5093487467012816
18990.0,0.27698376063171365
18991.0,0.35285924374845895
18992.0,-0.11361391941354987
18993.0,-0.22466910091366493
18994.0,0.05046263318624131
18995.0,0.3563182903697442
18996.0,0.3270399466076919
18997.0,-0.039144816471222976
18998.0,-0.20181290305349436
18999.0,-0.19243395814489417
19000.0,-0.03480856232546278
19001.0,-0.323592117654676
19002.0,0.0741964071181499
19003.0,-0.2128824923441619
19004.0,-0.7619415840345181
19005.0,-0.7814478728325207
19006.0,-0.6315026571226166
19007.0,-0.6792735795602726
19008.0,-1.2131789799442
19009.0,-1.4186672769773003
19010.0,-1.349177248233543
19011.0,-1.1869561240061337
19012.0,-0.6808461078102186
19013.0,-0.3295229401996272
19014.0,-0.658246039559813
19015.0,-1.353706731630715
19016.0,-1.3078755562382214
19017.0,-0.8695746529880982
19018.0,-1.500503917156758
19019.0,-1.9031231740797185
19020.0,-2.3967044742195007
19021.0,-2.6069723793159927
19022.0,-2.4867007017935125
19023.0,-2.4469403190583314
19024.0,-1.989961301661733
19025.0,-1.9023254948345736
19026.0,-2.235642868079
19027.0,-2.4300837959687263
19028.0,-2.202051628429647
19029.0,-1.869649035004484
19030.0,-2.0599379631004426
19031.0,-1.9166225674004191
19032.0,-1.396606530190313
19033.0,-1.4387898477127483
19034.0,-1.6255996645468318
19035.0,-1.5058249380250064
19036.0,-1.1282754538202067
19037.0,-1.7952840825165928
19038.0,-2.158386962979521
19039.0,-2.3850066268627548
19040.0,-2.204892767176216
19041.0,-2.4078787496288365
19042.0,-2.472648082995478
19043.0,-2.0306958615925357
19044.0,-2.3271552888373797
19045.0,-2.092730585976609
19046.0,-1.6541564807806122
19047.0,-1.7229774384450112
19048.0,-1.5162399822707342
19049.0,-1.8086844240628368
19050.0,-1.8204126839424881
19051.0,-1.558834328852862
19052.0,-1.267517794491015
19053.0,-1.3277834886928335
19054.0,-1.790302334660534
19055.0,-1.4460099068462131
19056.0,-1.348421414615911
19057.0,-1.3050533175634307
19058.0,-0.9616571564297838
19059.0,-1.0839293336020042
19060.0,-1.2067331202861125
19061.0,-1.3438969666393121
19062.0,-1.187820980801797
19063.0,-0.5010914175624738
19064.0,-0.5901884605855203
19065.0,-0.8184618454583004
19066.0,-0.35499650918131254
19067.0,-0.297904035832733
19068.0,-0.1893091653385298
19069.0,0.073985913774821
19070.0,0.5325474716389886
19071.0,-0.217899374937783
19072.0,0.2161225567410685
19073.0,0.5012289282416826
19074.0,0.6138711557654758
19075.0,0.6006863511169372
19076.0,0.6116509598465212
19077.0,0.5463598004754422
19078.0,0.5299997486281606
19079.0,0.43393841687710777
19080.0,0.7848818416524587
19081.0,0.9587624751652847
19082.0,1.0835191002084545
19083.0,0.41944287731706154
19084.0,0.06764645000876601
19085.0,0.3057244477437924
19086.0,-0.13635621254777897
19087.0,0.35590489486667387
19088.0,0.17743122501605588
19089.0,0.4133548880382629
19090.0,0.5291684279175967
19091.0,0.44831808791291927
19092.0,0.30747846689213365
19093.0,0.4183059080365525
19094.0,0.5422996020785464
19095.0,-0.04353035215437795
19096.0,0.12860015948908937
19097.0,-0.04637299273092238
19098.0,0.11660040010087297
19099.0,-0.07580361800850394
19100.0,-0.03460288072949315
19101.0,-0.36796443901322023
19102.0,0.573544672162984
19103.0,0.5273635265000928
19104.0,0.690223334134694
19105.0,0.7607049128509087
19106.0,0.420626491965338
19107.0,0.48763715820902537
19108.0,0.24470721607293336
19109.0,0.29910289734784323
19110.0,-0.145595993641856
19111.0,-0.26761337706896127
19112.0,-0.1348373340222483
19113.0,-0.6774683916630174
19114.0,-0.508377090763739
19115.0,-0.7898506372341413
19116.0,-0.8384889905631249
19117.0,-0.5559170799798644
19118.0,-0.3878253878844674
19119.0,-0.24097636376307102
19120.0,0.1215199389679315
19121.0,-0.06788176324240189
19122.0,-0.13502227423509655
19123.0,-0.21866588592087197
19124.0,-0.3423091049144613
19125.0,-0.1593289462758843
19126.0,-0.20647550410868798
19127.0,-0.3670338157475753
19128.0,-0.11177873416539305
19129.0,0.02871955747489749
19130.0,0.1944837865762665
19131.0,0.08406849030561782
19132.0,0.39679640941770045
19133.0,0.3873054082575123
19134.0,0.8850105342204018
19135.0,0.5809847073875742
19136.0,0.5396137749743636
19137.0,0.2214283093200447
19138.0,0.22970592909105367
19139.0,0.21525146963955855
19140.0,-0.032808224562964866
19141.0,0.2936343126407098
19142.0,0.39798633000301004
19143.0,0.5117645307752372
19144.0,0.3015432165062809
19145.0,0.6184342005544003
19146.0,0.7291310270329123
19147.0,0.4252626707074191
19148.0,0.581421686524804
19149.0,0.5796228281153689
19150.0,-0.21142408766855858
19151.0,-0.8055502907574118
19152.0,-0.49863009950233483
19153.0,0.019817422530651607
19154.0,-0.4628185204558518
19155.0,-0.4598233595433888
19156.0,-0.5091268188951873
19157.0,-0.9955260326546356
19158.0,-0.8917008969170322
19159.0,-0.6907367873196353
19160.0,-0.0917959246647021
19161.0,-0.029568399922110793
19162.0,-0.06374620528601041
19163.0,-0.043470100525935786
19164.0,0.031218766546675346
19165.0,-0.04568769449171408
19166.0,-0.2615927747092244
19167.0,-0.5903324826180437
19168.0,-0.1663303094117633
19169.0,0.7289430099357858
19170.0,0.21575309787422603
19171.0,-0.3789659605248645
19172.0,0.11745320947042681
19173.0,0.2697899758053582
19174.0,0.15111884533022327
19175.0,0.3650729233695035
19176.0,0.22496582063536713
19177.0,-0.02435908833116815
19178.0,-0.09775412812773968
19179.0,0.2729061923518427
19180.0,0.47957611964076907
19181.0,0.8869212556835275
19182.0,0.759758000254877
19183.0,1.1827434835869757
19184.0,0.6905239501355862
19185.0,1.0117615408047187
19186.0,1.2838805254343097
19187.0,1.123166047049019
19188.0,0.7934245521926224
19189.0,1.3190408344108167
19190.0,0.888462597006271
19191.0,0.735848589696281
19192.0,0.7559593861856304
19193.0,0.8435428909615593
19194.0,0.7789624034031669
19195.0,0.8774247657067494
19196.0,1.1670928618928516
19197.0,0.6758879258809996
19198.0,0.5093365869457307
19199.0,0.14493977381008832
19200.0,-0.2674431423944462
19201.0,-0.29796381113893794
19202.0,-0.9248408596356719
19203.0,-1.0398177316033772
19204.0,-1.4098086233024452
19205.0,-1.2118630332439504
19206.0,-1.3467998280035625
19207.0,-1.6419832320603789
19208.0,-1.5917182776480845
19209.0,-1.9892232427150975
19210.0,-1.435965639166735
19211.0,-1.3912272242070916
19212.0,-1.0386090550674374
19213.0,-1.3712349815684775
19214.0,-1.9353617824369442
19215.0,-2.2200192850104123
19216.0,-1.9770360572804386
19217.0,-1.9029889545367351
19218.0,-1.1351342268269768
19219.0,-0.6954992039784211
19220.0,-0.46588060669305004
19221.0,0.0697233779146228
19222.0,0.1535294058387484
19223.0,0.39361299011359474
19224.0,0.29612271875119
19225.0,0.03219308615955721
19226.0,0.09007552991577852
19227.0,0.43416346350796375
19228.0,0.5273847931654857
19229.0,0.46176612407486983
19230.0,0.4809959324093435
19231.0,1.0446289327871512
19232.0,0.5403055953544149
19233.0,0.27775908192753984
19234.0,0.3041352574827851
19235.0,0.0801258704524761
19236.0,-0.48202168883849394
19237.0,-0.8520210453221735
19238.0,-0.7589068757688
19239.0,-0.11652265862786404
19240.0,-0.1022001966261629
19241.0,0.11336973960183624
19242.0,0.5042364444859425
19243.0,0.3474137270205392
19244.0,0.444410217558001
19245.0,0.9203718005659977
19246.0,0.9007103038397934
19247.0,0.532621225003098
19248.0,0.7546923074661414
19249.0,0.47571654962589915
19250.0,0.27889120428205694
19251.0,0.6753764612532991
19252.0,0.8228039331542454
19253.0,1.1885476485036195
19254.0,0.936068832036343
19255.0,0.673714876441249
19256.0,0.6812151674534838
19257.0,0.8853134479667679
19258.0,0.9129847320910465
19259.0,0.7561504713414624
19260.0,0.6868356985199333
19261.0,0.4564140546062837
19262.0,0.087887363605273
19263.0,0.0544755877387928
19264.0,0.0016355401463775746
19265.0,0.3070972233061894
19266.0,0.2526754064535971
19267.0,0.19600294541187058
19268.0,0.509849944610262
19269.0,0.5057589071092604
19270.0,0.4378283886806135
19271.0,0.06966633326474342
19272.0,-0.1521854211878221
19273.0,-0.35091615464252746
19274.0,-0.1217808834448619
19275.0,-0.2565108401095243
19276.0,-0.48546013551369005
19277.0,-0.7889888552878659
19278.0,-0.5931994040020206
19279.0,-0.4580138811840503
19280.0,-0.5641571680697519
19281.0,-0.921820141097507
19282.0,-0.7106625340867707
19283.0,-0.47293748562708116
19284.0,-0.27998254989846333
19285.0,0.015356644231316496
19286.0,-0.001058148162557804
19287.0,-0.08217536925182614
19288.0,0.20026944433215688
19289.0,0.25954288200620124
19290.0,0.4712202671288489
19291.0,0.6827244139985531
19292.0,1.1882307877589513
19293.0,1.4201934976575736
19294.0,1.429864075570383
19295.0,1.5145452686412406
19296.0,1.3231607688769762
19297.0,1.7863140264682877
19298.0,1.5956427500602004
19299.0,1.442822334095349
19300.0,1.4447686881331367
19301.0,1.0131691735108461
19302.0,1.3879370411235086
19303.0,1.142070804055746
19304.0,0.7604447334833278
19305.0,0.30744019996831884
19306.0,0.8497811574444418
19307.0,1.2915093105564814
19308.0,1.6077888240335012
19309.0,1.2476199068768503
19310.0,1.1891763372854878
19311.0,0.318133578810491
19312.0,0.3201586884871432
19313.0,0.3981663985835946
19314.0,0.10372191154810079
19315.0,0.47037727528433493
19316.0,0.46801005896121983
19317.0,0.434004759675237
19318.0,1.0767673807753257
19319.0,0.7304815728248829
19320.0,0.7202611556979471
19321.0,0.26457453218079935
19322.0,-0.3435373893201589
19323.0,-0.7140881794849359
19324.0,-0.6191883990643399
19325.0,-0.39885473599188537
19326.0,-0.8226311841927106
19327.0,-0.519031387496924
19328.0,-0.38542931405461295
19329.0,-0.28478708868043334
19330.0,-0.6515369769871222
19331.0,-0.4729448059265716
19332.0,-0.9632640316369581
19333.0,-0.8663588553732424
19334.0,-0.18190978437820415
19335.0,-0.4441860225445158
19336.0,-0.3173141662604143
19337.0,-0.40248129964152923
19338.0,-0.3243662898168658
19339.0,-0.5191216929090561
19340.0,-0.7215215222830935
19341.0,-0.6187771964808133
19342.0,-1.389818956749782
19343.0,-1.7596021349796762
19344.0,-1.672287478755113
19345.0,-1.6228971580929024
19346.0,-1.2731253898356234
19347.0,-0.9633050709066132
19348.0,-1.0544778276766698
19349.0,-1.1230147084144604
19350.0,-1.6881265991703756
19351.0,-1.835837409155678
19352.0,-1.6172289618310713
19353.0,-0.8242518384252616
19354.0,-0.9002627831596153
19355.0,-0.4411336167362938
19356.0,-0.7291496601752505
19357.0,-0.4539414212133037
19358.0,-0.6331177280866205
19359.0,0.056200909290524015
19360.0,0.2718915984252674
19361.0,-0.19204130616939552
19362.0,0.03390046276889974
19363.0,0.010115074550071056
19364.0,0.2758655564456191
19365.0,0.49995619934023106
19366.0,0.35931098094581887
19367.0,0.8424500953877883
19368.0,1.1594936670207954
19369.0,1.163505800462635
19370.0,0.6631960768381241
19371.0,0.4443188026631102
19372.0,0.0036981114087973332
19373.0,-0.038404903302120506
19374.0,-0.6145004090477648
19375.0,-0.29774095482296287
19376.0,-0.24485601211393881
19377.0,-0.29790520193393344
19378.0,-0.020637660451718165
19379.0,-0.09373013210513967
19380.0,-0.3251974457634252
19381.0,-0.3511181747757581
19382.0,-0.5542676209401878
19383.0,-0.4512391627415135
19384.0,-0.5659853786035229
19385.0,0.07571996711808526
19386.0,0.14072948650926365
19387.0,-0.48779864411105256
19388.0,-0.7581905838777869
19389.0,-0.8962143539446845
19390.0,-0.7849547368529283
19391.0,-0.4402325501252328
19392.0,-0.29429845757409734
19393.0,0.17419763744579514
19394.0,-0.05451340608789912
19395.0,0.06049448828467922
19396.0,0.2454005165153018
19397.0,-0.03483366294149354
19398.0,0.18560358169426175
19399.0,0.3120286776154934
19400.0,0.2227766094121831
19401.0,1.1018650817399473
19402.0,1.0584706515719453
19403.0,1.1208475280320316
19404.0,1.0510223536622318
19405.0,1.2283993438898664
19406.0,1.0975700482863766
19407.0,1.1774374616719405
19408.0,0.6370774712026419
19409.0,0.31792387808785005
19410.0,0.5430531289304392
19411.0,0.5457708740740261
19412.0,0.5779101426484465
19413.0,0.5038191546383414
19414.0,0.5589442618237916
19415.0,0.7258401286125719
19416.0,0.5273789603099632
19417.0,0.32518154896071166
19418.0,0.2261715882201356
19419.0,0.024920073134404447
19420.0,-0.08224028685345719
19421.0,-0.3139243123656293
19422.0,-0.429109470287134
19423.0,-0.4973520852427462
19424.0,-0.6126569599736279
19425.0,-0.3094086756840981
19426.0,-0.7209488411183755
19427.0,-0.6199355195287496
19428.0,-0.4812106349690865
19429.0,-0.9661096754740273
19430.0,-1.0141906163449201
19431.0,-1.3292134529053472
19432.0,-1.4358179801811009
19433.0,-1.141275034103821
19434.0,-0.8334265246259337
19435.0,-0.3404351373018722
19436.0,-0.7006278601576936
19437.0,-0.6254288321932207
19438.0,-0.21207189332497162
19439.0,-0.23817444736471677
19440.0,0.27518488247853246
19441.0,0.34173047298791714
19442.0,0.4446288026158244
19443.0,0.7927852550452564
19444.0,1.0132289562633723
19445.0,0.5698238041853497
19446.0,0.442898901670043
19447.0,-0.1442970847953745
19448.0,-0.04039012537259183
19449.0,-0.23213675916532056
19450.0,-0.5891040700961767
19451.0,-0.6811225832475658
19452.0,-0.32017053576528837
19453.0,-0.17656725539552945
19454.0,-0.3312457959867878
19455.0,-0.32472626639269825
19456.0,-0.1747551328184252
19457.0,-0.24459122587801999
19458.0,-0.6247667289768642
19459.0,-0.5444881929374118
19460.0,-0.42063507973540953
19461.0,-0.2884467418754689
19462.0,-0.2718967427191483
19463.0,-0.7346410229464029
19464.0,-0.9683109410778561
19465.0,-0.6146978019255754
19466.0,-0.7446941987542044
19467.0,-0.48700550857328334
19468.0,-0.3142738190080191
19469.0,-0.4467094573434796
19470.0,0.04352001307743497
19471.0,0.5514089938184811
19472.0,0.25532279876945746
19473.0,0.7305034557439282
19474.0,0.5869917891690287
19475.0,0.07064785785981048
19476.0,0.30695788249501876
19477.0,-0.22609893590999303
19478.0,-0.17995039054934017
19479.0,-0.017970612221256316
19480.0,-0.32664432462465454
19481.0,-0.6008472167469986
19482.0,-0.6917294654753653
19483.0,-0.9047932708461488
19484.0,-1.4634960476355596
19485.0,-0.9189196055942301
19486.0,-0.6199895409094409
19487.0,-0.5623044157826473
19488.0,-0.5959193428965401
19489.0,-0.42485047645796803
19490.0,-0.5305357657845816
19491.0,-0.065888167703886
19492.0,0.39391910122834883
19493.0,-0.2690829541749428
19494.0,-0.12535850122068146
19495.0,-0.32118528712716476
19496.0,-0.23879505529054126
19497.0,-0.6121946970965574
19498.0,-1.1003464531423495
19499.0,-0.9578769756761375
19500.0,0.10430532405524962
19501.0,-0.3181821829038528
19502.0,-0.4880076728931736
19503.0,-1.0665132346445794
19504.0,-0.060525805181124714
19505.0,0.07078223866237432
19506.0,-0.0032276837931274893
19507.0,-0.005251676489303702
19508.0,-0.023413310244294848
19509.0,0.0026098993982727227
19510.0,0.15170198119084655
19511.0,0.19332673116109392
19512.0,-0.4301653976046129
19513.0,-0.3565323831172354
19514.0,-0.11012057496359429
19515.0,-0.4027048555676288
19516.0,-0.5345546319076739
19517.0,0.405726109899914
19518.0,0.8547299319453388
19519.0,0.9100431870952472
19520.0,0.7415874584722841
19521.0,0.7321655517781696
19522.0,0.2513093035936533
19523.0,0.4880784583407081
19524.0,0.30433620288394314
19525.0,0.47194208020713957
19526.0,0.21999739699408505
19527.0,0.10465777697374846
19528.0,-0.21513570008682117
19529.0,-0.5965149609995027
19530.0,0.02681519688352796
19531.0,0.10669953949144773
19532.0,0.05586362978474399
19533.0,0.20540565828980747
19534.0,0.3051062992273807
19535.0,0.5164646566884641
19536.0,0.5011641226256709
19537.0,0.6165005734839321
19538.0,0.5734145117672286
19539.0,0.6355579286666672
19540.0,0.3447086926629234
19541.0,0.2406486465920844
19542.0,0.17822801973603572
19543.0,0.08320866234113529
19544.0,0.1319148879137118
19545.0,0.28516648236574516
19546.0,0.11596869835147297
19547.0,-0.42644676759587186
19548.0,0.00825721320032341
19549.0,-0.20381949175632208
19550.0,0.6888250925428052
19551.0,0.5029886356637701
19552.0,1.017725808518363
19553.0,1.3794375950991307
19554.0,1.1593436071390837
19555.0,1.1213439545589199
19556.0,1.396926290485735
19557.0,1.4360341539838395
19558.0,1.22195516661132
19559.0,1.1701029934623002
19560.0,1.3209769116701828
19561.0,1.3785379846402062
19562.0,0.8307703875774664
19563.0,0.9893688631194416
19564.0,1.30867508113608
19565.0,0.6982880311290205
19566.0,0.852688421341102
19567.0,0.552822345418893
19568.0,0.4147671201386059
19569.0,0.28298104877460384
19570.0,0.05499835448031315
19571.0,0.6671565970060085
19572.0,1.1040516538401954
19573.0,1.072424923546778
19574.0,1.234199411387498
19575.0,1.4815404511972923
19576.0,1.6790733529471413
19577.0,1.8194767929313842
19578.0,1.626909922916187
19579.0,1.0409193085564261
19580.0,0.7163847961313978
19581.0,0.6840323828667938
19582.0,0.8757442305019151
19583.0,1.0780040841539031
19584.0,1.2261790261539107
19585.0,1.6494081311944182
19586.0,1.7986983310076246
19587.0,1.662521984146882
19588.0,1.5908164346601115
19589.0,1.8125168013913302
19590.0,1.6396772424224189
19591.0,1.6588352143997995
19592.0,2.153563932241789
19593.0,2.179945241061258
19594.0,1.6889901291648957
19595.0,2.25726300298942
19596.0,2.5181849676326142
19597.0,2.555190462476365
19598.0,2.6864858369197298
19599.0,2.5436531109031035
19600.0,1.736711320042747
19601.0,1.8697587874097148
19602.0,1.3312401605016853
19603.0,1.279733708561637
19604.0,1.7479119907058887
19605.0,1.4273830081093482
19606.0,1.43912960976677
19607.0,1.617138255962589
19608.0,1.7618213924167199
19609.0,1.9285584860037737
19610.0,1.7296108460174016
19611.0,1.2704413492567326
19612.0,1.7468360350673073
19613.0,1.6790653215547686
19614.0,1.4527480011994105
19615.0,1.5929912460637354
19616.0,1.4801468738397903
19617.0,1.098483202562221
19618.0,0.5841494050523908
19619.0,0.5580386539898115
19620.0,0.5163412397136342
19621.0,0.7691343273423816
19622.0,0.0853856054131622
19623.0,-0.5022659017701647
19624.0,-0.4769046452068955
19625.0,-0.34214057442262014
19626.0,-0.6855996303799319
19627.0,-0.9851390435746459
19628.0,-1.4119455964504237
19629.0,-1.7513480421515122
19630.0,-1.834923635919039
19631.0,-2.1499172958193746
19632.0,-2.2988289895657696
19633.0,-2.616089138620611
19634.0,-2.4912368244390772
19635.0,-2.183555052711369
19636.0,-2.3655393930860034
19637.0,-2.610383629226427
19638.0,-2.2013467390467634
19639.0,-2.043062032475338
19640.0,-2.0144851641406505
19641.0,-2.2233354456001333
19642.0,-1.8167541972299566
19643.0,-1.5292370359913867
19644.0,-1.4931560842948288
19645.0,-1.5614805596393357
19646.0,-1.2415275675908526
19647.0,-1.2998097668920257
19648.0,-2.037599292778633
19649.0,-2.1318070823550155
19650.0,-2.424123768482607
19651.0,-2.2304146718842217
19652.0,-2.374294269616994
19653.0,-1.6886123605959324
19654.0,-1.718445954431873
19655.0,-1.431728071700752
19656.0,-1.3697027796420411
19657.0,-1.110093534388301
19658.0,-1.0829435344716885
19659.0,-1.1499100389402963
19660.0,-1.2127167140463344
19661.0,-1.1957124301545519
19662.0,-1.075584599881606
19663.0,-0.8761673086960602
19664.0,-0.3703948291721345
19665.0,-1.0305591339358184
19666.0,-0.45921705229145804
19667.0,-0.289197963178757
19668.0,0.11529008864075674
19669.0,0.3789533991503317
19670.0,0.6505022784966594
19671.0,1.2436179509733831
19672.0,1.0225447217281658
19673.0,0.3954422451996601
19674.0,0.5843408090561476
19675.0,0.42503139556077085
19676.0,0.4467785300912537
19677.0,0.4909821659584287
19678.0,0.26517303072038656
19679.0,0.7533009744361013
19680.0,0.6173087140042471
19681.0,-0.25373265942091605
19682.0,-0.4058911558461019
19683.0,-0.4386625587075653
19684.0,-0.6575621230729682
19685.0,-0.5426606930880409
19686.0,0.8112130458885669
19687.0,0.7524355810228958
19688.0,0.3843735157436949
19689.0,0.3591375222127329
19690.0,0.23361090767834844
19691.0,-0.20161673186539528
19692.0,-0.8871856509832476
19693.0,-0.02490895123144876
19694.0,-0.32207798080816163
19695.0,-0.9459127343380673
19696.0,-0.4511516948644837
19697.0,-0.22079578518650206
19698.0,-0.23117699897394034
19699.0,-0.5647728007955045
19700.0,0.06859567821452173
19701.0,0.09733558408392201
19702.0,0.17210206251078458
19703.0,0.07016821125662685
19704.0,0.3167648146226088
19705.0,0.0820404174433508
19706.0,0.09908996289163796
19707.0,0.06545105794779554
19708.0,-0.4170399298512469
19709.0,-0.13706933991436954
19710.0,-0.09209554656110797
19711.0,0.11393549530279061
19712.0,-0.12081537939239873
19713.0,-0.09662721651443108
19714.0,0.05817784680104977
19715.0,-0.1425825221564083
19716.0,0.11350549581400601
19717.0,-0.26451368913416995
19718.0,0.017647445331151923
19719.0,0.4944110474903751
19720.0,0.4854292180383216
19721.0,0.37031090172214876
19722.0,0.38930990438402063
19723.0,0.49531144492543955
19724.0,0.36065352493438707
19725.0,0.10706090181521086
19726.0,0.3320720618727713
19727.0,0.2801164703232971
19728.0,-0.32580655405168457
19729.0,-0.34404600982405265
19730.0,0.01683455001742168
19731.0,0.3643052565267288
19732.0,0.37656133235697786
19733.0,0.09302713228398896
19734.0,0.02926967305201794
19735.0,-0.2545087352954623
19736.0,-0.1411812528183995
19737.0,-0.45734775409255346
19738.0,-1.0029723714489638
19739.0,-0.846679729315686
19740.0,-0.46764853028406134
19741.0,-0.6835942195179531
19742.0,-0.4018207846503201
19743.0,-0.4133506136561376
19744.0,-0.32510203723733927
19745.0,-0.05323028808637059
19746.0,0.3223625845101703
19747.0,0.057960011265690975
19748.0,-0.32607892971332014
19749.0,-0.5651416736131905
19750.0,0.04479708038278951
19751.0,-0.39002950004058984
19752.0,-0.20519743254013872
19753.0,-0.29213087434315377
19754.0,-0.13059783904190192
19755.0,0.056128973451387676
19756.0,0.2851906731908576
19757.0,0.16909873421890392
19758.0,0.49892889144554736
19759.0,0.41035434686402983
19760.0,0.22737677536545567
19761.0,0.13126207162798698
19762.0,0.38913345622346474
19763.0,0.5643427487600766
19764.0,0.8033946455582803
19765.0,0.439004090733595
19766.0,0.3795255674052354
19767.0,-0.30938691885492653
19768.0,-0.24232666789917284
19769.0,-0.34634818204308687
19770.0,-0.21545108625723186
19771.0,-0.23463525412290928
19772.0,-0.1609501510123856
19773.0,0.07201097609946977
19774.0,-0.2869859406206454
19775.0,-0.2724214401607357
19776.0,-0.11407717159959796
19777.0,0.5414175900761047
19778.0,0.44645590092498655
19779.0,0.5335676235737343
19780.0,0.921316885148716
19781.0,1.034138383893815
19782.0,0.8635592627016565
19783.0,0.5279550982099905
19784.0,0.6389676168072864
19785.0,1.0421618684902407
19786.0,1.0729112784861674
19787.0,0.450017249214945
19788.0,0.5930810679143745
19789.0,0.41718488694436845
19790.0,0.3492074152271727
19791.0,0.26403454346931626
19792.0,-0.16209095863467643
19793.0,-0.3137654578432189
19794.0,0.09448537334105217
19795.0,0.03052226267400293
19796.0,-0.06461977179559299
19797.0,0.37262834702184516
19798.0,0.8030146038116591
19799.0,0.6736480996111304
19800.0,0.5417363086927269
19801.0,0.4013833594815417
19802.0,0.6580441099504041
19803.0,1.068453304983834
19804.0,0.9907447228548235
19805.0,0.5526432654011981
19806.0,0.7752572662830781
19807.0,0.9364037129055408
19808.0,1.556160933542535
19809.0,1.630750779401412
19810.0,1.785240238351117
19811.0,1.7023307727685373
19812.0,1.225972968530265
19813.0,1.091929603208792
19814.0,1.222521395347412
19815.0,1.5504834788835717
19816.0,1.3908721613783006
19817.0,1.6391025857972914
19818.0,1.7713300332170052
19819.0,1.6194690102271638
19820.0,1.5714913347632569
19821.0,1.6726629980197139
19822.0,1.9235719418924617
19823.0,1.6591255441919435
19824.0,1.5908137298285154
19825.0,1.787784996945612
19826.0,2.32841889630177
19827.0,2.3492502516670237
19828.0,2.0218966937987988
19829.0,2.065081844732273
19830.0,2.2787218283541226
19831.0,2.0705264611548277
19832.0,1.9875985119242758
19833.0,1.8031283186475657
19834.0,1.9818620164156697
19835.0,2.6975957915091486
19836.0,2.0755058066910843
19837.0,1.873759634915435
19838.0,1.330717210079156
19839.0,1.850169383708781
19840.0,1.731707272872235
19841.0,2.099212476686001
19842.0,2.091693042990684
19843.0,1.736741366370651
19844.0,1.6730844886539988
19845.0,2.2133645015296164
19846.0,2.399011411526595
19847.0,2.0922125101388374
19848.0,1.982633514811011
19849.0,1.785130799662491
19850.0,1.664250678005835
19851.0,1.7809621044579456
19852.0,1.6881120384683028
19853.0,1.0016341095730572
19854.0,1.7228132873404745
19855.0,2.0992784691371833
19856.0,1.8696432756179695
19857.0,1.7061869358395008
19858.0,1.500934039723414
19859.0,1.7416001700484314
19860.0,1.6299648974939855
19861.0,0.862348937932752
19862.0,0.7884499856066333
19863.0,1.195233607132189
19864.0,1.337351059762181
19865.0,1.275880741797236
19866.0,0.9373132483817239
19867.0,1.36780529994432
19868.0,1.4516219211348376
19869.0,1.2722966166006255
19870.0,1.5924323433286083
19871.0,1.030087161432519
19872.0,0.9717619398467641
19873.0,1.1090737478483699
19874.0,0.6701949082650547
19875.0,0.7300305609509657
19876.0,0.9469840322556506
19877.0,0.6597962242298433
19878.0,0.6161785502165615
19879.0,0.37482807278622154
19880.0,0.5191983710440786
19881.0,0.355062790101615
19882.0,0.1432246748985024
19883.0,-0.023653976794227982
19884.0,0.24428702765450366
19885.0,0.09691538359614321
19886.0,0.387947250456125
19887.0,0.11079550639082031
19888.0,0.12039469514721558
19889.0,-0.1559670120290752
19890.0,0.376603815348727
19891.0,0.046340235626221915
19892.0,0.36549235116722595
19893.0,0.3926452086743104
19894.0,0.388664521897581
19895.0,0.13798839534829535
19896.0,-0.7549414891831302
19897.0,-0.7827183251174332
19898.0,-0.7055146167039483
19899.0,-0.9734767332385552
19900.0,-0.29889853634644636
19901.0,-0.23964952422774982
19902.0,-0.7907693108916194
19903.0,-0.6710270865833167
19904.0,-0.4752270266627189
19905.0,-0.3890928647007419
19906.0,-0.5880149848052273
19907.0,-1.0561730044463882
19908.0,-1.1338773194367726
19909.0,-1.3532270368606434
19910.0,-1.2239001292388765
19911.0,-1.7809070298359981
19912.0,-1.7222501506202843
19913.0,-2.0078745136243175
19914.0,-1.5332660951778605
19915.0,-1.386925776129512
19916.0,-1.45453503959919
19917.0,-1.6334979291308276
19918.0,-0.8922512870091436
19919.0,-1.403567564974181
19920.0,-1.0294585255947704
19921.0,-0.8435806133275817
19922.0,-0.3630245458931371
19923.0,0.42201099320778
19924.0,0.1949328420783158
19925.0,0.7113434285454908
19926.0,0.8850726781505124
19927.0,0.6525781683179213
19928.0,0.9954160581354904
19929.0,1.0184044034413569
19930.0,0.7999213471507541
19931.0,0.1417138160118443
19932.0,0.22315090461175718
19933.0,0.2971894602816584
19934.0,0.2927536152564202
19935.0,-0.18893156993991844
19936.0,-0.19669082159939347
19937.0,0.05278232202573044
19938.0,-0.012826075268592148
19939.0,-0.11408634675507628
19940.0,-0.6158391051074531
19941.0,-0.9167104577458671
19942.0,-0.506046824996295
19943.0,-0.749009561417701
19944.0,-0.4356276944495118
19945.0,-0.6576917305451649
19946.0,-0.8658013084340914
19947.0,-1.1040462280035648
19948.0,-1.1346791507747513
19949.0,-1.3843940378643649
19950.0,-1.5890513359861145
19951.0,-1.4821142645077328
19952.0,-1.9403622227361306
19953.0,-2.055660763534408
19954.0,-1.815488361830766
19955.0,-1.659250717306182
19956.0,-1.7839218698945036
19957.0,-2.087514711828171
19958.0,-1.9016899759932575
19959.0,-1.833630306748885
19960.0,-1.7310407059442594
19961.0,-1.559342741801332
19962.0,-1.3167182920921328
19963.0,-1.535177519997388
19964.0,-1.2382874638995844
19965.0,-0.8377555737745123
19966.0,-0.9245463929393356
19967.0,-0.607294989162663
19968.0,-0.6468143087772671
19969.0,-0.24490912111809493
19970.0,-0.4733615764840535
19971.0,-0.7125560415895396
19972.0,-1.0432471957400384
19973.0,-0.6152280723739567
19974.0,-0.4864932130952091
19975.0,-0.4115106066491261
19976.0,-0.5867503808056612
19977.0,-0.5713168684180867
19978.0,-0.23517373150997894
19979.0,0.3566561263941495
19980.0,0.49015882945431366
19981.0,-0.17206236330810315
19982.0,-0.04205398823883204
19983.0,-0.665602382586586
19984.0,-0.1908761801832436
19985.0,0.1955624975701759
19986.0,0.10388687739610031
19987.0,0.3100748442070504
19988.0,0.9154202011242092
19989.0,0.9517238926187536
19990.0,1.082039946342094
19991.0,1.2859001510138994
19992.0,1.424155110288537
19993.0,0.9075268167453122
19994.0,0.5591255830782118
19995.0,0.6159664422876772
19996.0,1.1198099211439336
19997.0,1.3084105744774392
19998.0,1.1333505398966335
19999.0,0.16588122855654774
