time,mean_drift
0.0,2.3788807233623963
1.0,1.8507238808713613
2.0,0.15492740091862545
3.0,0.4072463432907921
4.0,1.5961860947638222
5.0,2.2598997975755397
6.0,2.3956259134451505
7.0,1.485617402923451
8.0,1.5907999446532264
9.0,2.0345565878981877
10.0,1.3956915933220224
11.0,-0.12098207958351814
12.0,2.4457058141413386
13.0,-0.3862444877057931
14.0,1.3372369362881014
15.0,3.4698413006074427
16.0,2.4439367350264884
17.0,2.0851586628169194
18.0,2.341260923560213
19.0,2.600817028320701
20.0,2.1867565788339203
21.0,2.1571848149581605
22.0,2.2708465165574623
23.0,2.27053071491207
24.0,0.8478051199051706
25.0,2.7322825858011326
26.0,2.831325132236012
27.0,0.3729668468162014
28.0,2.919696310058929
29.0,-0.18155139041040536
30.0,-0.3509321643005672
31.0,0.5523860399549008
32.0,-0.4738016070966591
33.0,0.8412177503771401
34.0,1.9535675416052847
35.0,1.5629568720537799
36.0,2.15466321149717
37.0,1.3081498238927887
38.0,3.426734795774995
39.0,0.8568601249169469
40.0,2.391104409784419
41.0,0.9798275544584909
42.0,1.2796094486551624
43.0,0.42183744438477244
44.0,4.531190052478438
45.0,0.03787313697315087
46.0,-0.35711933405538465
47.0,0.9043038591479213
48.0,0.6892874916379967
49.0,0.6635559599743468
50.0,2.0867834561597287
51.0,0.9422450014699275
52.0,1.324233359910326
53.0,2.405681912174221
54.0,0.9519656417083316
55.0,0.7930087274263695
56.0,1.1371309929760707
57.0,-0.557054039182532
58.0,1.4849685988752876
59.0,2.354813409759287
60.0,0.7607683591138739
61.0,0.9856303541742246
62.0,0.9386392581473373
63.0,1.498161802646179
64.0,1.5901342263009426
65.0,0.24665815467645236
66.0,0.5006977758763568
67.0,1.233104815159558
68.0,2.018046438940249
69.0,4.326217218447346
70.0,0.8486288684728314
71.0,1.830105240837741
72.0,3.7087696583965073
73.0,0.45975619314726235
74.0,2.263076083185971
75.0,-1.4415068182328508
76.0,1.0553434904995744
77.0,0.8051493323746681
78.0,1.883011780188447
79.0,1.963071051305281
80.0,0.801165922336212
81.0,1.4049007438900345
82.0,-0.2582346043480801
83.0,0.6656151732810348
84.0,1.5001052420244663
85.0,1.3145131834030002
86.0,0.8063884758543284
87.0,1.0733420746459772
88.0,0.24836874253586128
89.0,1.8023033217563542
90.0,0.9732279384306538
91.0,0.9162302050185316
92.0,0.8401569866994587
93.0,2.8872886767382018
94.0,2.291379235917171
95.0,-0.33541975851345396
96.0,1.1056446572074687
97.0,0.8564960894123099
98.0,-0.6382416432991007
99.0,1.5259083239060605
100.0,-0.8497364402018941
101.0,1.8185171431246074
102.0,0.5171265413378349
103.0,0.18420511183679178
104.0,1.2920657860041473
105.0,0.9966631538842959
106.0,2.366552040789194
107.0,2.8244473172605717
108.0,-0.7408358821522534
109.0,2.4459279043479665
110.0,0.8786493068825718
111.0,0.7525028044990405
112.0,0.6669847655501189
113.0,1.498321478033087
114.0,0.9796615432098195
115.0,0.7612240980271074
116.0,1.0344095669327262
117.0,2.0669691334911637
118.0,1.1406439398361568
119.0,2.0575336110913978
120.0,1.659527611601335
121.0,0.9256281183508264
122.0,0.5036040449141517
123.0,2.478812046001443
124.0,1.0118287780909212
125.0,0.15186733376965322
126.0,0.7523531300555744
127.0,0.42649232294518824
128.0,2.088435129942445
129.0,2.0537804355169738
130.0,2.8618600481063465
131.0,1.6824864816949814
132.0,2.0092145894283684
133.0,1.492695518630701
134.0,0.7684594906514182
135.0,0.2721412428579606
136.0,2.806668434575539
137.0,2.391263470733981
138.0,1.4212418469020016
139.0,-0.07636758931208831
140.0,0.5235975014689076
141.0,1.4786386042732167
142.0,2.2933473061843372
143.0,0.44692008865191346
144.0,0.669743283947802
145.0,0.6589008559733706
146.0,1.3095608991056833
147.0,0.2760711747727721
148.0,1.7900173497854497
149.0,1.9343216179886102
150.0,-0.06128140477940858
151.0,-0.08819625684918653
152.0,1.6314142112893384
153.0,0.552727450982461
154.0,1.6730206345353655
155.0,-0.4172107958006861
156.0,0.07650758338245689
157.0,1.4421147768170677
158.0,1.6539671177929791
159.0,2.0469789850584545
160.0,-0.3279783097834432
161.0,1.9762856189788731
162.0,0.5813399614889189
163.0,0.7868134301450216
164.0,1.7180530572222326
165.0,1.5954526817312298
166.0,0.04106434924625724
167.0,-0.012745444782680915
168.0,1.8472726074728578
169.0,2.089130990449241
170.0,0.1941257931242364
171.0,3.333722945444019
172.0,1.3132991624259427
173.0,1.4206936617886168
174.0,3.9310585657449835
175.0,1.3163585873704686
176.0,2.5071934202451285
177.0,-0.3594291073475382
178.0,2.230143806846039
179.0,2.0176571487278223
180.0,1.4238546750878935
181.0,0.882716237007255
182.0,2.2261640377384837
183.0,1.5047653174831312
184.0,2.6044627686381245
185.0,1.8877854256419437
186.0,0.9256954387490023
187.0,1.5640527419123225
188.0,1.0234398019990825
189.0,1.4698376488222147
190.0,0.5188368686396514
191.0,2.9219814899396432
192.0,1.1196192586596996
193.0,0.10972261625356272
194.0,1.6365980607405466
195.0,0.3162442915283532
196.0,1.7638709029469277
197.0,0.9606295762818863
198.0,-1.0586427424238274
199.0,1.1936305156997924
200.0,3.2871247450311616
201.0,1.039810944393717
202.0,0.8274754578244206
203.0,1.2399034545355616
204.0,0.9368416825788529
205.0,0.5040104520022751
206.0,2.2592604259724083
207.0,0.6696667264962424
208.0,1.9065621627144074
209.0,0.9262608996281745
210.0,0.49482248330331124
211.0,1.0369586644801005
212.0,1.8588834929252604
213.0,1.3113570666463736
214.0,1.1998136044298076
215.0,0.46725344878425346
216.0,0.9963496316069629
217.0,1.7595385104003922
218.0,2.894389284722845
219.0,0.6219448117592062
220.0,-0.3713944150040178
221.0,0.39803465806719496
222.0,1.0778814375447339
223.0,0.9128755818101839
224.0,0.8484913823647487
225.0,-0.13480673190737824
226.0,1.9358169368671416
227.0,0.1855857034588746
228.0,2.2338509412495875
229.0,0.35780154544845255
230.0,2.141854914348611
231.0,0.6671247757903281
232.0,1.804546195621068
233.0,0.34903194206449717
234.0,1.5144179810639313
235.0,0.8790988619394297
236.0,1.7702859655465906
237.0,1.5293750083583384
238.0,1.2937439946602922
239.0,1.1567786890143363
240.0,2.667078827599118
241.0,-0.0091620013443372
242.0,0.15256035420580316
243.0,0.9529525442537616
244.0,-0.5108476402567208
245.0,0.8343827570108062
246.0,1.4893710426926228
247.0,0.09217820569089064
248.0,1.6304489673122915
249.0,0.42282509784522904
250.0,2.1026294911648167
251.0,1.7883186549233425
252.0,1.8919781580786603
253.0,3.675907000856773
254.0,-0.4439370763192687
255.0,2.7386690707151136
256.0,0.9125893817829065
257.0,1.6185992042987603
258.0,0.7144516277800502
259.0,0.5269633081442526
260.0,2.117499043609871
261.0,1.5883945912162767
262.0,1.0988499314913536
263.0,1.148642407029648
264.0,1.734944267986827
265.0,0.7455648772552396
266.0,0.0032134547320956663
267.0,2.0279868619599233
268.0,0.34404985473194183
269.0,3.6497586537446933
270.0,1.6561591826807598
271.0,0.37753969744914706
272.0,1.1522387846216464
273.0,-0.9121077535163604
274.0,-0.20129588140989108
275.0,1.5552917362582335
276.0,2.0815163205772103
277.0,1.329542151581912
278.0,1.5019590507983032
279.0,2.8338375451396303
280.0,2.1296764811210958
281.0,1.528432930642132
282.0,0.22230643871113964
283.0,3.1113489895251374
284.0,1.7296061971728562
285.0,1.3634817852778196
286.0,0.7069455584872955
287.0,0.3684903581211445
288.0,3.147417654490848
289.0,1.6301354996477955
290.0,0.6255849443270527
291.0,0.3478183260946467
292.0,1.468511039828579
293.0,0.7688060244264756
294.0,1.369005671468527
295.0,-1.6270635325847278
296.0,0.31250630252291534
297.0,0.07312221363212834
298.0,2.2018096741393727
299.0,0.8251945072745388
300.0,1.4950378771286401
301.0,0.604053028496434
302.0,1.7869717075366052
303.0,0.16470709576857034
304.0,2.291575366613576
305.0,2.638029913956169
306.0,1.350988001634437
307.0,-0.022032382709979315
308.0,0.10746937660996769
309.0,1.1411386470079932
310.0,0.42483259358199355
311.0,0.26440770184841955
312.0,1.2837157637055365
313.0,0.0009444834963681092
314.0,0.5544245322167799
315.0,1.08293293211466
316.0,1.0821566914416094
317.0,1.9200358556614865
318.0,1.6590138950456783
319.0,1.0542376120890782
320.0,1.5619065299514254
321.0,0.4157430312806851
322.0,0.5158909660348374
323.0,1.528833465777947
324.0,3.3398537076883
325.0,2.3030124324684276
326.0,-0.5524163348854974
327.0,1.518829682333123
328.0,0.23674719960741308
329.0,0.7552718689447673
330.0,0.1866433631162523
331.0,-0.2888536257485006
332.0,0.26795953296103125
333.0,1.5563994901033111
334.0,0.034285763458999474
335.0,1.1424239491353665
336.0,0.3168537567887296
337.0,0.5587468589815926
338.0,0.5546807370794166
339.0,0.37099438074429714
340.0,0.9759418704132682
341.0,0.2555817248046801
342.0,1.4412084248944468
343.0,1.4166978576027451
344.0,2.4261434825515478
345.0,2.945321967038854
346.0,0.747982746206656
347.0,1.8032810143833014
348.0,1.6645057279844633
349.0,2.6614708308793866
350.0,1.6779483674551467
351.0,2.503276342297221
352.0,0.7923531295665014
353.0,1.0972832492986848
354.0,-0.39337184743598463
355.0,2.446753209415127
356.0,-0.7460520353853584
357.0,2.4386061047825356
358.0,0.48495500077467746
359.0,2.164898944108903
360.0,0.4257992840869941
361.0,0.4374812331215915
362.0,0.07629750345762387
363.0,1.4615554915822437
364.0,3.444575997227418
365.0,1.8893039893858259
366.0,0.42614798458474856
367.0,2.4523898864206704
368.0,2.31285009574127
369.0,1.4890231846861575
370.0,2.8196303626276
371.0,2.16130485980348
372.0,0.2717721367041822
373.0,1.2165121142537538
374.0,0.7081663507271259
375.0,0.787792348912352
376.0,1.3589984605344265
377.0,1.229865131949377
378.0,0.7651222922108183
379.0,1.4579530918405839
380.0,2.1284023324126027
381.0,1.2224318014318487
382.0,2.31161207903227
383.0,1.7545288866501512
384.0,1.3038089794651215
385.0,-0.4846421597635291
386.0,0.7116539940129123
387.0,1.1872905279591695
388.0,1.6314056931648582
389.0,0.1265819717732115
390.0,2.0723656965752566
391.0,1.2539086267742525
392.0,3.1360181567713195
393.0,1.5628769176617232
394.0,1.5851429602252742
395.0,2.010329724048598
396.0,0.4215353088976733
397.0,2.3336371582934827
398.0,1.2068890238414842
399.0,1.1297072960708463
400.0,0.9183466708452922
401.0,0.5907268484462637
402.0,3.059504577226318
403.0,2.2603761953329675
404.0,2.0682984717511257
405.0,1.8336974163556894
406.0,0.25463554896462737
407.0,2.224222461034559
408.0,0.8432900027547654
409.0,1.0055703203488906
410.0,1.4095759055989494
411.0,1.2384468621743785
412.0,0.14173838275340378
413.0,0.10309647912389153
414.0,2.004115494167747
415.0,2.5380430676943417
416.0,0.9347548913629253
417.0,1.9812298109709308
418.0,1.3666150842280491
419.0,2.37324434396036
420.0,1.989473192141002
421.0,0.00975245246640477
422.0,2.364496709837449
423.0,2.2585043173767687
424.0,1.1611176495923319
425.0,1.9880138622922252
426.0,3.560588520725772
427.0,2.464746587968053
428.0,1.27265332764705
429.0,2.989980386324813
430.0,-0.6833643502895801
431.0,1.0144816687412488
432.0,1.8450725131178154
433.0,1.4131854274920441
434.0,0.9978832930289137
435.0,1.8713147360024665
436.0,0.8700026910024952
437.0,1.69057982199221
438.0,0.6887567304963431
439.0,3.207001725165483
440.0,-0.3216815464252485
441.0,1.4662596787683202
442.0,0.07625488773247913
443.0,1.1173519644057668
444.0,2.027281223837049
445.0,1.7874703689775084
446.0,1.0761626123826449
447.0,-0.5448871370288566
448.0,-0.20106503570908085
449.0,1.6823696852029801
450.0,0.490504830865637
451.0,-0.7162436260902336
452.0,2.07412641834867
453.0,-0.3790572583155556
454.0,2.6081651542937294
455.0,1.7331307231814057
456.0,-0.07624332790616539
457.0,1.7794866823766526
458.0,1.8177247725384018
459.0,1.676449800477593
460.0,0.6391429348448379
461.0,1.076358976018509
462.0,3.298841675246435
463.0,0.7695162478221387
464.0,2.0044333961722938
465.0,-0.03271348521214823
466.0,2.9315429557727706
467.0,0.7589840691217614
468.0,0.519067462966251
469.0,2.0161722772578123
470.0,1.6887541729313078
471.0,1.2308867072853271
472.0,1.0860132665130373
473.0,1.6491018513705031
474.0,0.03711148576535006
475.0,-0.3047535145580058
476.0,-0.0006169546252798863
477.0,1.2403874877794179
478.0,2.5959411281580715
479.0,1.8362137815766868
480.0,0.13333859708837026
481.0,-0.09897015479190752
482.0,3.3305772134716216
483.0,0.11151379027772457
484.0,0.3989325465290573
485.0,0.2575990112713009
486.0,1.5929349262227621
487.0,1.6521432618178222
488.0,-0.8719375453271403
489.0,-0.07509272103726716
490.0,0.6321805801761056
491.0,2.0966185250450318
492.0,1.1448122171570692
493.0,1.4745991981102078
494.0,1.157674846359366
495.0,2.5809846135303154
496.0,3.231027139521337
497.0,0.6043169589877996
498.0,1.0949999178911725
499.0,0.6203728197921949
500.0,1.6649595071793162
501.0,0.20108264342707383
502.0,0.8846820045886481
503.0,2.5013636815641123
504.0,1.2057259161716727
505.0,0.6653402025170454
506.0,1.3753381568069738
507.0,-0.20690795151730268
508.0,0.9756971621163136
509.0,1.589011843505866
510.0,1.041671137081696
511.0,0.9701793064617508
512.0,1.845654532484096
513.0,0.9909179079926431
514.0,1.2802337812229465
515.0,2.8397148662429945
516.0,1.2381099953791135
517.0,2.7133738801268388
518.0,2.496110354498654
519.0,-0.4218082200899216
520.0,-0.21761881659017357
521.0,1.8415145638843038
522.0,2.7377261010659195
523.0,2.6812752476296824
524.0,2.7826098094080063
525.0,-1.0880478766731827
526.0,2.507637111504768
527.0,-0.004259972464820239
528.0,1.2004115415465588
529.0,0.2925403363758695
530.0,1.4914348168108449
531.0,1.788394664957294
532.0,1.7422411128628068
533.0,2.3607726053807747
534.0,2.9335785116261865
535.0,1.2476021525566545
536.0,0.9310097657741371
537.0,0.8693190101950279
538.0,0.9336306976389434
539.0,0.4013275600832976
540.0,1.3673609701253515
541.0,0.8279840444443427
542.0,0.3033362539441612
543.0,2.796437971873536
544.0,0.4275181851412735
545.0,2.5784938253108054
546.0,0.2761096549240498
547.0,1.1931707557391047
548.0,0.8417736635495228
549.0,-0.05977483927890881
550.0,1.3531686575466304
551.0,2.635045580493938
552.0,2.072466762444993
553.0,0.8097584512153679
554.0,3.488943220761286
555.0,-0.15314001869005
556.0,0.9326176688560484
557.0,-0.29467530138740217
558.0,-0.8171066460810044
559.0,2.3149346202779286
560.0,1.8159769418757388
561.0,0.7743342647052975
562.0,2.0136429811424765
563.0,1.290982767566724
564.0,1.6556865438106598
565.0,0.7119407849357822
566.0,3.598584061901059
567.0,1.2936860155740304
568.0,2.0205876562915535
569.0,2.1617157379219933
570.0,1.2222424410807278
571.0,1.1372367816694873
572.0,1.0763654143482222
573.0,0.7760356539551179
574.0,2.4143746592102646
575.0,1.7321227475535994
576.0,2.5546873869055347
577.0,-1.3925777004194444
578.0,1.8656248924365535
579.0,1.379977361519613
580.0,1.288282780096833
581.0,1.8827559011822883
582.0,4.500356370616257
583.0,1.1246234030631455
584.0,1.9318599771826133
585.0,1.598296598720323
586.0,0.5615582399219256
587.0,1.152437296359395
588.0,0.9879181415288745
589.0,0.7019291154750535
590.0,1.9483999069714026
591.0,0.4802738773436842
592.0,-0.8086019774522386
593.0,0.47147764336672937
594.0,1.5161363606355713
595.0,0.9636494496140203
596.0,0.6486599726450796
597.0,2.99870903144369
598.0,0.6217526990164096
599.0,1.6716710666543169
600.0,1.7889471761353752
601.0,0.22950798127310212
602.0,0.8068700249698734
603.0,2.1391261209075796
604.0,1.2925994185446354
605.0,0.692484733260792
606.0,1.7338466926408758
607.0,1.567013028337986
608.0,0.6262193200008983
609.0,0.689998520024258
610.0,1.1130857370234586
611.0,3.9144831686117976
612.0,1.227713075271199
613.0,0.40571542844492325
614.0,1.4093450774969094
615.0,0.6463317922718785
616.0,1.2575748138016274
617.0,0.9760849426206206
618.0,1.5816411289290149
619.0,-0.6280590327830331
620.0,-0.0333566460307837
621.0,-0.02761775307130332
622.0,2.2805351548849577
623.0,0.7445541707050302
624.0,-0.0032793821855905403
625.0,-1.0775816554205615
626.0,1.0971372264934327
627.0,1.0116689597400563
628.0,1.9245846667234174
629.0,1.0193349553151125
630.0,1.5345106869697978
631.0,2.380596141726339
632.0,0.7079607705675917
633.0,1.005838015136907
634.0,-0.6727266580551681
635.0,1.9841693448086035
636.0,1.8490184020891887
637.0,1.5652079666622076
638.0,-0.6524844014854525
639.0,3.3443874309976156
640.0,1.6776007120801202
641.0,1.3277165916379872
642.0,1.2644952672936884
643.0,1.4511307153664688
644.0,2.082390336401632
645.0,1.4140822194592437
646.0,1.454343390049231
647.0,1.6564684201316124
648.0,-0.5014628949638655
649.0,1.3666572093255802
650.0,2.876306189539471
651.0,1.1467039393449252
652.0,1.5180621857986663
653.0,1.5587029723583905
654.0,0.008249778505968308
655.0,1.9313545394366418
656.0,1.675060972451083
657.0,3.1120767515015393
658.0,1.2857972618466882
659.0,3.247916472089562
660.0,0.3569513289160545
661.0,1.9011641425719699
662.0,-0.14821029946934972
663.0,1.2513064238998672
664.0,1.863196792243256
665.0,1.9273896972377909
666.0,1.6804926511986795
667.0,1.261906853246225
668.0,2.502722151770438
669.0,0.7753428995510242
670.0,1.46183048326313
671.0,0.8282089521219533
672.0,1.6753436063772433
673.0,0.39712737891328764
674.0,1.3899399925958296
675.0,0.5428206695445403
676.0,0.8686022543928074
677.0,1.575249360771381
678.0,1.4180939708848914
679.0,2.6360448263450826
680.0,0.221851458707353
681.0,-0.4011644785524182
682.0,0.6780845887021254
683.0,0.47825873723743684
684.0,2.145295977001915
685.0,1.6260472817620293
686.0,1.8071430637118795
687.0,1.8004486878877588
688.0,1.3021988045745827
689.0,1.0493163861192625
690.0,0.14648380328266786
691.0,1.7628340210312063
692.0,0.6599882716326659
693.0,0.5559761768681972
694.0,2.082925459602319
695.0,0.6149779976441768
696.0,0.9646523137691745
697.0,2.0908884458188917
698.0,1.4110101460108266
699.0,0.17297114403944713
700.0,2.5617586353832262
701.0,1.1011432152792924
702.0,2.1431845460939796
703.0,0.7097252474136002
704.0,1.9474328774587164
705.0,1.0664091767169053
706.0,0.8779025432328392
707.0,-0.17820657760637215
708.0,0.4143894287449359
709.0,2.3753059590579975
710.0,1.1394228776919268
711.0,-1.4259437640666053
712.0,2.3172756518455433
713.0,1.9978003639132806
714.0,-0.1642579246628919
715.0,1.904876943166879
716.0,-0.5944684862879823
717.0,1.1851137571920096
718.0,1.3777402708016853
719.0,1.2822848991909679
720.0,1.7216573278673302
721.0,2.035618612210324
722.0,1.565881443076403
723.0,1.569292511446686
724.0,1.1020965769413762
725.0,1.5899784030936102
726.0,0.005111616291950671
727.0,1.1486652465831895
728.0,1.0690422097912826
729.0,0.9665215856902248
730.0,0.270972754321833
731.0,1.2901145970970822
732.0,0.7909691370802336
733.0,1.0806539836400582
734.0,2.284098624354033
735.0,1.539567550523102
736.0,1.6551920469446872
737.0,2.3293789035846286
738.0,1.573147803271747
739.0,1.4890694583234185
740.0,2.6418075352785695
741.0,1.5997967114899079
742.0,-0.23976487209736486
743.0,1.8493530904718358
744.0,2.740324842138036
745.0,0.7298630279445897
746.0,1.5896339761463105
747.0,3.090930702069514
748.0,1.045597858026059
749.0,2.0050259864649718
750.0,1.5690247039311465
751.0,2.592115859586521
752.0,2.374833811973047
753.0,2.2531834341333186
754.0,0.2532412125225344
755.0,2.1295888562792094
756.0,0.5687742720474148
757.0,1.8899070689259663
758.0,1.0143093627032216
759.0,1.0766868801329068
760.0,2.057490593921303
761.0,-0.7052846987313377
762.0,-0.17840531207391042
763.0,2.6769210949019344
764.0,-0.5151170885261551
765.0,1.183744845618805
766.0,1.9541395901603913
767.0,2.0318843764714494
768.0,1.4606524264806655
769.0,-0.15196931174939476
770.0,2.2714107425650187
771.0,2.2973925521251806
772.0,-1.0613462709283707
773.0,2.3441137312448324
774.0,2.0741835176770187
775.0,0.9681427757093044
776.0,0.3922461850212996
777.0,0.9199148411773165
778.0,0.4668455115579476
779.0,0.17913130911873643
780.0,3.115417980304878
781.0,1.9802101830862284
782.0,3.217874513750319
783.0,2.31629911278524
784.0,0.3355991256333284
785.0,1.7184797702292582
786.0,0.6855318737246618
787.0,0.39148099565447003
788.0,1.3454721947550974
789.0,0.8181254417418105
790.0,2.5620468833846513
791.0,1.33195783016297
792.0,-0.39204624050509707
793.0,1.1260450956205266
794.0,-2.018785773823918
795.0,0.760795186419923
796.0,1.1073812120515716
797.0,2.106619812789205
798.0,-0.11991150710281939
799.0,1.8190088210784499
800.0,1.5147190506839758
801.0,2.308575367056977
802.0,2.9902207995300047
803.0,0.5946019805231513
804.0,2.953835401766682
805.0,-0.21618917655943837
806.0,1.6775310313830636
807.0,2.6464578820556426
808.0,3.5157369989784613
809.0,-0.3783486503239406
810.0,0.9177491197634307
811.0,1.0998186761580726
812.0,0.8317548825297841
813.0,-0.33749923818822825
814.0,2.0509603253779303
815.0,1.6908118760941926
816.0,0.745353605689027
817.0,0.09502736797722977
818.0,0.05918870495125916
819.0,3.088126362851117
820.0,-0.9836972841807752
821.0,-0.7256933141850772
822.0,1.0524881812247355
823.0,1.9180742327316793
824.0,2.2931930580671818
825.0,3.141947059832793
826.0,1.0389998172500325
827.0,0.14507590585442576
828.0,1.3659955432438033
829.0,-0.9252321319722221
830.0,3.5272980595178867
831.0,1.2412586857001602
832.0,1.1628960970440125
833.0,-2.150505661422607
834.0,2.227807582460845
835.0,2.0046378786618315
836.0,1.0871633572470825
837.0,1.7204860746514785
838.0,0.899779152032766
839.0,1.4864353505247712
840.0,0.2850844270516375
841.0,1.0102266787673282
842.0,0.6917557807508306
843.0,1.4928464244133073
844.0,2.038732842767124
845.0,0.03147305970526704
846.0,1.394009328371319
847.0,-0.5962591138810269
848.0,0.6302576984599398
849.0,1.5859964460867308
850.0,1.3427480878957176
851.0,2.4885120996599586
852.0,1.494329986854951
853.0,2.9470738526707465
854.0,2.4599148422934225
855.0,1.8213736116129635
856.0,-0.0029254534196032633
857.0,1.5876735554979866
858.0,0.6994071752475137
859.0,2.0623523430174697
860.0,0.4456874110186534
861.0,0.991922726191401
862.0,4.2536587555490994
863.0,1.126542044492451
864.0,1.8913432084129405
865.0,3.467026425336849
866.0,1.9362733520665598
867.0,1.8960223424597769
868.0,0.7604965535969346
869.0,0.1901981375815599
870.0,-0.3753632797863917
871.0,1.9311376093223358
872.0,0.47801228077872393
873.0,0.7249731522376774
874.0,1.7481341538416288
875.0,0.5383964707142804
876.0,0.7906787372138937
877.0,1.5491143933144509
878.0,0.7654318587233316
879.0,0.9971142917507876
880.0,-0.42641838331895165
881.0,-0.07551982198406604
882.0,1.2109329436865095
883.0,-0.6917604734299843
884.0,1.6176352704779953
885.0,0.4919021871416368
886.0,0.35711736546895867
887.0,1.126763651340226
888.0,2.104019356733386
889.0,2.325608411988494
890.0,1.912910061159018
891.0,1.7364838599370633
892.0,1.1868957831374742
893.0,0.5681110200859678
894.0,0.6195003743086117
895.0,2.0432514190972695
896.0,0.2001040092167321
897.0,0.7996169390942061
898.0,0.9128303069459693
899.0,1.674228423180708
900.0,1.2321479651058171
901.0,-0.444455872272957
902.0,1.0126192786514279
903.0,1.1223408664894492
904.0,-0.8296422411356126
905.0,0.34203140843484825
906.0,2.016673584298675
907.0,2.2105445131768127
908.0,2.1413162211258854
909.0,0.503103414072918
910.0,1.454250058413368
911.0,0.25072067921263996
912.0,2.162546889887888
913.0,0.97779521772935
914.0,0.9416370387635373
915.0,0.46608993299767965
916.0,0.015582816539318589
917.0,2.0003476882699194
918.0,2.5906001080771004
919.0,0.6772462385940881
920.0,-0.24913462596506175
921.0,1.794135707381054
922.0,0.8410712554961705
923.0,0.7691731272627866
924.0,1.4517013897010187
925.0,0.02018213144915726
926.0,2.0954071098379607
927.0,2.3254980775671252
928.0,0.4516422177684015
929.0,1.0965923781272833
930.0,-0.2470506573029272
931.0,1.315996033334236
932.0,-0.2778802196115493
933.0,-0.3574218900008148
934.0,2.554016491340837
935.0,1.757300699562113
936.0,1.2649765881892696
937.0,1.4241212949938207
938.0,0.7348285907921204
939.0,-0.1661088447904595
940.0,1.588090123932742
941.0,0.9049805570099333
942.0,1.6626664581339767
943.0,2.554274557904592
944.0,1.5927726726420652
945.0,1.2878127428300736
946.0,0.5532189846577338
947.0,0.7860816137249844
948.0,0.13980440724522447
949.0,0.8351284978665007
950.0,3.246432146995711
951.0,-0.2376322908996309
952.0,1.172420858898781
953.0,0.824834289101641
954.0,1.3886160198356818
955.0,1.3818496567121894
956.0,3.4214420954641334
957.0,1.8224231883145503
958.0,2.9788565879104842
959.0,2.8941608133915167
960.0,-1.3149196903417
961.0,1.3495598397570792
962.0,1.8282460016882651
963.0,-0.0520411731181436
964.0,0.6887578296242028
965.0,1.158618345329232
966.0,0.1713302220512205
967.0,0.2829272187168106
968.0,1.7442388388770995
969.0,1.9548315997737808
970.0,1.1057695426880694
971.0,1.7838007395388265
972.0,-0.7535012154803558
973.0,1.3788789752715593
974.0,0.6183537421210437
975.0,1.5414220502870282
976.0,1.4430491938524874
977.0,1.2844919792006095
978.0,1.1744910230470251
979.0,0.9714746159615661
980.0,1.3242276570376266
981.0,0.3001233800225914
982.0,0.3800484993434271
983.0,-0.43160000500323337
984.0,1.8925856327483896
985.0,2.3675980512773247
986.0,1.5684658724684817
987.0,1.21472536050307
988.0,0.36623494820943747
989.0,1.3085205946337886
990.0,-0.07662035027147929
991.0,1.8804429209619713
992.0,2.556936142587977
993.0,1.3892303296582822
994.0,1.203014496849971
995.0,0.6586774824800943
996.0,1.0791716343933853
997.0,0.5572197075361217
998.0,2.286593125854397
999.0,1.658583123441617
1000.0,0.4068366845229694
1001.0,2.657940213194987
1002.0,1.2920319285047779
1003.0,-0.1957964363929261
1004.0,0.7764306918694152
1005.0,2.6066147402051136
1006.0,0.3912589941287996
1007.0,0.796847337932755
1008.0,0.9077690616960037
1009.0,-0.14695102255795622
1010.0,2.1321597188469203
1011.0,0.7050157509218118
1012.0,1.6677711526031724
1013.0,0.6007578061614487
1014.0,2.8930960590466555
1015.0,-0.16649010692754662
1016.0,0.5316822203293163
1017.0,1.8311991428583896
1018.0,1.735092345544957
1019.0,2.155294116877375
1020.0,2.4102170011601958
1021.0,0.3468941466354776
1022.0,-0.10663214805193455
1023.0,0.8082628284623647
1024.0,1.2701562780658016
1025.0,1.2457550940856355
1026.0,1.5178458789635427
1027.0,1.5298779879527877
1028.0,2.6080745753220738
1029.0,0.06735663998748409
1030.0,0.4368571580397288
1031.0,1.0642268382521665
1032.0,2.3257615310465267
1033.0,2.694469710760549
1034.0,-0.020747796576657818
1035.0,0.8871782306157849
1036.0,-0.6047684397746749
1037.0,2.0082285942604785
1038.0,0.812908827002371
1039.0,-0.4813829728430614
1040.0,0.2891468316471103
1041.0,0.6550123825405259
1042.0,1.8745933745382897
1043.0,2.8889361056925704
1044.0,2.894691613642496
1045.0,0.6564980406487929
1046.0,3.1423629733737566
1047.0,-0.6851389431626806
1048.0,0.34402749967200263
1049.0,1.282400071431432
1050.0,0.6193859487095188
1051.0,1.334899373054102
1052.0,-0.5536243965629877
1053.0,0.44660876284568496
1054.0,2.8757265181851404
1055.0,-0.15508364520853402
1056.0,-0.07756732454923854
1057.0,1.6723776039252483
1058.0,1.1691304638047302
1059.0,1.683480496671475
1060.0,1.4921721907377166
1061.0,1.2877401876289305
1062.0,0.9610912452689611
1063.0,0.320980204530549
1064.0,2.6344313298480255
1065.0,0.9401885842801698
1066.0,-0.19265443887351696
1067.0,2.0914788650998526
1068.0,1.080361421363025
1069.0,2.6749403400983196
1070.0,-1.632627032359705
1071.0,-1.1003153304220359
1072.0,0.5210057119643418
1073.0,1.2077438212504614
1074.0,1.4919638890271067
1075.0,0.1432060168113779
1076.0,1.2093551577541561
1077.0,2.4128643988669185
1078.0,0.4196910707606739
1079.0,2.1604599417039316
1080.0,1.789232493919609
1081.0,2.26550182436357
1082.0,2.516105396076855
1083.0,1.2546053398594013
1084.0,1.437798584772124
1085.0,0.49004290493121927
1086.0,0.16028521787153727
1087.0,0.539484448431264
1088.0,1.8668688244977671
1089.0,-1.2206838551662829
1090.0,2.4042049398043726
1091.0,-0.33513978321412585
1092.0,1.3024292750523125
1093.0,0.8338142332259555
1094.0,0.26649903748162695
1095.0,-0.8833177081270147
1096.0,1.1486282376128416
1097.0,0.5186691585819354
1098.0,0.8084720439113885
1099.0,0.6040654040915359
1100.0,0.9498849805703171
1101.0,-0.10482568912194123
1102.0,0.5678402491055973
1103.0,0.6251825594915261
1104.0,1.250195813672209
1105.0,1.6818573956585974
1106.0,0.832505606569256
1107.0,1.468505942369148
1108.0,0.2728028884906939
1109.0,0.3006656158430998
1110.0,0.8291558879920459
1111.0,1.2104253960765377
1112.0,0.5086454432557631
1113.0,0.35888147381297253
1114.0,0.7500911132734838
1115.0,1.5959107139567004
1116.0,3.114503651599601
1117.0,2.248786692360329
1118.0,1.777682430283519
1119.0,1.56455324990098
1120.0,-0.3741163849206075
1121.0,1.3711968248709514
1122.0,1.0186959064605277
1123.0,1.3234308901155187
1124.0,0.7675447892332021
1125.0,0.8520495200897835
1126.0,2.7145895183217132
1127.0,0.7215480542287727
1128.0,1.514195660497318
1129.0,1.6863900701406136
1130.0,0.7864796168233577
1131.0,0.6172878621901416
1132.0,1.715970410939736
1133.0,4.10838838173728
1134.0,1.7844510541501282
1135.0,0.37960847446133006
1136.0,1.7439128233506145
1137.0,1.7461300053668434
1138.0,1.8072934378572016
1139.0,1.521356206492686
1140.0,0.7980506813680075
1141.0,0.5085484645610328
1142.0,0.645982591092047
1143.0,0.6469710818335606
1144.0,2.601882555456151
1145.0,0.6447422736250712
1146.0,3.260278790735372
1147.0,2.63357918947267
1148.0,2.3626360299013047
1149.0,1.9488452623548658
1150.0,2.2688383848879647
1151.0,0.41140323943453094
1152.0,0.1382419653601269
1153.0,-0.17881364674228784
1154.0,0.6290204728608737
1155.0,0.8668910240800431
1156.0,0.6904172495943222
1157.0,-0.6481866373340754
1158.0,1.4673914537445991
1159.0,0.7368482106584544
1160.0,1.0315189612449074
1161.0,1.9995013586979618
1162.0,1.6843373726774826
1163.0,1.9166933047074037
1164.0,0.5124048632168914
1165.0,2.7574782394610944
1166.0,3.2162963407075744
1167.0,1.9952902891324698
1168.0,2.1224305335289015
1169.0,1.1731958038791506
1170.0,1.4622861389614015
1171.0,0.5948953791993277
1172.0,1.586382545552923
1173.0,-0.6008167399275308
1174.0,1.0245981354980507
1175.0,0.12710761200505905
1176.0,0.13444635891959755
1177.0,2.384176866687289
1178.0,0.9532947228440705
1179.0,2.478856472652273
1180.0,1.731214753409576
1181.0,2.1950061449957143
1182.0,1.0746001183689444
1183.0,1.1612323306474668
1184.0,1.1991897852785214
1185.0,1.5358512164844578
1186.0,0.45020737822915813
1187.0,2.3313461780376925
1188.0,2.2635465266519237
1189.0,1.2677026648218945
1190.0,2.412775329612627
1191.0,1.6410469226877544
1192.0,0.47612574702136323
1193.0,0.34653668259848003
1194.0,2.6048907560340355
1195.0,0.6788424783324989
1196.0,2.3817034210131864
1197.0,2.601888633531966
1198.0,1.3105882718717559
1199.0,0.6958854210912613
1200.0,1.077102668979869
1201.0,1.1874052374003228
1202.0,0.5726078150668832
1203.0,0.4840304687123348
1204.0,1.0201000006134586
1205.0,1.4763651385293368
1206.0,2.3867902835826262
1207.0,3.0623137728018706
1208.0,0.6794418732422641
1209.0,2.3499930584583666
1210.0,0.8901165364304557
1211.0,1.660671137805807
1212.0,0.7792795429003048
1213.0,0.7171825657470832
1214.0,0.6456056169818842
1215.0,-1.0395037379015475
1216.0,0.8700746195077319
1217.0,0.44783116538734935
1218.0,2.213156700704947
1219.0,1.4442777364659056
1220.0,3.332689262955248
1221.0,1.3566445838376748
1222.0,3.6743916063429203
1223.0,1.3773521140975604
1224.0,0.00844966315618323
1225.0,0.5212622923253272
1226.0,-0.30598737110109897
1227.0,1.1972444819813557
1228.0,1.3586416132116212
1229.0,1.3793900514497186
1230.0,0.377715518551622
1231.0,0.7433579725809183
1232.0,0.3552521759441677
1233.0,1.1055217585855661
1234.0,-0.13142481651129234
1235.0,0.9301689263694486
1236.0,1.3789438640978395
1237.0,-0.35679655440969893
1238.0,0.9318632965858116
1239.0,-0.6326434518685671
1240.0,-0.3250526649480838
1241.0,-1.0998231035301351
1242.0,1.8009344782308359
1243.0,0.3520913119696918
1244.0,1.7643247227318528
1245.0,0.14687578320017247
1246.0,0.9611121834531406
1247.0,1.443440018881728
1248.0,-0.1141556737358751
1249.0,0.4129872987427119
1250.0,0.627013215621947
1251.0,1.9602310711070143
1252.0,2.2254897831142895
1253.0,-0.0474735122064287
1254.0,0.0511865742145845
1255.0,1.1126771815950691
1256.0,0.6527353263810072
1257.0,0.9496546547478251
1258.0,-1.017991808229094
1259.0,0.7795783607891096
1260.0,3.1194949463699437
1261.0,0.12302629883120975
1262.0,1.9226221464652204
1263.0,-0.20282637989936347
1264.0,-1.145881111031293
1265.0,-0.7063096805158442
1266.0,2.9912012134557857
1267.0,0.3025092893036906
1268.0,-0.17006201167941448
1269.0,0.7443855250175007
1270.0,1.4023162977031558
1271.0,1.9534851138385918
1272.0,0.5418650883551658
1273.0,0.394597894004742
1274.0,-1.4725033077818528
1275.0,2.47707888341874
1276.0,0.6211371418826956
1277.0,0.9491272665662158
1278.0,-0.04365075731419932
1279.0,0.6636237394537813
1280.0,0.33044887781869436
1281.0,0.3653108769323451
1282.0,0.28264107545094586
1283.0,0.8005387693240801
1284.0,1.4107235236395965
1285.0,-1.2068388870811786
1286.0,0.2741463635021669
1287.0,2.1160878462274555
1288.0,1.2002588717727096
1289.0,-0.36351472179175515
1290.0,0.4223962481802337
1291.0,1.3053046575376182
1292.0,0.9920100063644037
1293.0,1.3096992008696737
1294.0,0.20908880346820047
1295.0,0.8296136632133646
1296.0,2.289190333437557
1297.0,1.5030055808929532
1298.0,0.963032475861793
1299.0,1.4600248500883521
1300.0,1.5586077274120318
1301.0,0.33335626336214275
1302.0,1.438920383980287
1303.0,1.3157506319923402
1304.0,-0.21118406609161533
1305.0,0.8029134580397554
1306.0,0.9127751615373196
1307.0,-0.8245236405205851
1308.0,1.27918925206755
1309.0,-0.32240177018610106
1310.0,1.2576090307841923
1311.0,1.2330871804922692
1312.0,0.835357381577442
1313.0,0.9709282753558444
1314.0,1.2255735470075355
1315.0,0.21841186757994713
1316.0,2.102332575743863
1317.0,0.5080850273131645
1318.0,2.709869861867839
1319.0,0.8068788579411879
1320.0,-1.4931322880406779
1321.0,0.5221663247839613
1322.0,2.621584433111538
1323.0,1.5622047080859933
1324.0,1.4206063967149278
1325.0,0.23673859986985368
1326.0,0.2814020354537462
1327.0,0.584811136333817
1328.0,2.266250753539453
1329.0,0.34325751483229405
1330.0,0.3917529070975515
1331.0,-0.8021282314101847
1332.0,0.5976829833287379
1333.0,1.2619668648288025
1334.0,0.6393773480030573
1335.0,2.2112774065309737
1336.0,-0.17093416120048
1337.0,1.3510332615940917
1338.0,1.9934067345925122
1339.0,1.8884610021002377
1340.0,1.900562592878483
1341.0,0.41460396276436795
1342.0,1.5094627860746166
1343.0,0.7645803575317294
1344.0,1.4287397924844176
1345.0,-1.4253650959233923
1346.0,0.8298307551536126
1347.0,-1.6648989684348172
1348.0,0.354901991643247
1349.0,2.1293629489038297
1350.0,0.907864330279872
1351.0,0.08571945499290967
1352.0,1.8749714619157256
1353.0,2.7120293001995734
1354.0,0.8758563888057777
1355.0,0.11414834940171692
1356.0,-0.7300117015529133
1357.0,0.9446172761831778
1358.0,2.100587037241268
1359.0,0.9839556439298559
1360.0,-0.2121786578316205
1361.0,2.6375268335954773
1362.0,1.290451363128414
1363.0,0.2627699132140341
1364.0,1.3274673591956392
1365.0,2.900436495669874
1366.0,0.8435991276246103
1367.0,0.15829478233107375
1368.0,1.8407351402684298
1369.0,1.6756092883034208
1370.0,-0.11874519945014939
1371.0,1.1150226045133187
1372.0,1.9369801132086417
1373.0,-0.20889614786897148
1374.0,1.4294906349265295
1375.0,2.3685920310269015
1376.0,-0.3277080252752771
1377.0,-0.6534400906140194
1378.0,3.6530939793878554
1379.0,0.28733123032958086
1380.0,0.09506452677578059
1381.0,1.3465209368948967
1382.0,2.439573769894717
1383.0,-0.9749912118121116
1384.0,0.7754611362907917
1385.0,1.6687465903394196
1386.0,2.986561128076703
1387.0,1.8447264566955934
1388.0,2.2583067746991228
1389.0,0.99203502929811
1390.0,0.684917502219241
1391.0,1.5548436338072968
1392.0,1.3179871187640344
1393.0,3.082441094750778
1394.0,0.9683545288898382
1395.0,1.4073583344563863
1396.0,-0.5620969941597944
1397.0,1.6315504060395076
1398.0,2.5793947468656704
1399.0,1.183644947689217
1400.0,1.366185775648277
1401.0,1.0317457762580844
1402.0,1.0722636634454579
1403.0,1.8156274010863944
1404.0,2.9816089472414014
1405.0,1.4790881832705884
1406.0,1.4732927215190474
1407.0,1.9233093786929338
1408.0,1.7035787217574259
1409.0,0.6224402190818824
1410.0,1.467863608075524
1411.0,1.210575641620088
1412.0,0.3582394674084066
1413.0,0.30597209812332793
1414.0,2.2606708996230527
1415.0,-0.42918556187186785
1416.0,1.6320869982705122
1417.0,3.399308039603633
1418.0,0.9845265929062412
1419.0,1.02351939086754
1420.0,2.288188936931669
1421.0,0.31753484664664844
1422.0,1.6658536306316056
1423.0,1.1446871510850836
1424.0,0.6619290559278358
1425.0,1.1671374834027637
1426.0,1.1015175465033664
1427.0,0.8283046725222223
1428.0,1.7634817502246634
1429.0,1.776720668852522
1430.0,0.4410546298364755
1431.0,0.9527230986491366
1432.0,3.342373366923959
1433.0,3.049479706114328
1434.0,2.615472533006079
1435.0,0.4382878111706465
1436.0,0.9044649577126314
1437.0,1.992734466178356
1438.0,2.366110985885074
1439.0,1.0052404386506966
1440.0,1.705537554178779
1441.0,0.9081253367157873
1442.0,1.7000612030689533
1443.0,0.008598457017576555
1444.0,-0.49115224920602496
1445.0,0.3375333413297924
1446.0,1.7242030248809948
1447.0,1.8543190071809939
1448.0,0.4969210626731534
1449.0,0.37732244062101383
1450.0,1.1579839851004399
1451.0,1.2400170373021222
1452.0,1.0032817628345219
1453.0,1.3194649474706055
1454.0,1.1247526485887656
1455.0,-0.8388282969114123
1456.0,1.1938073803415032
1457.0,0.9425231117759185
1458.0,1.1841477901103525
1459.0,1.4792817681356834
1460.0,1.496150154744984
1461.0,-0.07803695036679636
1462.0,0.4895375627696611
1463.0,0.8426623248761189
1464.0,1.0872581274167914
1465.0,4.254543696473579
1466.0,-0.756142303911187
1467.0,0.5167227736982287
1468.0,-0.7600919701940005
1469.0,1.7739321520064264
1470.0,1.1571247401363205
1471.0,-0.4195816514345023
1472.0,0.5999907850561614
1473.0,1.3014382181586952
1474.0,0.6826888015511714
1475.0,2.3485079524173176
1476.0,-0.034350930582840666
1477.0,1.3294099373871362
1478.0,-1.408227671432042
1479.0,1.5627674356344095
1480.0,0.9108235026621908
1481.0,0.8442391829585792
1482.0,0.8471605338679404
1483.0,2.7145549545076024
1484.0,1.64537980242735
1485.0,1.3978935843866422
1486.0,-0.07697603595566349
1487.0,2.173093031372955
1488.0,1.0509400938722686
1489.0,0.41130340948519784
1490.0,-1.0126160001560547
1491.0,1.353143582486847
1492.0,1.9962638315616608
1493.0,0.4336966325882169
1494.0,0.9935036048488554
1495.0,1.3105071808514661
1496.0,-0.004498286848932276
1497.0,-0.005914517728523361
1498.0,0.7946067499903425
1499.0,1.216938399973425
1500.0,2.0124988121389378
1501.0,1.629147220730348
1502.0,0.6340163668581478
1503.0,0.532575241517837
1504.0,3.389520401516247
1505.0,1.9820201752021305
1506.0,1.2648182454332073
1507.0,1.9620864349907232
1508.0,0.788013242030223
1509.0,0.23039739619326172
1510.0,0.7991320211675178
1511.0,0.5247198806102159
1512.0,1.260177271136738
1513.0,1.208137492644729
1514.0,1.3927871392160531
1515.0,1.4625359776161653
1516.0,-1.2295065769565592
1517.0,0.9420282064120126
1518.0,1.0437855820132411
1519.0,0.8185336929910296
1520.0,1.5211304705951172
1521.0,2.352656880664787
1522.0,1.1157467982874607
1523.0,0.5404627642440211
1524.0,-1.380557894959779
1525.0,2.8092059635412934
1526.0,0.5181666301351969
1527.0,2.3109498148480574
1528.0,2.3407414244546096
1529.0,1.2164499841411345
1530.0,1.0244818245736684
1531.0,3.17311274069857
1532.0,1.3857161268434595
1533.0,-0.1249894714995432
1534.0,2.081135909839028
1535.0,-0.323270322947371
1536.0,0.8941483014701777
1537.0,0.996153306432809
1538.0,0.5187475833089389
1539.0,0.13143482497284598
1540.0,0.7763241496593709
1541.0,1.8753926098762517
1542.0,2.7347819917864427
1543.0,0.18502644267471535
1544.0,0.5257065128628672
1545.0,0.20225080716283017
1546.0,2.9267011779449947
1547.0,0.2513990102063579
1548.0,1.8839290490088656
1549.0,0.3882893942951271
1550.0,1.0760350531269864
1551.0,0.7344161809351557
1552.0,1.1566908960084652
1553.0,-0.25671196654646145
1554.0,2.3645548288888327
1555.0,-0.36868527088060166
1556.0,2.5918153380020126
1557.0,2.7081970369728117
1558.0,1.3692897201973444
1559.0,0.7975689805426218
1560.0,1.002702445942543
1561.0,2.513186286653047
1562.0,1.3482718985133566
1563.0,0.6549572977668108
1564.0,1.2467958612676309
1565.0,1.3361620572157942
1566.0,2.0392185580759437
1567.0,0.6725467053928953
1568.0,0.7579875506469755
1569.0,1.6405195996788002
1570.0,-0.28734244749272553
1571.0,1.3537533087033609
1572.0,1.1167611389264254
1573.0,2.1160086116432417
1574.0,-0.15177486644571125
1575.0,-1.4034542711033073
1576.0,1.9666217363073186
1577.0,-0.9454666705316501
1578.0,0.2769282555348248
1579.0,1.5635740735537578
1580.0,-1.0185883219570426
1581.0,2.668437121558239
1582.0,0.6193950090589584
1583.0,1.0267629296137497
1584.0,1.713550168635571
1585.0,0.8449955492760384
1586.0,-0.7362597476809167
1587.0,1.5020597712182215
1588.0,0.177838542432468
1589.0,1.8248101898600733
1590.0,2.401853567789741
1591.0,1.967528755958669
1592.0,1.1118507737502499
1593.0,0.5127342635720705
1594.0,-1.0137232666647678
1595.0,0.018386767976553697
1596.0,1.3950674681350774
1597.0,0.6336136857938426
1598.0,-0.7437727140958446
1599.0,-0.3169112638893943
1600.0,0.46615321589286274
1601.0,2.7408091944939583
1602.0,0.8886648022095802
1603.0,1.0562722720527735
1604.0,-1.2967109827076548
1605.0,0.6264312264225886
1606.0,1.2798951646845622
1607.0,0.8276041483338606
1608.0,1.882630899777407
1609.0,0.28507557563505426
1610.0,2.8693005869657333
1611.0,-0.035964900702500024
1612.0,0.4909787733946661
1613.0,2.640457821171417
1614.0,0.29472886000371934
1615.0,0.1544145011925162
1616.0,1.3886486925305115
1617.0,1.0576195738551588
1618.0,1.654783018693621
1619.0,0.5382907559575316
1620.0,1.377173453368958
1621.0,0.30837894548973754
1622.0,1.2937174103984819
1623.0,3.121119498894851
1624.0,0.5461010090859214
1625.0,1.2207093944912848
1626.0,1.1053860125509025
1627.0,1.9687645776980003
1628.0,0.9323993548389768
1629.0,2.351798323034288
1630.0,-0.29263442905831294
1631.0,0.8053340765122022
1632.0,0.11546602889419666
1633.0,0.3678808901995211
1634.0,0.34003702142098047
1635.0,-0.3322027227749329
1636.0,-0.20391404071780572
1637.0,0.29980855963075315
1638.0,1.3156058311383252
1639.0,1.785359489865347
1640.0,1.0489995346572105
1641.0,2.2090957813390086
1642.0,2.570505632695173
1643.0,0.35518017750163
1644.0,0.5563165653227684
1645.0,1.9215411595841703
1646.0,0.695314687106545
1647.0,1.7134247797939441
1648.0,3.8509458358420083
1649.0,1.7722476388837949
1650.0,1.3820807336371126
1651.0,0.17592721213642237
1652.0,1.988571872011724
1653.0,2.7000033618886303
1654.0,0.49540001073299145
1655.0,0.6069067906039729
1656.0,1.707018865741678
1657.0,0.883539251125194
1658.0,-1.8355403060418194
1659.0,0.4023817134637365
1660.0,0.8543840477242348
1661.0,0.6452377759509222
1662.0,1.0084453169757972
1663.0,1.2868716239204705
1664.0,-0.7485097800480947
1665.0,2.397179435030626
1666.0,0.5485989875104471
1667.0,1.4769585331456057
1668.0,-0.6574225978044907
1669.0,2.0769873461832518
1670.0,-0.011366664095278312
1671.0,2.0527114994783044
1672.0,2.2316018346898803
1673.0,1.4369844123917066
1674.0,1.0991865861611427
1675.0,2.446158706581009
1676.0,1.4582479662319288
1677.0,1.1265729273550344
1678.0,-0.2280538351501027
1679.0,1.8104965872762264
1680.0,-0.3244550571955551
1681.0,0.7227841425980284
1682.0,0.6116096905110806
1683.0,0.5149562791958276
1684.0,0.17825053369711874
1685.0,2.922325541733507
1686.0,0.9370227087333735
1687.0,0.11565948535993742
1688.0,0.2327600440369323
1689.0,1.593584716553162
1690.0,1.1664686349489892
1691.0,1.82685556388645
1692.0,1.4481178143408786
1693.0,-0.30437966539540917
1694.0,1.8662597609809841
1695.0,1.0488910556881113
1696.0,2.4177262561541997
1697.0,-0.024670293806561494
1698.0,-0.6310905877204147
1699.0,2.87408754607935
1700.0,0.5174765228971705
1701.0,0.31918962058712763
1702.0,2.5145187117296492
1703.0,1.6200291687762625
1704.0,1.549272304379259
1705.0,1.0032354749150048
1706.0,-0.43946013533671113
1707.0,-0.4259488153183284
1708.0,2.6013818483491944
1709.0,1.7193033010192704
1710.0,1.0871008653342753
1711.0,1.0683576258823901
1712.0,1.1541422653826294
1713.0,1.7258757978185657
1714.0,0.0608117981898989
1715.0,1.364320387320858
1716.0,-0.6328033116305047
1717.0,1.0364226331672408
1718.0,0.5541734304429802
1719.0,-0.3349135153308336
1720.0,1.651311771838857
1721.0,0.21752728889247042
1722.0,1.9293234943981699
1723.0,0.9657218961074733
1724.0,1.355051815118514
1725.0,1.9445132210090457
1726.0,1.1697795641809585
1727.0,0.6626861112027103
1728.0,0.12593796820770653
1729.0,1.2746206183949254
1730.0,2.3213422348271484
1731.0,1.4973105685133112
1732.0,2.2400961171685365
1733.0,1.4436516470427305
1734.0,0.9261489138403395
1735.0,0.460476927457826
1736.0,-0.13084367916928397
1737.0,1.3708402106134856
1738.0,1.9273974099446203
1739.0,-0.5324032383608497
1740.0,2.0691025224253785
1741.0,2.9241961366093903
1742.0,0.06962073433737259
1743.0,1.7017216449515404
1744.0,3.2849349311954343
1745.0,1.2185986684892187
1746.0,1.510323129349028
1747.0,1.4677638050242272
1748.0,1.1648080971904764
1749.0,1.3597121713426163
1750.0,1.564275603419657
1751.0,1.849428404027233
1752.0,1.6521089194807839
1753.0,0.6479191700356294
1754.0,-0.7629826108589786
1755.0,-0.1830967551793521
1756.0,0.5498112077063453
1757.0,0.6625771042494244
1758.0,0.42267031924293164
1759.0,0.8017602895225437
1760.0,0.008134117739795887
1761.0,1.8343255698646002
1762.0,0.9854626175564215
1763.0,0.7106459289001821
1764.0,-0.6073053710282748
1765.0,0.17022834644954266
1766.0,-0.6359020596268361
1767.0,-0.45708804936014324
1768.0,1.543110699556197
1769.0,2.30534021830762
1770.0,-1.206656280702948
1771.0,2.185438420698858
1772.0,-0.39525216188234547
1773.0,2.2812829246591093
1774.0,0.4421395529913985
1775.0,1.3857987387496866
1776.0,1.447765798943718
1777.0,-0.8540392620299144
1778.0,0.18197464242145145
1779.0,0.3091117502512023
1780.0,1.576230517213645
1781.0,0.8746438518488603
1782.0,2.1431870621971854
1783.0,1.1364314406265543
1784.0,1.8129096176375736
1785.0,1.0134631958292457
1786.0,1.444987116376456
1787.0,0.4858959278579228
1788.0,-0.3323093085211932
1789.0,-1.2432649675053267
1790.0,-0.6812920560375622
1791.0,1.6042485886510087
1792.0,2.0232032809558564
1793.0,1.4491505696863307
1794.0,0.3315444805678013
1795.0,0.8959517789476799
1796.0,1.7128489789295434
1797.0,0.8921903462896443
1798.0,0.6420259871563162
1799.0,-1.7422408447082685
1800.0,0.907664138469816
1801.0,0.9925930124613075
1802.0,1.2832703942829837
1803.0,0.608331712504859
1804.0,-0.0796528472881678
1805.0,0.08848119960271605
1806.0,2.6265562224129844
1807.0,2.3624436273144633
1808.0,1.7602344159546983
1809.0,0.20272878008116257
1810.0,3.2545954145164124
1811.0,0.30598808514525344
1812.0,1.4313141920961416
1813.0,2.5092398311714454
1814.0,-0.2600590412932504
1815.0,1.344086762863773
1816.0,0.9446977936833073
1817.0,0.21627743354780338
1818.0,2.6897508470723617
1819.0,0.7701765119937081
1820.0,-0.645169465847905
1821.0,0.31022755434617433
1822.0,0.7782346232305157
1823.0,0.9207635644635167
1824.0,1.2747312322845419
1825.0,-0.21523894520862052
1826.0,2.1392561717834218
1827.0,1.7895812969693528
1828.0,2.075234597110316
1829.0,-0.1773984240756774
1830.0,2.887370614745679
1831.0,1.0348896729643795
1832.0,0.23607515700503545
1833.0,0.32914217179917005
1834.0,1.3057741975547639
1835.0,0.28525793168276314
1836.0,0.48101677022883105
1837.0,0.7137335745882669
1838.0,0.1562942346809214
1839.0,2.2599947241961322
1840.0,0.9275738002891896
1841.0,0.9376281717231385
1842.0,2.1591093249944557
1843.0,-0.5313519015713969
1844.0,0.2978711350828527
1845.0,1.5774826767579133
1846.0,-0.24568116804258733
1847.0,0.464436191162784
1848.0,-1.147268151461812
1849.0,2.751082278837596
1850.0,2.982447318857842
1851.0,2.469172073241623
1852.0,1.6067830132502725
1853.0,0.4118813731463711
1854.0,1.48433283320997
1855.0,1.9047585864221026
1856.0,2.0760805169735526
1857.0,1.46639887674228
1858.0,0.6211121508001671
1859.0,0.24038639453445343
1860.0,0.7285283145354493
1861.0,1.940228057397249
1862.0,1.453344877358165
1863.0,2.1659206537560056
1864.0,-0.13447030489123502
1865.0,-1.0653146321687088
1866.0,-0.24939882757797416
1867.0,0.3879011012111303
1868.0,-1.3562090074238278
1869.0,2.0277586442151714
1870.0,0.8709036001682439
1871.0,0.37140861892488763
1872.0,0.23122114366049418
1873.0,2.3866732895006106
1874.0,0.08554309745562727
1875.0,1.0064707584698591
1876.0,2.1019920526475904
1877.0,-0.8108839832972083
1878.0,0.8465379462937107
1879.0,0.4552445107138555
1880.0,-0.06793680903201826
1881.0,-0.9067401830922859
1882.0,0.7566421338805212
1883.0,2.4578897225740235
1884.0,2.6175766818540147
1885.0,0.5099331083856575
1886.0,0.9413560089644092
1887.0,1.7081020914029934
1888.0,-0.3117807908129593
1889.0,2.2914202142564926
1890.0,0.6483678084419213
1891.0,1.037363023274219
1892.0,1.2045520184474365
1893.0,2.1090783017187977
1894.0,-0.3008366531418176
1895.0,0.7863331527189734
1896.0,-1.6444387359527646
1897.0,0.3677993456240676
1898.0,1.4193484817081972
1899.0,2.1159892402840272
1900.0,1.0899930073093722
1901.0,1.936796475855657
1902.0,1.5116395185325449
1903.0,1.4418645530329788
1904.0,0.970646620926614
1905.0,2.008726295907733
1906.0,2.236040652751665
1907.0,2.8914086732914948
1908.0,-0.24040639775804085
1909.0,0.9671603629472943
1910.0,1.9872699380322418
1911.0,1.457880174287513
1912.0,0.5496199160938148
1913.0,1.5850888433056356
1914.0,1.0332759517045282
1915.0,-0.0889962796824536
1916.0,0.5804530198744338
1917.0,2.303490843075718
1918.0,0.3593876519885866
1919.0,0.7183755434460297
1920.0,-0.9915144780322954
1921.0,-1.5253466001287577
1922.0,0.9128801238517884
1923.0,0.6130925007880572
1924.0,-0.5691399715055894
1925.0,1.2371469797309866
1926.0,2.034086123974076
1927.0,0.839929311421638
1928.0,1.7709513821094534
1929.0,1.8075482858600709
1930.0,2.339326798169086
1931.0,0.9510914333914047
1932.0,2.172261006819317
1933.0,1.4183190069197669
1934.0,0.41297096831433444
1935.0,0.10802319356579604
1936.0,-0.6290625435673081
1937.0,0.14020417644239958
1938.0,0.3494593938953515
1939.0,1.5720202135014765
1940.0,0.2756353168336262
1941.0,1.8237855988352734
1942.0,-0.1976130078937378
1943.0,1.5979202444657425
1944.0,0.3613437852110135
1945.0,1.5754145984345498
1946.0,1.1120429830830973
1947.0,0.9821329441498556
1948.0,1.2972661498112665
1949.0,0.05240064401695843
1950.0,0.4269012956141034
1951.0,2.0200822542445898
1952.0,0.26877288767214735
1953.0,0.9062831909318285
1954.0,3.2032006629768706
1955.0,-0.38892446253616253
1956.0,0.48541775352594263
1957.0,0.9538542811535072
1958.0,1.6513900290378483
1959.0,2.42333008819466
1960.0,0.5133817681191434
1961.0,1.9561600744633836
1962.0,1.258044411771926
1963.0,1.678816482175761
1964.0,1.396291545977177
1965.0,1.950762995134684
1966.0,-0.7129437564821475
1967.0,1.2184697865219303
1968.0,2.780265198104358
1969.0,2.6984688987599683
1970.0,0.9612290773384525
1971.0,0.5226727478348658
1972.0,1.2340795062665237
1973.0,-0.33806226729492095
1974.0,-0.6094963033210778
1975.0,0.9711739610405044
1976.0,-0.15098113969468174
1977.0,0.1959454813706133
1978.0,2.316081784949374
1979.0,0.8901593919163096
1980.0,-2.275520189532622
1981.0,0.8063320791860201
1982.0,1.439203538360562
1983.0,0.940663584817885
1984.0,1.554521576892075
1985.0,2.249099352541353
1986.0,-0.7460096732196477
1987.0,1.9273592579487588
1988.0,-0.8768316222466408
1989.0,2.2513194226345608
1990.0,-0.6897204419693835
1991.0,0.38204802496306145
1992.0,0.05093451503858648
1993.0,1.6595880183736036
1994.0,1.978613316783062
1995.0,1.1399536550630174
1996.0,0.4596257102453839
1997.0,1.3557042266016461
1998.0,-0.29834245350938315
1999.0,0.9834981171674861
2000.0,0.7261613669100109
2001.0,1.015923394565338
2002.0,0.598098996666276
2003.0,0.9349753763335572
2004.0,0.5207079904813152
2005.0,-0.0017998244348672587
2006.0,4.158084685142771
2007.0,0.319828181331814
2008.0,2.614639437030528
2009.0,1.3687111772875395
2010.0,-1.3365401004302377
2011.0,-0.31413093558743943
2012.0,-0.538622991077939
2013.0,-0.38001997253602915
2014.0,1.7581946299657383
2015.0,3.605615152139949
2016.0,0.9286694916600698
2017.0,0.9013093482195551
2018.0,1.6011816524302889
2019.0,1.2149208848526818
2020.0,0.8517889853206841
2021.0,1.6103860485553394
2022.0,-0.3938847642002593
2023.0,2.343003026516165
2024.0,2.178140287859554
2025.0,0.7372617281559455
2026.0,2.5984165954441676
2027.0,-0.07667123803234999
2028.0,1.5098051913187847
2029.0,-0.5488614485851991
2030.0,1.5366641108426398
2031.0,0.34515941883749557
2032.0,0.8619592220630671
2033.0,1.2922878107558016
2034.0,0.710799216268355
2035.0,1.8748222498067957
2036.0,2.584450069105896
2037.0,1.5631658720279173
2038.0,1.5513570365997738
2039.0,0.8974845294675622
2040.0,0.5495390124458825
2041.0,2.364856733367459
2042.0,1.0720643189821613
2043.0,1.898469378265664
2044.0,2.2194920717487854
2045.0,2.1508929199201843
2046.0,-0.03796505658656746
2047.0,2.3769601986186224
2048.0,2.2494160463508726
2049.0,-1.0002032448051636
2050.0,0.4923317762599165
2051.0,1.6074272421797962
2052.0,0.8120943497691069
2053.0,1.496425513891758
2054.0,-0.26136939538107606
2055.0,1.798539385526523
2056.0,-1.1470674557910254
2057.0,1.5346056604892488
2058.0,0.3954819365651272
2059.0,2.6616048382964923
2060.0,3.1179753812416653
2061.0,-0.28306107215192366
2062.0,2.0049475466696665
2063.0,0.7311195402585648
2064.0,0.06265898591974439
2065.0,0.8104677960493085
2066.0,1.5432825056330721
2067.0,2.624216807226399
2068.0,2.092427501537385
2069.0,1.1034062493557641
2070.0,1.386118627901945
2071.0,0.8025710599384449
2072.0,0.7680920582289589
2073.0,0.6830771324521188
2074.0,1.3666804756936046
2075.0,0.4498312634793624
2076.0,1.7359509157830177
2077.0,2.927988918139711
2078.0,1.9626454885954252
2079.0,0.44744298767078394
2080.0,0.9638100768529002
2081.0,2.3141521979020845
2082.0,2.6996988096885772
2083.0,-0.21268159500372852
2084.0,-0.24537041199826293
2085.0,2.924676595377574
2086.0,-1.7345212102462257
2087.0,0.31403084933668746
2088.0,0.36043448358921926
2089.0,1.0157597595000794
2090.0,1.4121114243009205
2091.0,-0.8854421753560058
2092.0,2.6112995534728975
2093.0,1.2702725693275652
2094.0,0.6536238245256638
2095.0,0.6678245191206377
2096.0,0.8341176735818907
2097.0,1.3946092796161351
2098.0,0.45303604057507185
2099.0,0.5467918054599894
2100.0,-0.8081558750402595
2101.0,1.7963829361661912
2102.0,1.1055033282929676
2103.0,0.12599805213616388
2104.0,0.6758727241299438
2105.0,0.6154038595339095
2106.0,-0.757653833318175
2107.0,1.7123704921679774
2108.0,-0.27538111662395104
2109.0,0.37842484320431713
2110.0,1.1461158953323973
2111.0,0.06792316027188816
2112.0,0.9245892057449767
2113.0,1.2749992384304696
2114.0,1.6867426616809944
2115.0,1.3684721848192145
2116.0,1.4945104804307938
2117.0,0.36537577781494
2118.0,0.33850727924461477
2119.0,0.535089821638966
2120.0,0.8624129774235586
2121.0,1.7405024907123772
2122.0,1.1078969918620187
2123.0,-0.46971690291518076
2124.0,2.074603489574523
2125.0,-0.43650352443412077
2126.0,1.6819047024808764
2127.0,-0.43679367989348616
2128.0,-0.046142130447925034
2129.0,1.2321885233862901
2130.0,0.06421305762575591
2131.0,1.008748582206712
2132.0,0.7359235349984126
2133.0,0.591306788224665
2134.0,2.2768695137516293
2135.0,2.0282102263566086
2136.0,-1.1805631155150058
2137.0,0.42013458445473384
2138.0,0.6663639627399953
2139.0,1.5292462421830704
2140.0,0.03335044156833289
2141.0,0.6705695992257603
2142.0,0.10293254988737066
2143.0,2.4325292694580387
2144.0,0.0860519288569449
2145.0,0.3252810583337823
2146.0,-0.2039884449138054
2147.0,0.3848257327084784
2148.0,1.0284853714444353
2149.0,-0.9620482309303278
2150.0,1.5500462283659422
2151.0,2.153507437446457
2152.0,1.793414165518124
2153.0,2.090651930578858
2154.0,-0.4816763732267473
2155.0,1.7600553615438843
2156.0,1.5076082298524234
2157.0,1.1297354918062783
2158.0,0.4311857234485016
2159.0,1.6306335679420294
2160.0,-0.015021871006788867
2161.0,1.6137361728640471
2162.0,0.7808706788574316
2163.0,1.1008153620901353
2164.0,1.0174281912705117
2165.0,0.3101838398265866
2166.0,-0.31736764158697917
2167.0,1.385549438208783
2168.0,0.6094041185371559
2169.0,1.323648421382774
2170.0,1.06682764924014
2171.0,2.650864184812698
2172.0,1.315230249428595
2173.0,2.07738258108792
2174.0,1.0841885126861537
2175.0,-0.0552158641023065
2176.0,0.6585513900468554
2177.0,1.657466453085894
2178.0,-0.5430424712846424
2179.0,-0.4575279199725535
2180.0,0.7117407136457223
2181.0,2.3872128072377476
2182.0,0.4916283853196391
2183.0,0.49331339859134077
2184.0,1.9463350359113476
2185.0,1.646972478390659
2186.0,0.4282269037790335
2187.0,2.624206999689581
2188.0,0.8704311069250558
2189.0,1.609910890271597
2190.0,1.137094762416779
2191.0,1.5087187642754252
2192.0,0.6427809971855634
2193.0,2.690595277109553
2194.0,0.4999964744723257
2195.0,0.2575333813816356
2196.0,0.8694194318055226
2197.0,-0.12083286871304566
2198.0,0.3629384901530831
2199.0,0.5476959332551659
2200.0,2.5027951496578478
2201.0,0.46739799323407705
2202.0,0.29067464715575275
2203.0,0.9349788246632661
2204.0,2.9249968012085352
2205.0,-1.3824223212822755
2206.0,1.9527640304981062
2207.0,0.6205903438478175
2208.0,0.544774327217292
2209.0,1.4565284929461306
2210.0,1.5974705164999763
2211.0,0.10009730825845731
2212.0,1.7042180870361094
2213.0,2.445436265051015
2214.0,0.40921620412307
2215.0,2.5353075787465555
2216.0,0.3529496373896396
2217.0,2.255415964727742
2218.0,0.8494244804504387
2219.0,0.17685542298858326
2220.0,-0.023066002251203588
2221.0,0.1803498870428425
2222.0,0.026962517302041356
2223.0,0.8755024587000674
2224.0,0.4582590222647244
2225.0,3.1012578840840264
2226.0,2.824219079370485
2227.0,1.2317346128886513
2228.0,0.015993173472645617
2229.0,-0.34381455457082466
2230.0,1.840734391447606
2231.0,0.07793918119646992
2232.0,2.926559282370497
2233.0,2.240109398866056
2234.0,1.3470821035700031
2235.0,0.6878945569735164
2236.0,1.324551924265132
2237.0,0.3991138770091922
2238.0,0.7235745025905178
2239.0,1.2834507996897293
2240.0,0.8449166862843789
2241.0,1.993214068767419
2242.0,1.9474628306067818
2243.0,1.323939725658313
2244.0,0.9471565000545946
2245.0,-1.47217417542047
2246.0,2.6327682000331167
2247.0,0.8896737375300626
2248.0,2.9350926599030784
2249.0,0.6812451074747546
2250.0,1.0840872268842607
2251.0,2.2281699764281155
2252.0,1.7157765334629143
2253.0,1.5210958280765292
2254.0,2.800375196231634
2255.0,0.09377226871351552
2256.0,1.7948901343382246
2257.0,0.33559790077165086
2258.0,0.36575555895795686
2259.0,0.20186535468317635
2260.0,-0.11265580003338171
2261.0,1.8585526357689286
2262.0,3.907700798289084
2263.0,0.11054360101432448
2264.0,0.7951701830047472
2265.0,2.9123137250947733
2266.0,-1.214087025718904
2267.0,1.1507182226912036
2268.0,-0.26826196043723294
2269.0,2.2549511232688957
2270.0,1.999876881803849
2271.0,-0.3698646847598268
2272.0,-0.30889243740735495
2273.0,1.2178510833956218
2274.0,0.9554977858429416
2275.0,1.9018250177307412
2276.0,1.9082014868828954
2277.0,0.9587630468389934
2278.0,0.3602502585640772
2279.0,1.8415181377676255
2280.0,0.9666939491255176
2281.0,3.1063231109270246
2282.0,2.803511993592948
2283.0,0.0639365379589345
2284.0,0.28651741048836277
2285.0,0.5945659827630967
2286.0,-0.5604783585708929
2287.0,0.9552048563551107
2288.0,0.4497062785471789
2289.0,0.9602914924403269
2290.0,2.8903436061193015
2291.0,1.4667145427466437
2292.0,2.9568850592740725
2293.0,-1.6460939575495055
2294.0,1.352770013106559
2295.0,0.6962185973932611
2296.0,1.8201103874121962
2297.0,3.300118163887958
2298.0,0.4549224827868709
2299.0,-0.056266748666971234
2300.0,0.2037034747329889
2301.0,1.6379795797349286
2302.0,1.6031515525736943
2303.0,2.2565556420713664
2304.0,1.3191550673517878
2305.0,0.041597390745491736
2306.0,2.2138646889539695
2307.0,1.4528940339899776
2308.0,1.1289284878051402
2309.0,0.8805690397542119
2310.0,1.0440520162468636
2311.0,-0.18530955093628876
2312.0,1.847789242778735
2313.0,0.558469966101265
2314.0,1.9148941872506247
2315.0,-0.18527012335736193
2316.0,1.1369473099195795
2317.0,0.47922484216265787
2318.0,1.8557533865741487
2319.0,0.6881368794223861
2320.0,0.3177591170113715
2321.0,1.3333032326606378
2322.0,0.9229956474983668
2323.0,0.7874500273936867
2324.0,1.652734908103001
2325.0,-0.15447084618074924
2326.0,-0.09536455848277448
2327.0,0.038150168454268774
2328.0,0.8811754977353541
2329.0,1.2873972969732232
2330.0,0.9998047947848138
2331.0,1.8852711481782283
2332.0,1.525240859580121
2333.0,-0.18944239611934743
2334.0,-0.02486662656860117
2335.0,0.7936224568258391
2336.0,1.2862366642727228
2337.0,3.031988914196313
2338.0,1.2149575477396275
2339.0,0.6549860916689745
2340.0,-0.04349973124629347
2341.0,2.201026558910229
2342.0,-0.023947484305044342
2343.0,1.6990250788577645
2344.0,2.1575854525726355
2345.0,-1.3138698879084347
2346.0,1.3744819091130447
2347.0,0.06317468006814508
2348.0,0.6769900076122108
2349.0,2.100098546735253
2350.0,1.8403425183332254
2351.0,0.6929256341187713
2352.0,0.23400475070871374
2353.0,-0.6345927113354849
2354.0,0.33993234081135426
2355.0,1.5280381313926927
2356.0,0.10002737431299136
2357.0,0.8002353746393626
2358.0,2.966575852981489
2359.0,1.7009822199687514
2360.0,0.4215947549792909
2361.0,1.0176927262131483
2362.0,2.163680454830876
2363.0,0.23252542676214327
2364.0,1.711199484157689
2365.0,1.4782877213606318
2366.0,2.1733786573903267
2367.0,0.9788577679720081
2368.0,-0.3362345061296965
2369.0,-0.3698667308912539
2370.0,0.40405932799190136
2371.0,1.326739472545658
2372.0,-0.23470987409567212
2373.0,2.8542358794112666
2374.0,-1.4022676400818126
2375.0,0.06522920218126882
2376.0,1.3530096738094712
2377.0,2.306836850792034
2378.0,2.3379405510743876
2379.0,1.2790540903196488
2380.0,0.728668583285683
2381.0,0.46378770640439565
2382.0,-0.46760553818835415
2383.0,1.3590520315532166
2384.0,0.7593209620080226
2385.0,1.2296378336473235
2386.0,0.7226443664363856
2387.0,1.149213921791961
2388.0,1.0285671634189177
2389.0,1.799559005520646
2390.0,0.9391280654305066
2391.0,-0.1646668515993378
2392.0,1.2745194477942752
2393.0,-0.09723033153895577
2394.0,1.2182697744315325
2395.0,0.2132030727585793
2396.0,0.9498259581773631
2397.0,1.0367271476491517
2398.0,-2.146580869112423
2399.0,0.10944748956435968
2400.0,2.2188957681942916
2401.0,1.192798140000481
2402.0,-0.5416074595634429
2403.0,-0.8321877661835089
2404.0,1.9202765013317744
2405.0,0.9351434397331084
2406.0,1.6300448072515539
2407.0,0.4218066265458258
2408.0,1.439064973129406
2409.0,0.2785391968937926
2410.0,0.2314125876799451
2411.0,1.4399917901088068
2412.0,0.39272572679778694
2413.0,2.86679888386141
2414.0,0.9285754818095845
2415.0,2.2196024249634076
2416.0,1.1426982066320006
2417.0,0.8999509770353954
2418.0,0.8480386795922806
2419.0,-0.9478371797281281
2420.0,2.2262165457460386
2421.0,1.098516107553383
2422.0,1.5203036398691594
2423.0,3.058533522307485
2424.0,0.2450230078747172
2425.0,0.7912941694954495
2426.0,-0.018031307202148517
2427.0,2.507662745447424
2428.0,1.4185020301658129
2429.0,1.150385084786948
2430.0,1.2231527984569186
2431.0,2.0510578247762243
2432.0,0.5223312882572777
2433.0,2.119020628643529
2434.0,0.47564333766536404
2435.0,-0.0519156953452814
2436.0,2.5649774699460246
2437.0,1.2354555698179948
2438.0,-0.35539019569296326
2439.0,3.593185422218437
2440.0,-1.3494031143391572
2441.0,1.9216693475876285
2442.0,1.974506851960113
2443.0,1.4002928413064006
2444.0,-2.7861319293452365
2445.0,0.5478937805023418
2446.0,-0.3652859514251694
2447.0,-1.0753675809622654
2448.0,1.336047268686376
2449.0,1.4391746738963203
2450.0,0.9158280486459761
2451.0,1.7003209391162424
2452.0,0.25892243213085053
2453.0,0.9522222182597249
2454.0,-0.9138261794869518
2455.0,-0.9622682236303597
2456.0,0.14061544808715676
2457.0,1.6610917237229295
2458.0,1.2060476235720954
2459.0,-2.0715108185097413
2460.0,1.0734148975380458
2461.0,0.31343142023456727
2462.0,0.22502677231099677
2463.0,2.2750683976519674
2464.0,0.8338275178031413
2465.0,0.6250777876800545
2466.0,0.40492855258916316
2467.0,2.634585460772361
2468.0,0.03307855232721679
2469.0,1.832033443432329
2470.0,-0.7434021088287563
2471.0,1.0464412063495867
2472.0,0.628178092930652
2473.0,0.09784733480020491
2474.0,0.46326728143378376
2475.0,1.9599457749030802
2476.0,0.4481885148862689
2477.0,2.1743616500321075
2478.0,-0.28178724997146964
2479.0,-0.7968453700372
2480.0,3.0324494079951982
2481.0,0.06967721023411866
2482.0,0.06393868095084143
2483.0,0.35356337302492946
2484.0,1.8888750362205164
2485.0,1.0203598836535988
2486.0,1.5781725520086782
2487.0,0.10529330301977924
2488.0,0.28967275759617683
2489.0,2.1095847644468533
2490.0,2.327720285121948
2491.0,-0.5272772462528089
2492.0,0.37230712314132586
2493.0,0.590725907106733
2494.0,2.5476117732428607
2495.0,0.35322555766480623
2496.0,2.4589592938607217
2497.0,0.756044060875815
2498.0,0.5106745775956827
2499.0,0.1387298942284464
2500.0,0.8920148260932798
2501.0,-0.3285712582407736
2502.0,3.6423886340250964
2503.0,0.04849918904482886
2504.0,1.2146457953589902
2505.0,2.1535634931378227
2506.0,1.2953248116606266
2507.0,1.0466168208430637
2508.0,1.4533418679272203
2509.0,2.0274633732811287
2510.0,1.031620051911307
2511.0,0.9621467412659445
2512.0,1.2109926633515495
2513.0,0.8491296619157245
2514.0,1.4759945118044069
2515.0,0.6804885996667585
2516.0,0.5960778377022202
2517.0,0.9890749204206455
2518.0,0.74306101099829
2519.0,-0.8188015913666421
2520.0,3.2027254965442737
2521.0,0.49260569715569547
2522.0,0.9528267612844596
2523.0,1.3656720660247532
2524.0,-1.192402505250684
2525.0,0.36329959756163244
2526.0,0.6750991734662372
2527.0,-0.8148960269182208
2528.0,2.1703184137742264
2529.0,1.0391218959086044
2530.0,1.8885403065776796
2531.0,0.4416847697634892
2532.0,2.5948447947489774
2533.0,1.6789475915986278
2534.0,1.3838324829320607
2535.0,0.402045018488953
2536.0,3.527227401147508
2537.0,1.7271831460985783
2538.0,1.4945140867080098
2539.0,1.2125111118737562
2540.0,3.2478451008420794
2541.0,2.0776043602722525
2542.0,1.7258589025984798
2543.0,0.9745681372319376
2544.0,0.7149643096278155
2545.0,0.7787604008152114
2546.0,0.16757836481724642
2547.0,1.0203561389647613
2548.0,0.6152304978666131
2549.0,2.0957879523395517
2550.0,-0.08504867629281965
2551.0,3.0440943080729124
2552.0,0.7862428881294565
2553.0,1.385469269504466
2554.0,1.7242985989846717
2555.0,3.3290904769083554
2556.0,1.4190029555270414
2557.0,0.4571701961733453
2558.0,1.6791139061784062
2559.0,1.6168500513519406
2560.0,0.3419896280377238
2561.0,1.0646375807704769
2562.0,2.4461959536628703
2563.0,0.6858458089412225
2564.0,-0.04681683315813967
2565.0,0.8244621267003439
2566.0,1.6311061298550809
2567.0,1.000816068400603
2568.0,1.7126417154795834
2569.0,3.003802534576633
2570.0,1.5091886764992037
2571.0,1.22744163345922
2572.0,-0.6939478182129418
2573.0,4.096010464612963
2574.0,1.5640467255056458
2575.0,0.843806795319178
2576.0,1.9384747000780524
2577.0,2.4532802733638412
2578.0,0.4405951436007689
2579.0,2.355533876922406
2580.0,0.21790321794529854
2581.0,-0.4152708127618219
2582.0,0.8836875047867868
2583.0,2.5521742906480043
2584.0,1.670673069850213
2585.0,1.9614226756416029
2586.0,0.6215813678802534
2587.0,2.5324988988346355
2588.0,0.7368431644903732
2589.0,1.8594867585880697
2590.0,1.0817196794489774
2591.0,-0.6099986148692805
2592.0,2.0699016118528903
2593.0,1.343323293955479
2594.0,0.2613176552298966
2595.0,1.6532868349159735
2596.0,1.3924840184911593
2597.0,2.4668991365588906
2598.0,1.886013548176675
2599.0,0.02890963940715241
2600.0,1.6819410060425775
2601.0,1.6142877927924044
2602.0,1.0523054181896878
2603.0,1.0573303777271486
2604.0,0.8948444522575529
2605.0,1.1826056708315231
2606.0,0.30672313408432816
2607.0,1.0093316022550727
2608.0,1.2643217230425852
2609.0,2.6009342881509094
2610.0,-0.4099504694321181
2611.0,0.5232565927823786
2612.0,0.6587092323142947
2613.0,1.1561264608344664
2614.0,1.0786993201776203
2615.0,0.4621392926656522
2616.0,-0.8274289387352973
2617.0,2.3606791571334433
2618.0,1.483708478277771
2619.0,1.333208212285221
2620.0,0.811237462733598
2621.0,0.3200439262179908
2622.0,1.061874631866194
2623.0,0.9187205569328417
2624.0,0.9143053506710238
2625.0,2.7191283994319706
2626.0,1.3245990346869871
2627.0,1.9532339081222925
2628.0,0.20833678810514455
2629.0,0.9111208530242908
2630.0,0.7549137278031466
2631.0,-0.37359077078135794
2632.0,0.9504331422613556
2633.0,0.30362279462409014
2634.0,0.3669143279903502
2635.0,0.03335629271990548
2636.0,0.1670071050361729
2637.0,1.1023400604331108
2638.0,-0.18155347910987185
2639.0,1.0946331862837808
2640.0,0.45725794298827094
2641.0,-0.0482510769275718
2642.0,0.2722952249361368
2643.0,2.0252289191621458
2644.0,1.690060530456241
2645.0,1.2934249129099515
2646.0,-0.03434546540497818
2647.0,1.073592455540897
2648.0,-0.8847575175028872
2649.0,1.4363402901831774
2650.0,0.1685607250169019
2651.0,1.2739903318907893
2652.0,0.3392092703554276
2653.0,1.6594490209534158
2654.0,3.2710415867324425
2655.0,2.880320618667662
2656.0,0.7556901414585427
2657.0,-0.3512662514811443
2658.0,0.8568777392862482
2659.0,2.1862524437452064
2660.0,2.028417725183183
2661.0,0.6974889436343474
2662.0,-0.15995061234982133
2663.0,0.5060842360910742
2664.0,0.31827872010754743
2665.0,0.2928934528397409
2666.0,1.6733121836210225
2667.0,0.7702289251729126
2668.0,-0.17251535787336392
2669.0,-0.4362126078522761
2670.0,-1.2648791801555979
2671.0,2.4356381639512614
2672.0,1.6188454567816968
2673.0,0.994424116050215
2674.0,2.0410023803369253
2675.0,0.5818660043417425
2676.0,0.8444760652183486
2677.0,1.8331841977656038
2678.0,0.6589178126604344
2679.0,1.4826425920135018
2680.0,-0.23637779655934155
2681.0,1.7599327790920052
2682.0,0.48562938254967974
2683.0,0.525179552437278
2684.0,0.48808340170346254
2685.0,-0.47673305829089296
2686.0,2.0684759575439466
2687.0,1.854981862837041
2688.0,0.625002923363467
2689.0,1.1250570009187482
2690.0,1.31113754186518
2691.0,1.1211300252410543
2692.0,-0.6694158498988771
2693.0,0.4576026158694018
2694.0,-0.26610668985062513
2695.0,-0.7493697945105406
2696.0,1.4729563288264798
2697.0,1.025757582073525
2698.0,-0.712553752891866
2699.0,-0.16047212775392916
2700.0,0.02878188653812519
2701.0,1.4363572795533164
2702.0,1.2914098312719067
2703.0,-0.1107770486831775
2704.0,0.618097350256871
2705.0,2.036659400546516
2706.0,2.8280248276530475
2707.0,1.0951568584682352
2708.0,1.379283441393779
2709.0,0.6879322581230003
2710.0,1.1060686654203258
2711.0,1.9681285520484193
2712.0,2.859104765817662
2713.0,2.878742397701796
2714.0,0.2920642428756348
2715.0,-0.9192161552438403
2716.0,0.8718231526359993
2717.0,1.513235464154853
2718.0,1.211364882418968
2719.0,1.2368143930535274
2720.0,-0.3229950271836588
2721.0,2.43661887187423
2722.0,1.9501900930831082
2723.0,2.08934166175614
2724.0,-0.5389293249287005
2725.0,2.572153580162789
2726.0,0.008181203154847272
2727.0,-0.8890182823938586
2728.0,2.9567609990071695
2729.0,-0.2092258159295287
2730.0,0.2644072198103411
2731.0,0.7780927282998417
2732.0,0.26507402085151455
2733.0,1.5996468456229485
2734.0,2.0966255280983925
2735.0,0.7095252826954387
2736.0,0.24468761280387408
2737.0,0.4476875390927038
2738.0,2.2523101915723585
2739.0,1.0409913849101664
2740.0,0.41034868305280703
2741.0,1.3407807102161198
2742.0,0.15625986671933834
2743.0,0.8830917567921029
2744.0,2.606588379889406
2745.0,1.6724176368558743
2746.0,0.27708179106395925
2747.0,0.038987154410253355
2748.0,0.4673987699771514
2749.0,0.7554909647315995
2750.0,0.30068535039794
2751.0,0.0019790697734650697
2752.0,0.4479809165031806
2753.0,0.8198673029956335
2754.0,2.982546628994684
2755.0,-0.11855440265416561
2756.0,1.2041902591918003
2757.0,2.139564844154095
2758.0,0.11950406332728258
2759.0,0.7587958664076176
2760.0,-0.644832063842566
2761.0,2.0432633071009656
2762.0,0.6451389808957932
2763.0,2.1430062923449524
2764.0,1.7313482225107393
2765.0,0.8318337898638108
2766.0,-0.26159712110014344
2767.0,2.149787359539433
2768.0,0.48982575346135476
2769.0,1.630737366001449
2770.0,0.016477956714223363
2771.0,1.0310019347835193
2772.0,1.6395651129578317
2773.0,1.067207295757762
2774.0,1.2127258200641224
2775.0,0.5577685857809436
2776.0,1.8753094562690467
2777.0,-0.08358872909813864
2778.0,0.6284227171388708
2779.0,0.4146085916018965
2780.0,-0.5864086144089269
2781.0,2.191137318477245
2782.0,1.7317605060236296
2783.0,0.6530244348850518
2784.0,0.7628805065303217
2785.0,2.262733370639621
2786.0,1.9566796238023059
2787.0,-0.6575833950375977
2788.0,1.0096185182421067
2789.0,2.386247647395022
2790.0,1.1628534556879564
2791.0,2.0703834857545935
2792.0,-0.1930978095682221
2793.0,-0.2723344517677768
2794.0,0.45437745206412206
2795.0,0.9015328335742029
2796.0,1.8075355840919498
2797.0,2.6786934017195767
2798.0,2.269383738772606
2799.0,1.856451071117582
2800.0,0.2905722054942913
2801.0,0.9731409399351412
2802.0,0.4018112551200857
2803.0,0.09071662537816882
2804.0,0.0728826315264347
2805.0,1.1964423865399907
2806.0,2.4532399341889137
2807.0,1.1433651004941938
2808.0,2.003239085246241
2809.0,0.06216155932628309
2810.0,2.5875089504950353
2811.0,1.263348542373648
2812.0,1.9768266899983682
2813.0,1.1810123152748464
2814.0,1.0093810340472482
2815.0,0.6305590212519755
2816.0,2.1411459090602465
2817.0,-0.6477249225525425
2818.0,-0.408509895569548
2819.0,0.9735402572200593
2820.0,-0.18667284961771802
2821.0,2.758713378487676
2822.0,2.1842613365929973
2823.0,1.3406022589593973
2824.0,1.3294069191195192
2825.0,1.7733198564341974
2826.0,1.1671019413130281
2827.0,-1.5697595127485804
2828.0,2.0023969390027085
2829.0,-1.5818231995021894
2830.0,2.4433269517017706
2831.0,0.8297572018240075
2832.0,0.4272610688196257
2833.0,0.1072358858832938
2834.0,-1.24480591947689
2835.0,1.9997295434182605
2836.0,-0.5283014909090791
2837.0,0.4497109104683224
2838.0,0.8110414316308819
2839.0,1.6783979915324578
2840.0,0.017852729497287112
2841.0,0.7628422589381696
2842.0,1.3997480025665983
2843.0,0.6495001380863057
2844.0,0.7093051339338281
2845.0,-0.7724519723363559
2846.0,0.18217491932950802
2847.0,1.769618245002225
2848.0,2.201496426900216
2849.0,1.8226087123536483
2850.0,0.9817613404416603
2851.0,2.625812615122703
2852.0,0.4892194707561047
2853.0,0.2622277816840999
2854.0,0.6312764280021125
2855.0,1.1994374713523386
2856.0,0.8348385471406022
2857.0,0.03178269137805201
2858.0,-1.700457817078248
2859.0,0.9074341910696289
2860.0,1.235645682940472
2861.0,1.6266159208023911
2862.0,1.4708931439830462
2863.0,0.4639777237554071
2864.0,0.968469397175425
2865.0,1.076699723757863
2866.0,0.407424320355477
2867.0,0.6302309178238685
2868.0,1.5649813395730332
2869.0,2.3631483893946155
2870.0,0.9049338094693978
2871.0,0.2450207869947334
2872.0,1.1230330500810566
2873.0,1.2623021465391147
2874.0,-0.14862827548905022
2875.0,1.7648619474432687
2876.0,2.704931938101134
2877.0,0.9679389051372406
2878.0,0.4454906955633265
2879.0,0.5325915475843501
2880.0,0.16126562969085234
2881.0,0.506474667560248
2882.0,0.4026921878454557
2883.0,1.1743274622621949
2884.0,-0.8957238519128927
2885.0,0.6189217060316119
2886.0,2.8263163381733314
2887.0,1.537021383985323
2888.0,0.2132809864018611
2889.0,0.6968483791235396
2890.0,0.1620439464420308
2891.0,0.9501573706273905
2892.0,0.3655514677062124
2893.0,-0.8017988041371087
2894.0,2.6770461701300086
2895.0,0.8006322484771979
2896.0,0.5246475941498157
2897.0,1.5561866801899935
2898.0,0.9809075381438748
2899.0,1.4376364795692096
2900.0,2.077983757199189
2901.0,0.9109541882403768
2902.0,1.576369667202259
2903.0,1.020039284201994
2904.0,1.695002900693785
2905.0,0.3960199780288891
2906.0,1.8674390570475954
2907.0,0.23684378050796162
2908.0,-1.0335590608711305
2909.0,-0.7125054037742833
2910.0,1.7428625717112625
2911.0,0.13008887483756015
2912.0,-0.30518909494247304
2913.0,0.6205891384423394
2914.0,0.8438391607049014
2915.0,3.359640969145543
2916.0,-1.3469867605739652
2917.0,-0.6404989830221457
2918.0,-0.7039343927585279
2919.0,1.4657608420729087
2920.0,-1.489945379171718
2921.0,-0.6336766481314826
2922.0,0.6933681050992149
2923.0,0.37906519474787104
2924.0,1.738677394055978
2925.0,1.505389300793166
2926.0,-1.0266146115532635
2927.0,2.5550709466400274
2928.0,-0.14017360217287222
2929.0,2.3256171503740832
2930.0,-0.7961103695650196
2931.0,2.4553023631887343
2932.0,0.6709691952008134
2933.0,-0.5300089871740079
2934.0,1.7671283403683198
2935.0,2.4318858110957575
2936.0,1.1954242918173086
2937.0,0.8616156257552173
2938.0,0.7325366584507976
2939.0,1.7134832479745652
2940.0,0.5725432172296491
2941.0,2.4532232535086447
2942.0,1.9770517839286348
2943.0,0.9233624847108437
2944.0,1.1901398373782288
2945.0,0.11647373446385245
2946.0,0.2694510355617138
2947.0,0.7675217546885631
2948.0,0.7804901069077557
2949.0,0.7727189635257319
2950.0,-0.33506756453964415
2951.0,0.19467614367518526
2952.0,0.46974290898160515
2953.0,1.9973122829080268
2954.0,0.034578373831041676
2955.0,0.9469863828386316
2956.0,-0.6024444626846792
2957.0,1.3860369033870914
2958.0,-0.5559192276684424
2959.0,0.12368890755965045
2960.0,1.6435292145829186
2961.0,0.25956033510911025
2962.0,-0.1186714132166895
2963.0,0.5337864441063687
2964.0,1.0455008616326642
2965.0,-0.10684819567891668
2966.0,0.7474643601027006
2967.0,0.6067632285946774
2968.0,1.6627281516703811
2969.0,0.8622513584786587
2970.0,0.7369870434948396
2971.0,-0.6984795005045169
2972.0,-0.20155494134178475
2973.0,0.45907211713450424
2974.0,0.7149599794006138
2975.0,0.4795219720017545
2976.0,-1.1286677953134008
2977.0,0.23228554972064297
2978.0,0.9174448549762105
2979.0,0.16507857385324187
2980.0,0.8355392041985588
2981.0,0.7114940985516969
2982.0,0.38549068619067617
2983.0,1.200132208266095
2984.0,1.479308960421161
2985.0,0.993785047103485
2986.0,0.7191018342969645
2987.0,1.5744094174725398
2988.0,0.26609006593746753
2989.0,1.4984333461966093
2990.0,-0.07103413515206458
2991.0,1.6356738273289095
2992.0,-0.5043678600764466
2993.0,2.331954733218984
2994.0,0.4699245946385735
2995.0,0.7261749056309108
2996.0,1.3509617168110353
2997.0,2.086928344004191
2998.0,0.45868370112631157
2999.0,0.5573827930037474
3000.0,0.8344860547949086
3001.0,0.10460735391464737
3002.0,1.40751697774555
3003.0,1.3045117081154103
3004.0,1.7117078646411403
3005.0,1.4212248024954972
3006.0,2.4100919805338115
3007.0,1.1130001971915187
3008.0,0.21505405564754265
3009.0,0.15997682663413837
3010.0,0.018163117376945093
3011.0,0.7985446001597997
3012.0,1.4287173278299408
3013.0,-0.37436893356806644
3014.0,0.603280960624256
3015.0,-0.17270441285852645
3016.0,0.11626968387718839
3017.0,0.4558816425126814
3018.0,1.1866668443913122
3019.0,0.2342828990628747
3020.0,-0.2955467524597297
3021.0,1.198813761626191
3022.0,0.9285278876392712
3023.0,0.9128080926418202
3024.0,0.19319002022810006
3025.0,1.8098000148895501
3026.0,-0.5076005051816674
3027.0,0.52896815972716
3028.0,0.1635274193174172
3029.0,-0.14206755529566273
3030.0,-0.9657295423409094
3031.0,0.4274798153064702
3032.0,1.905752189291861
3033.0,0.5215434944776133
3034.0,-0.5455756292879214
3035.0,-0.6323893577401196
3036.0,-0.031100370634835728
3037.0,1.5792996932156864
3038.0,0.6541491111724043
3039.0,0.06869092659491072
3040.0,1.0692179161963082
3041.0,-0.7051832088847827
3042.0,0.18660078624157672
3043.0,1.0703956405694275
3044.0,0.7602185848137742
3045.0,1.6561260815516712
3046.0,1.3565944514036699
3047.0,-1.0572796221212968
3048.0,2.1432872608851694
3049.0,-1.8725578389701019
3050.0,1.5823983458141309
3051.0,1.3995630326414117
3052.0,0.1932306711987538
3053.0,0.11713985447209885
3054.0,2.2631794799697302
3055.0,1.5820379777492388
3056.0,1.5116064046393607
3057.0,0.7535967149411769
3058.0,1.961157902806385
3059.0,2.664129143133243
3060.0,-0.45438972554064994
3061.0,1.7040797756225294
3062.0,3.567356973897991
3063.0,1.246340176283958
3064.0,2.711919571549715
3065.0,1.805471263422603
3066.0,-0.19860121234511352
3067.0,1.9409336827659156
3068.0,0.3657837033114486
3069.0,1.5845194990959728
3070.0,2.1009021034191364
3071.0,1.7692199381405196
3072.0,2.0212244205129513
3073.0,0.2894165478458084
3074.0,1.555390370932388
3075.0,-0.05423030426859332
3076.0,1.9160252318839244
3077.0,-1.489964948763052
3078.0,-0.5240450153831627
3079.0,1.4131675222852302
3080.0,2.3416458313837887
3081.0,2.132186186670201
3082.0,1.7692782746580722
3083.0,2.7803950894559764
3084.0,1.00425416269192
3085.0,2.1515530262611082
3086.0,-0.26332783468275267
3087.0,0.7807260500605747
3088.0,2.111210237501561
3089.0,-1.529312865146386
3090.0,0.2205168341598266
3091.0,0.24620558019859107
3092.0,1.8862578084433754
3093.0,1.210868353267727
3094.0,-0.11776776719900484
3095.0,0.9556966012426895
3096.0,2.936287021209301
3097.0,0.98442433369762
3098.0,1.4344876428220101
3099.0,1.1080135702342788
3100.0,1.0139438629924218
3101.0,0.8119431008519264
3102.0,-0.5029432819559234
3103.0,0.5529689000535468
3104.0,2.344847555190341
3105.0,0.8323910244182023
3106.0,0.2243264221168918
3107.0,1.2952569509140064
3108.0,1.6366847313935011
3109.0,0.7424606901291186
3110.0,1.2203192374643723
3111.0,-1.1611383777275988
3112.0,2.1319653064097666
3113.0,1.6916983232546963
3114.0,0.41655542747560104
3115.0,-0.00021055399182567935
3116.0,-0.21107398568484137
3117.0,1.7925873173131666
3118.0,1.6072234210296843
3119.0,1.3611589093128347
3120.0,2.910369589056172
3121.0,-0.48771098633133336
3122.0,1.8899098846985873
3123.0,-0.12655417554339865
3124.0,-1.5057416369331824
3125.0,-0.3370594562179886
3126.0,0.7346584995674914
3127.0,-0.5174974205274223
3128.0,0.5137892817381615
3129.0,-0.42780079474371147
3130.0,2.163891547026693
3131.0,1.6840466791483988
3132.0,1.4076054125269226
3133.0,0.27705734783704916
3134.0,0.7560588580482834
3135.0,0.629334031262756
3136.0,1.7774516179340045
3137.0,0.4826625874008798
3138.0,2.038877446910532
3139.0,-0.637886084728215
3140.0,0.8483795315571526
3141.0,0.6016267026444991
3142.0,-1.0417813194279468
3143.0,1.0441007690527484
3144.0,1.3355582438959925
3145.0,0.31358909773819926
3146.0,-0.26597114642505937
3147.0,-0.5860568747391172
3148.0,-0.3778896514685224
3149.0,0.926077998035723
3150.0,1.3826818065891548
3151.0,0.4043193146890634
3152.0,0.21670917830621317
3153.0,1.0383280346175638
3154.0,-0.5952225143334328
3155.0,2.573201734898716
3156.0,1.6053828770489995
3157.0,-0.23228416452972223
3158.0,1.963287493293087
3159.0,-0.9256690414899627
3160.0,3.147073377620333
3161.0,0.12849137039093594
3162.0,0.6249244611476628
3163.0,1.9080222866043248
3164.0,-0.31972437363717643
3165.0,0.9603113206014336
3166.0,0.5630107059322469
3167.0,0.9826585328716989
3168.0,2.1848109280674795
3169.0,1.9743725185615908
3170.0,-0.39970124701080345
3171.0,1.4248702673911855
3172.0,1.0478682081863038
3173.0,1.560219317410743
3174.0,2.266038919213326
3175.0,1.7799359512994426
3176.0,0.17266674866363252
3177.0,0.6177521942172723
3178.0,1.3578880967878435
3179.0,-0.19990806471254308
3180.0,1.400892948524827
3181.0,1.7896639608331912
3182.0,0.1732966335522269
3183.0,-0.8594399774330925
3184.0,1.331753880692463
3185.0,0.3294138177530031
3186.0,2.321740416207862
3187.0,0.20644341917082154
3188.0,0.1932617426293518
3189.0,0.8518582593926471
3190.0,2.6497594501663455
3191.0,0.7927051923155394
3192.0,1.905987636182912
3193.0,1.8009615657346452
3194.0,1.2995657996201568
3195.0,0.27803989069669577
3196.0,2.409656962902514
3197.0,1.309251975647732
3198.0,2.76604831673258
3199.0,1.5932328940201275
3200.0,0.1586868695915511
3201.0,-0.35315283589643265
3202.0,0.7042603389939553
3203.0,1.8951562260883479
3204.0,0.3014952961732611
3205.0,0.6958427139636921
3206.0,-0.7171408641852753
3207.0,0.19118589410629305
3208.0,0.30705212865719744
3209.0,0.027034703001595717
3210.0,0.5168981475878712
3211.0,-0.18741282809798354
3212.0,1.0370226087448224
3213.0,1.3942497572640749
3214.0,-0.14387725902294346
3215.0,0.3010193963852569
3216.0,-0.23030773491419487
3217.0,2.1041052901802453
3218.0,1.2111877670194804
3219.0,-0.5543769761323493
3220.0,1.3627294707909394
3221.0,-0.41852792909749237
3222.0,1.6825018301954398
3223.0,0.30278702931561613
3224.0,1.4322557233713822
3225.0,0.3954665408796042
3226.0,0.7375186322182944
3227.0,-0.9037324291456192
3228.0,2.2566939128688057
3229.0,1.9098140047550458
3230.0,0.002170858975454437
3231.0,-0.5407607369350051
3232.0,1.1845999145528938
3233.0,2.7698185714336887
3234.0,2.2169977139488535
3235.0,2.1163398290548647
3236.0,1.28140028985554
3237.0,0.6283460477899827
3238.0,0.6987087149777997
3239.0,0.874061491585528
3240.0,-0.510990339556417
3241.0,-0.848635394634857
3242.0,3.3462343742634566
3243.0,2.5835215776878884
3244.0,-0.049405839923876815
3245.0,1.2330561576514496
3246.0,0.57064014430322
3247.0,-0.312408797884148
3248.0,1.154473890557501
3249.0,-0.6830123614635668
3250.0,1.8987353957405166
3251.0,2.1171100722721174
3252.0,0.13639687497766884
3253.0,-0.9440380544941291
3254.0,0.04778861146244928
3255.0,0.8906701381522316
3256.0,0.5193446471958627
3257.0,-1.271325424330651
3258.0,-0.05950286611225686
3259.0,1.0064503063023014
3260.0,1.4638382030533046
3261.0,-0.27466565754319616
3262.0,2.4398120193955313
3263.0,0.46073309404880874
3264.0,1.5661387614027789
3265.0,2.279961377842382
3266.0,1.2691563966506054
3267.0,1.8539532728691035
3268.0,0.5198756701506461
3269.0,2.9993264921849954
3270.0,1.4701765668858187
3271.0,1.9024099937332235
3272.0,1.7637866385491807
3273.0,2.4667267870774467
3274.0,0.8878889382842107
3275.0,1.9355131769975928
3276.0,-0.09186837544342097
3277.0,0.4673379206554743
3278.0,1.1110778171390545
3279.0,-0.11536903012275479
3280.0,0.8309638414735102
3281.0,0.3051547764126245
3282.0,0.49810338166381674
3283.0,2.17943861341534
3284.0,-0.33585785627462605
3285.0,-0.4746209005344766
3286.0,0.5086015095646135
3287.0,0.6964962799603124
3288.0,-0.05102955030482281
3289.0,1.7425067027678156
3290.0,0.6268041875844986
3291.0,0.30102539410225354
3292.0,1.5766769031022634
3293.0,-0.07079323672409943
3294.0,0.8452636052518396
3295.0,-0.06684507579995735
3296.0,-0.6463956578226551
3297.0,0.9278087395757055
3298.0,1.3075311910803897
3299.0,0.10999901701316517
3300.0,0.5493625017634762
3301.0,1.0403087173805652
3302.0,0.8643208948738431
3303.0,-0.15469780989303117
3304.0,1.282338852517458
3305.0,1.438243154210423
3306.0,1.9892206714101959
3307.0,1.2021395099588736
3308.0,0.659748662746827
3309.0,0.17597389622288084
3310.0,2.0228835428849403
3311.0,1.4015613491473018
3312.0,0.6163352546060623
3313.0,0.032618093099807566
3314.0,2.0818349430111747
3315.0,0.82061483186217
3316.0,2.574497598034262
3317.0,-0.41577304980205343
3318.0,2.1543588474368827
3319.0,0.8155220138731608
3320.0,-0.7320316400756472
3321.0,0.06156983378099801
3322.0,2.770467291392304
3323.0,0.4282700963616913
3324.0,-0.3506848341881883
3325.0,2.714200235647758
3326.0,1.31116242820096
3327.0,-0.7901976963973898
3328.0,1.4403684684946672
3329.0,-0.10460810425443112
3330.0,1.7912504678590264
3331.0,-0.19956208247059004
3332.0,2.0722433187399085
3333.0,1.0317559797726235
3334.0,-0.034295481749481604
3335.0,0.1902178639960943
3336.0,-0.5084730906051425
3337.0,0.6988139589027873
3338.0,1.331367782621706
3339.0,1.9197595316086162
3340.0,1.0468673050432988
3341.0,1.0438142084947832
3342.0,0.9079235919891232
3343.0,0.47156460298944897
3344.0,1.000956651104028
3345.0,0.43468728744182017
3346.0,-0.397097795318212
3347.0,1.1193852775932691
3348.0,0.9905368416627433
3349.0,1.6149800600281623
3350.0,1.6867238276494338
3351.0,1.0332729748486322
3352.0,0.17756160746899918
3353.0,1.6206186782127725
3354.0,1.5948655103899911
3355.0,0.638521547455295
3356.0,0.11044082099134778
3357.0,1.36525641253087
3358.0,0.9177333394494357
3359.0,1.7838781509871722
3360.0,2.6875486859350612
3361.0,2.587444519473654
3362.0,1.6692266565760645
3363.0,0.34354018309644685
3364.0,-0.2726887836419152
3365.0,1.785542659547768
3366.0,1.6176487876376804
3367.0,-0.7355333998832277
3368.0,0.24550243306002695
3369.0,0.2664087241636035
3370.0,2.1521573408429067
3371.0,0.09994660012564205
3372.0,3.5786972171083624
3373.0,-1.2923177160344252
3374.0,0.6988235232120896
3375.0,-1.8733374643816387
3376.0,0.24905473895579644
3377.0,0.18190997091983008
3378.0,0.6938975554785894
3379.0,-0.5462811296729342
3380.0,3.0187270584258967
3381.0,2.066626156069898
3382.0,0.7450230490306897
3383.0,1.6574565292113972
3384.0,1.6557802595915194
3385.0,3.0023414181611834
3386.0,2.5350556078887916
3387.0,-0.7562524393457959
3388.0,-0.216119347502157
3389.0,1.088227281411107
3390.0,0.9670724545344369
3391.0,1.3134480333466048
3392.0,1.3956692799135428
3393.0,0.0848501781966795
3394.0,0.3551796091902701
3395.0,0.4254864873700979
3396.0,1.7374189744955948
3397.0,1.0184541940062908
3398.0,1.2293615718265005
3399.0,0.7925117110839074
3400.0,2.011588140881373
3401.0,-0.473489202344592
3402.0,0.21075213527473713
3403.0,0.8118366503803041
3404.0,1.8912863670223097
3405.0,1.737094633832791
3406.0,0.6179194858605852
3407.0,0.17389894012006135
3408.0,0.6718857967611884
3409.0,0.6613300023108928
3410.0,2.5839376322703935
3411.0,1.3995864527555013
3412.0,1.3480325897334366
3413.0,2.1326712736911273
3414.0,-0.7323404094952985
3415.0,1.205385050251628
3416.0,1.0317893653238632
3417.0,0.8759465038912128
3418.0,0.11274176783917367
3419.0,-0.8068148202413334
3420.0,0.993967938754708
3421.0,1.0384350597535368
3422.0,0.9634762287596228
3423.0,0.06272334997212758
3424.0,1.7408420427766695
3425.0,0.9904477947855748
3426.0,0.1106717308861157
3427.0,-0.6452522388325277
3428.0,2.7497968440511418
3429.0,1.1251441600660321
3430.0,0.6240267160924899
3431.0,0.8044930308611505
3432.0,1.7438548418697324
3433.0,1.507938029651334
3434.0,1.9829424212755034
3435.0,0.5117062556578726
3436.0,-0.7446875354458036
3437.0,-0.6120765222866442
3438.0,1.9445846836321299
3439.0,1.1256274445913754
3440.0,1.323732937139805
3441.0,1.868726332946836
3442.0,0.5054869406517777
3443.0,1.6653456596328413
3444.0,-0.023425227053468944
3445.0,3.185219885824969
3446.0,-0.9921239629508163
3447.0,1.7980755841441562
3448.0,-0.6626294143072569
3449.0,1.6354766152596476
3450.0,0.8402594504276135
3451.0,-0.2436197747217832
3452.0,0.14809665779935277
3453.0,2.6786378864639335
3454.0,0.25697195905027426
3455.0,-0.6626632087537655
3456.0,1.199196293024014
3457.0,1.004046397266757
3458.0,1.0464928920962464
3459.0,-0.1499904071990068
3460.0,0.0878957278454715
3461.0,1.7970825902593774
3462.0,1.5331873631313355
3463.0,0.6292438025220738
3464.0,2.132873717482046
3465.0,-0.1611150779318562
3466.0,-0.7136215092600028
3467.0,-1.4277099821472874
3468.0,0.8863593361225878
3469.0,-1.6744264180622446
3470.0,0.9107867597018866
3471.0,-0.49441521772156194
3472.0,1.7837087368626654
3473.0,0.13056016874786125
3474.0,1.1391397065595308
3475.0,0.2030618574756804
3476.0,0.9427536403287722
3477.0,1.2872655291629738
3478.0,0.9422020559141198
3479.0,1.5124045748649269
3480.0,0.6820351398666376
3481.0,2.058681427536089
3482.0,1.4463948629230896
3483.0,0.03509149134559397
3484.0,0.8742737038643461
3485.0,2.0743705354755853
3486.0,0.3372023755383168
3487.0,0.1710631290573843
3488.0,0.6833109486364936
3489.0,0.28974328033135377
3490.0,0.7846936094321327
3491.0,0.8563301665270066
3492.0,2.085629997632761
3493.0,0.16874550383464582
3494.0,0.12948116559203493
3495.0,1.5320054626834885
3496.0,0.39939155931218245
3497.0,1.2765961283118743
3498.0,1.6088209511341325
3499.0,1.344472111521433
3500.0,-0.024265614853558937
3501.0,-1.2745341953428038
3502.0,1.7167733383844874
3503.0,1.6845642767507467
3504.0,0.36388145973319613
3505.0,-0.0991474612913873
3506.0,-0.922463828847274
3507.0,1.491100535315196
3508.0,2.2058115519440187
3509.0,1.173649580149357
3510.0,0.5773500387621243
3511.0,-0.09587185022999212
3512.0,2.8508204945998052
3513.0,0.8223169857484149
3514.0,-0.6003684829153544
3515.0,0.2794872679733939
3516.0,2.0243098639605095
3517.0,-0.13449978446065114
3518.0,-0.29284072485707124
3519.0,0.8245433144168826
3520.0,1.6273163327426643
3521.0,-0.03711594143433938
3522.0,1.5982648513624413
3523.0,1.4814531791892176
3524.0,-0.8476961564726472
3525.0,2.4716186393116715
3526.0,1.948130844920906
3527.0,0.12651885133290608
3528.0,-1.2922866929845112
3529.0,0.19414440742819838
3530.0,-0.5145382128920102
3531.0,0.16530527193283917
3532.0,-0.7728045455152459
3533.0,-1.402442081305764
3534.0,-0.8917316426348008
3535.0,1.5804971319016974
3536.0,0.5305430200148805
3537.0,1.0834938485780676
3538.0,1.1642410827030178
3539.0,1.1441993256517362
3540.0,-0.010724051094353593
3541.0,0.9425168938590113
3542.0,0.9396139027699631
3543.0,2.526072377911924
3544.0,2.950820615213972
3545.0,-0.6759109340878122
3546.0,0.3660754491304584
3547.0,0.7706528397865
3548.0,0.33270401372180913
3549.0,0.18465814020865223
3550.0,0.978391320564983
3551.0,-0.502723618650937
3552.0,0.8622692739078178
3553.0,-0.46273890082610836
3554.0,0.17455746997569777
3555.0,-0.11389965150486225
3556.0,0.7725176670677004
3557.0,1.2627000093141767
3558.0,0.5615100318684907
3559.0,-0.14736911496258864
3560.0,0.23424669877075321
3561.0,1.1646707874071454
3562.0,3.230208308620807
3563.0,-1.084745329319582
3564.0,0.5459977390619409
3565.0,0.3395398458935936
3566.0,2.6624187048935597
3567.0,1.54646471532529
3568.0,-0.2791283442556898
3569.0,-0.43303078750552326
3570.0,-0.03526610691586751
3571.0,0.8743205618318483
3572.0,1.0828631753354885
3573.0,2.4850957644832796
3574.0,-0.3375495082831601
3575.0,2.7755672330646375
3576.0,-0.48270288122503735
3577.0,0.6103647591472499
3578.0,2.178402099113506
3579.0,0.41805622514997154
3580.0,1.000939797839354
3581.0,1.208591365488161
3582.0,0.34849059845344343
3583.0,1.1991727664113723
3584.0,1.0619012193268218
3585.0,1.7657932265565193
3586.0,1.008516863380041
3587.0,3.765742930669802
3588.0,-0.07173775526511195
3589.0,0.7153535652182389
3590.0,-3.022577192805243
3591.0,-2.2208987459506435
3592.0,1.8777536077164694
3593.0,0.9038006482409495
3594.0,-0.3428656237176809
3595.0,-1.337311402765603
3596.0,1.3360418743779285
3597.0,-0.7493340205410777
3598.0,-1.120449124579877
3599.0,2.172071091238731
3600.0,2.2047711903806535
3601.0,1.176518710498039
3602.0,0.37011548536169153
3603.0,0.24754845898014088
3604.0,0.7194122546660408
3605.0,1.4464858196172274
3606.0,-0.1800175290316638
3607.0,1.598162111998524
3608.0,1.5725567942853762
3609.0,0.3808504714164459
3610.0,-0.3563831882812032
3611.0,2.7969372271825588
3612.0,1.9385915764050488
3613.0,-0.4077737662480341
3614.0,2.173365877692412
3615.0,1.3769560125276818
3616.0,1.326928821647301
3617.0,-0.4971551031038808
3618.0,0.1954073977660148
3619.0,2.7579590791600013
3620.0,2.130280654730133
3621.0,1.217993101672175
3622.0,-0.5396405574684534
3623.0,-0.7880289024551765
3624.0,2.561357910876135
3625.0,1.8131260825889184
3626.0,0.6282844950679423
3627.0,0.8631588062191464
3628.0,-0.5405398927069387
3629.0,-0.05682307224033212
3630.0,1.3532477633720403
3631.0,1.0244984439596185
3632.0,2.6282945025657516
3633.0,0.5657784915876122
3634.0,0.9845621031225764
3635.0,2.4610339090660034
3636.0,2.134112260919132
3637.0,1.2066880532494082
3638.0,0.3105278142546512
3639.0,1.190791051763802
3640.0,2.618905662155008
3641.0,0.5784310471789786
3642.0,0.9964209359471259
3643.0,-0.5056174410987069
3644.0,1.4781309491796706
3645.0,-1.2725094806708541
3646.0,0.8771600757231361
3647.0,1.2081407163862266
3648.0,1.116817196600383
3649.0,1.1027483556382665
3650.0,0.6245845308635056
3651.0,0.07190864044878797
3652.0,1.4422755700313923
3653.0,-1.3091972074323792
3654.0,0.3937708090696836
3655.0,2.3961163184169205
3656.0,2.1452202520288353
3657.0,-0.4377839733446297
3658.0,0.37651563025776763
3659.0,-0.09477027038689623
3660.0,0.13045909791801846
3661.0,-0.08966791181103917
3662.0,0.7768834931653104
3663.0,1.1501778789020443
3664.0,0.5784269865285132
3665.0,-0.13555620477035668
3666.0,-0.21864405621338712
3667.0,0.14746036399844442
3668.0,-0.23069297823105783
3669.0,-0.6866880475539643
3670.0,-0.7305513709203499
3671.0,1.9807474068447988
3672.0,0.8588328738955168
3673.0,0.714755030612197
3674.0,-0.30363745045565493
3675.0,-1.4203961845035598
3676.0,2.4323856010678266
3677.0,1.143811319917341
3678.0,-0.038083299965148365
3679.0,0.6956137721136806
3680.0,-0.045966608121112085
3681.0,1.2319563808891933
3682.0,1.3095646174905196
3683.0,-1.030497864262629
3684.0,0.7578341332381342
3685.0,1.54381970733804
3686.0,-1.9897082532293644
3687.0,0.18081060096674406
3688.0,-1.181411220966766
3689.0,0.21248786552042298
3690.0,0.36730758106609374
3691.0,-0.5437623515243948
3692.0,-1.180641206504816
3693.0,1.2757104374721673
3694.0,-0.7826640136323318
3695.0,1.814139555866329
3696.0,1.4686492700626856
3697.0,1.4801828098076664
3698.0,0.47786306563975095
3699.0,0.5377993869483325
3700.0,-0.4359167878224717
3701.0,-0.4188949995988549
3702.0,1.0732893885292016
3703.0,0.18752846931884715
3704.0,1.1660058109668194
3705.0,1.407791273494429
3706.0,-0.3433169805588496
3707.0,1.0128076867595173
3708.0,-2.11241870086789
3709.0,2.347495515458844
3710.0,1.8678509472154108
3711.0,1.2718763804905757
3712.0,0.3405418322316469
3713.0,1.2028564316419215
3714.0,0.8865006717516424
3715.0,-0.06995033707771003
3716.0,-1.3930556276874722
3717.0,-0.0013131224228817295
3718.0,0.09319279418608706
3719.0,1.483618444865559
3720.0,-0.9310668299226006
3721.0,1.2367416724484044
3722.0,0.5658437938994624
3723.0,0.3790989476420871
3724.0,-0.1562656819121374
3725.0,0.3312033547504687
3726.0,-0.017347512990732006
3727.0,0.9901685517469588
3728.0,1.5173147313046416
3729.0,1.4909490264716598
3730.0,0.8882781320750917
3731.0,1.667823395548429
3732.0,-0.31925820862028387
3733.0,1.1364188077662045
3734.0,-1.5681537149381104
3735.0,2.2592746806420245
3736.0,0.6367455469707186
3737.0,1.5696312856880987
3738.0,-0.8617798438868077
3739.0,0.9710762561237067
3740.0,1.896382829261713
3741.0,0.3569149520521414
3742.0,2.29904617458931
3743.0,-1.3676990923482113
3744.0,0.32263862083402517
3745.0,1.4553168659927684
3746.0,0.9733917224947817
3747.0,1.1292600630612384
3748.0,-0.8047472735175667
3749.0,1.1585170030889227
3750.0,0.7690492439663384
3751.0,1.3090742839931004
3752.0,1.241408252331172
3753.0,0.295479122535135
3754.0,-0.730518187353737
3755.0,-0.21043236680223487
3756.0,1.5336711511462577
3757.0,1.3260612415752613
3758.0,0.31106234657538456
3759.0,-0.07006475906869081
3760.0,1.7976103607276865
3761.0,1.9476189126134635
3762.0,-0.3780895241742579
3763.0,-0.14230728524046865
3764.0,0.891398124303221
3765.0,2.164470389707252
3766.0,0.7892789091137589
3767.0,0.8728636633738774
3768.0,1.9350951033802055
3769.0,1.1846231716454914
3770.0,1.7761241498079519
3771.0,0.27946431386343223
3772.0,1.2697803866110822
3773.0,0.4541375887915977
3774.0,1.6502451061786827
3775.0,0.2697222053666212
3776.0,2.3961616521538107
3777.0,1.1787702164173903
3778.0,1.1071872962160414
3779.0,-0.18230680239942154
3780.0,0.06367186319646612
3781.0,1.3822735936782147
3782.0,1.3130442456075548
3783.0,1.1050906720471898
3784.0,1.5584442952209407
3785.0,0.8653898346292994
3786.0,2.2752259480939223
3787.0,-0.6561404837580613
3788.0,0.24610690225738163
3789.0,-0.01598726147575602
3790.0,-0.3930646890986137
3791.0,1.499954359981667
3792.0,0.40236689377145174
3793.0,1.403880642431889
3794.0,1.6665256327076723
3795.0,1.9107182480216562
3796.0,1.252283059214184
3797.0,-0.1914137157268786
3798.0,1.0357480593415196
3799.0,1.69584938492588
3800.0,-1.509566211171628
3801.0,0.3493258813445578
3802.0,1.6468244780899788
3803.0,2.292953376755401
3804.0,1.1193100414992683
3805.0,-0.8943781844800646
3806.0,-0.9279043374198672
3807.0,1.086351185822886
3808.0,0.9011562192446888
3809.0,2.0161810173056165
3810.0,0.43132466075242676
3811.0,1.5395759662214807
3812.0,1.8895900946073403
3813.0,1.16473434316205
3814.0,-0.33167868490064234
3815.0,-0.07968717959981286
3816.0,0.9448318970502838
3817.0,2.2300400830938876
3818.0,1.042121187173561
3819.0,1.1028629162413575
3820.0,-0.25495561877365636
3821.0,0.7825003841040558
3822.0,-0.30743562165328897
3823.0,1.3315189265607983
3824.0,-0.31704260683811336
3825.0,-0.2963087251993284
3826.0,1.3789547582090498
3827.0,1.2885449625425123
3828.0,0.9159133708794219
3829.0,1.11716629316779
3830.0,1.1077025393310704
3831.0,3.008237592971323
3832.0,0.9458085004969464
3833.0,0.27061013427963077
3834.0,-0.5894854071168194
3835.0,1.5834442231442507
3836.0,1.2801172036121315
3837.0,0.7923256024445846
3838.0,1.5990939103239397
3839.0,0.7052261372845815
3840.0,-1.3306540817332133
3841.0,1.021364328840074
3842.0,0.9761506902141741
3843.0,0.515803136011603
3844.0,0.6035230022585314
3845.0,0.23039644545084065
3846.0,1.3628662919367558
3847.0,0.19849511545775267
3848.0,1.6919302402840508
3849.0,0.6199450567633705
3850.0,-0.009086089679629095
3851.0,0.8613003295610276
3852.0,2.042013142010279
3853.0,-0.4343398779316412
3854.0,3.3971540846344945
3855.0,1.5223990150292188
3856.0,2.0361666253448294
3857.0,0.4439613455222901
3858.0,0.8695946407615409
3859.0,1.7068367338037993
3860.0,0.9094534219953506
3861.0,0.6281624650224408
3862.0,-0.13571737105901027
3863.0,1.700578550564924
3864.0,0.9148721630874717
3865.0,1.5303794701150184
3866.0,0.7866778927501527
3867.0,1.0362944957902378
3868.0,1.9390862939934326
3869.0,1.2194707916295118
3870.0,-0.12258556531932074
3871.0,-0.30724317253914235
3872.0,0.7757260286321908
3873.0,-0.25334932995250603
3874.0,0.44210430248183025
3875.0,0.6306811755084202
3876.0,0.4434720944281368
3877.0,0.5060367818822709
3878.0,1.3038035730809703
3879.0,1.3340744518538303
3880.0,-1.108989125209158
3881.0,0.4650784991065963
3882.0,1.5347981097705925
3883.0,1.9621067783106465
3884.0,1.0733330401200245
3885.0,-0.9890144481097347
3886.0,-0.3037339801375447
3887.0,2.6980727773956517
3888.0,1.2934027705678637
3889.0,0.2513608891118331
3890.0,1.7284926071021471
3891.0,0.6013220016496215
3892.0,-1.7928034265858137
3893.0,2.538068691866707
3894.0,0.04702139980319264
3895.0,-0.29848905810085724
3896.0,0.8012584115870361
3897.0,2.264151435684472
3898.0,1.8181716803325645
3899.0,-0.5103176096377952
3900.0,1.7845690224118946
3901.0,0.9865095279055687
3902.0,-0.47171769089917326
3903.0,-0.4639902747786384
3904.0,1.1872664369524357
3905.0,0.1866482444684151
3906.0,0.14374579901580653
3907.0,0.8534213960278055
3908.0,2.511929781830949
3909.0,0.21927581594591844
3910.0,0.043443035174963285
3911.0,1.0878592391506796
3912.0,2.383573470533177
3913.0,-0.050296044103457005
3914.0,1.9706751620351306
3915.0,0.8466755448168996
3916.0,-0.8525612553073694
3917.0,2.5734548165729523
3918.0,-0.10626604736340883
3919.0,0.7188291582187819
3920.0,0.2979927397542427
3921.0,1.4292683932824346
3922.0,0.6009645320271346
3923.0,0.6902288559412488
3924.0,-1.366142024833652
3925.0,1.8220892041073962
3926.0,0.06956762001197037
3927.0,1.1373721240010846
3928.0,0.7950541201500065
3929.0,1.1168097603564888
3930.0,1.621772456426809
3931.0,0.9650745833438745
3932.0,0.9355345416278995
3933.0,0.8053230973157444
3934.0,0.5898052627586589
3935.0,2.1027800519362323
3936.0,0.5278503159763555
3937.0,0.30590593922452897
3938.0,0.7056466804962973
3939.0,2.188854659970083
3940.0,-0.07999591087228275
3941.0,0.2660112289597661
3942.0,2.0716184825214796
3943.0,1.0025392422396786
3944.0,0.44559468722548107
3945.0,0.3995838713367555
3946.0,0.637703810917629
3947.0,-1.3214318125109794
3948.0,-0.8060337155960682
3949.0,1.6251657747708077
3950.0,1.4683615734211348
3951.0,1.4987894933906456
3952.0,0.01175361853147916
3953.0,1.9594392154256057
3954.0,3.4731806946750896
3955.0,0.39218008816044486
3956.0,0.6851412793027591
3957.0,-0.2162752831304101
3958.0,0.9105915399440858
3959.0,0.6321857226090711
3960.0,0.8934466287612013
3961.0,1.4467663025815325
3962.0,0.357975600625262
3963.0,1.2204634624828605
3964.0,0.6908638094164047
3965.0,0.6118578827304315
3966.0,1.3646220885118547
3967.0,0.5690465763960035
3968.0,0.38763432006098775
3969.0,1.0743802483664147
3970.0,1.3259381147454905
3971.0,2.55569117834857
3972.0,0.8327999283808388
3973.0,0.23667732821231124
3974.0,0.7205165394273775
3975.0,0.0183239002109995
3976.0,0.5010939315206925
3977.0,1.5280918161280286
3978.0,0.6552687076908504
3979.0,0.3201672534937144
3980.0,2.2983937355276636
3981.0,0.6904546741825852
3982.0,0.9097026132297669
3983.0,-0.12410854221125356
3984.0,0.9698248866315275
3985.0,1.2312245519645757
3986.0,0.6401406845927473
3987.0,2.1341246451015894
3988.0,1.7347166689754374
3989.0,0.2659267612312484
3990.0,0.8163191363603475
3991.0,0.11430990913824812
3992.0,0.10197127132573125
3993.0,1.0535737981415734
3994.0,-0.4484762364336057
3995.0,-0.7497834734656851
3996.0,-0.25893293088154234
3997.0,0.6722494173144778
3998.0,-0.22059637881355887
3999.0,1.4485539599917394
4000.0,-0.45923358325986174
4001.0,1.0431617496869006
4002.0,0.05612851331668023
4003.0,1.6835488478129998
4004.0,0.10367557264797866
4005.0,-0.08018649490234975
4006.0,-0.9934264882010811
4007.0,-1.226188043183211
4008.0,1.0965494097368012
4009.0,0.7150473246469647
4010.0,0.24677091713628502
4011.0,1.19931279069085
4012.0,-0.5281142841420379
4013.0,1.8323210506460716
4014.0,1.0008819290518647
4015.0,-0.7076028975376109
4016.0,0.09819640325203616
4017.0,1.0950110912679192
4018.0,-0.2618937157384069
4019.0,1.3146514633850184
4020.0,-0.5605008395166451
4021.0,0.13290982747658453
4022.0,1.0972214620306866
4023.0,2.347444571872886
4024.0,1.101992838287853
4025.0,0.8103184276265228
4026.0,1.4583746357816905
4027.0,3.126699081883664
4028.0,0.16865112553638495
4029.0,2.306116944876155
4030.0,1.5032360531141866
4031.0,2.638078298060246
4032.0,2.3721276783066725
4033.0,1.9392827970715243
4034.0,2.890343920796731
4035.0,-0.3800594875860879
4036.0,0.8940662535835285
4037.0,-0.6303379474138365
4038.0,1.8017056963207199
4039.0,0.29986351523142674
4040.0,0.3968883893179845
4041.0,-0.2071663250852036
4042.0,0.6837420919105881
4043.0,-0.9064867381807281
4044.0,1.2056969326321276
4045.0,1.107086553516757
4046.0,-0.4905216106695789
4047.0,-0.7767537477681101
4048.0,0.5453760120486261
4049.0,1.4591778418683101
4050.0,1.2260575273123568
4051.0,0.7132868479959074
4052.0,0.7790794868134598
4053.0,1.122157209442988
4054.0,1.2470795529274206
4055.0,0.049461274095580876
4056.0,1.4320718368042442
4057.0,1.3438773933508754
4058.0,0.9006830226587361
4059.0,1.6153729673359833
4060.0,-0.4563789081234484
4061.0,1.350275732366994
4062.0,-0.49944574955878185
4063.0,1.1884537160993327
4064.0,-1.9041288451910572
4065.0,0.07425976231127651
4066.0,3.0127585504271766
4067.0,0.045720556401377066
4068.0,1.0439764380892307
4069.0,0.5546187843136245
4070.0,0.9156312048396993
4071.0,1.7124607642971048
4072.0,-1.850559918367919
4073.0,1.8971174925541399
4074.0,0.8951698053808814
4075.0,0.19964907070204696
4076.0,1.2470303416913344
4077.0,-1.0025413760680286
4078.0,0.8739404560919721
4079.0,0.23011919906048767
4080.0,0.7424687563880076
4081.0,1.2008726167735375
4082.0,1.4903346506144293
4083.0,0.5056312557825848
4084.0,1.2466303659296258
4085.0,-2.495350461743666
4086.0,0.8214572881842467
4087.0,-0.1592181742646267
4088.0,1.058054858796737
4089.0,0.33031099848931184
4090.0,0.8102241721306899
4091.0,-1.1890628699662258
4092.0,0.4213305976210067
4093.0,1.2642070490127795
4094.0,-0.5795120436725871
4095.0,-0.16574723544532766
4096.0,2.2146678545627965
4097.0,1.0276320049565693
4098.0,0.6647592893136606
4099.0,-0.11857032200158324
4100.0,1.3489556509071488
4101.0,-0.520907744064856
4102.0,-1.1795216119520593
4103.0,2.036359085315147
4104.0,2.246509737667631
4105.0,-0.17091884878382446
4106.0,1.8389680438907052
4107.0,0.0790793180026581
4108.0,1.7580376455046414
4109.0,2.776419100763711
4110.0,0.9452063646793978
4111.0,-0.376824176715322
4112.0,0.0884287685198607
4113.0,1.1099014834821763
4114.0,0.7982907305247315
4115.0,1.8056011919012738
4116.0,-0.009686191473919914
4117.0,1.7259759921213367
4118.0,-0.23029078082963916
4119.0,0.682543430159448
4120.0,-1.5109784230004615
4121.0,1.6687743418923158
4122.0,-0.053299771631290294
4123.0,-1.7282833436355924
4124.0,1.9708144985974192
4125.0,0.3218533698599736
4126.0,0.6246367836593588
4127.0,2.0344625467667834
4128.0,1.6838413257618652
4129.0,2.17153827682008
4130.0,-0.3616643885383102
4131.0,-0.2906029779285644
4132.0,-0.8522922606561139
4133.0,0.3134114760372434
4134.0,1.6747452886169971
4135.0,2.032645142528568
4136.0,-0.6264140694784446
4137.0,1.3367135517329731
4138.0,0.4605337327742395
4139.0,-0.26869529177142437
4140.0,-1.2199970924432755
4141.0,1.6767042086498256
4142.0,1.3834498260452204
4143.0,2.8600428253185495
4144.0,-0.3468932341328501
4145.0,1.3055483538587107
4146.0,0.32259595864361945
4147.0,2.7922417980911023
4148.0,1.9246432547382737
4149.0,1.3859863082660917
4150.0,1.0925779313931079
4151.0,-1.1151602845000919
4152.0,1.9288128372624656
4153.0,-1.5783779030725658
4154.0,0.5770141808103941
4155.0,1.7230932134517742
4156.0,-0.36775175420583195
4157.0,0.40244830136647675
4158.0,0.6700030860745659
4159.0,-1.3812196551646272
4160.0,2.1845667255771355
4161.0,0.02808390373125591
4162.0,0.6970548043673843
4163.0,1.4145486163025018
4164.0,1.78908838355431
4165.0,-0.2420184585610513
4166.0,-0.9208214198095988
4167.0,1.0114912528092679
4168.0,-0.6243679265014168
4169.0,0.806152100860871
4170.0,0.39635715583316167
4171.0,0.34388666821515085
4172.0,0.06413829985931041
4173.0,1.0994299553167162
4174.0,2.924037104169876
4175.0,1.3514903732206496
4176.0,0.9937223780431568
4177.0,1.7124774533156124
4178.0,0.16732638937051336
4179.0,2.31707005215956
4180.0,0.9788474699954017
4181.0,2.2182859464808518
4182.0,1.3452739705649783
4183.0,1.9852616752715566
4184.0,-0.3295677199356105
4185.0,1.6436555015436012
4186.0,1.468868696726978
4187.0,1.635955162828958
4188.0,0.792527317481344
4189.0,0.89411489499272
4190.0,0.6453284562627217
4191.0,0.5573319110618671
4192.0,0.2219300938869589
4193.0,0.9670311796022695
4194.0,1.2554122665057794
4195.0,1.8668763639378205
4196.0,-0.6900146053710571
4197.0,1.5640141451571727
4198.0,1.8486510049090206
4199.0,-0.05248070961630791
4200.0,1.9015462264681195
4201.0,0.4001447374655608
4202.0,-0.6173334851773362
4203.0,0.576318394836976
4204.0,0.805986191586463
4205.0,1.767531964856602
4206.0,1.262795196785436
4207.0,2.067566492138349
4208.0,3.132410997286416
4209.0,1.05344876894861
4210.0,2.7146520852141665
4211.0,-0.3581063182498939
4212.0,1.7098040237224603
4213.0,-0.034727984851098626
4214.0,1.29540670621502
4215.0,1.0211373020786259
4216.0,-0.09954327512072003
4217.0,0.22772241948535943
4218.0,1.3045047902436275
4219.0,0.903399435905295
4220.0,0.6196062386925273
4221.0,-0.176132339161843
4222.0,0.8158719242074777
4223.0,0.5535254343799895
4224.0,0.7877418036306559
4225.0,-0.16727129668368923
4226.0,0.7400683590693555
4227.0,1.8093639136630701
4228.0,-1.3172599418677113
4229.0,1.2842898878562916
4230.0,-0.20355882101005185
4231.0,0.42078114925022936
4232.0,2.678420894132108
4233.0,1.4597760785967924
4234.0,2.3915721188629373
4235.0,-0.5802661242489824
4236.0,-0.6756951719983251
4237.0,-0.4184077978427271
4238.0,-0.07701707980857497
4239.0,1.5062506198964347
4240.0,0.334883190927062
4241.0,-1.4223573882584872
4242.0,-0.19293979669004113
4243.0,1.094494540069879
4244.0,2.4266457908775267
4245.0,0.5256787325450314
4246.0,2.9801943886329223
4247.0,0.07347349806055381
4248.0,2.1331422982286754
4249.0,1.4217731747057278
4250.0,0.029296312805777824
4251.0,1.0946731637279585
4252.0,1.426309351213416
4253.0,0.8696266760321336
4254.0,0.9597006758194799
4255.0,0.48630844537072426
4256.0,0.7225451893562942
4257.0,-0.004502406337884901
4258.0,0.27075178766998026
4259.0,0.4510166820794067
4260.0,0.8112420369169936
4261.0,2.985127845248868
4262.0,0.006446750027835013
4263.0,1.3112164190578657
4264.0,1.7403349592351849
4265.0,1.019597744484407
4266.0,0.8181637379565897
4267.0,0.8816381469360897
4268.0,0.08452835859351215
4269.0,1.2531557804406233
4270.0,0.7614263157798572
4271.0,-0.31176539341229714
4272.0,-1.5657231470856954
4273.0,2.100541526566137
4274.0,0.1726274309653555
4275.0,1.6306631797713265
4276.0,-1.751407242957551
4277.0,0.35126273359687477
4278.0,2.1270986178749007
4279.0,2.3562822000155697
4280.0,3.0798059978665755
4281.0,1.0249344473394744
4282.0,1.4698161174208262
4283.0,0.8439412771749313
4284.0,0.3048885961651906
4285.0,0.0480313331676081
4286.0,-0.5275592944140095
4287.0,1.8872069500320143
4288.0,0.5794082141706751
4289.0,0.6091705452052752
4290.0,-0.3789159768591034
4291.0,1.2789122597332296
4292.0,-0.02625283546976842
4293.0,2.2714493644953464
4294.0,-0.5474451794480582
4295.0,1.4668053941146988
4296.0,1.2755809674207503
4297.0,0.4457386404260316
4298.0,1.4312026548928984
4299.0,0.13953681169120402
4300.0,0.24975214629386694
4301.0,1.3813402482510764
4302.0,2.4825926317221887
4303.0,0.8163528533947312
4304.0,-0.15234976396982036
4305.0,2.2658814940612166
4306.0,0.8294121132194079
4307.0,1.0648895717362146
4308.0,-0.4075171688742516
4309.0,0.4415502918322972
4310.0,0.6675358700303726
4311.0,3.3210044018039366
4312.0,2.4590846622600644
4313.0,-0.877589596148624
4314.0,0.02574061449792131
4315.0,2.2316845762359705
4316.0,0.4463035939533556
4317.0,1.215573491881253
4318.0,0.3276884697394218
4319.0,2.491977229359133
4320.0,0.5253754527476849
4321.0,-1.627386536529452
4322.0,0.42876697767291405
4323.0,0.9105415756067754
4324.0,0.5670922710376272
4325.0,1.8722483847816678
4326.0,2.048167253975019
4327.0,1.9114081823516271
4328.0,-0.2302810170975128
4329.0,-0.14904725019516762
4330.0,1.6384513221664447
4331.0,-0.03877601333712566
4332.0,0.7936875384583743
4333.0,0.5136026882134826
4334.0,0.25778982843869613
4335.0,1.083133622292619
4336.0,1.4640682352721617
4337.0,0.38241750847647454
4338.0,1.7701393853807343
4339.0,-0.4530747738159522
4340.0,0.6928038280255628
4341.0,-1.393621651789027
4342.0,2.879539533446709
4343.0,0.3218448134176408
4344.0,-0.26771667296923896
4345.0,2.168614738766021
4346.0,-0.9810340583255994
4347.0,-0.053451130608126673
4348.0,0.4055116459267638
4349.0,1.1425516529058894
4350.0,-0.1775520307953241
4351.0,-0.730080300344723
4352.0,0.273954662915802
4353.0,0.29843836858137357
4354.0,0.12034170300603264
4355.0,0.07306478456846843
4356.0,1.5030621962018027
4357.0,0.5675771329691675
4358.0,0.34824079833594535
4359.0,-0.6870732895405492
4360.0,3.0408142494830264
4361.0,1.1580378819272181
4362.0,0.8750288858262347
4363.0,0.5204687726427178
4364.0,0.6956335297632374
4365.0,0.7905343149468834
4366.0,0.01804757931224854
4367.0,-0.039832787550165505
4368.0,0.9949823692193569
4369.0,0.4145158360465273
4370.0,-0.774046485854467
4371.0,1.4354605705275327
4372.0,0.8644435037168513
4373.0,1.652600270970647
4374.0,0.3815310972101788
4375.0,0.6403542099323977
4376.0,2.7678082977227487
4377.0,-0.9317493506636412
4378.0,2.1138296258168516
4379.0,1.5662258091523213
4380.0,1.3316074317101805
4381.0,1.0400554056342137
4382.0,1.4481198185945487
4383.0,0.5530853170965557
4384.0,0.10114511145781802
4385.0,1.7690749328506623
4386.0,-0.6083343492437884
4387.0,2.224180258377824
4388.0,1.2296907721497243
4389.0,0.23706927232853886
4390.0,-1.908090422338439
4391.0,1.739411811637572
4392.0,-0.4505570402889999
4393.0,1.8232422100866188
4394.0,0.20659505618185708
4395.0,1.6390085500325273
4396.0,-0.13501870015352768
4397.0,2.1484778200754016
4398.0,0.6665971650666476
4399.0,-0.11285977013786463
4400.0,-1.2087550389431645
4401.0,0.9825898268964648
4402.0,0.5528316988775266
4403.0,1.9267133836914208
4404.0,0.43117285090967894
4405.0,0.9772370052413759
4406.0,0.20622899570307013
4407.0,-0.036282097691344495
4408.0,2.550682094073683
4409.0,2.3108175970143234
4410.0,1.3334481545442605
4411.0,0.36650812959243245
4412.0,-0.49345620785505606
4413.0,0.3330096898265369
4414.0,0.8195166793824745
4415.0,1.8105223562801858
4416.0,2.1175670319440414
4417.0,1.223307871935829
4418.0,0.15507865891850747
4419.0,0.6095534323318942
4420.0,0.8480641539605411
4421.0,-0.33345530413468805
4422.0,0.3791337109313542
4423.0,0.45193871464459023
4424.0,-1.61404719393462
4425.0,2.951188783010055
4426.0,-0.8686564785977422
4427.0,0.4442681837664256
4428.0,0.10132921876891732
4429.0,1.8624749773477665
4430.0,0.815701219644874
4431.0,2.66195170650658
4432.0,0.8183427900066368
4433.0,0.12092147785616603
4434.0,0.6624429428373403
4435.0,-0.11262107583437275
4436.0,-1.7663296384629747
4437.0,-0.12264513865578908
4438.0,-0.4523925491125471
4439.0,0.7579748694051371
4440.0,0.9179973568787169
4441.0,-1.5717370086881592
4442.0,-0.7140132739267709
4443.0,1.1654492476538292
4444.0,1.0915651167671343
4445.0,0.015513535142804291
4446.0,1.483427369993752
4447.0,0.5097850754151892
4448.0,2.785979142375375
4449.0,1.151209534337229
4450.0,1.8586145426721294
4451.0,-0.9581965173160063
4452.0,1.4900715688335484
4453.0,-0.20991123037663184
4454.0,2.147315139987921
4455.0,1.5545137263821203
4456.0,0.5530324707918048
4457.0,0.7004178115379899
4458.0,-0.9826923079336424
4459.0,-0.4577247843311849
4460.0,-0.4361101388355777
4461.0,0.9569054381375386
4462.0,-0.2171656499053839
4463.0,1.378697405321247
4464.0,0.35540817780585915
4465.0,0.5452207003507084
4466.0,1.2114634551472991
4467.0,0.5870657356653762
4468.0,0.7403146530098147
4469.0,-0.09662089612725389
4470.0,0.2199097363385653
4471.0,-0.06390761131435063
4472.0,1.3305525088160026
4473.0,0.3246534903205696
4474.0,2.386553437640658
4475.0,-0.5282786086626873
4476.0,1.6614904071503218
4477.0,0.5384884782728296
4478.0,-0.2516895563398347
4479.0,2.394317227143742
4480.0,-1.5543971615221244
4481.0,0.6340185073763879
4482.0,0.3604520353362136
4483.0,0.8285665197399029
4484.0,1.8714898655516783
4485.0,1.3002500848350742
4486.0,2.327930512954616
4487.0,0.2497230289845217
4488.0,0.8462653831780285
4489.0,1.8172923077305863
4490.0,0.3471602395180807
4491.0,1.0855292580842462
4492.0,1.343603332001629
4493.0,-0.006222030993120686
4494.0,-0.5468282393142601
4495.0,1.2925772705477225
4496.0,-0.41084549541766235
4497.0,0.367357585664857
4498.0,0.9600377903496389
4499.0,0.9545170763560467
4500.0,0.3626435689088554
4501.0,-1.6783388314081504
4502.0,-0.802012178966689
4503.0,1.0094345771722042
4504.0,-0.9409098312443562
4505.0,0.40586326570370684
4506.0,0.8939276789559996
4507.0,1.8164193117207195
4508.0,0.12980227442407677
4509.0,-0.2735170722845742
4510.0,0.7913513327211209
4511.0,0.42638400623986805
4512.0,0.5618246065475307
4513.0,-1.5720662824273448
4514.0,0.433797093503077
4515.0,1.057435575377663
4516.0,-0.2907550030706135
4517.0,1.0485038795359167
4518.0,0.4224446384841367
4519.0,-0.34869249707617456
4520.0,-0.26766658403350485
4521.0,1.9823867770989665
4522.0,3.157047892866176
4523.0,1.1006519794823946
4524.0,0.9040267539049673
4525.0,0.7183296559125137
4526.0,0.8086273239271733
4527.0,2.929004001959069
4528.0,-0.30972658754102367
4529.0,0.9734208229589372
4530.0,0.4095012149513816
4531.0,1.710030046735308
4532.0,-1.2848777661259643
4533.0,1.286726906061883
4534.0,0.6257092344521712
4535.0,2.102278835401377
4536.0,0.505405692934036
4537.0,-0.2328072466780733
4538.0,-0.3292296498278382
4539.0,0.9865788086466047
4540.0,0.8748826550697167
4541.0,1.113471540091903
4542.0,0.12896169982846933
4543.0,-1.8280641260922956
4544.0,-0.6015175821589827
4545.0,-0.3459026225520857
4546.0,1.725153359487478
4547.0,1.1246387033266898
4548.0,0.4242974435082721
4549.0,0.9733290751176901
4550.0,-0.21942237798343633
4551.0,-0.3829810224864203
4552.0,1.2367720256207764
4553.0,-0.10359381607841578
4554.0,1.5278956829107662
4555.0,1.7862464723451579
4556.0,-1.8222307369858357
4557.0,1.401798630936868
4558.0,-0.43192586479310047
4559.0,0.26101942305593884
4560.0,1.723369563607343
4561.0,1.2233684758095857
4562.0,-0.3953820116880091
4563.0,-0.7751971638985811
4564.0,0.15744693205633992
4565.0,1.4559352499799574
4566.0,1.4031849696910554
4567.0,2.7588020736852674
4568.0,-0.4523251822143233
4569.0,0.4377844326159609
4570.0,1.1629560676467625
4571.0,1.0832454864824093
4572.0,0.23601120411280752
4573.0,0.26944841152141286
4574.0,-1.7097861855643075
4575.0,1.8068849762745813
4576.0,1.4667342464791069
4577.0,0.2757610670354653
4578.0,0.09697832516358307
4579.0,0.08757959677105642
4580.0,2.130859053313346
4581.0,-0.37198984880210206
4582.0,1.6639842128992863
4583.0,1.0571776082455606
4584.0,2.011227853552195
4585.0,0.6778148722966424
4586.0,1.7792273014776554
4587.0,-0.320726764785473
4588.0,0.26899899610541755
4589.0,0.6476480317055764
4590.0,0.1066344225435889
4591.0,1.580593913187617
4592.0,-0.8660051941178883
4593.0,1.1804362456838084
4594.0,-0.36811997982233136
4595.0,2.6603972210798403
4596.0,-0.9140520918702835
4597.0,-0.6075596147644883
4598.0,-0.35536534399388986
4599.0,-0.07100349672369854
4600.0,1.3679896525894708
4601.0,-1.4086616444943494
4602.0,1.2898432292408224
4603.0,0.2322769211182456
4604.0,0.5435205122672149
4605.0,-0.4891841527636467
4606.0,2.082463408602556
4607.0,1.1703563136954254
4608.0,-2.171720521859717
4609.0,-0.9673650142256607
4610.0,-1.512634058755737
4611.0,0.8335510977068321
4612.0,1.6057231910757028
4613.0,-0.41996559509036735
4614.0,-0.2860828503395698
4615.0,-0.6023360260404014
4616.0,-0.5828868167620053
4617.0,1.7312897821208746
4618.0,0.9794124761232428
4619.0,-0.4890711697993554
4620.0,0.727259792010609
4621.0,1.9826045211566554
4622.0,2.107392904582326
4623.0,0.9748149238095758
4624.0,-1.9546035626525384
4625.0,1.6106081170659645
4626.0,0.9529384296197677
4627.0,0.4398549776221722
4628.0,0.34840006565690745
4629.0,0.9542359845661292
4630.0,-0.374523577930745
4631.0,0.0975814158422652
4632.0,0.1434389614631889
4633.0,1.136809036733355
4634.0,0.3214432549324279
4635.0,0.6483133792215418
4636.0,-0.6400644494970525
4637.0,2.012111940934468
4638.0,0.14641371962885258
4639.0,0.8825317341872221
4640.0,1.359361156787815
4641.0,-0.5285485662957375
4642.0,-0.7195011390849047
4643.0,1.3826347092744293
4644.0,-0.8288182501460875
4645.0,0.5918979699088187
4646.0,0.41384188494307794
4647.0,2.0003221485506413
4648.0,-0.13993771863026072
4649.0,0.2419124420093982
4650.0,-0.8801626092972995
4651.0,-0.5481379370200723
4652.0,0.9197091463104349
4653.0,1.316812293027999
4654.0,0.09516790377027351
4655.0,1.127412712964929
4656.0,-0.7404569689669526
4657.0,0.5691542722070471
4658.0,-1.1692858072111911
4659.0,1.5540921195337865
4660.0,0.9102320013717435
4661.0,2.53947238766891
4662.0,1.9141867854312247
4663.0,1.2466882694187837
4664.0,-0.42251905518549226
4665.0,-1.1536397922483668
4666.0,-1.7259621488111656
4667.0,0.473850634144235
4668.0,1.7104890769770436
4669.0,-0.6918860372271006
4670.0,1.2554375908413946
4671.0,1.1583304725627563
4672.0,0.5021984678670495
4673.0,-0.2516013373507575
4674.0,-0.18391786750136574
4675.0,2.314836479026207
4676.0,1.957723438148144
4677.0,1.334259413714003
4678.0,-0.027269041294043173
4679.0,2.92211521296377
4680.0,1.1531018092752952
4681.0,0.7381064325310256
4682.0,2.3050174411248516
4683.0,-0.13939067573558572
4684.0,1.6411720193253065
4685.0,1.235977773980708
4686.0,1.8856232241992712
4687.0,-0.13021756182261346
4688.0,1.2665671862156636
4689.0,0.9638093165789128
4690.0,0.6128586224145633
4691.0,0.5233033210653439
4692.0,2.8699829046922396
4693.0,-0.2913490203227802
4694.0,-1.4281400967392
4695.0,-0.08148884026599945
4696.0,0.03336694656806305
4697.0,0.5113489008771748
4698.0,-0.3505850415401053
4699.0,-0.25896934083284096
4700.0,0.5477600197246454
4701.0,0.8825012281118574
4702.0,2.106332451928267
4703.0,-0.7119277172567562
4704.0,2.5528613798390953
4705.0,-0.8380249515288147
4706.0,-0.6108838577127272
4707.0,0.13865390920833265
4708.0,-0.24394193498059413
4709.0,1.0334649961033033
4710.0,1.0983682849685001
4711.0,1.3602843131231448
4712.0,0.492439779212722
4713.0,1.1540720193412906
4714.0,-0.008388126656082795
4715.0,0.21446411379263974
4716.0,1.4891316704680877
4717.0,2.5318615678045497
4718.0,1.45600383102891
4719.0,0.02386534245269123
4720.0,0.5250012712810117
4721.0,0.32588277373110486
4722.0,1.5382178987371598
4723.0,1.4442730544759386
4724.0,0.04500507259864572
4725.0,-1.104807413993756
4726.0,2.539296669467685
4727.0,1.3382357953001671
4728.0,1.044003122750569
4729.0,1.0873431512103757
4730.0,0.9078714294479011
4731.0,1.7371383969835046
4732.0,1.2667773135892901
4733.0,0.7293366870503817
4734.0,0.5827334402413755
4735.0,3.034236879751364
4736.0,-0.41100525785053343
4737.0,0.46833329490667097
4738.0,2.0786257592368385
4739.0,-0.8275903155287417
4740.0,-0.7470117166477523
4741.0,-0.47829027103040633
4742.0,1.0186322293762575
4743.0,1.6947971086636189
4744.0,0.32456011016638375
4745.0,-0.6619345028743924
4746.0,0.7342933618657147
4747.0,0.5644617118535045
4748.0,0.8242641744715252
4749.0,-0.19444875314941013
4750.0,2.211178382535489
4751.0,1.3987372235020514
4752.0,-0.06358283749458493
4753.0,-0.22054402123773031
4754.0,-1.80094916515755
4755.0,1.6004901180882072
4756.0,1.9986190552885177
4757.0,0.061343037557270774
4758.0,2.6111388030316247
4759.0,-0.5056766609656571
4760.0,0.15612755227491643
4761.0,1.9029006839639626
4762.0,1.125669196863545
4763.0,-0.7173950409144195
4764.0,0.716572152655225
4765.0,0.18346310830464735
4766.0,0.6638778580287998
4767.0,1.0291499882214394
4768.0,-0.8237898337199088
4769.0,1.6312350150585715
4770.0,0.5142633578855162
4771.0,2.2281279555545486
4772.0,0.8546755667444821
4773.0,0.8344949390613418
4774.0,0.6568693494141583
4775.0,0.06738810518782234
4776.0,1.922851558180228
4777.0,-0.009692319512053738
4778.0,0.7879212081754219
4779.0,0.2502921477201697
4780.0,0.5563981419266879
4781.0,0.7785651295820837
4782.0,0.750819162344631
4783.0,0.9143516866803452
4784.0,-0.0953429361804552
4785.0,2.2076059900752742
4786.0,-0.09860506501013078
4787.0,1.6550754561707286
4788.0,0.6899751753568784
4789.0,0.19296514059478193
4790.0,-0.6662855483935646
4791.0,0.5985960704343812
4792.0,0.6063309551197558
4793.0,0.7722239941171538
4794.0,1.3600664573288959
4795.0,0.9576392503889481
4796.0,0.8616758495791552
4797.0,1.2623044239060985
4798.0,-0.32877759991808264
4799.0,1.203332518156961
4800.0,2.233369978298705
4801.0,-0.07789106320359163
4802.0,0.6936156563431595
4803.0,0.692963268599345
4804.0,2.0160909129555558
4805.0,-0.47961590756703854
4806.0,0.05676406410376478
4807.0,1.4710672067140287
4808.0,-0.6154390092843223
4809.0,0.7376057013753105
4810.0,1.299501685687106
4811.0,0.8331693344438067
4812.0,0.43755012942010674
4813.0,0.3814683101691942
4814.0,1.726413994820852
4815.0,0.9228624983554237
4816.0,1.8830016484080656
4817.0,0.84916675972766
4818.0,0.7545080437770135
4819.0,0.327786160420904
4820.0,1.2274727278243545
4821.0,-0.5170677197027559
4822.0,0.9404575448874046
4823.0,0.42237672673220933
4824.0,0.15735082479762375
4825.0,1.3097102883651988
4826.0,1.1891628203800066
4827.0,-0.16806279038088634
4828.0,1.9080124956663465
4829.0,-0.37053368746793536
4830.0,-0.07822817491465017
4831.0,0.3690245565960607
4832.0,1.246451205886102
4833.0,1.7595638161955613
4834.0,-0.01790486728987717
4835.0,-0.5053807585253612
4836.0,1.882100696512291
4837.0,1.1282017206642618
4838.0,2.2067759665006683
4839.0,1.582757202331147
4840.0,1.2309003264731515
4841.0,-1.448049858820549
4842.0,-0.5046021729045413
4843.0,0.6213012645113181
4844.0,3.498618431078818
4845.0,0.9247337975725678
4846.0,2.1104920243866117
4847.0,2.5093393580068923
4848.0,-0.551785942602109
4849.0,0.6110454267427707
4850.0,2.454613173750984
4851.0,0.537537850777123
4852.0,0.8687873405162105
4853.0,1.7065181249335293
4854.0,-0.49506930586141784
4855.0,0.5089090070294559
4856.0,1.16916368909606
4857.0,0.13310089466182357
4858.0,0.11646585684940675
4859.0,0.7472959739077877
4860.0,1.048446265052108
4861.0,0.907882825797323
4862.0,1.22334403248309
4863.0,-0.6574737492545563
4864.0,1.2672118637604564
4865.0,0.5314002042115209
4866.0,0.7791211627814135
4867.0,0.2744273743692259
4868.0,0.8419824852348471
4869.0,0.17068636737390436
4870.0,1.909921565238657
4871.0,0.23934779147698781
4872.0,-0.8419717515441413
4873.0,-0.7712835065807384
4874.0,1.3927425909191287
4875.0,0.5612463526719447
4876.0,0.6379682458177114
4877.0,0.8459878025269911
4878.0,-0.10266246799878664
4879.0,1.0696428184696944
4880.0,-0.5773138831846507
4881.0,0.7271268637967143
4882.0,0.8470661194545728
4883.0,0.6525981951313414
4884.0,-0.2754071963855049
4885.0,0.41515603021679937
4886.0,1.8708748618459061
4887.0,0.4673100400539358
4888.0,0.4248878194964695
4889.0,1.4893873171919632
4890.0,0.9765475300770017
4891.0,0.044941555268548816
4892.0,2.5142567875854365
4893.0,1.0358500197863623
4894.0,-0.03336926224448511
4895.0,0.8662402956909008
4896.0,2.200821332093328
4897.0,0.3017717665114788
4898.0,1.0638459063987762
4899.0,2.046711977752407
4900.0,-1.002677463022156
4901.0,1.4297266670920452
4902.0,-1.0689835971887174
4903.0,1.806733036318936
4904.0,-1.4292157416590374
4905.0,0.27769654556847884
4906.0,1.1483376033595323
4907.0,0.7154723655319619
4908.0,-1.783098743803155
4909.0,0.5756777189784619
4910.0,1.589290117781501
4911.0,-1.0807804717676643
4912.0,0.6278874486112845
4913.0,0.650554403952112
4914.0,0.3797624503695486
4915.0,1.3803816333786216
4916.0,-0.89094912665101
4917.0,1.3027809569604427
4918.0,3.110899054594011
4919.0,0.13953148072230004
4920.0,0.022414532082356664
4921.0,1.4530909038115893
4922.0,1.2590942792783666
4923.0,1.1617180530344626
4924.0,0.7194538096058503
4925.0,0.05445149687807427
4926.0,1.2675260555400878
4927.0,-1.4095283559097487
4928.0,0.3313189338271628
4929.0,-1.7080965523247098
4930.0,0.6089573309144877
4931.0,0.281658363461405
4932.0,1.6714344152979714
4933.0,2.8048997748266666
4934.0,-0.6323980123179727
4935.0,0.143762163840013
4936.0,2.2271623046311113
4937.0,-0.49138465785282903
4938.0,1.3756937082375194
4939.0,1.0411397114931695
4940.0,1.6188356685114196
4941.0,1.3120950257181438
4942.0,0.4878516039579797
4943.0,0.385678379684523
4944.0,2.297772918715307
4945.0,0.3515175995968104
4946.0,2.0447853672328726
4947.0,-0.0675326514300244
4948.0,1.0083646097978125
4949.0,0.6940240794637333
4950.0,0.7626506389968498
4951.0,0.5616319385574576
4952.0,-0.3892294820784302
4953.0,0.503191556040046
4954.0,-0.2661973181625916
4955.0,1.0439727265985632
4956.0,0.9298465433730404
4957.0,-1.0320403907369227
4958.0,-0.0759131728421244
4959.0,1.739473901881309
4960.0,-0.45393248021968424
4961.0,-0.12855617847084366
4962.0,0.8912245817157802
4963.0,0.16575149219113494
4964.0,0.8554160477726481
4965.0,-0.1828991886397825
4966.0,2.8112132196309205
4967.0,-0.4298545985786303
4968.0,0.46359870015222415
4969.0,0.04599555533479782
4970.0,0.9596017463919431
4971.0,-0.2242355230506633
4972.0,-1.1486622651399356
4973.0,1.4847102275666741
4974.0,-0.9858964770037414
4975.0,0.9834158602259724
4976.0,-0.1798277866062611
4977.0,-0.451246022802566
4978.0,0.21397183221356197
4979.0,0.7934948113464219
4980.0,-1.7222310823906006
4981.0,1.9446888761673304
4982.0,2.0791523213705503
4983.0,0.5486123915289215
4984.0,-1.7450510542877937
4985.0,1.9120267620268212
4986.0,-0.05794971065583221
4987.0,-0.031033206585537765
4988.0,-0.33560386038679846
4989.0,0.2132718515219213
4990.0,1.569906665609803
4991.0,-0.14218598503245516
4992.0,1.881994535499192
4993.0,1.896885067314265
4994.0,0.5134651150830397
4995.0,0.0907785489344281
4996.0,-0.4930148092188428
4997.0,0.8802465356518099
4998.0,1.963700364085169
4999.0,1.4597199045718123
5000.0,0.9944615543960504
5001.0,-2.030944755217451
5002.0,1.9848889344994798
5003.0,1.1668564050704902
5004.0,0.8418726211723413
5005.0,-0.16521544148473688
5006.0,0.19979666108498312
5007.0,0.485439143440472
5008.0,0.10385019488499325
5009.0,1.3133247079799732
5010.0,-0.037166257188500085
5011.0,-0.03362752046792772
5012.0,0.8365735472398401
5013.0,2.2396730398794658
5014.0,-0.16945596782793682
5015.0,-0.23652251119909407
5016.0,0.20045880209204625
5017.0,0.6261331857791996
5018.0,0.4339965320806106
5019.0,-0.09058025000973191
5020.0,-0.1053280732907701
5021.0,-0.5267853614508178
5022.0,0.7855264345632923
5023.0,-0.13471332725912422
5024.0,-0.11583056369504563
5025.0,0.91035476557198
5026.0,0.6223708311366545
5027.0,0.764343202037324
5028.0,-1.9758702834281205
5029.0,-1.0931903854771154
5030.0,-1.5622543644867921
5031.0,-0.3876468777300326
5032.0,0.2247820015027006
5033.0,0.015303004883793547
5034.0,-1.5045977467801026
5035.0,0.824041611083626
5036.0,-0.750431297058546
5037.0,1.0589386834636787
5038.0,2.7943684592795948
5039.0,-0.22119808779422467
5040.0,0.2595672341118447
5041.0,0.914659136116187
5042.0,0.6009945940354039
5043.0,-0.02775022189523768
5044.0,1.6279741885080177
5045.0,2.059300817274587
5046.0,0.9102865597717447
5047.0,0.31870940677827664
5048.0,-0.28277081191653786
5049.0,-0.28841495550060525
5050.0,-0.013309415535531555
5051.0,0.6440149655332333
5052.0,0.20569158611150046
5053.0,1.8166981168391019
5054.0,2.042355349677677
5055.0,1.6913286957627824
5056.0,-0.3126028679690147
5057.0,-0.0716884194404751
5058.0,1.148143656876052
5059.0,-0.5153239239960875
5060.0,-0.18997925779303182
5061.0,1.375908218676572
5062.0,1.5195761234330611
5063.0,0.528557786783134
5064.0,1.7055780761187904
5065.0,-0.7969274600814267
5066.0,-0.37873690709824415
5067.0,1.9440778491687876
5068.0,-0.19900813134798567
5069.0,0.2893352779896041
5070.0,0.3351531751559489
5071.0,-0.23451216052767554
5072.0,0.3168980847991117
5073.0,1.1323246403207445
5074.0,-0.47639030205238586
5075.0,-0.09061894433893347
5076.0,-1.0058352453264119
5077.0,-0.3806502467576576
5078.0,1.5276074493825131
5079.0,0.771979795483346
5080.0,0.023965275496822813
5081.0,0.6217119949096066
5082.0,-2.31660109781422
5083.0,1.4090248819936337
5084.0,0.2189632847066505
5085.0,0.15493356355529364
5086.0,1.0017479029746965
5087.0,0.4747277543109561
5088.0,-0.08942750021805423
5089.0,-0.6170840299321998
5090.0,1.3701998315096775
5091.0,0.13495534404344983
5092.0,-0.01209366507051135
5093.0,-0.24608521659518423
5094.0,-0.04051878312949586
5095.0,1.0247285120579877
5096.0,0.45640090929269167
5097.0,0.4026681684670937
5098.0,2.048262801183436
5099.0,-1.3806654236241922
5100.0,-0.4664627835835766
5101.0,0.6854400246493386
5102.0,2.9063529288258945
5103.0,-0.08514124138071133
5104.0,1.2346104912917448
5105.0,-0.9722244913808061
5106.0,-0.4012547363960438
5107.0,-1.8297520409294061
5108.0,1.4981362095799966
5109.0,-0.21353015963993083
5110.0,0.04701070807719998
5111.0,-0.4065924832061668
5112.0,0.5553515701345968
5113.0,-0.22464133548094845
5114.0,0.571294621613268
5115.0,-0.05953569675197112
5116.0,0.7803590588256617
5117.0,1.9071148574336307
5118.0,0.5779296406483803
5119.0,-0.4658745042206247
5120.0,0.7821465001818984
5121.0,-0.79891753552747
5122.0,1.8138155014567787
5123.0,-0.6213354039387435
5124.0,0.518897024300068
5125.0,1.6412534821472737
5126.0,0.31966109193871156
5127.0,-0.4495411292681737
5128.0,-0.4852458185595936
5129.0,1.0030251613729528
5130.0,0.6610080957898017
5131.0,-0.5311860098026323
5132.0,1.4812884839902676
5133.0,1.3091449852326922
5134.0,0.7004965455202328
5135.0,0.4130783540572765
5136.0,0.22440651317290022
5137.0,0.456360725895029
5138.0,1.367076360881458
5139.0,1.1805775922197275
5140.0,0.8429527584128544
5141.0,3.8372943198918437
5142.0,1.5370539471036944
5143.0,0.4514287646093877
5144.0,-0.960612692787181
5145.0,1.1504927554385698
5146.0,-0.7653818849246639
5147.0,1.7397292144750003
5148.0,0.22625445018599138
5149.0,-0.5424872872010306
5150.0,0.834131562367306
5151.0,1.1933658956982292
5152.0,1.9476803080355585
5153.0,-0.25715547283873696
5154.0,0.3359520329629807
5155.0,-0.8634214858479259
5156.0,0.4165538833005454
5157.0,1.931137904124562
5158.0,0.2721639814947764
5159.0,-0.9573313533399262
5160.0,0.5377455726110065
5161.0,-0.582570061748346
5162.0,-0.18167463860051924
5163.0,0.8020780641179595
5164.0,-0.5109068900124748
5165.0,0.7213827799803865
5166.0,0.933112732441312
5167.0,0.8999667234008477
5168.0,0.1432163952058459
5169.0,-0.19850107359452518
5170.0,-0.03238515846272749
5171.0,0.33420464217145274
5172.0,-1.095982166934201
5173.0,1.245478714848643
5174.0,1.6917255635038058
5175.0,0.6731296595766288
5176.0,1.258495734431434
5177.0,-2.11952542887771
5178.0,0.2675236811551044
5179.0,-1.1338148458270791
5180.0,0.28724954627798976
5181.0,1.6791438297558368
5182.0,0.9138397612946074
5183.0,0.2525215206817816
5184.0,-0.48909309456533623
5185.0,2.048949463144192
5186.0,2.395892143059111
5187.0,1.4927374757779541
5188.0,0.7008604634373772
5189.0,0.6594237101444141
5190.0,-0.8520091483229045
5191.0,-2.617571715565866
5192.0,1.494746312555387
5193.0,1.6901475821779723
5194.0,1.6359179720847967
5195.0,0.9143746623393387
5196.0,1.9812976614420574
5197.0,0.49216014331595365
5198.0,-0.27541282796133604
5199.0,-0.027945042019021926
5200.0,2.715566816257187
5201.0,0.26088719963728224
5202.0,0.20850447459877441
5203.0,1.1251088485119238
5204.0,-0.1779560517456159
5205.0,1.9110860009491213
5206.0,-1.146521815804914
5207.0,0.27721806875165633
5208.0,0.25125495406491427
5209.0,-0.22913453742750445
5210.0,1.9669763584963822
5211.0,1.4102329390151729
5212.0,0.8616970541580535
5213.0,-0.9279450419488169
5214.0,0.4662380851567226
5215.0,2.339944107490493
5216.0,-1.2946534848402405
5217.0,-0.9044726588188032
5218.0,-1.4750580465796217
5219.0,-1.4950240438262759
5220.0,0.7057355952334281
5221.0,1.3447044789462397
5222.0,0.48008397752989196
5223.0,-1.2958164457088355
5224.0,-0.17183218259405675
5225.0,-0.21826165955116572
5226.0,-0.9093472394070481
5227.0,-0.10593163480795165
5228.0,2.593241727068504
5229.0,1.3745707947766053
5230.0,1.6629468912378367
5231.0,0.7386380476031702
5232.0,1.673258080063392
5233.0,0.9106932995998529
5234.0,2.0759175887781085
5235.0,0.8017965920398678
5236.0,0.91388437259328
5237.0,-0.962605780402005
5238.0,1.6800250808544135
5239.0,1.2935543586294767
5240.0,0.9673050699339358
5241.0,0.2448733118263196
5242.0,0.6102717163982938
5243.0,-0.42363572309438924
5244.0,0.31124020680580666
5245.0,0.05347300690600826
5246.0,0.9972600283615441
5247.0,0.33314851436110304
5248.0,1.1348058862423231
5249.0,0.6071639680908775
5250.0,1.197421794106473
5251.0,0.8867129269587919
5252.0,0.7791726280731053
5253.0,-0.15238682163716366
5254.0,-0.2888921556170717
5255.0,-0.20081740544886295
5256.0,1.1628461683181146
5257.0,0.19972277050692933
5258.0,0.41372542352974473
5259.0,1.8773293461712246
5260.0,0.3220232913585458
5261.0,0.06466874728654276
5262.0,0.3718559941595605
5263.0,-0.05244269401585966
5264.0,1.245925915833347
5265.0,-0.6547830772916723
5266.0,1.1106205485844192
5267.0,1.369411366736112
5268.0,-0.9437217870831178
5269.0,-0.017907893160557964
5270.0,0.31333064419356754
5271.0,0.1527279440666912
5272.0,0.8796508456867336
5273.0,0.2839475910127446
5274.0,-0.3566243116755916
5275.0,-0.8782499515340118
5276.0,2.795013382652314
5277.0,0.5235576230301859
5278.0,1.4709872383617966
5279.0,-0.3621645243102166
5280.0,0.917081443047554
5281.0,1.8729627410050158
5282.0,-0.5451874771148651
5283.0,0.25716416502479905
5284.0,-1.3091551530362495
5285.0,-0.18108800404889225
5286.0,0.977322878306273
5287.0,0.336200904345586
5288.0,-0.8125166656237539
5289.0,0.5356072801286543
5290.0,0.47616847168753346
5291.0,1.8824629441788436
5292.0,0.5383858742853087
5293.0,1.3804793083268896
5294.0,0.12372038833778787
5295.0,-0.6173218273280118
5296.0,0.4856168503194341
5297.0,2.110177511326914
5298.0,2.2383446700015037
5299.0,0.45536625373894923
5300.0,0.41070428057684816
5301.0,-0.7638072563603421
5302.0,3.672739846594151
5303.0,0.46931876947259865
5304.0,1.5054179420664888
5305.0,-0.12188460121156486
5306.0,-0.06851713916288249
5307.0,-0.7106913747839387
5308.0,1.1257010055820853
5309.0,0.9154833343403183
5310.0,1.50320167291855
5311.0,-0.2478878426736829
5312.0,-0.6205317137915806
5313.0,0.1993267060943681
5314.0,-0.12392630039592079
5315.0,-0.2628286455147325
5316.0,-0.6570419200593489
5317.0,2.0648144858032964
5318.0,0.9562772106238007
5319.0,-0.5909041262495764
5320.0,1.950962791083834
5321.0,2.6513224029979696
5322.0,2.372182703403297
5323.0,0.4116153964398168
5324.0,0.5800909925760342
5325.0,0.5507229617704613
5326.0,1.251150575193798
5327.0,0.32824510838374843
5328.0,0.8494548935171464
5329.0,-0.6235633715685744
5330.0,0.1966057205165374
5331.0,1.2725780839802074
5332.0,0.31973981673524393
5333.0,0.38184088168954033
5334.0,0.9387329100900674
5335.0,-0.4382576474362144
5336.0,-0.5608531783526994
5337.0,1.2811345060304355
5338.0,0.9919092916382318
5339.0,-0.20665971402891248
5340.0,0.7922152550759934
5341.0,1.485594361912745
5342.0,0.7872314149707011
5343.0,0.6161702605291911
5344.0,3.08238412488146
5345.0,0.3605718580968127
5346.0,-1.8238176258005094
5347.0,0.07131683447363574
5348.0,0.010186218402322922
5349.0,0.6885187055933826
5350.0,2.1510838832614705
5351.0,-0.5611441687841584
5352.0,1.6465340325606275
5353.0,0.9719777197800743
5354.0,0.6602185743668837
5355.0,2.9882581682804346
5356.0,-1.21072661091692
5357.0,0.16661396825925712
5358.0,3.285220693662721
5359.0,0.5641156498872979
5360.0,1.8266845331587938
5361.0,-0.5847553255670619
5362.0,2.6668745611506717
5363.0,0.8827718441335423
5364.0,0.18330996782717118
5365.0,-0.8922208500040022
5366.0,-0.6081111274256379
5367.0,0.9932255645373563
5368.0,-0.7821823812185194
5369.0,-0.09602258989336254
5370.0,0.406826901040352
5371.0,-1.4534653767446382
5372.0,1.7743986787042372
5373.0,0.3140735001160033
5374.0,1.2086795092236975
5375.0,0.8273326577315367
5376.0,1.949560248416502
5377.0,0.6153571046491272
5378.0,-0.6583815424844721
5379.0,0.6708528598379455
5380.0,1.0779473306145335
5381.0,0.16345413993422098
5382.0,1.061843348379203
5383.0,0.8413635567740751
5384.0,-0.3746607507202244
5385.0,0.9867520840627229
5386.0,-0.3786801095515646
5387.0,-1.6918851627950977
5388.0,-1.092302226533142
5389.0,2.061917228213214
5390.0,-0.19824541087753444
5391.0,-0.7813923959808342
5392.0,0.31015685489633327
5393.0,0.7280902759590182
5394.0,-0.3225544181204768
5395.0,0.26713646440525907
5396.0,0.9119902527504056
5397.0,-0.38797769008777117
5398.0,-0.06930386837927094
5399.0,-0.22337855252825234
5400.0,-0.828680904477048
5401.0,0.7305634117233575
5402.0,-1.0330280576112645
5403.0,0.9836225192397039
5404.0,0.5659495274546709
5405.0,0.7360830006789775
5406.0,-0.6526834580347086
5407.0,0.2808502969904978
5408.0,1.6032563350954105
5409.0,-0.9422729638671705
5410.0,2.097195417995153
5411.0,0.75152425013623
5412.0,0.5856906628849126
5413.0,-0.10097087654895737
5414.0,1.0908936540855576
5415.0,0.3559187419516915
5416.0,0.251309773976511
5417.0,1.0772395368464167
5418.0,0.45018131618243196
5419.0,0.7182318088825623
5420.0,0.8613589224885587
5421.0,1.5014365015443338
5422.0,1.4903912146026612
5423.0,-1.6873425961689463
5424.0,0.7204975809058753
5425.0,0.7937210862933737
5426.0,-0.39685794995221635
5427.0,-0.8673227716650835
5428.0,1.95985071081757
5429.0,1.091662346352643
5430.0,0.7585011634935526
5431.0,0.9188476695015195
5432.0,0.21396516283314426
5433.0,-1.634997612994449
5434.0,1.6010650214001192
5435.0,0.7711524528882543
5436.0,-1.1783542003803014
5437.0,1.762118840351377
5438.0,0.8000234844471494
5439.0,2.664695514644916
5440.0,0.6867013596621931
5441.0,-0.11955179520102771
5442.0,0.3463955595701234
5443.0,-0.15013150566574918
5444.0,1.7258994145210933
5445.0,-0.18964317001730657
5446.0,-0.9212321496001559
5447.0,2.0395541628744067
5448.0,-1.2209080696431054
5449.0,2.421729897860941
5450.0,2.1796033493750144
5451.0,2.298636244451738
5452.0,0.2773624236821811
5453.0,0.8307870863001716
5454.0,0.0961714639296411
5455.0,0.9445982086095931
5456.0,-0.05254457667173007
5457.0,-1.150865659988939
5458.0,0.620280102648758
5459.0,-0.9709459546259076
5460.0,0.8350207789999676
5461.0,0.036182741528716256
5462.0,0.9028904374533899
5463.0,1.2387648873946697
5464.0,1.110244010875307
5465.0,-0.12027945523455197
5466.0,0.8933752169097242
5467.0,-0.6441563467120422
5468.0,-0.3870668127162801
5469.0,0.5382222571615304
5470.0,0.8774533678776268
5471.0,0.3226525389909504
5472.0,-0.08275515618545826
5473.0,1.230458801643974
5474.0,-0.3640748396543843
5475.0,0.9835168159722372
5476.0,1.3862214733497105
5477.0,-0.8521967930841228
5478.0,-1.3559378763176455
5479.0,-0.7136453850280209
5480.0,-0.5764296992924597
5481.0,-0.2981110797228652
5482.0,0.1593095106178572
5483.0,0.2304701232361005
5484.0,-0.3860912943949325
5485.0,1.7131612611737066
5486.0,-1.402660641198859
5487.0,0.2940727748659211
5488.0,2.435426072753752
5489.0,0.6607191941559042
5490.0,1.0538197397049909
5491.0,0.7190977915589265
5492.0,0.08665175047041668
5493.0,0.9230156633251264
5494.0,-0.47035136873734773
5495.0,0.6294891397544902
5496.0,-1.8025728871679652
5497.0,1.0369205789435787
5498.0,0.2591141876575397
5499.0,1.02417394273185
5500.0,1.049388672688393
5501.0,-0.4846875561382292
5502.0,0.877049734286007
5503.0,-0.09087009017636516
5504.0,0.34391563494861954
5505.0,-0.593071889932774
5506.0,-0.17641580709195048
5507.0,0.7755210255175837
5508.0,0.43624779210245607
5509.0,1.2211546805912907
5510.0,-1.0453979721907012
5511.0,-0.07102078061525907
5512.0,0.3470028962948128
5513.0,0.27958994346932026
5514.0,0.6562193145620004
5515.0,1.0646806374385245
5516.0,-0.3682149409187372
5517.0,-0.5766737074574927
5518.0,-0.688138807257962
5519.0,1.279805600840882
5520.0,1.2871046894859024
5521.0,0.4080005110676895
5522.0,0.8308157255579626
5523.0,0.3469593940963082
5524.0,1.2992507779805733
5525.0,1.628860046928584
5526.0,-1.4479885782596211
5527.0,-0.5031642757313729
5528.0,0.33516397460371256
5529.0,2.6822662154581858
5530.0,1.3232501616040446
5531.0,1.6420681274537896
5532.0,-0.24443905598822374
5533.0,0.026042985182264833
5534.0,-0.756741142087346
5535.0,1.5121190837696723
5536.0,1.7431437611822689
5537.0,0.9043412176554616
5538.0,-0.5145583197611561
5539.0,1.5518762653662903
5540.0,0.5045985625308733
5541.0,-0.28076672408987335
5542.0,0.7705626489300912
5543.0,-0.5116725927481871
5544.0,0.7017805417244415
5545.0,2.314381815694631
5546.0,-0.43800628112885703
5547.0,1.9426820063176886
5548.0,-0.4782129805045985
5549.0,0.7534188000995227
5550.0,-0.71185121565528
5551.0,0.326635329725934
5552.0,0.3452673446391541
5553.0,0.6979809758068773
5554.0,-0.8368573801208754
5555.0,-0.4998092153596946
5556.0,-0.9952815544221548
5557.0,-1.1335359482357863
5558.0,0.7272438946654163
5559.0,0.16669181168967767
5560.0,0.09574104952799084
5561.0,-0.4014971611988135
5562.0,1.637193702101946
5563.0,1.3892501993456485
5564.0,-0.7296711928324624
5565.0,-0.44601859795109033
5566.0,-1.251198874275733
5567.0,2.8428305682558044
5568.0,0.060830170257133
5569.0,1.1445193189836258
5570.0,1.0809251713846493
5571.0,0.6812567473824304
5572.0,1.3704869918502056
5573.0,0.9662673923337894
5574.0,1.7349489635143944
5575.0,-0.7680491302946024
5576.0,2.1193445494126024
5577.0,-0.11740708517285403
5578.0,1.7000787014243612
5579.0,1.3160027989426255
5580.0,-0.17352061433588573
5581.0,1.1054517949474991
5582.0,0.7437006572341222
5583.0,-0.48417721427078697
5584.0,1.2784767967277504
5585.0,2.073716755462049
5586.0,0.22477296220207715
5587.0,0.054013777506346505
5588.0,-0.1840628928150243
5589.0,-0.5511527672244573
5590.0,0.47573800457157234
5591.0,1.2945357441881467
5592.0,1.0798069065368603
5593.0,0.5024227100054488
5594.0,0.4878590515355061
5595.0,1.0671791342861143
5596.0,0.23135772790822834
5597.0,-0.26256330058882305
5598.0,0.19549821361312175
5599.0,-0.27990124826391377
5600.0,-0.14345870567876928
5601.0,0.12300002046239855
5602.0,-1.1699380241023314
5603.0,-0.363593422265872
5604.0,0.6967638933277269
5605.0,-0.22640696626627133
5606.0,1.9310038040870507
5607.0,1.606364805078859
5608.0,-0.4466711360059187
5609.0,-1.0302530900201643
5610.0,1.51361320922332
5611.0,0.8018967047388442
5612.0,0.7481987441488511
5613.0,0.12947502105034747
5614.0,1.3500391873463213
5615.0,-0.8983511523502312
5616.0,0.04044912372166498
5617.0,3.3451488774168374
5618.0,0.17249117578404138
5619.0,-0.8533344683198393
5620.0,0.9791659920925657
5621.0,0.5398797505723942
5622.0,1.8640150591550917
5623.0,-1.8175640164583111
5624.0,0.9384707263978871
5625.0,0.9273180453435523
5626.0,0.7008908992493524
5627.0,-0.6290609069238025
5628.0,-0.9307458013073046
5629.0,-0.3612401726287609
5630.0,0.32489027171409657
5631.0,-2.8489523655110505
5632.0,-0.674407652669649
5633.0,2.3035361325285875
5634.0,0.0005178253310259562
5635.0,0.06625680974972487
5636.0,0.3923053023594471
5637.0,1.093568392217113
5638.0,0.34438735307227025
5639.0,-0.8542816349919157
5640.0,2.2863712741677937
5641.0,-1.6260934453299014
5642.0,0.7476938895496565
5643.0,-0.25373989594707785
5644.0,-0.012907543006617617
5645.0,2.73479801758916
5646.0,1.7023075539669859
5647.0,0.10426632460221363
5648.0,1.081604655647544
5649.0,0.34671821802122965
5650.0,2.0950512153890104
5651.0,0.7776238105613473
5652.0,1.0527798116292928
5653.0,-0.8465038377077774
5654.0,2.0929003312726158
5655.0,-1.2749780810663618
5656.0,0.3876059776168957
5657.0,0.010392715197414193
5658.0,0.17100097316701157
5659.0,1.2115767601435987
5660.0,0.6108227556160589
5661.0,-1.988945576785003
5662.0,-0.4507546023104304
5663.0,-2.2046788936165775
5664.0,0.061036733797504183
5665.0,1.1988383292664149
5666.0,3.440196979915478
5667.0,-0.10434612953602329
5668.0,-0.501874409669238
5669.0,-0.7622437484863878
5670.0,0.16574703005114166
5671.0,-0.9945945419537234
5672.0,-0.23492023634907078
5673.0,-1.4317119527727984
5674.0,-1.177679736548297
5675.0,0.5032595002531878
5676.0,0.8212245019976181
5677.0,0.2911472865297638
5678.0,0.4590311567313194
5679.0,1.5075972946266905
5680.0,0.806874563843377
5681.0,-0.06950789426175563
5682.0,-0.7307079623915955
5683.0,0.03532746748839466
5684.0,-0.4175588860215057
5685.0,-0.8369594427619652
5686.0,-0.07753137488554751
5687.0,1.8077178324128906
5688.0,-0.3090983277938877
5689.0,1.2389185848109707
5690.0,1.305543305723146
5691.0,-0.8041470011033619
5692.0,0.995087573744148
5693.0,-0.43368578340514236
5694.0,-1.3406405186633759
5695.0,0.8743873410518479
5696.0,-0.1347114771370212
5697.0,0.6309823011186378
5698.0,0.6011058667896293
5699.0,0.9817268028238486
5700.0,-0.516115268196496
5701.0,0.5300476365719086
5702.0,-1.0809546186391237
5703.0,-1.1963314771931746
5704.0,1.4829235897022262
5705.0,1.4268116700067552
5706.0,1.8412229468053687
5707.0,0.3666375691522247
5708.0,0.6357420613600732
5709.0,1.4949915794848212
5710.0,0.05384914572356497
5711.0,1.3163149531596918
5712.0,-1.06829558119581
5713.0,0.1284607992761982
5714.0,1.4446575021048698
5715.0,-0.3971243206354585
5716.0,0.379748672224451
5717.0,1.2471649085893939
5718.0,0.24695954252701288
5719.0,0.45662582521140394
5720.0,0.5840705607082931
5721.0,2.040940251612904
5722.0,1.670429100903553
5723.0,-0.9447242188974334
5724.0,0.48887621998578296
5725.0,0.9619143938739856
5726.0,0.8328746752753562
5727.0,0.14284210503480593
5728.0,0.8278662774139731
5729.0,-0.2015421754561179
5730.0,-0.2604313371358772
5731.0,-0.12069359731050322
5732.0,-0.7405658066507881
5733.0,1.6542862185905176
5734.0,-0.06069537257451396
5735.0,1.8398982552932828
5736.0,0.2737298438813088
5737.0,1.4202354353972206
5738.0,1.5121843025324557
5739.0,-0.11105628534543377
5740.0,0.44331064863806324
5741.0,-0.642934317766178
5742.0,-0.5591999856934319
5743.0,1.496465408748513
5744.0,2.1782271105182756
5745.0,0.9840073411216849
5746.0,0.05859161366308491
5747.0,0.24542985335577328
5748.0,1.3059499349491706
5749.0,2.2558262256248724
5750.0,1.8681751668808326
5751.0,0.17006057977965383
5752.0,0.7088361901797122
5753.0,-0.34798087116558485
5754.0,0.44000928113282967
5755.0,0.9900132057088408
5756.0,-1.2576485159470796
5757.0,0.02071080164089606
5758.0,0.07185218774529523
5759.0,1.323557244547271
5760.0,1.010941201230354
5761.0,-0.1920584651495808
5762.0,-0.26149620472845475
5763.0,1.7759345217347553
5764.0,2.308888128748582
5765.0,-0.19197156496735773
5766.0,0.5831342400174743
5767.0,0.625054893353412
5768.0,-0.7380739066012505
5769.0,0.6913704655872351
5770.0,0.3601983651961143
5771.0,1.5092469348123316
5772.0,1.081708396959801
5773.0,1.513514248928286
5774.0,-0.4673785604324747
5775.0,2.4143514324322077
5776.0,1.8031456457154
5777.0,0.5086508790738969
5778.0,-0.534224689468922
5779.0,-1.6086213420336082
5780.0,-0.24473982615535095
5781.0,1.8607874416436228
5782.0,0.13426283731068184
5783.0,0.7470088971510938
5784.0,0.39365079911442036
5785.0,-0.1689155987265839
5786.0,0.524761525821891
5787.0,2.153748884837027
5788.0,1.5762532529619597
5789.0,0.4218346981481588
5790.0,1.0255670809238424
5791.0,-2.3389099798316204
5792.0,-0.00403802816934995
5793.0,0.053032688376544235
5794.0,0.14954891930330255
5795.0,1.099488178443363
5796.0,-0.512290328586533
5797.0,0.452540347141881
5798.0,0.37036862262446424
5799.0,0.354697459416359
5800.0,0.04287263306571448
5801.0,1.4388034649150994
5802.0,0.8959770525759053
5803.0,0.07186010867146542
5804.0,2.3714800629752415
5805.0,-0.3110094044697579
5806.0,0.26387258252417356
5807.0,0.4885690776685401
5808.0,-0.5125385653056174
5809.0,0.9393873451318431
5810.0,0.5454245817291247
5811.0,0.3472304415615211
5812.0,0.1366726559919867
5813.0,-0.6342702834842177
5814.0,1.1167863553598472
5815.0,-0.7216660136666597
5816.0,1.5353954346066097
5817.0,-0.32426858992063956
5818.0,0.6112150454471383
5819.0,1.3017554646877312
5820.0,2.362493641247187
5821.0,-0.8254335701157736
5822.0,-1.2644391321215855
5823.0,1.190301177635337
5824.0,-0.4013736434210421
5825.0,2.5211094151737594
5826.0,-0.4633089645301947
5827.0,0.6398572843947317
5828.0,1.6959168014580697
5829.0,0.8068576226678598
5830.0,-1.1119726010395625
5831.0,1.5602420037068336
5832.0,0.051910166157526916
5833.0,1.0125651641342435
5834.0,1.5674700677002187
5835.0,0.16924053254670918
5836.0,0.05360317993559238
5837.0,-0.6669579342149603
5838.0,1.5019627457078188
5839.0,0.8333244943597409
5840.0,1.4924439700341647
5841.0,0.4664239122937803
5842.0,0.5551358234638079
5843.0,0.03489928451757701
5844.0,1.3565701537483577
5845.0,-2.3323903863417588
5846.0,0.23955789495407426
5847.0,-0.42307908568517005
5848.0,0.23230936156316312
5849.0,0.8506957792600996
5850.0,0.5797548447317565
5851.0,1.2489451907642166
5852.0,2.1779601328288187
5853.0,0.20900284492845847
5854.0,1.3061320931971094
5855.0,1.2057463741363839
5856.0,1.8874431338872668
5857.0,0.08036093281845952
5858.0,0.9602099256459133
5859.0,1.1299968960709785
5860.0,0.012607548517695633
5861.0,-0.6282294962260242
5862.0,1.360744939850134
5863.0,1.2092185424810906
5864.0,-0.9648378888754431
5865.0,-0.9190974859746344
5866.0,1.5242075708620013
5867.0,0.14446372352649228
5868.0,0.517344501796454
5869.0,1.9134138093309667
5870.0,-0.2043199011909867
5871.0,1.6146439590079609
5872.0,-0.6250553075788281
5873.0,-1.7319344160727401
5874.0,-0.9088547008123536
5875.0,-0.8827177145294535
5876.0,-1.0961167494106918
5877.0,-0.6958309601555707
5878.0,0.6674660114799491
5879.0,-1.132687844707283
5880.0,0.8438657990498681
5881.0,1.7071311169738024
5882.0,0.8305177531508605
5883.0,1.8047865278153936
5884.0,-0.8716865750005311
5885.0,-0.5493548988939031
5886.0,0.39412646016433334
5887.0,-0.8518060405327408
5888.0,0.45295171047221056
5889.0,0.12654334186070576
5890.0,-0.617410503402784
5891.0,0.5044102359811741
5892.0,1.836508991455787
5893.0,-0.14521797880152487
5894.0,-0.5393004077282041
5895.0,0.8096144942368322
5896.0,1.9966189644534333
5897.0,0.45262050420013045
5898.0,1.314815514879069
5899.0,0.9857522293220894
5900.0,1.049361977624915
5901.0,0.9539083137609585
5902.0,1.7004324807877438
5903.0,0.2421102597498474
5904.0,-0.11575951688951502
5905.0,-0.6032145653400592
5906.0,0.5312245532218068
5907.0,-0.5460725843011277
5908.0,1.3419131532638473
5909.0,1.2140588759910593
5910.0,-0.8854351104035074
5911.0,0.8264669834781646
5912.0,0.688089384548561
5913.0,-0.19124348211558972
5914.0,0.5579591490875633
5915.0,0.4962606818474499
5916.0,0.4601869869645528
5917.0,1.5250025676246919
5918.0,0.9519156053718199
5919.0,2.0242337972939697
5920.0,1.2789555189313855
5921.0,1.2797530257649652
5922.0,0.888102622484557
5923.0,-2.5516264359371985
5924.0,1.0552763490428774
5925.0,-0.9596751444834865
5926.0,-0.9506539919819665
5927.0,-0.6523976635504872
5928.0,2.29296596144766
5929.0,1.458778326569384
5930.0,0.7351301504339803
5931.0,-0.2942914405002092
5932.0,0.31060257227435173
5933.0,0.3171033622017516
5934.0,0.3769950464766366
5935.0,0.9708688048432997
5936.0,2.0181835603350646
5937.0,-0.14770401199984146
5938.0,1.9745624530378967
5939.0,-0.5157430505233999
5940.0,-0.2254630403004123
5941.0,-0.9568939968988324
5942.0,0.3158999291686782
5943.0,-0.3323279067525623
5944.0,1.1610446308421034
5945.0,0.5465958929024373
5946.0,-2.1210283686824263
5947.0,1.4238933301868881
5948.0,1.3205871027040195
5949.0,1.1738810472038836
5950.0,0.8446918639451756
5951.0,0.26816064578971455
5952.0,2.3075114852034266
5953.0,2.2085409975472605
5954.0,1.961135953569198
5955.0,-0.3213124432765391
5956.0,-0.7305922794039974
5957.0,0.8822048261894078
5958.0,0.3795491970588946
5959.0,-1.230283243460786
5960.0,0.17223051796509178
5961.0,-0.24921341187258683
5962.0,0.06654395813408276
5963.0,1.832930689248846
5964.0,-0.05007633539941575
5965.0,0.5066833015488602
5966.0,0.20695065533955284
5967.0,0.06685523670533178
5968.0,1.1317518962479465
5969.0,-2.0753808246170364
5970.0,-0.2820728712008908
5971.0,0.2293359712634176
5972.0,1.0082708030297352
5973.0,2.5686831096952516
5974.0,0.7686328030494032
5975.0,0.3174031371876947
5976.0,-0.08908425506746775
5977.0,0.13489454816750562
5978.0,-1.4268032888474609
5979.0,-0.09773703128858735
5980.0,0.05600357608324713
5981.0,-0.2337184395497503
5982.0,-0.8464999668064583
5983.0,-0.9027342772649909
5984.0,-0.5374817057368615
5985.0,1.2088314017349107
5986.0,0.4417036710153319
5987.0,-0.08327017829662398
5988.0,0.3835554465779134
5989.0,0.8008738686269143
5990.0,-1.158174335431144
5991.0,0.043030235866659716
5992.0,1.9726815699452847
5993.0,0.06659271936042038
5994.0,0.6500660053588992
5995.0,0.493351081024027
5996.0,0.027358919653489244
5997.0,0.02811954195699068
5998.0,0.09228115486303895
5999.0,0.6916347127744467
6000.0,0.1469614232641273
6001.0,0.01990468620659175
6002.0,-0.057530033885320186
6003.0,-0.6855683892659716
6004.0,1.164804013519948
6005.0,-1.4321006467147044
6006.0,0.8735686986361229
6007.0,0.050982882136842544
6008.0,-0.5033941217153538
6009.0,0.690105575303865
6010.0,-0.28577441747762167
6011.0,1.2562245345527432
6012.0,-0.3661193546197806
6013.0,-1.492287208982995
6014.0,-0.35602024229069057
6015.0,-1.1368827619970752
6016.0,-2.289694987412273
6017.0,0.19009205147508612
6018.0,2.26950873360855
6019.0,0.020075289270085617
6020.0,1.7024202707108345
6021.0,0.7520486199499199
6022.0,1.1459439160779024
6023.0,0.22588026818424958
6024.0,0.5685322619768189
6025.0,-2.3512788950452976
6026.0,-0.28174892295350884
6027.0,0.7805398697723709
6028.0,-0.21715571092267277
6029.0,2.2731185180244475
6030.0,-1.3643959460264519
6031.0,0.3023346114162082
6032.0,0.7744882764628944
6033.0,-1.0721859067070647
6034.0,-0.38808725776933944
6035.0,-0.9105744178697515
6036.0,-1.1784868515015479
6037.0,0.6822376680122872
6038.0,1.5967622289460404
6039.0,1.6222714773384688
6040.0,0.06606905501124027
6041.0,0.9602162730931412
6042.0,-0.37614467618591335
6043.0,-0.05852321757338069
6044.0,-2.22325019591771
6045.0,1.0057340197133902
6046.0,0.33818260204483885
6047.0,0.669607328386019
6048.0,0.5259557096469073
6049.0,0.8742685459306632
6050.0,1.9509321209440893
6051.0,0.925943486909688
6052.0,2.243569658673272
6053.0,0.33840573258531564
6054.0,0.34510457682502244
6055.0,1.0489810742107037
6056.0,0.391176570661119
6057.0,0.36882448676182833
6058.0,-0.8692405594348814
6059.0,2.304956931832283
6060.0,-0.5662652627425296
6061.0,-1.0545746531709157
6062.0,-2.0807131745955734
6063.0,0.21797079406380945
6064.0,0.8523717760327576
6065.0,0.8059211645716897
6066.0,1.9575979938604906
6067.0,1.136076687480386
6068.0,0.77399359729339
6069.0,0.20635515089569487
6070.0,-0.36000971706233614
6071.0,0.2126299571336351
6072.0,1.0116545062310096
6073.0,0.7938885652771952
6074.0,1.4659422766002748
6075.0,0.6036875981352983
6076.0,1.7368383737327826
6077.0,1.034139953084178
6078.0,-0.019054752512185302
6079.0,-1.3669289813717076
6080.0,1.7854797982622408
6081.0,0.36394656878595366
6082.0,1.601893197735341
6083.0,1.0759785289309205
6084.0,0.09208688452407532
6085.0,0.08343439464228286
6086.0,0.8255853002801112
6087.0,1.7683095354575324
6088.0,1.8572795502522665
6089.0,1.1157012620572033
6090.0,-1.4798493061328086
6091.0,0.6859112323480647
6092.0,1.41033460192681
6093.0,-0.178804456479976
6094.0,-0.22817550530787956
6095.0,1.0344022779422752
6096.0,-0.2424889165787072
6097.0,-1.2904836299901676
6098.0,0.379348028484242
6099.0,2.7863248851010485
6100.0,0.5534648703816575
6101.0,1.6155989215128361
6102.0,0.9984127049651533
6103.0,0.6481001024158625
6104.0,-0.6427455940137872
6105.0,-0.012201044827750307
6106.0,0.05831642994145014
6107.0,2.2203267152537745
6108.0,1.2502457303598884
6109.0,0.18953151390478298
6110.0,1.3937745012030889
6111.0,1.0200281773422024
6112.0,0.3285303353983654
6113.0,2.7184701531928672
6114.0,1.2426276793315338
6115.0,0.6349482035146461
6116.0,-0.6176429702416919
6117.0,0.6009072272031568
6118.0,-0.7175434538775001
6119.0,-0.894669051897684
6120.0,0.5077176835122197
6121.0,0.9332125200000906
6122.0,0.6225049913816714
6123.0,-1.2111813587042404
6124.0,1.0622488589568793
6125.0,1.146178464267679
6126.0,1.7426601017753756
6127.0,0.9804871401208332
6128.0,1.6032019174344456
6129.0,3.3691512154721384
6130.0,0.10219416735756748
6131.0,1.4000549985182678
6132.0,-0.9633861226055765
6133.0,0.3485265760801183
6134.0,1.4335843102123258
6135.0,0.39885892398090644
6136.0,0.017408988206630616
6137.0,2.1233321298356813
6138.0,1.2942890684319401
6139.0,1.7510483678942084
6140.0,1.0630244608691726
6141.0,-0.11820723833476132
6142.0,-0.48398711748168816
6143.0,1.1264444641558014
6144.0,-0.04951350200222254
6145.0,1.3795968696088758
6146.0,0.7811812056440615
6147.0,1.0737479257491207
6148.0,-0.2854860543306501
6149.0,1.0431156220696551
6150.0,1.3042810164116236
6151.0,0.28947007273494296
6152.0,0.18134343850163603
6153.0,0.10851039598274054
6154.0,0.6576396151438529
6155.0,1.0040095207338164
6156.0,-0.6116991969833242
6157.0,2.5799454713235757
6158.0,1.092780115484162
6159.0,-1.1973563680407382
6160.0,0.8623309404549163
6161.0,2.032662519875277
6162.0,0.18592669536095605
6163.0,1.31362636886054
6164.0,-1.215778504240839
6165.0,0.8195902614132748
6166.0,0.31028305281709195
6167.0,2.6450880298405437
6168.0,0.28509274374939764
6169.0,-0.36239771750347094
6170.0,0.7140750248727439
6171.0,1.1260399931013103
6172.0,1.231304313216127
6173.0,-0.010685414753455358
6174.0,-0.764332935046561
6175.0,-0.6899253261537879
6176.0,-0.27125262064917244
6177.0,1.4899936700211835
6178.0,1.9948984473995486
6179.0,1.1322884859473759
6180.0,-0.2868629341017942
6181.0,-0.3416827022215043
6182.0,0.26027312255143276
6183.0,-0.2329146083140285
6184.0,0.7731462638864826
6185.0,-0.37664779027248585
6186.0,-1.3939502065340394
6187.0,-0.6246405401619759
6188.0,0.861900166085053
6189.0,0.35683767581700104
6190.0,0.2867410187350332
6191.0,0.06190717954317759
6192.0,1.5227066688856048
6193.0,-0.2876895421500403
6194.0,-1.7130774423827724
6195.0,1.6692891561702545
6196.0,-0.19775619299916503
6197.0,0.22499433304620198
6198.0,-1.3123042845854584
6199.0,-0.9345502175882954
6200.0,2.439720947314689
6201.0,-0.24629181116665544
6202.0,-0.3426510374564208
6203.0,0.2674851766839957
6204.0,-0.6084415581041939
6205.0,-0.5896733134378517
6206.0,1.8826155467616972
6207.0,-0.35040910753642107
6208.0,0.005593933557662689
6209.0,1.3516751095236221
6210.0,0.20916628555817998
6211.0,0.6586346043300484
6212.0,0.9663528572503696
6213.0,1.5168634329831847
6214.0,-0.8102694559441237
6215.0,1.592856136326367
6216.0,0.6635583836950006
6217.0,1.6048109124401635
6218.0,0.06054558909783997
6219.0,0.488617658679275
6220.0,0.37110079161262366
6221.0,0.560241287948767
6222.0,0.09111807680440742
6223.0,0.842782180610483
6224.0,-0.20752704035915615
6225.0,1.3384116149337466
6226.0,1.4622771408178266
6227.0,-0.7417922722199302
6228.0,-1.3772407210748525
6229.0,-0.4228420329246555
6230.0,1.4301676211401073
6231.0,2.625547415307503
6232.0,1.2665543995777284
6233.0,1.1494787997510383
6234.0,0.1120369892194894
6235.0,-0.9904862086983827
6236.0,0.639482351897341
6237.0,2.3071193813156574
6238.0,-0.06427019045148241
6239.0,1.8252027829051474
6240.0,2.1615833228795935
6241.0,0.49213015467049925
6242.0,-0.5552019616686823
6243.0,-0.14535773088973447
6244.0,0.25823314308098305
6245.0,0.7375303873159398
6246.0,-0.008771517573341214
6247.0,0.9434448422087207
6248.0,-0.2550035746844259
6249.0,0.12801153401613347
6250.0,0.5525527563662211
6251.0,-0.7909152617844974
6252.0,-1.0584122817583284
6253.0,0.23035779757721853
6254.0,0.8570394349932731
6255.0,0.6512213797588529
6256.0,0.6808671228042815
6257.0,-0.28548935006961795
6258.0,1.259430547540218
6259.0,0.7447360117016477
6260.0,1.2048756352182293
6261.0,-1.0322332140953252
6262.0,0.05239049208591684
6263.0,0.7708955915670144
6264.0,-0.6880091374736277
6265.0,0.6066694624753939
6266.0,-0.18418185551082955
6267.0,-0.25630182909735033
6268.0,-0.06788168185337334
6269.0,-1.299090513990364
6270.0,0.6269794155005336
6271.0,0.2776440207355068
6272.0,-1.3547468232719966
6273.0,1.9703983925598991
6274.0,1.1320892401283924
6275.0,1.302889110317226
6276.0,1.3763364633935757
6277.0,0.001436279967396592
6278.0,0.03551035264182828
6279.0,0.11132717649924856
6280.0,1.8747315254415562
6281.0,1.8720326722579652
6282.0,2.2862115836230497
6283.0,2.2879175358625115
6284.0,-0.9251471970213768
6285.0,0.4442888598260138
6286.0,1.93368932728121
6287.0,1.3168599713276432
6288.0,1.1949320143535085
6289.0,-1.0822567636739553
6290.0,0.9421697494529607
6291.0,1.1231487579524733
6292.0,1.4089851832051281
6293.0,0.7001978701198902
6294.0,1.355509119044756
6295.0,-0.31766646836459855
6296.0,0.32894506917878175
6297.0,-0.37559057957412606
6298.0,1.5240627576156562
6299.0,0.6698673017616037
6300.0,3.204043730392711
6301.0,0.7528882593375651
6302.0,-0.12375846632539694
6303.0,0.7205665645310231
6304.0,0.3011053081317723
6305.0,0.676387122813335
6306.0,-0.3816322869134089
6307.0,1.1468074624690925
6308.0,-0.18338794250773655
6309.0,-0.26458018179915943
6310.0,-0.5791946335991663
6311.0,0.6825734876008258
6312.0,0.5762562894093571
6313.0,0.2508139437219541
6314.0,1.1829949301695697
6315.0,0.11029605991732161
6316.0,0.3159769884655708
6317.0,0.3656092559919931
6318.0,0.7583728407283863
6319.0,-1.15292522900543
6320.0,-0.1689358843056944
6321.0,0.7603868956727466
6322.0,-0.05866301833160592
6323.0,1.2349004085597652
6324.0,3.318008031672454
6325.0,-0.3427650691886716
6326.0,-0.7249532201833274
6327.0,0.25145113389261065
6328.0,0.4217163254329678
6329.0,-1.8550081657758628
6330.0,0.9889357192723671
6331.0,0.7620517353763729
6332.0,1.4751998865205493
6333.0,-0.2778846984152608
6334.0,2.56228002575589
6335.0,-0.6198932046751208
6336.0,1.9085574356148218
6337.0,-0.46182098878406475
6338.0,1.0648568024580904
6339.0,0.5869549917509677
6340.0,-0.42580973050055915
6341.0,1.543772236650327
6342.0,1.5747551261695565
6343.0,0.31029469648364433
6344.0,1.1998213774399749
6345.0,2.5734119920592717
6346.0,1.6997097256704832
6347.0,-0.32804736109347005
6348.0,1.0042777680052
6349.0,1.2301513434884885
6350.0,-0.46692515556504754
6351.0,1.6064886561257403
6352.0,-0.13252105628266886
6353.0,-1.8439053867926634
6354.0,-0.04427639907676706
6355.0,-0.4117223371236967
6356.0,2.2947150642377823
6357.0,0.12180287822441047
6358.0,-0.32562169930659485
6359.0,-1.2810773783579807
6360.0,1.484789408472213
6361.0,-1.1099311911879175
6362.0,0.9830867639626746
6363.0,0.43961681542149883
6364.0,-0.6268521800529319
6365.0,2.1135788034333025
6366.0,-1.390551868079075
6367.0,-0.2459827808009487
6368.0,-1.9833812837954299
6369.0,1.2638536811486898
6370.0,0.06149714493093822
6371.0,0.985649779027167
6372.0,0.8452517315903826
6373.0,0.6790080284207995
6374.0,-0.6314285522120314
6375.0,0.7699719539406249
6376.0,0.2529005615143252
6377.0,-0.24050515469724215
6378.0,0.1216973588535134
6379.0,-0.229016853828096
6380.0,0.7461108220894863
6381.0,0.34636738571899545
6382.0,0.13820162258838103
6383.0,1.6273512940193584
6384.0,-0.39552217461933636
6385.0,-0.07965165413978631
6386.0,1.6498736363676105
6387.0,0.21592781278212245
6388.0,0.4860557300029
6389.0,-0.7301173227959253
6390.0,1.8978889392923588
6391.0,0.8633601634089858
6392.0,0.8902330462246921
6393.0,0.44487499721712465
6394.0,1.1301185565533176
6395.0,-0.20192974719810863
6396.0,0.392621028873931
6397.0,-0.029115288541410156
6398.0,-0.24558892928751141
6399.0,-0.23237731435900777
6400.0,1.7745943990105832
6401.0,0.12800010884039933
6402.0,1.354718785747242
6403.0,-0.27982898011807555
6404.0,1.0797916183177025
6405.0,0.567406727399616
6406.0,0.9166680077292656
6407.0,1.6393016936986187
6408.0,0.9045009532341952
6409.0,-0.8294801792018421
6410.0,-2.1155155343547047
6411.0,1.0925288282262564
6412.0,0.7649241636522726
6413.0,0.22674508018153886
6414.0,0.8620911654193611
6415.0,-0.4411114082930051
6416.0,0.7535089295147426
6417.0,-0.18491260158469136
6418.0,0.67263071326576
6419.0,-0.2596865095332524
6420.0,1.5038485176216603
6421.0,0.9377765848462218
6422.0,1.5355194634795235
6423.0,1.7779632706189246
6424.0,0.8306411616887228
6425.0,2.4383951138845585
6426.0,-1.885561456908735
6427.0,0.041143075094885906
6428.0,-0.30450622740441724
6429.0,1.4119374389335908
6430.0,0.38032882280837493
6431.0,-0.034914594343434635
6432.0,0.8688218459220012
6433.0,-1.2489180320233124
6434.0,0.2654254011783132
6435.0,0.9474043439180714
6436.0,1.9287214082049349
6437.0,0.37461460665333124
6438.0,1.7423167649783757
6439.0,1.652899357054653
6440.0,-1.2149464831596362
6441.0,0.1565027471585445
6442.0,-0.541467917991667
6443.0,0.8369960349583296
6444.0,0.20145208884208565
6445.0,1.015081226323055
6446.0,-0.9538897144701218
6447.0,0.146284602691357
6448.0,1.883889531079317
6449.0,-0.6735348814518078
6450.0,-0.6229288401469951
6451.0,1.351765962322443
6452.0,-0.22168109107263262
6453.0,0.9947930404925447
6454.0,1.4300348706852288
6455.0,0.8827009601422486
6456.0,-1.0962175312147584
6457.0,0.875643310252524
6458.0,-0.11515916988646202
6459.0,-0.6140943382404837
6460.0,2.163574297774715
6461.0,0.6637379556849579
6462.0,1.0103497925949405
6463.0,0.22290906926241755
6464.0,-1.8954367002329442
6465.0,0.0872863736024635
6466.0,0.42397418263021347
6467.0,0.5012631088892999
6468.0,0.8251521023381326
6469.0,-1.3205506249841628
6470.0,0.9052617686674309
6471.0,1.1431965369475188
6472.0,-1.3953513635165469
6473.0,0.1717481066079879
6474.0,-1.2983747141097348
6475.0,1.0471932942143285
6476.0,0.2436061302180046
6477.0,2.311196696065197
6478.0,0.042383337557678036
6479.0,0.6275259966915394
6480.0,0.8771387169593707
6481.0,-0.9488810797179167
6482.0,1.0931174858782557
6483.0,0.8982697533641905
6484.0,-1.4654393671164345
6485.0,-0.032474290581443355
6486.0,1.4158902829950863
6487.0,0.30983535891448943
6488.0,0.3968922836436542
6489.0,-0.4158694562845908
6490.0,-0.34446500117127477
6491.0,-1.0124964228459983
6492.0,-0.14221047028047457
6493.0,-1.230941603656788
6494.0,-1.3580653115112988
6495.0,-0.048380669935221665
6496.0,-0.5250004057699215
6497.0,1.2694362364625085
6498.0,0.36739272020841707
6499.0,0.6214025412584756
6500.0,2.0662901110642276
6501.0,0.8679965077735007
6502.0,2.440350670289079
6503.0,1.0794332866328669
6504.0,-0.19204557175826542
6505.0,2.40891338860002
6506.0,0.6325125978250896
6507.0,1.2646685204177093
6508.0,0.31458722290506913
6509.0,-0.09644750300467575
6510.0,0.18532556031071268
6511.0,1.4619130269210152
6512.0,1.1613155284733896
6513.0,0.4222254102481039
6514.0,-0.16185518230326157
6515.0,1.7985277109678393
6516.0,0.6765092540026647
6517.0,0.7656875274996855
6518.0,1.227431319378229
6519.0,-0.419378105559983
6520.0,-1.7059537131200666
6521.0,0.021486118768653084
6522.0,0.6685934109503089
6523.0,0.3452042584363506
6524.0,-1.5346089363552438
6525.0,-0.5733617514531844
6526.0,0.8510898722054927
6527.0,0.11583426822054665
6528.0,0.878691611203832
6529.0,-0.992976147818386
6530.0,-0.5621749351386687
6531.0,0.07426181127472392
6532.0,0.3558109185332073
6533.0,0.8518720167222328
6534.0,-1.1150676339856838
6535.0,-0.8045052655323128
6536.0,0.6948458181527415
6537.0,1.1948360959438156
6538.0,-1.3590219324490824
6539.0,-0.4423670456402219
6540.0,2.25030860514053
6541.0,0.11027007559970986
6542.0,0.9915349324412314
6543.0,1.1331530942464798
6544.0,-1.8183131665627794
6545.0,1.5023003484437853
6546.0,-1.6176132008067838
6547.0,-0.17180435322415943
6548.0,-1.8498549787940557
6549.0,-0.338556241695191
6550.0,1.9950942048679319
6551.0,-1.008112214747988
6552.0,1.6903227355721178
6553.0,-0.48985511628422773
6554.0,2.496425948182533
6555.0,0.03634981133411769
6556.0,-0.07406016018949957
6557.0,0.9797433558212799
6558.0,-0.2523370941479244
6559.0,-1.370366568413269
6560.0,0.13586584269834198
6561.0,-0.6585069383209259
6562.0,-0.48388486120691854
6563.0,0.8041466122557472
6564.0,1.5023451833702943
6565.0,-3.308484245152018
6566.0,0.9961054762589217
6567.0,0.5795826138090563
6568.0,1.6336567573959297
6569.0,0.7764288688082145
6570.0,1.0326453665782047
6571.0,-0.2268703299306835
6572.0,-0.24730432688339887
6573.0,-0.8589399140994167
6574.0,1.5010757480834636
6575.0,1.5621158481455732
6576.0,0.04793811434745582
6577.0,0.47840110989017026
6578.0,1.1006652630691158
6579.0,-1.096913529086767
6580.0,0.8753840461454755
6581.0,1.157101965280904
6582.0,-0.5734554824662433
6583.0,0.2538153893498839
6584.0,0.5383666071566353
6585.0,0.8703180838824274
6586.0,-0.8821264700001687
6587.0,0.6382424044572189
6588.0,0.7264305481619505
6589.0,0.16903365913779547
6590.0,0.186652834393077
6591.0,0.36790574068894094
6592.0,0.019574873514923985
6593.0,0.8058769131628751
6594.0,1.7426920227054343
6595.0,-1.2487448878848504
6596.0,-1.4089680868011845
6597.0,0.39937860470119796
6598.0,-0.05454687926002927
6599.0,1.6602704404797457
6600.0,-0.18265809694258195
6601.0,-0.2423130213993785
6602.0,-1.2487103613083022
6603.0,1.190770280445022
6604.0,0.30019250285145915
6605.0,-1.944014434064087
6606.0,-0.7663423180715967
6607.0,-0.8800012062019065
6608.0,-1.1919758396631062
6609.0,-0.6877401377809974
6610.0,-0.4080059697929707
6611.0,0.2634130162074705
6612.0,1.6355757472448196
6613.0,1.0993848168774436
6614.0,-0.00010682794034394538
6615.0,0.9901127250135209
6616.0,0.8195571823654295
6617.0,0.8927885083628188
6618.0,2.0809743520996427
6619.0,1.479336865500016
6620.0,-1.3586545521055093
6621.0,1.4259251590865818
6622.0,-0.4313694345410758
6623.0,-0.7637337053109975
6624.0,1.6100068856793976
6625.0,-0.234709353713775
6626.0,0.1656952708460159
6627.0,-0.02880223317605124
6628.0,-0.8618039224584659
6629.0,-2.1128325556435232
6630.0,0.39704505573471677
6631.0,0.8565957044003554
6632.0,-0.7288992506042402
6633.0,-1.2183467165704078
6634.0,1.3166573644425108
6635.0,-0.6862696806713071
6636.0,0.7357318972155801
6637.0,1.010267166692316
6638.0,-1.35861984558705
6639.0,0.7645983978416889
6640.0,-0.19819366820610196
6641.0,0.5692744766458323
6642.0,-0.20331534800334006
6643.0,-0.1424232164551485
6644.0,1.095013540242749
6645.0,0.36551012937878286
6646.0,-0.5699290110391353
6647.0,-0.06461436498890405
6648.0,-1.0452355370376272
6649.0,-0.2327575667337462
6650.0,-0.06639109072775878
6651.0,1.215987980381961
6652.0,-1.3093752592771857
6653.0,1.4554339154718505
6654.0,-0.813315639499246
6655.0,-0.161669555509108
6656.0,1.018427788063064
6657.0,-1.104175924023718
6658.0,1.5293233066669547
6659.0,0.6879866643013492
6660.0,0.3658938072132285
6661.0,0.05391117053330824
6662.0,0.7927770397377483
6663.0,-2.0792671569512096
6664.0,-0.2487496217328784
6665.0,0.30307065086524304
6666.0,0.9648004090587476
6667.0,0.20207291519362885
6668.0,0.7702035383407266
6669.0,1.2057450313433962
6670.0,0.15571047607258143
6671.0,1.0154451340280644
6672.0,0.6606077719255095
6673.0,-0.3960230550286983
6674.0,0.7818173731582201
6675.0,2.547309181037505
6676.0,2.6019337101008038
6677.0,0.5428539648754825
6678.0,0.07675872078973484
6679.0,-0.045860295186924305
6680.0,1.2787641501349545
6681.0,-0.7989048247310443
6682.0,-0.36808586432032836
6683.0,0.8721477573584127
6684.0,-0.09021677264444916
6685.0,0.7190135447491095
6686.0,-1.7715122192435597
6687.0,1.07785784028531
6688.0,0.89690460844174
6689.0,-0.29412860415525655
6690.0,-0.3423094632222976
6691.0,1.37426829245185
6692.0,2.5242961141941094
6693.0,0.8723305895079647
6694.0,-0.25728917073013935
6695.0,0.25817369207698043
6696.0,-1.070794379292315
6697.0,1.2660032214067958
6698.0,0.6156926934994372
6699.0,1.1435658741444599
6700.0,0.13495132255716646
6701.0,-0.01640526248526114
6702.0,-1.1751483677179169
6703.0,1.5431837227564844
6704.0,-1.5091950301269992
6705.0,-0.4833579093518051
6706.0,-0.3344233946972909
6707.0,0.2831526820232174
6708.0,-0.5930743134636979
6709.0,-0.41228386198599953
6710.0,-0.765707233825982
6711.0,-1.2704757956801622
6712.0,0.8047641048411458
6713.0,0.1591503442566138
6714.0,-1.4532351854366938
6715.0,0.6526638118682486
6716.0,-0.18054788988834675
6717.0,-0.405347768960288
6718.0,0.4446646785073438
6719.0,0.9590693458740654
6720.0,0.6036078818883516
6721.0,0.6532589425493667
6722.0,-0.3280817878719111
6723.0,-0.7977567122651844
6724.0,-1.4593840517901615
6725.0,-0.5918151582517304
6726.0,1.70040050447214
6727.0,0.16358719341521932
6728.0,-1.733022992486525
6729.0,1.618901725116475
6730.0,0.2633326109237007
6731.0,1.3681931799374025
6732.0,0.568163411733783
6733.0,-0.11070553119632187
6734.0,0.24270067802662515
6735.0,-0.2945697736043548
6736.0,0.9180264710920308
6737.0,-0.1517749992691006
6738.0,-1.4751569153380637
6739.0,0.8544586799746046
6740.0,0.25244582910935415
6741.0,0.705971286086613
6742.0,-1.1410638997701268
6743.0,-0.6221091395499001
6744.0,-0.1513486710604574
6745.0,-0.06711052467684192
6746.0,-0.16705670212329587
6747.0,-0.1857149931975815
6748.0,1.1226566154162587
6749.0,-0.5335344867287807
6750.0,1.6367292762147407
6751.0,-1.373333857236855
6752.0,1.0151251992702894
6753.0,-2.3710870548287377
6754.0,1.6855380702305012
6755.0,1.0082301941771339
6756.0,0.5481857694766441
6757.0,1.5355366684849472
6758.0,-0.15886918150076534
6759.0,1.327527088609612
6760.0,0.22699940072304275
6761.0,0.440763964599253
6762.0,1.461787430084093
6763.0,-0.6833109927147479
6764.0,-0.4209357783028008
6765.0,-0.10518479535249059
6766.0,1.2461144424346156
6767.0,1.4381258015741771
6768.0,-0.08902037059883272
6769.0,0.01743760564960878
6770.0,1.8001534787260678
6771.0,-0.05652231440165312
6772.0,-1.099408231593056
6773.0,-1.2866475791169214
6774.0,0.435202990541647
6775.0,0.8953420719116624
6776.0,0.548012222370619
6777.0,0.04019318590582288
6778.0,-1.3189555666669275
6779.0,-2.3693412871115016
6780.0,0.5600467332203682
6781.0,1.308750249384258
6782.0,-1.0270305247785503
6783.0,0.4588920401184855
6784.0,0.3293589397127238
6785.0,-0.22262195131525064
6786.0,-0.9152229290476946
6787.0,-1.0348494822312846
6788.0,1.061891858555635
6789.0,-0.9461833731250977
6790.0,-0.29119950029013825
6791.0,1.2841430505362306
6792.0,0.15771805994736385
6793.0,-0.6984043301521874
6794.0,1.9657808715790455
6795.0,-1.1275154106127196
6796.0,1.6280277262244043
6797.0,-1.0499199587467567
6798.0,0.6249620424809914
6799.0,0.43542776019390317
6800.0,0.74937167729384
6801.0,-0.28485507247993697
6802.0,-0.5298663791868939
6803.0,-0.8284411136268472
6804.0,0.8944375014094976
6805.0,2.6569666990696748
6806.0,1.4353096336264621
6807.0,-0.027782263328091583
6808.0,1.005367855528951
6809.0,0.31727532509189266
6810.0,0.15979172387682372
6811.0,0.12970880594400885
6812.0,0.11903051777556287
6813.0,-0.3974608348640739
6814.0,1.9211678865775959
6815.0,-0.16631613175573806
6816.0,1.2796835622417668
6817.0,-0.40922723314705234
6818.0,1.639066446666372
6819.0,-0.5366522439655689
6820.0,-1.0870557720002127
6821.0,0.6950333039133108
6822.0,0.06595924929607844
6823.0,-1.2853205896459068
6824.0,0.6177727245540477
6825.0,1.4249920257398312
6826.0,0.6349315768657549
6827.0,-1.1629818775264855
6828.0,-0.412696308097413
6829.0,0.2953976758984573
6830.0,1.5858626078997393
6831.0,2.1309678866843953
6832.0,2.1862065117335825
6833.0,0.5147520050542475
6834.0,-1.7275044796953876
6835.0,-0.9077518392654778
6836.0,0.09508372877985694
6837.0,-0.6472789347396379
6838.0,1.3408996473329418
6839.0,0.2431578757488334
6840.0,0.45237003462382913
6841.0,0.5966674056707846
6842.0,-1.5307930775716314
6843.0,-0.2793687049503975
6844.0,0.3796307661831738
6845.0,-1.1339699949931652
6846.0,-0.33122110426655094
6847.0,0.8289003838855403
6848.0,-0.7180164908549429
6849.0,1.5923429815343124
6850.0,0.5544474397125898
6851.0,0.1314135766719895
6852.0,0.0734926945542839
6853.0,0.19485831699801223
6854.0,0.22240908546652113
6855.0,-0.3227631213956865
6856.0,-2.170317707914573
6857.0,2.963542528528901
6858.0,-0.1843812622482751
6859.0,0.6895018282497836
6860.0,1.536658603900798
6861.0,0.48010458967466424
6862.0,-0.7019555306283798
6863.0,0.8881740642237028
6864.0,1.9782975261530455
6865.0,0.7311652076255348
6866.0,0.4504927496975365
6867.0,0.00677744891046328
6868.0,-1.012221331655862
6869.0,-0.4842625905290139
6870.0,0.5510032909192966
6871.0,0.27604220409206853
6872.0,1.9222802777837054
6873.0,0.8037486351805112
6874.0,0.25041497688710496
6875.0,-0.30994873721695726
6876.0,-0.24434429395613683
6877.0,-0.5887874194129689
6878.0,0.5681876905067332
6879.0,0.9297005003353422
6880.0,0.5758873500170805
6881.0,-0.23855384294921567
6882.0,0.6160223077101459
6883.0,-1.7703137599607122
6884.0,1.6111582865532328
6885.0,1.0585946988014971
6886.0,-0.8179299849778071
6887.0,0.3142156066494414
6888.0,0.5691697156490614
6889.0,-0.7789635200441901
6890.0,-2.2440057335013424
6891.0,0.15979153949437488
6892.0,0.45114499699516064
6893.0,0.3908492695705664
6894.0,0.5732489890813717
6895.0,-1.1221999066644144
6896.0,1.6968448263187763
6897.0,-1.05835759522121
6898.0,0.18915942623405071
6899.0,1.4892945178426271
6900.0,-0.41168243026132667
6901.0,-0.07032510965832978
6902.0,-0.45977581116825816
6903.0,1.2565964326797232
6904.0,2.141537609491199
6905.0,-0.4261684655078164
6906.0,0.10703983881272655
6907.0,-0.7108774044248727
6908.0,1.394382978627986
6909.0,0.17326012690745315
6910.0,0.4293341028950621
6911.0,0.08006912825033949
6912.0,-0.06627071023715592
6913.0,0.35089191553186133
6914.0,-1.445359905953015
6915.0,0.30582174644278215
6916.0,0.03102106419916789
6917.0,1.8912251590415234
6918.0,0.39371444695629165
6919.0,-0.03569932202734111
6920.0,-0.34949857466834233
6921.0,-0.5849203242216845
6922.0,1.7372783247368837
6923.0,1.4523483909476638
6924.0,1.8562520994492313
6925.0,0.6554139395413959
6926.0,1.3982179630470293
6927.0,0.5477563953245064
6928.0,1.270566950992528
6929.0,1.9381855911704322
6930.0,0.9870960163811794
6931.0,0.499859704208734
6932.0,1.344526327134636
6933.0,1.2859777018711422
6934.0,-0.12583183498498324
6935.0,-0.19769652576243046
6936.0,-1.7482204323898145
6937.0,-1.5000264165151778
6938.0,-0.49309576462273397
6939.0,0.8868567723435932
6940.0,2.5903307006753904
6941.0,-0.5300500772173439
6942.0,0.5721781179719394
6943.0,1.5770339354336964
6944.0,0.936056432783582
6945.0,0.21519574899930688
6946.0,0.356084038143642
6947.0,1.3071254964519863
6948.0,0.9587911317733593
6949.0,0.2929347372744264
6950.0,1.3243797950939715
6951.0,0.704864040983082
6952.0,1.3798813703588149
6953.0,0.21098740932269722
6954.0,-0.865514708586341
6955.0,0.45540256693693393
6956.0,0.1532154411491327
6957.0,2.100001141826727
6958.0,-0.7718348431349135
6959.0,1.3513130181286468
6960.0,0.8588326800313355
6961.0,-0.35511232025348016
6962.0,1.6739968626145427
6963.0,-1.9925893779124786
6964.0,-0.7303140532055876
6965.0,1.5834913491556788
6966.0,-0.01240009613505566
6967.0,2.0520874944136147
6968.0,-1.3626269730703549
6969.0,1.9430389625984161
6970.0,0.1073656065403599
6971.0,-0.0493166731627776
6972.0,1.9077112983735058
6973.0,-0.5632832495037365
6974.0,0.12357027012439359
6975.0,-0.002390900148614983
6976.0,-1.0815460014323743
6977.0,-0.11501119674229116
6978.0,-0.1847460551637221
6979.0,0.0431647572776733
6980.0,1.586182914053735
6981.0,0.3647858172889396
6982.0,0.4081903899528207
6983.0,0.7212999214998022
6984.0,0.5207369459520993
6985.0,-0.20868038360573077
6986.0,1.0549219777851349
6987.0,1.1115981585702754
6988.0,-0.6701802749736218
6989.0,1.1118535862311294
6990.0,0.4504171893215144
6991.0,0.3985964252667912
6992.0,-1.5996261099039346
6993.0,1.3883474891348633
6994.0,0.7644728942184806
6995.0,1.8183523508323225
6996.0,0.6661879073723926
6997.0,-0.4815276889481708
6998.0,-0.140729656877413
6999.0,0.4831605527167775
7000.0,1.4267306753423457
7001.0,-0.25495604751960393
7002.0,-1.5140970872947812
7003.0,-0.5856718982084562
7004.0,1.6342142021057966
7005.0,-0.06975801006259535
7006.0,0.4303818497340657
7007.0,-0.992368581359734
7008.0,0.6209342484410624
7009.0,2.4047443879402373
7010.0,0.31220423385840557
7011.0,0.16248679243296
7012.0,-0.8319539017001452
7013.0,0.34211046431590053
7014.0,1.6018907001043519
7015.0,1.2509060634794915
7016.0,0.4078236869089047
7017.0,-0.35622912782776284
7018.0,0.8366789479632298
7019.0,0.15587263146469238
7020.0,-2.3870917318517284
7021.0,-0.4588570153181163
7022.0,0.20706323254819248
7023.0,-1.3466512530709067
7024.0,1.7123427626991785
7025.0,0.5382443415767448
7026.0,-1.3103361180372757
7027.0,-0.968899758135561
7028.0,0.44623797013012745
7029.0,-0.716009088172475
7030.0,1.6307401877674357
7031.0,-1.2928678688374753
7032.0,-0.7387281938238554
7033.0,-2.9727390741076984
7034.0,-0.5264823888722217
7035.0,0.3850785944368571
7036.0,-0.4557371213871607
7037.0,-0.8991676824339998
7038.0,-0.09353269713423851
7039.0,-0.16993226260228678
7040.0,0.6765147876449378
7041.0,2.0236839495581704
7042.0,-0.10468518604702792
7043.0,1.8989010590522373
7044.0,0.8291829796268914
7045.0,-0.7411645264793725
7046.0,-0.6241250255411005
7047.0,2.6706958420069515
7048.0,-1.979541757423646
7049.0,0.9376029255688666
7050.0,1.2864439286691067
7051.0,-0.3038470775229737
7052.0,0.14631237964645405
7053.0,1.829835133807457
7054.0,0.6529245285193654
7055.0,-0.8456898152847436
7056.0,0.5395672165298049
7057.0,1.5785629534075152
7058.0,0.23939458707444036
7059.0,-0.7547567699281712
7060.0,0.8548114655678499
7061.0,0.9445139156576481
7062.0,0.2533033278915337
7063.0,0.13943997309633716
7064.0,0.7137836811614239
7065.0,0.9878425786581305
7066.0,0.024246761022984037
7067.0,1.5251935910423693
7068.0,0.8808720517208574
7069.0,-1.4925257071203477
7070.0,1.4503876255631942
7071.0,0.2827015376469853
7072.0,0.330617858905203
7073.0,-1.8077322529692177
7074.0,-0.016239706464795667
7075.0,-0.7825182522996603
7076.0,0.49567146265049233
7077.0,0.4409296996005122
7078.0,1.4318450006823062
7079.0,0.30411625719866325
7080.0,-0.2334955361766904
7081.0,0.8964185700012202
7082.0,0.21398606979869012
7083.0,0.0422951115037459
7084.0,0.2538746403557596
7085.0,0.07321005935802574
7086.0,1.0143467992128077
7087.0,0.303010903726571
7088.0,-0.2641661606123491
7089.0,0.7271289249533877
7090.0,-0.8455267321576245
7091.0,0.3117689066463031
7092.0,-2.243546209382521
7093.0,-0.4496684389014515
7094.0,0.30736717563778926
7095.0,0.3810833450474269
7096.0,0.08819883711977825
7097.0,0.744988141239598
7098.0,0.9255997249206318
7099.0,0.11086912044194591
7100.0,-2.4264635345209675
7101.0,0.9370887665749366
7102.0,1.9085807977126281
7103.0,0.10493762075152094
7104.0,-1.3683008861560708
7105.0,-0.013629145929597963
7106.0,-0.287374760401737
7107.0,1.8536387727004706
7108.0,-0.40208921296120803
7109.0,-0.9831295676903111
7110.0,0.24791306516475153
7111.0,1.360396137263133
7112.0,0.767941558823826
7113.0,0.4866139870787233
7114.0,1.1330048237050754
7115.0,1.1195005048242526
7116.0,-0.09342273270936458
7117.0,0.27755847485658885
7118.0,0.007073838671844301
7119.0,-0.6588975447054494
7120.0,-0.9531791656652548
7121.0,1.1246860603054674
7122.0,-0.6324651846603073
7123.0,0.6612625371980879
7124.0,-0.5361206589102006
7125.0,1.065180251678345
7126.0,-1.1139466323110296
7127.0,0.04086220008988059
7128.0,0.6711646140267508
7129.0,-0.011469528849120725
7130.0,0.21587636694404463
7131.0,0.5368228794762571
7132.0,2.061290423504074
7133.0,-0.7975854644716077
7134.0,-2.3590720151181435
7135.0,0.22564514874813565
7136.0,0.44862474390901697
7137.0,1.496137048635756
7138.0,-0.6078310806696342
7139.0,-0.4178213165922035
7140.0,0.33315721699742923
7141.0,-1.1599006077918013
7142.0,0.009342916118577044
7143.0,0.7188385061877607
7144.0,0.217011275672782
7145.0,-0.12371200400866772
7146.0,0.3503560398621992
7147.0,-1.2547520125064295
7148.0,1.77543558410636
7149.0,-1.2731657964855614
7150.0,-0.8071657200164949
7151.0,1.0288762933447195
7152.0,1.941633651974401
7153.0,1.1210062897227508
7154.0,-0.3157940059398199
7155.0,0.920124001644588
7156.0,0.127179887370826
7157.0,0.47896616872311704
7158.0,0.9729928615892394
7159.0,-0.311645874501186
7160.0,-0.5095199411049947
7161.0,2.169814230532962
7162.0,-1.5089148870759972
7163.0,1.1304693925702787
7164.0,0.05210071755105147
7165.0,0.2765355170804959
7166.0,1.4753733364694384
7167.0,0.5125216695674998
7168.0,0.1183407283531451
7169.0,-1.1676111764475654
7170.0,0.986953062521088
7171.0,2.2344579621231397
7172.0,-1.7972821257266847
7173.0,-1.7055320804982064
7174.0,1.687367542673694
7175.0,0.02887285861891639
7176.0,-0.8265511599683729
7177.0,-0.2243467876357545
7178.0,-0.5647158602571629
7179.0,-0.6307861976591334
7180.0,0.8081870356156401
7181.0,1.3173313578261154
7182.0,0.9134190277055398
7183.0,1.7348890610416747
7184.0,1.1391747974516324
7185.0,1.3738347112609537
7186.0,-0.26862505700678807
7187.0,-0.17424363477675486
7188.0,1.6367214073164376
7189.0,-0.5673812110546663
7190.0,-0.2667794706172708
7191.0,0.12021656556141716
7192.0,0.2507396778353434
7193.0,-0.4814456097009705
7194.0,0.5577156270167889
7195.0,0.347637756046584
7196.0,-0.7561216657556419
7197.0,-1.7989895042023218
7198.0,0.15704501874461066
7199.0,-0.9225040490024299
7200.0,-0.1653818984226511
7201.0,0.6526396661560874
7202.0,0.013717267119813664
7203.0,0.9551298960457393
7204.0,2.221695654966887
7205.0,1.584205023580116
7206.0,-0.2911723933531056
7207.0,0.6395535081343031
7208.0,0.8271451210974317
7209.0,-0.3297196601931561
7210.0,0.09139244168015279
7211.0,0.5579594930209378
7212.0,-0.45084419552363975
7213.0,0.009988449730925913
7214.0,1.272138357487151
7215.0,0.33711088426139413
7216.0,-1.543714438606605
7217.0,0.7257185053140864
7218.0,-0.615315200485359
7219.0,1.1686781937149275
7220.0,-1.754342207654508
7221.0,0.3175010878684359
7222.0,1.8035167431444197
7223.0,-0.8061500501176639
7224.0,1.1649822759995205
7225.0,0.3601164504749623
7226.0,-0.006988694424038461
7227.0,-0.19151559002547328
7228.0,1.3190169624733776
7229.0,-1.0634517473373806
7230.0,-0.797752487691159
7231.0,1.0753287277956687
7232.0,0.11299054049686871
7233.0,-0.21609918193771363
7234.0,-0.9244899227447736
7235.0,-0.3910445032588965
7236.0,0.6263816038979582
7237.0,0.2854707008531167
7238.0,-0.6684841153254183
7239.0,1.4369262331259838
7240.0,-0.4916125262112083
7241.0,-2.7994962652178397
7242.0,0.68790637983142
7243.0,0.42124601473762335
7244.0,0.43457486585552274
7245.0,-0.21919739561062976
7246.0,-0.8347300103562952
7247.0,1.9270994554331473
7248.0,1.3109252385885453
7249.0,-0.8716967014663761
7250.0,1.3698002738085941
7251.0,1.0126737355842876
7252.0,0.0007809970552035694
7253.0,-0.45831392027048995
7254.0,0.6208161953683705
7255.0,-0.020473187806129584
7256.0,0.6661555409443428
7257.0,0.3518105376284923
7258.0,0.39618986889397234
7259.0,-0.44985043548618764
7260.0,-0.11742723390359089
7261.0,-0.18257425006847722
7262.0,0.1907864680241046
7263.0,-1.7015315157643842
7264.0,0.17076694805467713
7265.0,-1.4139142626216448
7266.0,0.5574519548777426
7267.0,0.29232239083375305
7268.0,0.8787071243205751
7269.0,-1.0194291663287711
7270.0,-0.4244662657338847
7271.0,0.40346145728910976
7272.0,-0.09924745258248718
7273.0,1.5259073264569227
7274.0,0.6673482462258313
7275.0,0.14309407618719802
7276.0,0.7070649677530758
7277.0,1.1112008919062502
7278.0,-1.4326788112149729
7279.0,1.1830656558255117
7280.0,2.490573742632434
7281.0,0.7512098473921461
7282.0,0.7246908265463067
7283.0,0.32529334252023134
7284.0,-1.081757452478491
7285.0,-0.7271180662699724
7286.0,0.5693544254713256
7287.0,-3.0333309532599304
7288.0,1.5293534952698242
7289.0,-0.5588683633700509
7290.0,-1.0635444469300057
7291.0,-1.6523275731167222
7292.0,-0.7482004984992141
7293.0,1.2253076076753282
7294.0,1.902931917569674
7295.0,0.8473651460707885
7296.0,1.1363677296415136
7297.0,-1.204982091511753
7298.0,0.12103671581985978
7299.0,0.48532856393689583
7300.0,0.2544638251661613
7301.0,0.29840447242610485
7302.0,-1.139961582793534
7303.0,0.7223210981975465
7304.0,1.3189060112907367
7305.0,-1.8162948841593987
7306.0,0.18507856042922194
7307.0,-0.7305088046063974
7308.0,-0.5690172594779273
7309.0,0.30185759304075965
7310.0,-0.5899665346093319
7311.0,1.896491020275731
7312.0,-1.228957338326978
7313.0,-0.44391409966524875
7314.0,-0.5707905788726075
7315.0,-0.9121823396705833
7316.0,-0.6223743758759327
7317.0,0.8994332882619132
7318.0,-0.12049391311000074
7319.0,2.0378866342943027
7320.0,0.09915264086294523
7321.0,-0.2749845196262992
7322.0,-2.344016545945379
7323.0,0.19141658173892456
7324.0,0.3879527615251735
7325.0,-0.17434492690353842
7326.0,0.5663472506946933
7327.0,1.320753630399536
7328.0,0.5970660379690582
7329.0,1.8368526228077386
7330.0,0.5976009022907653
7331.0,-1.5104777819270905
7332.0,0.6640967243741346
7333.0,-0.010776086711326571
7334.0,-0.9636506959279549
7335.0,-0.8327419141193769
7336.0,1.4685242559286862
7337.0,0.3082374223643549
7338.0,0.41693040834820516
7339.0,0.48667332932943536
7340.0,-1.9441008131022905
7341.0,0.512456439274186
7342.0,-0.9819504491361865
7343.0,-0.3304909950125079
7344.0,1.29112480384173
7345.0,0.2388659034083786
7346.0,0.39796420857532777
7347.0,0.14839966221996836
7348.0,-0.9236204201721215
7349.0,1.1642782709329218
7350.0,0.9605602626490954
7351.0,1.4393085208344774
7352.0,1.8075846526994697
7353.0,0.590505456470537
7354.0,0.007411601505048243
7355.0,0.67618967410176
7356.0,-0.4498984193738258
7357.0,0.1515464194160701
7358.0,-1.0583739346825705
7359.0,-1.1016682209796447
7360.0,-0.42297629005063364
7361.0,1.6160753466903606
7362.0,-0.06915465732053869
7363.0,0.020244011654020067
7364.0,2.3089228566032403
7365.0,0.4702261197995147
7366.0,-0.4998849515268593
7367.0,0.7217683864793243
7368.0,-1.460779971098265
7369.0,1.2290776723065304
7370.0,-0.110603357971123
7371.0,-1.791296016041567
7372.0,-1.3778863693403025
7373.0,0.5538697936777496
7374.0,0.6361364463191478
7375.0,-0.24693938378056673
7376.0,1.2750353537635513
7377.0,-0.17794912672025762
7378.0,-0.6394714403247358
7379.0,1.9719429022248116
7380.0,1.6279518964767201
7381.0,-0.05104100396847136
7382.0,1.5322001258071083
7383.0,0.1555876211079677
7384.0,0.44463687156496345
7385.0,2.1491314996552884
7386.0,-1.2540126697655412
7387.0,-0.8720855704144164
7388.0,1.904110839995252
7389.0,-0.8057482607818449
7390.0,-0.930260439344114
7391.0,0.4639300253354285
7392.0,2.6514950362764025
7393.0,-0.46624959862612336
7394.0,-0.02385342906588847
7395.0,-0.34613298741304377
7396.0,0.07680693231511954
7397.0,0.9763278713345092
7398.0,1.7760620946436925
7399.0,-1.2450638970840817
7400.0,0.8822360416648969
7401.0,0.6449517047099902
7402.0,-1.057184615323537
7403.0,0.336292571289904
7404.0,-0.07981512831516752
7405.0,-0.3722113235546702
7406.0,2.268629632210146
7407.0,3.1136005887065723
7408.0,-1.0331576780640503
7409.0,-0.11256640468597898
7410.0,1.198270659492775
7411.0,-1.1474694526256826
7412.0,0.6489789453831695
7413.0,-0.06487745804266012
7414.0,1.4756432325828388
7415.0,0.42482256979996025
7416.0,-0.2917660649444722
7417.0,-1.039420722977699
7418.0,0.5504535502181768
7419.0,-0.43858489085551905
7420.0,-1.668628657156448
7421.0,0.4453147085715031
7422.0,0.6244633419489304
7423.0,-0.5816447505508611
7424.0,-0.36395626724310737
7425.0,-0.9547585706058672
7426.0,0.5603100983869234
7427.0,0.6570071051931609
7428.0,0.31450343619013355
7429.0,0.1292680159732697
7430.0,-0.3020938435059383
7431.0,-0.5821209377678994
7432.0,-0.8736508914933004
7433.0,1.1858192967036016
7434.0,0.5523852214268833
7435.0,-1.2346180310174966
7436.0,-0.4017393529599755
7437.0,0.9121075541912268
7438.0,0.18976298127313954
7439.0,-0.3758891145991331
7440.0,-2.316442897496348
7441.0,1.4413374121825437
7442.0,0.6464727873643223
7443.0,-0.11038618947140921
7444.0,0.8796545591566276
7445.0,-1.9273884796448022
7446.0,-0.7051690494392954
7447.0,-0.9538664771875718
7448.0,0.2011913645027988
7449.0,1.221804557923506
7450.0,0.23151639067523314
7451.0,-0.8148374547285427
7452.0,-0.826715775965664
7453.0,1.106123312527728
7454.0,1.1181714264130511
7455.0,1.7707946141307154
7456.0,0.577645329427705
7457.0,0.7938009454214006
7458.0,-1.1936156574198427
7459.0,-0.32053010677604266
7460.0,0.591618996933745
7461.0,1.0511390748088307
7462.0,1.8275781602732408
7463.0,1.0531353992804804
7464.0,1.1910501958586392
7465.0,0.2966160245760696
7466.0,0.4212391075479791
7467.0,-0.07875126762198673
7468.0,0.020132566004905317
7469.0,-1.5768868731612207
7470.0,0.38926382034643325
7471.0,-0.38545811880461267
7472.0,0.6783912317441758
7473.0,-0.9956993262602157
7474.0,-0.8661561752279634
7475.0,0.6179841450040814
7476.0,0.20892991713476886
7477.0,0.15330409514510263
7478.0,1.0387534523670472
7479.0,0.554875470385997
7480.0,-1.0094926079020297
7481.0,0.14494079476660765
7482.0,-1.90003817519538
7483.0,1.9113262192884646
7484.0,1.7820900867972496
7485.0,-0.7153902859945452
7486.0,-1.2190483333592035
7487.0,0.18476047117660285
7488.0,-0.4617519367970818
7489.0,0.8627803557030613
7490.0,0.3997421291462585
7491.0,1.4077175808813784
7492.0,-0.30280066474087997
7493.0,-1.6213076615239759
7494.0,0.24635092963874045
7495.0,0.49265034370416394
7496.0,1.951767634262571
7497.0,0.7908634018858542
7498.0,1.0416985631443723
7499.0,-0.05710230299887528
7500.0,0.5583955378255412
7501.0,-0.5433610530071326
7502.0,-0.3655283877126639
7503.0,0.2804810594191828
7504.0,0.8067725363746684
7505.0,1.2873892252717132
7506.0,-0.4296423275388336
7507.0,1.6876024880747897
7508.0,0.9923751722171934
7509.0,-1.1768376622584404
7510.0,2.0880231596636607
7511.0,1.0196338779151344
7512.0,0.11469208616919505
7513.0,-1.4811096514890936
7514.0,0.4042393556685643
7515.0,0.03247701153605581
7516.0,0.06438996827231319
7517.0,0.34454707908564164
7518.0,0.7137887464564645
7519.0,0.5586983385008499
7520.0,0.23346557328483425
7521.0,-0.3733233315220881
7522.0,-0.9084798942554027
7523.0,-0.7942002521954123
7524.0,0.24436737655156826
7525.0,-0.38678378087278553
7526.0,1.7063959222425382
7527.0,0.9360860925326344
7528.0,1.3306958622113796
7529.0,-1.8474772916735405
7530.0,1.322030156052469
7531.0,-1.0017280622269675
7532.0,1.6552565803013015
7533.0,0.9162914940019429
7534.0,0.9040600836626418
7535.0,-0.4736526838579861
7536.0,0.5872930648337489
7537.0,1.5660858279620444
7538.0,2.0888698100040646
7539.0,0.8693332704720685
7540.0,-0.6549378951868756
7541.0,1.8725109839615688
7542.0,0.16770327571988886
7543.0,-0.6702065423856475
7544.0,-0.7585330501023919
7545.0,1.9318358215270939
7546.0,-0.3997754059177746
7547.0,0.6236356206379354
7548.0,0.5508516203792195
7549.0,-1.1924492865452365
7550.0,-1.0362068681489645
7551.0,-1.3899694716833983
7552.0,0.42482120181450417
7553.0,1.5273792949585734
7554.0,-1.8042798591934979
7555.0,1.4519344194698187
7556.0,0.683187109421399
7557.0,-1.0464500510722266
7558.0,0.16662113087400848
7559.0,-0.94986603806598
7560.0,0.3774862633819333
7561.0,0.25749968357678493
7562.0,0.4300763339016788
7563.0,-0.2716415579315978
7564.0,0.790650963406875
7565.0,0.10450502841319609
7566.0,-0.832166213132419
7567.0,0.851997362859888
7568.0,-0.23182072004914236
7569.0,-1.093923596503165
7570.0,0.48388161624403964
7571.0,0.07274604008714447
7572.0,0.1618065205512147
7573.0,-0.21220875154772223
7574.0,1.2362677721080149
7575.0,-0.46749810141078085
7576.0,1.5291188453609152
7577.0,-0.89884031354758
7578.0,-1.2973782675809884
7579.0,-0.1627180425054319
7580.0,0.01552002036527847
7581.0,0.9267445457088259
7582.0,-0.09729660115438468
7583.0,1.5039026408908809
7584.0,1.853969102210094
7585.0,-0.6585867263094792
7586.0,1.421767068480356
7587.0,-0.7633583054683118
7588.0,-0.07791773182927403
7589.0,0.17896869028819723
7590.0,0.9129888830741808
7591.0,1.0152082081057618
7592.0,0.907978564256605
7593.0,0.19336907192868652
7594.0,-0.26587344072531893
7595.0,-0.37337655537400194
7596.0,0.7966713061622329
7597.0,-0.54952848574873
7598.0,0.6671399711339108
7599.0,0.12425288345286642
7600.0,-1.145249845866559
7601.0,-1.139497100686933
7602.0,-0.20739970435263066
7603.0,-0.4262401654718645
7604.0,-0.08635497513653254
7605.0,0.5275336080936772
7606.0,1.0636931641816025
7607.0,0.11466294875214032
7608.0,-0.0072578509541826874
7609.0,-1.393364114571877
7610.0,-0.20752562643512365
7611.0,0.28461850937900846
7612.0,1.412187676802437
7613.0,1.1684066823546664
7614.0,-1.1196974637481907
7615.0,1.1732621049730108
7616.0,0.5698543701290741
7617.0,0.09016162003954899
7618.0,-2.506865775633011
7619.0,0.5001742360278258
7620.0,-0.05077398431130589
7621.0,1.0804854882969166
7622.0,-0.06792371570790015
7623.0,0.2587497988655643
7624.0,0.6570688663319516
7625.0,-0.6316699221177838
7626.0,0.29847580314773325
7627.0,1.6423030688180151
7628.0,-1.4417831620497183
7629.0,0.593684951197142
7630.0,0.7009662422470218
7631.0,0.2992745130849272
7632.0,0.521798684579562
7633.0,0.6305631862370538
7634.0,0.49244150416146437
7635.0,1.1827293074656178
7636.0,1.27164838273605
7637.0,-1.3243460766102966
7638.0,1.0100684210256219
7639.0,-0.3983201671487633
7640.0,0.0172424553012
7641.0,-1.2101699763032545
7642.0,-0.4328201241091938
7643.0,1.6554809371266723
7644.0,1.2028149649773023
7645.0,-0.4416118433801298
7646.0,0.2108150729538566
7647.0,1.7650972934988864
7648.0,-0.2530651185102704
7649.0,-0.666982568106907
7650.0,-0.454786342290614
7651.0,1.864022736954039
7652.0,0.17176706771984104
7653.0,0.207176234877117
7654.0,3.0051511863899294
7655.0,0.3548931436195946
7656.0,-0.7082868831453507
7657.0,-0.718212786742301
7658.0,-1.7131823517397413
7659.0,0.7550627969412261
7660.0,0.7476799943424588
7661.0,0.48441937776338684
7662.0,0.15059964121886754
7663.0,-1.3888893765414039
7664.0,1.5477837783071826
7665.0,-0.7656618983654462
7666.0,0.5316090008862941
7667.0,-0.12214378200233172
7668.0,0.4341635761911635
7669.0,-1.5121189957706942
7670.0,0.9925385793404282
7671.0,-0.10787949566295979
7672.0,1.002496244344019
7673.0,-1.271433527533992
7674.0,-1.2364879200584336
7675.0,0.3873113396826478
7676.0,0.4787649149945289
7677.0,0.2813862364973486
7678.0,-0.0860756824081304
7679.0,0.46220560458412285
7680.0,-0.22614817389502587
7681.0,1.2183351195176546
7682.0,0.44252611586079804
7683.0,1.0383790838796114
7684.0,0.9146224490288908
7685.0,-2.2561299829674404
7686.0,-2.0681076063467714
7687.0,0.6632734601062344
7688.0,0.8372600576151485
7689.0,0.7692147450741657
7690.0,0.10618707998530084
7691.0,0.24884275670096911
7692.0,-0.5552028807188563
7693.0,-0.4936276720213739
7694.0,-2.06276083059486
7695.0,0.6218960063254124
7696.0,0.5418434534109744
7697.0,-0.35858120146574446
7698.0,0.4496514452988836
7699.0,0.5322907113100275
7700.0,1.4155153866110446
7701.0,-0.04015688634592551
7702.0,0.6767459705847223
7703.0,-0.815075595454116
7704.0,1.4388676588122697
7705.0,-0.40210974885455086
7706.0,0.6964860663231465
7707.0,-0.6588142899632884
7708.0,-0.21708692908694047
7709.0,-0.04054924877884861
7710.0,-1.4714699943908127
7711.0,-0.6711009705622911
7712.0,0.03714975793546918
7713.0,1.2104016324241487
7714.0,1.1240676540225412
7715.0,0.5589299370707081
7716.0,1.0901996346633793
7717.0,1.6671277720652826
7718.0,0.016289944513198568
7719.0,0.006745964525670223
7720.0,-0.2755835811306085
7721.0,-0.3401407442727598
7722.0,1.8864818576914495
7723.0,1.5901780397160858
7724.0,-1.2188382314010482
7725.0,0.5544877121545849
7726.0,0.09536987701142709
7727.0,1.5371115641126503
7728.0,0.927618730468778
7729.0,-1.1145313140344977
7730.0,1.359780877192116
7731.0,-0.7164484260845957
7732.0,0.15199735896610006
7733.0,-0.47816864484155097
7734.0,-0.9462790074421475
7735.0,-0.9405169476147044
7736.0,0.8695624214696792
7737.0,-2.7028022512140675
7738.0,1.884041669803755
7739.0,-0.5495201716072309
7740.0,0.9017930205539905
7741.0,-0.30455295598914756
7742.0,0.5861314883902156
7743.0,0.1535528656595178
7744.0,-0.2514415089450399
7745.0,0.3330923195264388
7746.0,-0.4886218454802967
7747.0,-0.47082766645971763
7748.0,1.759628999233319
7749.0,1.044449640746826
7750.0,1.9447110415790023
7751.0,1.683600048150974
7752.0,0.2645798387896527
7753.0,0.5543104137380063
7754.0,0.36385171983977715
7755.0,-0.8503197586686613
7756.0,1.1224744822058745
7757.0,-0.9787351307584469
7758.0,-0.33716772452798094
7759.0,-0.10026730252418123
7760.0,-2.414974644762053
7761.0,1.6472134542394419
7762.0,-0.7209971806797657
7763.0,0.6130472631243717
7764.0,0.2699426557793869
7765.0,0.016710778546640048
7766.0,-0.9390611273428211
7767.0,-1.871890305399257
7768.0,1.351787680945859
7769.0,-0.44913505165990886
7770.0,-0.6632756450468578
7771.0,0.42075775636096413
7772.0,-0.45213107956957665
7773.0,0.5745336792881649
7774.0,1.2110894363666802
7775.0,0.1173419940119721
7776.0,-0.10271846224325401
7777.0,0.19100518326480162
7778.0,1.2802405544449242
7779.0,0.06423091730335277
7780.0,-0.10534838084107764
7781.0,-1.0122826442722885
7782.0,-0.9203139954104027
7783.0,0.40225871913626543
7784.0,0.5672445852144155
7785.0,3.1280134236373796
7786.0,-0.027054674559216257
7787.0,-1.390604400812513
7788.0,-0.6425131724594539
7789.0,2.216461497202409
7790.0,-1.0853311620506843
7791.0,-0.3453282935140498
7792.0,-0.3957096411577402
7793.0,-1.2943391856624484
7794.0,-1.5494613792225642
7795.0,-1.1635678688454099
7796.0,-1.3975550410805169
7797.0,2.484100560371568
7798.0,0.4067160808358071
7799.0,-2.329720203494314
7800.0,-0.7267679007655893
7801.0,-0.10116518417762008
7802.0,1.7162110631412548
7803.0,0.09520590351426414
7804.0,-0.27172371771825315
7805.0,-0.7448855995399172
7806.0,1.4646848334428357
7807.0,1.3648445931698747
7808.0,0.09203240979048273
7809.0,-1.1675903586994774
7810.0,-0.31713162499303904
7811.0,-0.3634074107575548
7812.0,1.3149282645256313
7813.0,0.6950181493936074
7814.0,0.11781741803461354
7815.0,-1.5758556894570188
7816.0,0.5066207452156268
7817.0,-0.31026260021423374
7818.0,-1.3873320703640413
7819.0,0.675198454427001
7820.0,2.00119457138256
7821.0,-0.45211191143419555
7822.0,0.6085046533038281
7823.0,-0.4077342029591424
7824.0,0.4239230969894445
7825.0,1.0035920730055585
7826.0,-1.5003502796734345
7827.0,1.3869594366844646
7828.0,0.488847614401143
7829.0,2.000887067144892
7830.0,-0.7166473393068168
7831.0,2.9941503418274666
7832.0,0.9724340015415036
7833.0,-0.15949395858539225
7834.0,-0.5946627347639339
7835.0,-1.1930849650393816
7836.0,0.518945063431842
7837.0,-0.5147541410524282
7838.0,-0.6224549538631856
7839.0,1.2719477934278718
7840.0,0.574457106776383
7841.0,-1.653245586430968
7842.0,-0.5059824376191353
7843.0,1.2002616043277656
7844.0,-1.5408513708510878
7845.0,1.3430371443458466
7846.0,-1.1239530294988258
7847.0,-0.22691248811041276
7848.0,0.0179270724639172
7849.0,-0.9195037178576619
7850.0,1.4851241140091394
7851.0,0.2072252063123376
7852.0,-0.8491700879654406
7853.0,-2.116004786738439
7854.0,-0.32971067373862695
7855.0,0.8233331640698642
7856.0,0.15433228097173549
7857.0,0.27737677659984034
7858.0,-0.7284322003215928
7859.0,0.23003968453607998
7860.0,1.008083125381624
7861.0,0.5371036207253173
7862.0,-0.4471558147834154
7863.0,-0.13317050150186996
7864.0,1.6534611007060223
7865.0,0.15775793786319034
7866.0,-1.371689746160897
7867.0,-0.5417446458607111
7868.0,1.989403546621292
7869.0,-0.177574972305265
7870.0,0.5989882440793662
7871.0,-0.8302811129764751
7872.0,-0.3858673369947587
7873.0,2.5207547137790836
7874.0,-1.5082295619477815
7875.0,0.857516144488856
7876.0,1.7566457005403038
7877.0,-0.033476631056773815
7878.0,0.16967607688982345
7879.0,-0.20312893881849337
7880.0,-0.42038280697387387
7881.0,1.3684608675325478
7882.0,1.636174151357564
7883.0,-0.4597807995171592
7884.0,1.0951157132390426
7885.0,0.7428224465838673
7886.0,1.4071420337037703
7887.0,1.461578730858562
7888.0,-1.2302308693191322
7889.0,-1.553505842128565
7890.0,0.6848254968264353
7891.0,-0.4015180251424668
7892.0,0.4538717488503765
7893.0,-1.1427759131741537
7894.0,0.313928633926991
7895.0,1.0018560130424115
7896.0,0.1672129703899375
7897.0,0.6631811943711826
7898.0,0.376613610868367
7899.0,0.20628340372504267
7900.0,-1.1381200593178704
7901.0,0.6781359048956181
7902.0,-0.10615718979199032
7903.0,-1.1285638504656275
7904.0,-0.3514557368884796
7905.0,-1.703076815395448
7906.0,-1.3718780223017948
7907.0,0.05530642462083889
7908.0,0.9021893158201637
7909.0,-0.6282186180878166
7910.0,-0.6316491025331438
7911.0,2.2385059814267874
7912.0,0.2791083454069506
7913.0,-0.5351834959406322
7914.0,-0.0864645581701286
7915.0,-0.05714722827952312
7916.0,-0.058160895874341256
7917.0,0.6647231547864768
7918.0,1.1375488135862877
7919.0,-0.3028353653633181
7920.0,1.486122254222179
7921.0,0.6276918832958223
7922.0,0.6216512590271637
7923.0,-0.4270245417898967
7924.0,0.34893815018529406
7925.0,-0.9398129567718185
7926.0,0.6604903871971217
7927.0,2.865689889659114
7928.0,-2.0317140401631275
7929.0,0.40878610916766633
7930.0,-0.1607756842622949
7931.0,-0.394066285111104
7932.0,2.9971696168170285
7933.0,1.2721575537880754
7934.0,-0.013680678757937853
7935.0,0.14529282198499918
7936.0,1.0631857762048065
7937.0,0.7084159292131387
7938.0,1.362841524407404
7939.0,-1.9283214928575596
7940.0,1.7654137907650471
7941.0,-0.21389551359040612
7942.0,-1.865390045042672
7943.0,-0.41057347910642156
7944.0,0.6863396388649703
7945.0,-0.7521486161306604
7946.0,1.9453928300334176
7947.0,-0.14275364514826955
7948.0,-0.3778274222130664
7949.0,0.853185617657984
7950.0,-1.5857321809307958
7951.0,-0.34161457607221
7952.0,1.148827841827488
7953.0,0.26446900593201594
7954.0,-0.7711687832527376
7955.0,-1.6879510888290414
7956.0,0.5710940213718021
7957.0,-0.05741879154368873
7958.0,-0.4767553414431265
7959.0,0.29735519494031326
7960.0,-1.1233992756702271
7961.0,-0.025996880738398648
7962.0,1.2509018109260357
7963.0,2.3525975979178013
7964.0,0.35760119533954277
7965.0,-1.2798297315783267
7966.0,0.3899516582528194
7967.0,0.6677267492498666
7968.0,1.880296411372684
7969.0,-0.12069916486921034
7970.0,-0.9735771128982905
7971.0,1.0017665509112996
7972.0,3.1500175703929085
7973.0,1.3779224565621513
7974.0,-0.7932076292780305
7975.0,1.1145648781629771
7976.0,1.3959301970452842
7977.0,-0.10362876065708115
7978.0,1.4011926223419304
7979.0,-0.8827721608673305
7980.0,1.2696617477871999
7981.0,0.6091064989041874
7982.0,-0.32633960082486535
7983.0,-1.176652843197175
7984.0,-1.1668690804722315
7985.0,-0.03362313444161805
7986.0,-0.10015081647018007
7987.0,0.5191032536067595
7988.0,1.031010521848722
7989.0,0.02989672509315716
7990.0,0.27522611068986846
7991.0,0.08029581685003706
7992.0,0.8832057227346031
7993.0,-0.21064537651004406
7994.0,-0.400958010684494
7995.0,0.6190640019673161
7996.0,0.6888386594137159
7997.0,-0.1964934136468836
7998.0,-0.5511937779951965
7999.0,-0.9774091417912552
8000.0,1.3651520548407086
8001.0,-0.14399204272795424
8002.0,-0.05221658564697368
8003.0,0.813736985998959
8004.0,0.20168617108590453
8005.0,-1.0450715793088854
8006.0,-0.21043231546573168
8007.0,-0.173592219728304
8008.0,0.5469838509131393
8009.0,0.6382557708134493
8010.0,1.0661690033607474
8011.0,-0.21577919344939045
8012.0,-0.6547022629985322
8013.0,-1.0126797751939838
8014.0,1.5539689219851216
8015.0,0.6514722139734548
8016.0,-0.44800578553013637
8017.0,-0.900590444608206
8018.0,1.7380387384258458
8019.0,-0.2561966581068539
8020.0,2.0301530809803996
8021.0,-1.0791339892855205
8022.0,-1.1399711501506289
8023.0,-1.3359261117309145
8024.0,-0.8380427291339376
8025.0,1.3149997325783354
8026.0,0.2933526947346324
8027.0,0.40942518794363614
8028.0,0.2269991550549495
8029.0,0.4010318108507058
8030.0,0.3979612857763422
8031.0,0.7476582680766618
8032.0,0.7729158954270801
8033.0,-1.039431851615264
8034.0,1.0257037076338342
8035.0,0.6094965323394781
8036.0,0.014659506949556617
8037.0,0.2120542319762317
8038.0,-0.6968185991756414
8039.0,-0.7909058481396894
8040.0,0.2424873744895803
8041.0,0.3278265092039544
8042.0,0.5812786511414342
8043.0,1.238783712346783
8044.0,-0.7011781417677244
8045.0,-0.6957417036076909
8046.0,-0.6419915239623885
8047.0,-0.20443280299680583
8048.0,-0.44165168820189155
8049.0,-0.34061382547954633
8050.0,0.9191487079834112
8051.0,0.25862275945466373
8052.0,0.0740667263075839
8053.0,1.2149180312091934
8054.0,0.41503246033964547
8055.0,-0.9975900369740552
8056.0,-0.6743098079257338
8057.0,-1.334165982420647
8058.0,0.28170536134095625
8059.0,0.41575288256998433
8060.0,0.3752433015091061
8061.0,0.6253571979615749
8062.0,2.2836445090315998
8063.0,-1.1093365354167697
8064.0,0.0933648187871213
8065.0,1.6433273823170635
8066.0,0.549824733291411
8067.0,-0.6040510490183605
8068.0,0.5388742260642716
8069.0,0.5361961468326075
8070.0,0.34555131141614476
8071.0,0.43447060109494184
8072.0,-0.3216580516048352
8073.0,0.22339151098282858
8074.0,0.10777180106317313
8075.0,0.21756286136514774
8076.0,0.8512570529970138
8077.0,0.8859973482879142
8078.0,-0.6903281220491092
8079.0,0.34678638289040065
8080.0,-0.809378170953422
8081.0,1.5828851313446617
8082.0,-0.6029546030060793
8083.0,1.5198123866990239
8084.0,0.0679910075024293
8085.0,1.6929709678101221
8086.0,1.2368249003805425
8087.0,1.9021692453848138
8088.0,-0.25041268267025385
8089.0,-0.7635460446511808
8090.0,-0.6918897160368438
8091.0,-0.8893326989080681
8092.0,0.2663298019122091
8093.0,-1.840776926669551
8094.0,-0.20342407907002996
8095.0,0.47594086757193715
8096.0,0.7225251719281779
8097.0,-0.6704989452684886
8098.0,-0.8894582560921844
8099.0,-0.09115119269673061
8100.0,1.6530992540034355
8101.0,-0.6787546018662693
8102.0,1.604714472677715
8103.0,1.169438410863287
8104.0,0.20417649571559832
8105.0,1.1675142653772626
8106.0,0.7775773140115964
8107.0,-0.34021842254028456
8108.0,-0.6894903714714982
8109.0,0.723625721446334
8110.0,0.21514209704302578
8111.0,1.124145212264623
8112.0,0.9124766582160204
8113.0,0.9764976511260007
8114.0,0.6476616088254246
8115.0,1.3829538665498582
8116.0,-2.136870604958764
8117.0,0.5541660657610392
8118.0,1.7517618510427324
8119.0,-1.1292177366460168
8120.0,-1.4926065833634439
8121.0,0.10953064169920422
8122.0,-0.5536185309892752
8123.0,0.04761313635947485
8124.0,-0.48071506464152247
8125.0,1.7562648453185656
8126.0,-2.657982363476579
8127.0,1.0494242529203577
8128.0,0.4737460159483896
8129.0,0.8921358210736476
8130.0,2.0963775142264405
8131.0,-0.545140305150789
8132.0,-1.2149819093472016
8133.0,1.0723213914673473
8134.0,-0.8079964798616937
8135.0,1.5447215615259247
8136.0,-0.07210726901788511
8137.0,-1.3488861526828912
8138.0,1.4229563606166225
8139.0,-0.5993643352916012
8140.0,-0.6151614568033904
8141.0,-0.0352614928397339
8142.0,1.9864698267627934
8143.0,-0.29716905558704154
8144.0,0.7105245918293072
8145.0,-0.3913989654560854
8146.0,-1.2638215323716158
8147.0,-0.19073160626513133
8148.0,-0.15571414689960617
8149.0,0.7189121323278337
8150.0,-0.9825471256275231
8151.0,0.6863223504875795
8152.0,0.2985769749510775
8153.0,1.510194656454711
8154.0,-0.44520185401651713
8155.0,-0.41601555941806745
8156.0,-0.76731535588732
8157.0,-0.8376128254711191
8158.0,-0.1011787548970412
8159.0,1.4781507787986057
8160.0,0.6531107124375356
8161.0,0.004563004294472248
8162.0,-0.2916172537847292
8163.0,0.5860061052835883
8164.0,-1.1870267217134167
8165.0,1.7851883050296216
8166.0,-0.20898246229087097
8167.0,0.2615129180476432
8168.0,0.5826276276360537
8169.0,0.6160227614505338
8170.0,0.8491414640622996
8171.0,0.4614524842076647
8172.0,0.31174824645796784
8173.0,-1.3417207193927692
8174.0,-0.5499030976859088
8175.0,0.9011704676405429
8176.0,1.0961169301302973
8177.0,-0.25603646384114415
8178.0,0.555051722334346
8179.0,0.080446459902345
8180.0,-0.7463116523865747
8181.0,1.6955576196882132
8182.0,1.55397842465716
8183.0,-0.8859552877904928
8184.0,-1.8717821018079763
8185.0,0.49848967536071037
8186.0,0.1340619376182707
8187.0,-0.03424520358594152
8188.0,0.15367851119945586
8189.0,0.3235144703244066
8190.0,1.4325442667542088
8191.0,0.4257177775012056
8192.0,1.4201376296188912
8193.0,0.536833426098912
8194.0,-0.01139508328003297
8195.0,0.7632392349223878
8196.0,-0.9022748267615942
8197.0,0.8391312999821716
8198.0,-0.2983133809067131
8199.0,-1.1694813851206765
8200.0,0.537435972367311
8201.0,2.708132116288651
8202.0,0.8340043339058764
8203.0,0.6792581026994358
8204.0,1.137046464965752
8205.0,-1.4191845883233816
8206.0,0.3967429761144867
8207.0,0.23605971857009914
8208.0,-1.0415765039507927
8209.0,1.2110450743836874
8210.0,0.2568254442761346
8211.0,-0.16441564283786472
8212.0,1.852250402063807
8213.0,-1.0633502487086064
8214.0,-0.6817678932694525
8215.0,0.03181618842137221
8216.0,-0.4305617068899813
8217.0,-0.5354377927913858
8218.0,0.8589024729478517
8219.0,-1.7518109493593808
8220.0,1.0228346366577017
8221.0,1.6390226506456715
8222.0,2.0909003376771125
8223.0,0.1701341567799894
8224.0,-0.7256389430423282
8225.0,-0.016938217676515085
8226.0,-0.16437974572687977
8227.0,-0.0785592335604503
8228.0,0.005297574759017251
8229.0,-1.5009008014590202
8230.0,0.19737271959021047
8231.0,0.5411118313308161
8232.0,0.3598087161767347
8233.0,0.5214219177579027
8234.0,0.38695875111846023
8235.0,1.4816395601555938
8236.0,0.48541369556410097
8237.0,0.6733084439259086
8238.0,0.6804643974884373
8239.0,-0.4445506607744376
8240.0,-0.18599637521373621
8241.0,-1.185982567329977
8242.0,-0.25476059526243156
8243.0,-1.1325551281975965
8244.0,-0.010009128732373446
8245.0,2.3969002742835195
8246.0,0.4073258518706317
8247.0,-0.3031731005334004
8248.0,0.43340098252237935
8249.0,1.8293287904367972
8250.0,1.1977139727451704
8251.0,1.3066918051460743
8252.0,-1.055380471770696
8253.0,-0.8865544355661976
8254.0,-0.3352747067575207
8255.0,0.4481444066155993
8256.0,0.3693796908486463
8257.0,-0.7794684239235189
8258.0,2.4409828698323275
8259.0,1.2294057319518064
8260.0,-2.3389111926569255
8261.0,-0.1418246400494554
8262.0,0.4605230738730238
8263.0,-1.1318839397808653
8264.0,0.4199331720663832
8265.0,-2.039776951983537
8266.0,0.14623565333169605
8267.0,-1.192740801547373
8268.0,0.7689495149034675
8269.0,-0.3972879799048271
8270.0,-1.2481504182860617
8271.0,-0.32261930801426936
8272.0,0.4761346148048987
8273.0,1.4588765936815586
8274.0,-0.452832226222987
8275.0,-0.002103598661301914
8276.0,-0.7922089876424137
8277.0,0.12935193409861456
8278.0,-0.4973026409960511
8279.0,0.5013113745449151
8280.0,-0.37327442836052094
8281.0,-1.2701027067865345
8282.0,1.294600569968373
8283.0,-0.358106614600187
8284.0,-0.0603536219721017
8285.0,0.019216510093903072
8286.0,1.3687093346838317
8287.0,-0.0492117623571624
8288.0,0.42954420758841616
8289.0,0.20002074374825646
8290.0,0.026901414550083144
8291.0,0.7577736714498222
8292.0,-0.470604610222143
8293.0,2.0436066747457273
8294.0,0.5990972423106119
8295.0,-0.5909760534528499
8296.0,0.392919309219887
8297.0,0.02919776607213892
8298.0,-0.12067146185746067
8299.0,-0.2824897364348194
8300.0,-0.21959016528374703
8301.0,-0.6178073070086911
8302.0,0.28560750758369924
8303.0,0.5249691411554547
8304.0,-0.056465309262453384
8305.0,2.2375627728721375
8306.0,1.4861311087419429
8307.0,0.8340255142137301
8308.0,0.48128959708527774
8309.0,1.2002709847769624
8310.0,-3.0687090140242788
8311.0,-0.08314228381165187
8312.0,0.320030062734607
8313.0,0.5430921031247586
8314.0,0.5154007500098547
8315.0,-0.9635316247727943
8316.0,-0.9400705491505494
8317.0,-0.5979125549843824
8318.0,-0.39261427223464107
8319.0,-0.29035035604502646
8320.0,-1.241977973905677
8321.0,-0.11624204271632824
8322.0,-1.4534527863297888
8323.0,0.9049942339852702
8324.0,0.8000038499299325
8325.0,-0.3407558884634776
8326.0,0.3258113160914404
8327.0,-1.0355560868235947
8328.0,0.10439433149193153
8329.0,-1.1817370221463668
8330.0,0.716422167679341
8331.0,0.5005131200032236
8332.0,0.2606248668504596
8333.0,1.3523250320956985
8334.0,-0.42976204017567843
8335.0,0.24570850628463758
8336.0,0.0030204272873781968
8337.0,1.206741445815025
8338.0,-0.22819111963669164
8339.0,0.39599797382218493
8340.0,1.1551330474255397
8341.0,0.5041347074965367
8342.0,-2.4610301471014226
8343.0,-1.1814342265718194
8344.0,0.06040804860988294
8345.0,-0.6456135962589957
8346.0,-1.3500932090674893
8347.0,-0.6014918324594484
8348.0,-0.7542558624320783
8349.0,0.8004042771875369
8350.0,-0.730360802996268
8351.0,-2.20849932758373
8352.0,0.7298118531747614
8353.0,-0.31989754438870327
8354.0,0.14241528338580117
8355.0,-0.6206772302109081
8356.0,1.3360120914869846
8357.0,0.7985885884044489
8358.0,0.985970712140213
8359.0,0.3325457745816146
8360.0,1.0300435221574626
8361.0,1.6657727690955415
8362.0,-0.7178387589399738
8363.0,0.5837610949626595
8364.0,0.21125708608736987
8365.0,0.10410956454860328
8366.0,0.7748539549559696
8367.0,0.5151655517138922
8368.0,0.44894705715618377
8369.0,-0.8566531403454928
8370.0,0.47520960185693684
8371.0,0.4058369577269664
8372.0,-0.8818480124199883
8373.0,-0.40126988313537726
8374.0,2.5968395190995146
8375.0,0.28943335795849623
8376.0,1.1437621389847217
8377.0,-1.3300464448833635
8378.0,-0.2944093178215815
8379.0,-1.6277627811756386
8380.0,0.11214117812436072
8381.0,-0.11117737337570519
8382.0,-2.3549982846996906
8383.0,0.2904458230072102
8384.0,1.0804419475607803
8385.0,-0.11632118851133655
8386.0,-0.6502410799720832
8387.0,0.8659549045557334
8388.0,1.051368746831258
8389.0,-1.2654733982833966
8390.0,0.3384347340714837
8391.0,0.3937329868749537
8392.0,-0.7518264863540798
8393.0,0.35396564464171176
8394.0,-0.37218372110984954
8395.0,-0.39873803301279553
8396.0,0.23996199633468987
8397.0,-2.1019952087816023
8398.0,0.2738106015828162
8399.0,-0.2888909059008786
8400.0,-0.4482500668830604
8401.0,2.0485677128793247
8402.0,0.7986461267671338
8403.0,1.3172441083231188
8404.0,0.7963402809264221
8405.0,-0.47100096505138567
8406.0,0.5856982100875763
8407.0,-0.7259353230790608
8408.0,-0.3011232794674056
8409.0,0.2386900785527901
8410.0,0.2662442017211826
8411.0,-0.37118402657848704
8412.0,-0.15760668136682338
8413.0,-0.09538107782997796
8414.0,1.6641516732152672
8415.0,-0.031929323779429725
8416.0,0.7696699927415445
8417.0,0.7756026938291167
8418.0,-0.6629695594319118
8419.0,1.7148508548805388
8420.0,-0.1438718721783873
8421.0,0.4085221052829799
8422.0,1.2784259437806615
8423.0,-1.663202733237325
8424.0,0.18359702417866852
8425.0,0.9220962449288506
8426.0,-1.3304905700503884
8427.0,-0.8460509406090744
8428.0,-0.3626709039895782
8429.0,-0.09824932872976971
8430.0,0.12512665867527722
8431.0,-1.346888057879403
8432.0,-0.04726508145885103
8433.0,-0.6531133500579727
8434.0,0.9354632880810058
8435.0,0.3866080409711838
8436.0,-0.22946169047032838
8437.0,1.5098307274431766
8438.0,-0.2758831910529156
8439.0,2.769355717261766
8440.0,-0.7437950305416948
8441.0,-1.6886938453314218
8442.0,-0.7354425584153226
8443.0,-0.443589744715718
8444.0,2.026233866949747
8445.0,1.1291862149528853
8446.0,-0.12230139588519864
8447.0,0.5333583156938644
8448.0,-1.2046016465574
8449.0,1.377916571131296
8450.0,1.2613868175823262
8451.0,-1.046322491646477
8452.0,0.9419791257999658
8453.0,0.624360573741817
8454.0,0.8819843311323422
8455.0,0.4861106316436933
8456.0,-0.15076533518413865
8457.0,1.0198586332154398
8458.0,1.2710982371619466
8459.0,-0.43828731685279765
8460.0,-1.055544369527908
8461.0,0.38034784769059526
8462.0,-2.250723107637788
8463.0,-0.9405903001033783
8464.0,-0.5401760735226544
8465.0,0.8736315776462837
8466.0,-1.95186738830978
8467.0,-1.1744242140343941
8468.0,1.248556959390238
8469.0,1.7585911207968519
8470.0,0.4566332245004272
8471.0,2.614610223220774
8472.0,1.491477510266297
8473.0,-0.5718818949988468
8474.0,1.756605257691776
8475.0,1.0795493195214378
8476.0,-1.1751181881474344
8477.0,0.19107716598628677
8478.0,-1.5372310025311218
8479.0,0.12994446086881106
8480.0,2.8737457849623524
8481.0,-0.2410451195526356
8482.0,0.05024573799355236
8483.0,0.9121498618509629
8484.0,-0.022896704457686698
8485.0,0.14696362043580402
8486.0,1.6909876038566967
8487.0,-0.16109735337419057
8488.0,1.2869077921152363
8489.0,0.42913284667114293
8490.0,-0.4901605307141521
8491.0,0.8857173984773834
8492.0,-0.6322816792070356
8493.0,-0.7376213617545974
8494.0,1.1576487424929924
8495.0,0.8242476619510442
8496.0,0.8452228747084686
8497.0,0.694158097165468
8498.0,-1.5094297416517732
8499.0,0.15625283932191505
8500.0,0.08258729135078618
8501.0,-0.14911198524508432
8502.0,0.08504681793607706
8503.0,0.18167040327749404
8504.0,2.3867916146949706
8505.0,0.3268687343212112
8506.0,-0.3285976451091903
8507.0,-0.2595888424923452
8508.0,-0.38291069305343667
8509.0,-0.2189563550543824
8510.0,-1.1162899512198052
8511.0,0.7792191785922693
8512.0,-0.1676055980894244
8513.0,-0.5154661757918764
8514.0,1.076352928000884
8515.0,-0.29105686636364014
8516.0,-0.9566859071351075
8517.0,0.1072410434747327
8518.0,1.0108626346904066
8519.0,-1.4945501831077488
8520.0,-0.4023010875320375
8521.0,-0.8328004257071595
8522.0,0.0656205339348671
8523.0,1.5478999078663198
8524.0,-0.3084559271420916
8525.0,1.4800090250968672
8526.0,-0.5317553217767957
8527.0,-0.8449368472193387
8528.0,0.5110021957301931
8529.0,-1.665910021065225
8530.0,2.6487183986876524
8531.0,0.35636598179761647
8532.0,-1.6685413536733513
8533.0,0.5778403995887498
8534.0,-1.4772828835183478
8535.0,0.21049422837308632
8536.0,0.09050842652912099
8537.0,1.0888309980519706
8538.0,-0.030440511698158382
8539.0,-2.1044574305668524
8540.0,0.23359909679645313
8541.0,0.2941458739406161
8542.0,0.11052481062524397
8543.0,0.19803730868116753
8544.0,1.2904113131994686
8545.0,0.18341397374709745
8546.0,-1.1004787062363115
8547.0,1.3413272483005132
8548.0,0.2957743332447813
8549.0,1.5130060845192532
8550.0,-0.11483109277198769
8551.0,1.0790700083681641
8552.0,-0.5871610121176319
8553.0,0.2658487213410896
8554.0,0.31277201402855925
8555.0,1.2069130487537905
8556.0,-1.391321777899021
8557.0,0.31973119377148074
8558.0,-0.46722292543611715
8559.0,0.3005499249091553
8560.0,-1.432657648901119
8561.0,0.5983111064734117
8562.0,-0.1783613129026961
8563.0,-0.3282395620986467
8564.0,1.1410933782888701
8565.0,-0.2854970198638546
8566.0,0.4607263326559875
8567.0,0.22442672794046534
8568.0,1.2337284081223614
8569.0,0.06380712456436594
8570.0,0.25431724345781326
8571.0,-0.9873929950528286
8572.0,1.143255253706185
8573.0,-0.8197699964908987
8574.0,-1.4317868166495793
8575.0,0.5442705253388145
8576.0,-0.034825190390210564
8577.0,-1.593701285652807
8578.0,1.43603744785045
8579.0,0.9619182827660812
8580.0,-0.06126562906632013
8581.0,-0.8149381716492303
8582.0,0.4176327942224346
8583.0,1.0106543669262629
8584.0,0.5591775008332615
8585.0,-0.1553301692072913
8586.0,-2.1515264302710535
8587.0,-0.2593666589940131
8588.0,-1.6490210013686972
8589.0,1.7119339018061024
8590.0,0.0689581417833827
8591.0,-0.3993264711861065
8592.0,-0.41389139776915185
8593.0,0.4788249965635106
8594.0,-1.5769889123393288
8595.0,-0.932376425191534
8596.0,-1.3801905527568339
8597.0,-0.8688329203189398
8598.0,0.6901354371418454
8599.0,0.7633913295157547
8600.0,-0.45740476160007926
8601.0,1.4938999952258574
8602.0,-1.1020731929316363
8603.0,-0.6152557422725219
8604.0,0.41506299502534355
8605.0,1.0197790857213813
8606.0,0.1493466359746407
8607.0,-0.7865823095781317
8608.0,-0.7329933531312391
8609.0,-0.200421117863265
8610.0,-0.23913651926628157
8611.0,0.46092851751762987
8612.0,0.3459910609969355
8613.0,0.2402797286266587
8614.0,0.05971804104766572
8615.0,-0.33198196230645616
8616.0,-0.046909414048476164
8617.0,-1.1801434299009737
8618.0,0.4566807571512467
8619.0,-1.254102113533446
8620.0,-0.5254722415981598
8621.0,-1.1969740579893429
8622.0,1.055836832996694
8623.0,-1.0653541800031257
8624.0,-0.029586377851336776
8625.0,0.06883830905255346
8626.0,1.3193216650798725
8627.0,1.2324563727186209
8628.0,0.19765983874944126
8629.0,-0.3412606142407828
8630.0,0.8071030831738812
8631.0,0.5166525967456864
8632.0,0.8610347519951336
8633.0,0.8514041334736326
8634.0,0.8492360285012848
8635.0,1.0352446980677605
8636.0,1.0988056224621185
8637.0,-0.5827953887988878
8638.0,1.0076965848027473
8639.0,-0.5404273097732889
8640.0,0.8028243968040896
8641.0,-1.5915005719306143
8642.0,0.7740336643406696
8643.0,1.2803386198128448
8644.0,0.729370983202666
8645.0,0.0322802719863369
8646.0,-1.0875873262051976
8647.0,-0.6959788736524561
8648.0,0.9551271458992817
8649.0,1.123011210520009
8650.0,-0.524311226798047
8651.0,0.8446714439182605
8652.0,-0.7311444827552462
8653.0,1.3184938546981946
8654.0,0.3102200282439239
8655.0,-0.22729486449633685
8656.0,1.0236898411895405
8657.0,1.1720917176797463
8658.0,0.8991408521146587
8659.0,-0.4141336348706745
8660.0,0.46960867748238533
8661.0,1.0102236702778895
8662.0,0.7983949636983189
8663.0,-0.9052108961134575
8664.0,-1.020693735145664
8665.0,-0.24519285126883006
8666.0,1.620476985393841
8667.0,0.44465518944961435
8668.0,-0.8980997260138888
8669.0,0.5456679849514854
8670.0,-0.3352172464179751
8671.0,-0.8237131916754405
8672.0,-1.5877554593730039
8673.0,-2.478476271769138
8674.0,1.10844565569002
8675.0,0.7405164458655789
8676.0,0.7405137042108558
8677.0,-1.4716535953229248
8678.0,-0.11850721568520958
8679.0,-0.706686440726931
8680.0,0.7022019248206828
8681.0,0.2301384590153878
8682.0,-0.6034569239607341
8683.0,-1.6789854460366607
8684.0,0.35639776505968707
8685.0,0.5882636439262771
8686.0,1.0757855644662653
8687.0,0.04577929182107006
8688.0,0.7046659078592441
8689.0,-1.7404520565828014
8690.0,0.12760077568645511
8691.0,-0.40633279725747984
8692.0,1.0373371833633787
8693.0,-0.6258436930111001
8694.0,0.6884389726187483
8695.0,1.221485796067486
8696.0,0.0704705813346389
8697.0,2.0128088884729713
8698.0,0.9991547624564263
8699.0,0.16307728757559636
8700.0,-0.4159042943859409
8701.0,1.2157901189153701
8702.0,0.6511678296592218
8703.0,1.6223477836726452
8704.0,1.0468863098915664
8705.0,-0.08513550088412808
8706.0,0.3454964265964604
8707.0,0.706029412891016
8708.0,-1.2289281901456661
8709.0,0.9084173013082397
8710.0,-0.5259079017361833
8711.0,-0.1469825213202468
8712.0,1.1556351680802648
8713.0,-0.38148775870435875
8714.0,-0.8899373522989058
8715.0,-3.1622727361296734
8716.0,-0.5257814801592338
8717.0,1.9155031285379027
8718.0,-1.2954712687832386
8719.0,0.4518943464658698
8720.0,-1.3300861098447792
8721.0,-0.2890628354669409
8722.0,0.0011021715835457177
8723.0,0.5556577562850579
8724.0,0.02505891837239678
8725.0,-1.5446681172552346
8726.0,0.08009858309428045
8727.0,0.7146530130123077
8728.0,0.263816041431051
8729.0,0.34496246354219895
8730.0,0.10302192126254912
8731.0,0.7601891288957201
8732.0,0.4528091945656766
8733.0,0.995689234508104
8734.0,-1.3491159572517133
8735.0,2.1414384119608747
8736.0,0.13773586040075714
8737.0,-1.6692256883181091
8738.0,-0.7066836722089191
8739.0,-1.4583653404764474
8740.0,-0.34787911331663335
8741.0,0.5154833862914199
8742.0,-0.8190277971554855
8743.0,0.97378849634027
8744.0,0.7240589597714109
8745.0,0.5982819309198266
8746.0,-1.0196895833265682
8747.0,1.8270910923219241
8748.0,-0.7647784785405415
8749.0,0.7781962948445569
8750.0,-1.2458158614752874
8751.0,0.516685624095907
8752.0,-0.10998709356661751
8753.0,-0.5744318959120539
8754.0,-0.22764833222057132
8755.0,1.0907785553006362
8756.0,1.260387921594885
8757.0,2.171839559299782
8758.0,-0.03724629848152118
8759.0,-0.082373300910754
8760.0,0.8165285845749302
8761.0,-0.9992423759064027
8762.0,1.226359318774543
8763.0,-0.5284934241455606
8764.0,-1.2019007597070641
8765.0,-0.18308182873829013
8766.0,-1.3531456023559472
8767.0,0.3447618109012562
8768.0,0.9349194184052637
8769.0,0.6144812286060113
8770.0,-1.7464879757918514
8771.0,-0.5298807103313542
8772.0,0.5402489872430392
8773.0,-1.3438474952310575
8774.0,-0.011065155442458063
8775.0,-1.5013517231764149
8776.0,0.12056692482274707
8777.0,0.34412549932717273
8778.0,1.1352181351500603
8779.0,0.16594748561394423
8780.0,-0.3727776498281967
8781.0,0.7930787428356714
8782.0,-0.6109613662993137
8783.0,0.08846363772961313
8784.0,0.2546484204122203
8785.0,0.9667538506049957
8786.0,-1.1088212379309053
8787.0,0.053330329673211246
8788.0,-1.5846516394873045
8789.0,-1.3660308384635538
8790.0,1.8024969769333392
8791.0,0.7281037409775049
8792.0,-0.8991372076042042
8793.0,-0.4093891966206492
8794.0,-0.6390509308776893
8795.0,-1.2068349128178297
8796.0,-1.092278391397413
8797.0,-0.11892437268895867
8798.0,-2.6239354653317437
8799.0,-0.04212990283888238
8800.0,0.8318432787555956
8801.0,1.3264971933345786
8802.0,-1.4246951983720686
8803.0,-0.587103383962535
8804.0,0.380486850848083
8805.0,2.801353085079601
8806.0,-0.17673998369162655
8807.0,2.5948422536073
8808.0,-0.9381332833221766
8809.0,-0.38640845796393425
8810.0,0.058109280040773086
8811.0,1.2562393934899108
8812.0,2.381840223930597
8813.0,-0.668184241211313
8814.0,-0.07827186033948592
8815.0,-0.33212557263844744
8816.0,1.1446192659200303
8817.0,1.4691296868980455
8818.0,-0.10936998282699945
8819.0,-0.20351791670024189
8820.0,0.6565315466495166
8821.0,0.8879080064049998
8822.0,-0.2280719980651638
8823.0,-1.5385197018325896
8824.0,0.08592565284126025
8825.0,1.85071843163503
8826.0,0.9469896200552189
8827.0,0.45034819231977957
8828.0,0.8105809777726966
8829.0,-0.157267909031692
8830.0,-0.842546861096005
8831.0,0.049947319490688716
8832.0,0.5423877639951827
8833.0,1.0548871835153464
8834.0,-0.02109074100699536
8835.0,0.056298492951329396
8836.0,0.7377071145844474
8837.0,-1.606578808328194
8838.0,0.7124296050799894
8839.0,-0.33907681784042265
8840.0,1.3795003091311646
8841.0,-0.9691402700055123
8842.0,-0.6375470708344653
8843.0,-0.5292460989567491
8844.0,0.1511310760164466
8845.0,1.022768801798783
8846.0,-1.6618412232378255
8847.0,1.251632145881725
8848.0,-0.5632718072952067
8849.0,1.4513667642952714
8850.0,0.24768820930814173
8851.0,-0.15528726031299986
8852.0,-1.8065606215021457
8853.0,-0.38561769090071696
8854.0,-2.0142385075776046
8855.0,-1.202687849615008
8856.0,0.16661225593537943
8857.0,-1.4144869432206262
8858.0,-1.8634881152795233
8859.0,-0.6320137280420538
8860.0,1.6026303016648147
8861.0,0.08392970506012971
8862.0,-0.7360078083677357
8863.0,0.7161650951726628
8864.0,0.7286706929147091
8865.0,-1.4048931597034882
8866.0,-1.3351487576017904
8867.0,1.1405879127777072
8868.0,-0.7450909231208809
8869.0,0.6340626526834512
8870.0,0.7677076833814117
8871.0,-0.8605943875085964
8872.0,0.41633995318630534
8873.0,-0.16850385743775914
8874.0,1.021852566206005
8875.0,-0.24154918468315473
8876.0,-1.418085142166355
8877.0,0.3980281678176099
8878.0,0.4682616276663225
8879.0,0.5470636871972185
8880.0,0.8621990333256654
8881.0,0.3014902959275574
8882.0,-0.2606207406373576
8883.0,1.8777315463830677
8884.0,1.8767253170910418
8885.0,0.9879751541187181
8886.0,-1.0737315072865126
8887.0,-0.668070690302697
8888.0,-0.01900397359877455
8889.0,-0.7236904783947262
8890.0,1.4914529494196638
8891.0,-1.4380581564790462
8892.0,1.8231064040837333
8893.0,0.7877047736317055
8894.0,-1.0897423425663744
8895.0,-0.14675592928190911
8896.0,-1.3341963131796586
8897.0,-1.100819880623497
8898.0,0.9442709376422613
8899.0,-0.9689620039268001
8900.0,1.375468732265079
8901.0,1.1706619965322593
8902.0,-1.8868079797901105
8903.0,0.062048325388783764
8904.0,1.0636780480858457
8905.0,0.005425165985171586
8906.0,2.0846148675494938
8907.0,-0.03190842619533738
8908.0,1.143966599965306
8909.0,-0.31132912845369176
8910.0,-0.1913100060916303
8911.0,1.7217232033213343
8912.0,0.07605021227493589
8913.0,-0.700054512275724
8914.0,0.7473180926246238
8915.0,-2.301717935733126
8916.0,0.8475122102673428
8917.0,1.3031773673135112
8918.0,0.6687737296500365
8919.0,0.4485095493301422
8920.0,1.5215223845739183
8921.0,-1.7070471858593659
8922.0,-0.18279886343166624
8923.0,1.1075737869179776
8924.0,1.0222534363789868
8925.0,0.42148824634658333
8926.0,-0.24893623386010763
8927.0,-1.1341675846935708
8928.0,1.3309700985501525
8929.0,0.2662867815157942
8930.0,0.6279844713315529
8931.0,0.11806334959369764
8932.0,0.1620384321615157
8933.0,1.2777311914053764
8934.0,0.18749266262559097
8935.0,0.9706539382716897
8936.0,-1.826841751926846
8937.0,2.188290370870267
8938.0,2.0972504575037694
8939.0,1.5202617719091192
8940.0,2.164760216482305
8941.0,1.550367737624374
8942.0,1.522845127929032
8943.0,1.023770843441662
8944.0,-2.3852212728390465
8945.0,-0.512623749911461
8946.0,0.27525588294809733
8947.0,0.3474479535839121
8948.0,-0.6052690623982042
8949.0,0.3939263492058199
8950.0,0.425293950772712
8951.0,1.2076700732733705
8952.0,-1.9645601099455394
8953.0,1.2282345680082138
8954.0,-1.4019827402736416
8955.0,0.6998554316819785
8956.0,0.8285785420638547
8957.0,-1.3103512770927281
8958.0,0.029468429568342065
8959.0,1.2675298785604738
8960.0,0.31922701558186817
8961.0,0.2907589106641064
8962.0,2.091593919295369
8963.0,0.998248365681401
8964.0,1.5016170770770176
8965.0,-1.3089309018547803
8966.0,-0.5945951802110037
8967.0,0.10303562029403532
8968.0,0.8311510170227709
8969.0,0.467449207383816
8970.0,-0.6972052274116939
8971.0,-1.440941462456932
8972.0,2.031594305544971
8973.0,0.13076891985910102
8974.0,1.617682985230165
8975.0,0.4504777605776667
8976.0,-0.4354905392101326
8977.0,0.3776889354273161
8978.0,-1.1682195542979958
8979.0,2.1269480383478068
8980.0,1.4216900425398287
8981.0,0.8098532718499174
8982.0,-1.4994548722753027
8983.0,-0.9180726584334429
8984.0,0.9421953191194327
8985.0,0.554183922728362
8986.0,0.07394945237702537
8987.0,0.905541184347885
8988.0,0.6136803731398456
8989.0,-0.008692178315055756
8990.0,0.488029271648913
8991.0,-0.7501583393510187
8992.0,0.48587094352843513
8993.0,0.20689394980576745
8994.0,-0.8242642365193865
8995.0,0.7423899047155733
8996.0,-1.6039418279673596
8997.0,-0.3640324930235136
8998.0,-0.0958667004939003
8999.0,-0.21238541256064225
9000.0,-0.2876912474001305
9001.0,-0.3883398895083088
9002.0,-0.03549029952272453
9003.0,-1.5833459717739828
9004.0,-1.884429141065636
9005.0,-0.21768710984004983
9006.0,-0.43001210268090906
9007.0,-0.30164744232752666
9008.0,1.675638384113963
9009.0,-0.563978066728773
9010.0,0.2293785520943703
9011.0,-0.6255210971532728
9012.0,0.6296643316545073
9013.0,0.6103724289676548
9014.0,0.11693491642195758
9015.0,-0.2198228437037634
9016.0,-0.1430080497825507
9017.0,0.2890414369877977
9018.0,0.7393035328426424
9019.0,-0.22254106155245676
9020.0,1.4349253358487126
9021.0,-0.2412626468817757
9022.0,1.3742070055366218
9023.0,1.3327048601642142
9024.0,-0.41126233242357074
9025.0,2.2905109832173602
9026.0,0.9722963087380192
9027.0,1.0123836423647419
9028.0,-1.2386390505818952
9029.0,2.2088593241598136
9030.0,-0.5134178140092787
9031.0,1.348988718253102
9032.0,-0.002413073401633816
9033.0,1.163286452108095
9034.0,1.0406868705190546
9035.0,1.7329769717644343
9036.0,1.7640932739567807
9037.0,-1.4057084457983873
9038.0,1.6545949123334978
9039.0,0.09877929631884924
9040.0,0.39389146529863633
9041.0,0.9572993998704796
9042.0,-0.0326500615166984
9043.0,-0.19706959136447955
9044.0,0.17893711373915938
9045.0,2.3926903317971284
9046.0,1.141888724849524
9047.0,-1.4137365065384213
9048.0,-0.33209057114868606
9049.0,-2.1921838279333135
9050.0,-1.6897055484687113
9051.0,0.8764456503356306
9052.0,1.167614487481952
9053.0,0.3917467118610021
9054.0,1.549320739171542
9055.0,-0.862659155754119
9056.0,-1.0655578572576114
9057.0,1.369924939121897
9058.0,-0.38502372962764186
9059.0,1.8312539730572712
9060.0,-0.09417821722908996
9061.0,-0.09621845312436252
9062.0,0.36883923978726196
9063.0,-1.2141164409465963
9064.0,1.1039539875672906
9065.0,1.1641407423195804
9066.0,0.5760936709913396
9067.0,0.04746569646347986
9068.0,-1.2244320160884932
9069.0,1.0264082706642845
9070.0,-0.6472785610525715
9071.0,0.7387820479661085
9072.0,-0.44519133180242126
9073.0,-0.8072948612466456
9074.0,0.4228394221292167
9075.0,-0.2835424582122986
9076.0,2.6614060120354575
9077.0,1.0224097724966688
9078.0,-1.2359342660869492
9079.0,0.9284363104707153
9080.0,-0.6394055803797262
9081.0,0.15466851846278287
9082.0,1.79916839517579
9083.0,1.6864931936274419
9084.0,-1.8725621867998643
9085.0,-0.012360956235222535
9086.0,0.45434212858381184
9087.0,1.8837502616861892
9088.0,1.1469922434280595
9089.0,0.21214592371117602
9090.0,-1.028828448186453
9091.0,0.25388021530184846
9092.0,-0.40359733499720984
9093.0,-0.16214910796824647
9094.0,0.583596526712863
9095.0,0.44892524482086904
9096.0,1.6142725765536106
9097.0,-0.1280429505087086
9098.0,0.7329517419366302
9099.0,2.116817625754843
9100.0,-1.393573326562744
9101.0,-0.5077162394024305
9102.0,1.5199797279054055
9103.0,0.17156317411784036
9104.0,-0.2323677784872901
9105.0,0.6707786542854576
9106.0,-2.388068289855867
9107.0,0.7693589526095839
9108.0,1.3022539662721468
9109.0,-0.5800544431792779
9110.0,0.6219612496547554
9111.0,-2.3355403544361253
9112.0,0.8254010497974226
9113.0,-0.4359753797202711
9114.0,1.9665980648231904
9115.0,1.733582353708654
9116.0,-0.766379089866919
9117.0,0.016001939135930628
9118.0,1.8816980076357972
9119.0,0.20115547924187635
9120.0,0.25500741473020194
9121.0,1.4214157953386777
9122.0,1.6522164264972181
9123.0,1.3467147945166187
9124.0,-0.5593099597586371
9125.0,-0.8766959952114636
9126.0,1.3412032364010888
9127.0,0.723046701787149
9128.0,-0.37084664171757153
9129.0,1.5335994620753841
9130.0,-0.39477973782474546
9131.0,-1.9533301151923455
9132.0,0.16903258762376894
9133.0,-0.5911498003733827
9134.0,-0.4899994826994945
9135.0,0.5329630384802643
9136.0,-0.6357759218003751
9137.0,1.3133301872829044
9138.0,0.8148455684873657
9139.0,-0.92733967565806
9140.0,-0.044317211342507136
9141.0,0.5077036414983922
9142.0,1.8064776600146342
9143.0,-0.8841529933847478
9144.0,-2.467731018627606
9145.0,1.132633823750718
9146.0,1.461998531569883
9147.0,2.5646419778168665
9148.0,-0.6842183210235999
9149.0,0.21836687950186787
9150.0,0.9472873691096544
9151.0,-0.41592941268603945
9152.0,-1.0723123109331203
9153.0,0.4369563518338797
9154.0,0.29824986355789973
9155.0,0.19326790028420232
9156.0,-0.7575293689238417
9157.0,2.3383974565678343
9158.0,-0.7844998134149704
9159.0,0.8932523060511729
9160.0,0.0858517484376422
9161.0,0.7568119205456882
9162.0,-1.4096953695024825
9163.0,-0.056197532856116214
9164.0,0.4292851646777976
9165.0,-0.6822078868419738
9166.0,-0.017668288947418533
9167.0,-1.0285977911405
9168.0,0.9488646367933978
9169.0,0.7538685396035453
9170.0,0.5368803719058847
9171.0,-0.2999696322208719
9172.0,0.5717208089404177
9173.0,-0.8970194726387275
9174.0,0.8148251197388121
9175.0,-0.806612152204302
9176.0,0.12887325628217292
9177.0,-1.1424730826207896
9178.0,1.318997942345982
9179.0,0.3724290670516976
9180.0,-1.050318820454005
9181.0,0.29133606128679085
9182.0,0.10939998508910745
9183.0,-0.7906073088369993
9184.0,-1.1933818772251912
9185.0,-0.16966210973198853
9186.0,2.071900747277876
9187.0,-2.0434965306860726
9188.0,-0.5522782524980727
9189.0,2.137047621562886
9190.0,-0.05669560512860703
9191.0,-1.1746379334168149
9192.0,1.1092019562373414
9193.0,-0.02281024832691626
9194.0,0.48882791218303245
9195.0,-1.9831628386649494
9196.0,-0.7684896589465275
9197.0,0.25024072534045894
9198.0,0.29074175550747344
9199.0,-0.1615847745292937
9200.0,0.06191194177124341
9201.0,0.9722869357597314
9202.0,-1.3063958608826858
9203.0,1.0275428786216863
9204.0,0.8295908010424621
9205.0,0.5919023805146155
9206.0,1.1845501764389432
9207.0,1.128946502898572
9208.0,0.18465594886517617
9209.0,-1.8541862498464665
9210.0,2.1571934632651617
9211.0,0.8589224097247795
9212.0,0.8252139714615283
9213.0,-0.2903191433051165
9214.0,0.6697284206291721
9215.0,0.5748580438623002
9216.0,-0.6642466106885521
9217.0,0.8580901563687002
9218.0,-0.06135790830234724
9219.0,-0.49195652362077585
9220.0,1.0315004806667536
9221.0,-0.4609369812796045
9222.0,0.8399296163521592
9223.0,-1.017080071671347
9224.0,-0.09787065468382448
9225.0,0.33340711395042794
9226.0,-0.686727945892808
9227.0,1.4364932628874143
9228.0,-0.14383651991521945
9229.0,-0.8554399652636984
9230.0,-0.8120756955780282
9231.0,-2.084712202624299
9232.0,0.3262762237954574
9233.0,-0.7560177591958194
9234.0,-0.7324378051024072
9235.0,-1.46972116284322
9236.0,-1.2005391358260782
9237.0,-1.791380962192987
9238.0,-0.052743360739864784
9239.0,0.9005971351359235
9240.0,0.011854566133784947
9241.0,-0.7138454674678577
9242.0,0.8663006352373446
9243.0,0.19652032226961708
9244.0,0.7851277824410717
9245.0,1.1948864096444476
9246.0,0.33773338680159537
9247.0,1.70037537977581
9248.0,-0.7179001423859858
9249.0,0.023511647086209325
9250.0,3.0431845490190974
9251.0,1.3814526104796452
9252.0,-0.07795022718741029
9253.0,-0.1578414970051617
9254.0,-0.0693539280717295
9255.0,1.4459804356232395
9256.0,0.7934579040245666
9257.0,-1.17103217663943
9258.0,-1.0941177282547614
9259.0,1.3564467206852524
9260.0,0.2026371149895987
9261.0,0.023865661324923376
9262.0,-2.2164962308874734
9263.0,0.04090548377525021
9264.0,-1.3624167940735272
9265.0,1.1238970143908
9266.0,-0.5693086473571386
9267.0,0.07469332608118122
9268.0,1.7000531393247296
9269.0,-1.4277639328656482
9270.0,0.4630614133727331
9271.0,-0.8512998862771508
9272.0,0.5588921066247337
9273.0,0.4443370073106043
9274.0,-0.6047512107263008
9275.0,-0.9827365089603544
9276.0,0.0030770433976519524
9277.0,-0.449340452511985
9278.0,1.2475568333405396
9279.0,0.49052343585040264
9280.0,-0.6346473946533491
9281.0,0.22881230627996357
9282.0,-1.2193159838106578
9283.0,0.002115777385605249
9284.0,1.4034877339749277
9285.0,0.7102875994353666
9286.0,0.24375047519487505
9287.0,-0.6486656564907202
9288.0,0.10532570678286028
9289.0,-0.7424047249029151
9290.0,0.9612641278871703
9291.0,-0.6737245873873118
9292.0,1.3633587815068977
9293.0,0.8330313803733014
9294.0,-0.3274077582039062
9295.0,2.129270689643876
9296.0,-0.19898377557191455
9297.0,-0.32847409357612145
9298.0,-2.4345605488902318
9299.0,2.1196745361219094
9300.0,0.6365555927833809
9301.0,-0.4975384599263697
9302.0,0.4070670997070932
9303.0,-1.550241761748423
9304.0,0.2179416946620812
9305.0,-2.0168616640473274
9306.0,-0.37313548742267
9307.0,0.5742215584846104
9308.0,0.43769442851427465
9309.0,-1.5138806069779804
9310.0,0.3055117309346448
9311.0,0.8402448313151146
9312.0,0.6964099691854454
9313.0,-0.19633994897575696
9314.0,1.9646693721599584
9315.0,0.48010948540853504
9316.0,0.21474181200104023
9317.0,-0.8697581750400475
9318.0,-0.16445915312444628
9319.0,-0.3914977466936282
9320.0,0.52225630201841
9321.0,-0.5805374906382226
9322.0,0.41736923674600857
9323.0,0.09605141728684075
9324.0,1.6253028849060995
9325.0,0.9362669883902281
9326.0,-0.23174047887012636
9327.0,-0.433991790198805
9328.0,0.43481607032945474
9329.0,-2.66109316626755
9330.0,-0.5453551476819749
9331.0,-1.0111058124821004
9332.0,1.603140080824135
9333.0,0.4284910270704752
9334.0,-0.09271253599256243
9335.0,-0.6154106472668179
9336.0,-1.3282637688934535
9337.0,-0.26926663717679356
9338.0,1.3509778830672623
9339.0,0.5042943984580798
9340.0,0.2633166866560054
9341.0,-1.102583635361083
9342.0,-0.9523833831996016
9343.0,0.4308772297843066
9344.0,1.1283339949665663
9345.0,0.8027225480026889
9346.0,2.3209194779007727
9347.0,-0.1936179555830763
9348.0,-2.047100445873113
9349.0,-0.7462185943764404
9350.0,0.7993942427463155
9351.0,0.5681670972987558
9352.0,0.5372898510411401
9353.0,-1.747149971419398
9354.0,-1.2696732987177384
9355.0,0.8764120960957459
9356.0,2.641455839618957
9357.0,-0.7344787090245904
9358.0,-0.4941392952804778
9359.0,-0.3586043151482783
9360.0,-1.059357320890053
9361.0,-0.7326933160004826
9362.0,0.8752407648295836
9363.0,0.7196209646219487
9364.0,0.23625835461725048
9365.0,1.0333907507258329
9366.0,0.6150645427356516
9367.0,0.3110731590052636
9368.0,0.05716076012452231
9369.0,0.6043031273978161
9370.0,0.22760688795097234
9371.0,1.3103121223824574
9372.0,-0.7778355638475134
9373.0,-0.5193995757724039
9374.0,-0.8597372921173748
9375.0,-0.4702725975498048
9376.0,0.011812201016419412
9377.0,0.9920322519501398
9378.0,-0.364566262722493
9379.0,-0.1009876859696175
9380.0,-0.8613225646316953
9381.0,-0.4502901191383161
9382.0,-0.28865608320059066
9383.0,-0.7302496232120775
9384.0,0.7529191427941979
9385.0,1.0476277430867187
9386.0,-0.8038453486833215
9387.0,-0.6227262252343326
9388.0,-0.253930911578183
9389.0,-0.9005098793654578
9390.0,0.6521594927045197
9391.0,0.41315863842737677
9392.0,-0.13104041060961966
9393.0,-0.279130481646976
9394.0,-1.7024607955304587
9395.0,0.20797708659113545
9396.0,-0.11671709451669258
9397.0,1.001996482662249
9398.0,-0.37966073409461354
9399.0,0.17442793723644584
9400.0,-1.3911696300573613
9401.0,0.9200205825978435
9402.0,0.16136304408979302
9403.0,-0.844524558038374
9404.0,-0.82588771154533
9405.0,1.8448824912028552
9406.0,-0.10045255835615285
9407.0,-0.8050901543558155
9408.0,-0.030115770128460374
9409.0,0.5437051095230085
9410.0,-1.3770877855252877
9411.0,-0.288509177277394
9412.0,1.234634398390729
9413.0,-0.8682596117808988
9414.0,0.1155566261234465
9415.0,0.6737912258435512
9416.0,-1.5239891681024702
9417.0,-0.6201564578810673
9418.0,1.910788541638357
9419.0,-0.3061370395875707
9420.0,0.9011292669072403
9421.0,-1.4957739389382079
9422.0,0.960523748499294
9423.0,-0.08556937616960299
9424.0,-0.2972129122526197
9425.0,-0.0877215864035256
9426.0,0.2457296917496065
9427.0,0.5277613990997203
9428.0,-0.2212325880119515
9429.0,-0.11993051244442908
9430.0,-1.0210709148330608
9431.0,0.7824195830099093
9432.0,1.0441587777900587
9433.0,-0.7264244284439596
9434.0,0.4713036297724856
9435.0,-2.167578119937434
9436.0,0.6296561049183976
9437.0,1.0609677744695065
9438.0,-0.4595019927798229
9439.0,0.6425935784781706
9440.0,0.24367539951761055
9441.0,-0.857680509229099
9442.0,0.5782682070260564
9443.0,-1.616526408440441
9444.0,-0.008653440814587557
9445.0,-0.14492259552177333
9446.0,-0.14043809386978026
9447.0,-1.554263912314247
9448.0,-0.10000122157925899
9449.0,-0.18529120337160165
9450.0,-0.5930440559299577
9451.0,-0.19058212265502103
9452.0,-1.7517296499274562
9453.0,-0.513422149981256
9454.0,-0.03881688814983072
9455.0,-0.6632917599222878
9456.0,1.2668045027860149
9457.0,-1.6308726340754345
9458.0,0.03188109286122163
9459.0,0.44385248005521305
9460.0,0.0027737560209257356
9461.0,-0.21109403849776917
9462.0,-0.4387185180416142
9463.0,0.26337229337823415
9464.0,1.1749279444990128
9465.0,-1.694668679528306
9466.0,0.7469522379318937
9467.0,0.2245569290464801
9468.0,0.32061979387183676
9469.0,1.7220040554768965
9470.0,1.5118751081599757
9471.0,-0.47038797452416287
9472.0,0.34082905300345673
9473.0,-0.000692209091058794
9474.0,-1.2925021605840106
9475.0,1.6196536912214232
9476.0,-0.06580613006627152
9477.0,0.6945765822756762
9478.0,-0.335001229061355
9479.0,-0.8234772004253055
9480.0,0.4379218263038999
9481.0,0.24968040897347107
9482.0,-1.370068220132993
9483.0,1.2134336593131125
9484.0,1.3072688062008064
9485.0,-0.5003156221067994
9486.0,0.5400836590006465
9487.0,0.6655187673886179
9488.0,-0.2444300727770191
9489.0,-0.6606337347493102
9490.0,-1.2884727978566861
9491.0,1.8156511221382543
9492.0,0.019108017134438573
9493.0,-0.19474774799168232
9494.0,0.049457714787694645
9495.0,-0.24668775393992776
9496.0,1.327809137897636
9497.0,-1.191968161325122
9498.0,0.9755501484737494
9499.0,-0.06730063804025008
9500.0,-0.4161564684639269
9501.0,-0.32776581904486063
9502.0,1.2208081422845145
9503.0,-1.97076575156564
9504.0,0.9291937831347349
9505.0,-0.8047209723821604
9506.0,-1.4363127528623727
9507.0,-1.5488719132646385
9508.0,-0.5462554960551225
9509.0,1.5498761777034342
9510.0,1.3663688865256092
9511.0,-0.15527718078574623
9512.0,-1.6338261645460375
9513.0,-1.885117862610924
9514.0,1.4121441325406974
9515.0,-2.581394385366648
9516.0,-0.10256640524830929
9517.0,1.111761662033733
9518.0,0.9979174158558688
9519.0,0.9790102457649372
9520.0,1.3625762498939302
9521.0,0.7906479982166102
9522.0,0.1232079904549139
9523.0,-0.8417960929564596
9524.0,-0.2181297036161264
9525.0,0.6804722802384108
9526.0,0.9116852895418369
9527.0,-2.0521034158621214
9528.0,1.6890287370757588
9529.0,1.4655527591010717
9530.0,-1.3848893556624673
9531.0,1.30744412736898
9532.0,1.2256995450142767
9533.0,-1.108168074580141
9534.0,1.091216801841571
9535.0,-1.4339374831738043
9536.0,-0.5303104653022142
9537.0,-0.35905935464443445
9538.0,1.3278496072113513
9539.0,0.07129557740031481
9540.0,1.9605246735850153
9541.0,-3.147537900645931
9542.0,0.05001062490430693
9543.0,0.43135141039904046
9544.0,-0.7661476996715797
9545.0,0.12399132844945725
9546.0,-0.8141239618173638
9547.0,1.3585462661087606
9548.0,2.531726420534399
9549.0,-1.180822520754361
9550.0,0.819858372196335
9551.0,0.6527089901837035
9552.0,-0.6456957249948437
9553.0,-0.04287189536034823
9554.0,0.815787783075123
9555.0,0.9702676719400564
9556.0,0.6829788573105665
9557.0,0.46603398527347
9558.0,-0.28277223768117893
9559.0,1.4107925976224922
9560.0,0.9029818797525565
9561.0,-0.3606294397152826
9562.0,0.5977929301246306
9563.0,0.04872008453083251
9564.0,-1.2394789816140304
9565.0,0.17295782896292808
9566.0,1.51946595565267
9567.0,1.0348375431596848
9568.0,-0.5421164354937099
9569.0,-1.0938523837366805
9570.0,0.4058301770910483
9571.0,1.1279994845669241
9572.0,-0.41937936941603093
9573.0,2.0889633114487545
9574.0,-1.3661558616682594
9575.0,0.1914827791325207
9576.0,1.578545268606053
9577.0,-0.5068223501625875
9578.0,-0.7451011867703929
9579.0,-0.4990807133049037
9580.0,-0.11976345090022554
9581.0,-0.5312076139421384
9582.0,0.619317735343944
9583.0,-0.31838939566285085
9584.0,-1.3142094102234065
9585.0,1.6001784898683782
9586.0,1.8738748984926776
9587.0,-0.4026569781921535
9588.0,-0.6435667782254582
9589.0,0.0820629909207681
9590.0,0.3280152881841659
9591.0,0.8177709698754153
9592.0,-0.6000168810304686
9593.0,0.24573984442230987
9594.0,-0.618221718334851
9595.0,1.0150802518665158
9596.0,-0.34519774548897997
9597.0,1.0840209461887471
9598.0,1.1500671273569487
9599.0,1.4188464518112236
9600.0,-0.5538790220345802
9601.0,1.5695652526336177
9602.0,0.09475977191445535
9603.0,0.27582908298171566
9604.0,-1.0089369758860685
9605.0,-1.8851825145512582
9606.0,-1.0704080334775807
9607.0,-0.06896248355331808
9608.0,0.6903775027268003
9609.0,0.9623561216204964
9610.0,1.1137027365491712
9611.0,-1.3312837706894292
9612.0,-0.3346032827793918
9613.0,1.1169704950653008
9614.0,-1.27379565090743
9615.0,-0.3644249978277538
9616.0,-0.14935061170187056
9617.0,0.3597885192485021
9618.0,-0.4139580626807263
9619.0,-0.5707446178660666
9620.0,0.5020763212941047
9621.0,1.0054496941172513
9622.0,0.8215945021272572
9623.0,-0.8704195674037505
9624.0,-1.3621503646225759
9625.0,-0.9313662513803572
9626.0,2.67193967705746
9627.0,-0.3428711342802998
9628.0,-0.3701262727115773
9629.0,-0.20927781703131132
9630.0,-0.40121432889438197
9631.0,0.5958640509159133
9632.0,-0.49528107768039226
9633.0,0.3251397087316991
9634.0,0.3705993527882382
9635.0,-1.526062306471432
9636.0,0.7577265551237572
9637.0,1.7194202331335617
9638.0,1.1338131848312467
9639.0,-0.944099790908046
9640.0,0.9301198279920807
9641.0,1.3594028136573912
9642.0,-0.6733676559505418
9643.0,-0.05689606790871149
9644.0,-0.21094433730461276
9645.0,-0.12057255145639068
9646.0,-0.7127625587779358
9647.0,0.9945358613011867
9648.0,-1.131435665171869
9649.0,1.3997254182770233
9650.0,0.13333654721696983
9651.0,1.003650345819541
9652.0,-0.14147950071914786
9653.0,-1.384673209378378
9654.0,0.327154770424224
9655.0,0.8813899532721862
9656.0,0.019646962193231476
9657.0,-0.3530618920564075
9658.0,0.5838531171848642
9659.0,-0.4167159879058348
9660.0,0.8672233502493233
9661.0,0.734491742459796
9662.0,0.3793198897266485
9663.0,1.4331731764130846
9664.0,-0.9632187630979747
9665.0,0.281078174825703
9666.0,0.3539099761525859
9667.0,-1.1743831879292363
9668.0,-1.5065226122065607
9669.0,-0.7009118679292319
9670.0,-0.18305883781391927
9671.0,0.9666601502589949
9672.0,-0.23988936311085227
9673.0,-0.4520470862200468
9674.0,-0.883196406107066
9675.0,0.691152097549577
9676.0,2.042440298033666
9677.0,1.628756564882736
9678.0,-0.4958098311580347
9679.0,-1.1920521038852339
9680.0,-1.4518101992525096
9681.0,-1.2395677522668058
9682.0,-0.32167594170454783
9683.0,1.9678626082289297
9684.0,0.12511629383233314
9685.0,0.7140341422834736
9686.0,0.9585559258500516
9687.0,-0.003922680924847854
9688.0,0.2897415021073812
9689.0,0.7925216773136413
9690.0,0.14300685600265917
9691.0,1.7385730986872732
9692.0,-0.6240086095519488
9693.0,-1.1521323523265556
9694.0,-0.04532290086116889
9695.0,1.0592096491656007
9696.0,-0.028123476828643613
9697.0,0.43191062505970856
9698.0,0.734876497101787
9699.0,1.306208783320751
9700.0,-1.195209633917487
9701.0,-0.4466564874499853
9702.0,-0.4260453446158721
9703.0,0.8316891193532677
9704.0,-0.5257950395962145
9705.0,-0.7560019145202201
9706.0,-0.9493487607821758
9707.0,0.8409018196523248
9708.0,0.005375336092042319
9709.0,0.08166827670009025
9710.0,1.262787997511844
9711.0,-0.7499182221691366
9712.0,0.2482918006006118
9713.0,-0.854958327216208
9714.0,-0.039112723014829515
9715.0,0.5773220104340439
9716.0,-1.3353004016496155
9717.0,0.44464513048760856
9718.0,1.198920233030645
9719.0,0.8787045319789363
9720.0,-0.1647884777764693
9721.0,1.7532244775669115
9722.0,-2.6775829412185064
9723.0,0.1837028702312586
9724.0,0.3647157027811707
9725.0,-1.4129383772678914
9726.0,1.4997721292261499
9727.0,-1.7228089336705599
9728.0,0.948409381069254
9729.0,1.1307584781690072
9730.0,0.0996485773557034
9731.0,1.6263291386104117
9732.0,-0.46225698551355293
9733.0,0.3478845441507298
9734.0,1.7752363089406744
9735.0,-0.404610841846343
9736.0,1.2743608182308284
9737.0,1.361665481402691
9738.0,-0.494457811339
9739.0,0.09578390662042106
9740.0,0.3585295496155004
9741.0,-0.507429318115344
9742.0,0.08309132976024687
9743.0,0.7600710176683865
9744.0,-1.2193716607061187
9745.0,1.436154562755265
9746.0,-0.15767019410982408
9747.0,1.080343472737645
9748.0,-0.2592237373213641
9749.0,-1.3000490278008585
9750.0,-0.6901768782575468
9751.0,-0.4546731524993669
9752.0,-0.24275118562248352
9753.0,0.3766379675766692
9754.0,1.1754041234933974
9755.0,-0.6532915174395811
9756.0,0.7519719224396678
9757.0,-0.2939688509290789
9758.0,1.7171873402999929
9759.0,-1.1505785805167057
9760.0,-0.5506632115346782
9761.0,-0.5591348809568364
9762.0,-0.03258349460317149
9763.0,0.5357429831851983
9764.0,-1.350426777087481
9765.0,-1.8183251286436966
9766.0,2.05484250068075
9767.0,-1.017718190892218
9768.0,-0.9667742766918659
9769.0,-0.33271559139616813
9770.0,-0.9404242328482191
9771.0,0.1721447704846935
9772.0,-1.0883810754672787
9773.0,1.8555268181417683
9774.0,0.42422829886784286
9775.0,2.1770284365454913
9776.0,0.11626408658784787
9777.0,-0.08758056321495489
9778.0,0.264145265198324
9779.0,0.7489100197739282
9780.0,1.3196645082151786
9781.0,1.145883690340587
9782.0,-0.48113370946261524
9783.0,-0.8773000086760272
9784.0,1.3719411991426196
9785.0,0.21122519688050545
9786.0,-1.1986371714802118
9787.0,0.5299757968220395
9788.0,-1.5037354845508584
9789.0,-0.17235060024617796
9790.0,-0.5076435289920056
9791.0,2.3734518868353454
9792.0,-0.29681715302011247
9793.0,0.783528348265657
9794.0,-0.008802087143793231
9795.0,1.083539681970181
9796.0,-0.016037739049778597
9797.0,0.8586543901038538
9798.0,1.716373545327818
9799.0,-0.37841388358288
9800.0,2.184442707443325
9801.0,-0.22104919777872317
9802.0,0.9942383539629995
9803.0,-1.76628813544586
9804.0,-1.2540451208609926
9805.0,0.19705964300401002
9806.0,0.39955313247152924
9807.0,-0.6506812650070798
9808.0,0.22473360876436807
9809.0,-0.22046039211483226
9810.0,-0.056736080739929924
9811.0,-0.08913785982978333
9812.0,-0.7808173983995668
9813.0,1.8873746982005397
9814.0,-0.4709346476083726
9815.0,-0.5006071755550333
9816.0,1.0075051194516518
9817.0,0.3590329039800128
9818.0,-0.7108658770815589
9819.0,-0.35850574621447034
9820.0,0.6942198718518543
9821.0,0.6102082630241356
9822.0,0.3080491520501337
9823.0,-0.1518836445702493
9824.0,1.3561679330567942
9825.0,-1.7361745488263396
9826.0,-0.26340481349169037
9827.0,0.21909794526877976
9828.0,0.19593660318476327
9829.0,0.4352925733582682
9830.0,0.22433716419166305
9831.0,-0.2898910027820696
9832.0,-0.40626384771528923
9833.0,0.8655281726527284
9834.0,0.903170757591747
9835.0,0.4081873658628809
9836.0,-0.5659103365749393
9837.0,-2.2706203296256913
9838.0,-1.2504866679151498
9839.0,0.45507449065109146
9840.0,0.9504608574945348
9841.0,-0.7542853958300666
9842.0,1.9376237486525714
9843.0,0.9276212104638292
9844.0,0.2606482539731284
9845.0,-0.6026814496869837
9846.0,-1.5728932525248212
9847.0,0.8058845406001486
9848.0,-0.9317609949482378
9849.0,-0.819585364908563
9850.0,0.7278183662861176
9851.0,-1.218493742392419
9852.0,-1.5077821495156996
9853.0,-1.881654163238658
9854.0,0.9742409144137527
9855.0,-0.07595736805042116
9856.0,-0.11759723756348704
9857.0,0.37274192811861
9858.0,0.5409789973777027
9859.0,0.07298966643874706
9860.0,0.39390237331857925
9861.0,0.674450584906055
9862.0,0.2090133801876851
9863.0,1.578934212075702
9864.0,0.2817214301008832
9865.0,-2.138000462823969
9866.0,0.5619864630618725
9867.0,-0.8894193902529538
9868.0,-0.6907990074691334
9869.0,-1.3505143993410957
9870.0,-1.2690068084482238
9871.0,-1.415227775848284
9872.0,-1.3597154627512968
9873.0,0.3842245086120951
9874.0,1.4640477250093478
9875.0,-0.7174207248681336
9876.0,0.3598909210272423
9877.0,-1.1800066945722099
9878.0,-0.41794478201284263
9879.0,-1.2180470456289507
9880.0,-1.2239912260908186
9881.0,2.046608331102724
9882.0,-0.07879164112101908
9883.0,-1.3106205597773146
9884.0,0.601597721816459
9885.0,-1.5906680810298484
9886.0,-1.686094098596703
9887.0,1.942887834933654
9888.0,1.5137608499014579
9889.0,1.1118283319964222
9890.0,-0.33604869856610936
9891.0,-2.1832937981680027
9892.0,-0.6956722540292121
9893.0,-0.09042455753483179
9894.0,-0.05287130925365388
9895.0,-0.9129798282556002
9896.0,-1.3928736098963002
9897.0,0.9117031050642569
9898.0,1.2924925677492867
9899.0,0.5337083632908652
9900.0,1.2751412685620624
9901.0,0.6671004058338584
9902.0,-0.07994031987096142
9903.0,-0.1480812211425229
9904.0,-2.3930755269742363
9905.0,-0.6542122944276724
9906.0,0.4789656838029354
9907.0,0.062075173941167724
9908.0,-1.3515998836559928
9909.0,0.7165791755984824
9910.0,-2.1285645122230026
9911.0,1.8806919194004397
9912.0,-0.5096995320985663
9913.0,1.581477707950724
9914.0,-0.5021568410583517
9915.0,2.0413287562175335
9916.0,-1.0045474832461825
9917.0,0.3462244646337184
9918.0,0.09447673743640159
9919.0,-0.2429201957886658
9920.0,0.6806465731570123
9921.0,-0.7832002044170168
9922.0,-0.05001690177175196
9923.0,-0.4763455557869531
9924.0,0.2520812224502051
9925.0,-1.8031219115633166
9926.0,0.39774266152836574
9927.0,-0.870906329579028
9928.0,0.6040762220240257
9929.0,1.2994165145329795
9930.0,-0.5181476715535408
9931.0,-0.9375661521416747
9932.0,0.9333976204965566
9933.0,-0.9938051206742353
9934.0,0.21340136292970077
9935.0,-0.32902782656955426
9936.0,0.9440124055099048
9937.0,-2.0369843315327385
9938.0,1.0728138433805516
9939.0,-3.401940839635977
9940.0,0.5612642833392074
9941.0,1.5092419319053922
9942.0,0.5975709943078502
9943.0,-0.6891554352908364
9944.0,1.856467222135844
9945.0,0.09334217159301156
9946.0,-1.2789196001807082
9947.0,-0.4571345459911682
9948.0,-1.2478716365024787
9949.0,-1.9044251329095117
9950.0,-1.0380031512353054
9951.0,1.6718703056788562
9952.0,2.2225007204558014
9953.0,-0.4906594826669954
9954.0,-0.895656872467859
9955.0,-0.6103861320585497
9956.0,0.20475362160502203
9957.0,1.0874382344601952
9958.0,-0.2087849502941705
9959.0,-0.8385342517537703
9960.0,0.8470537127967058
9961.0,-0.15323614336588565
9962.0,0.44836633905834694
9963.0,-1.999683778181754
9964.0,0.06333379022062896
9965.0,-0.7117285008538068
9966.0,0.206544920070225
9967.0,0.9100580473343238
9968.0,-0.04083300479309682
9969.0,-0.7986399865501782
9970.0,0.8310656900795983
9971.0,-0.8359630384135222
9972.0,-0.35559065417418145
9973.0,1.59079565930732
9974.0,-1.5399933114607915
9975.0,0.11068376746002094
9976.0,-0.9683239029639316
9977.0,0.16013321061790123
9978.0,1.6407342952764798
9979.0,-1.195499290608889
9980.0,0.7947439267164508
9981.0,1.966564779169342
9982.0,-0.2044356767150092
9983.0,0.29891499460098286
9984.0,-0.38754186859867035
9985.0,0.5081657973872934
9986.0,-0.10780328137324438
9987.0,0.3410369683595621
9988.0,-1.0628074751586487
9989.0,-1.149568451633381
9990.0,0.22864844720563995
9991.0,0.09004204013884134
9992.0,1.3789852254529507
9993.0,0.3304402852866395
9994.0,0.427836366776851
9995.0,-0.7420232405813026
9996.0,-2.3901971843749976
9997.0,-0.1307111846725909
9998.0,-0.9178931411338308
9999.0,0.7604890081034688
10000.0,-1.0467286064105632
10001.0,-1.15072146593398
10002.0,-1.1276857312017514
10003.0,0.5419820835903103
10004.0,-0.3976333365124407
10005.0,0.5644201765582959
10006.0,1.3607743391361145
10007.0,0.4038116611933755
10008.0,-0.695603523599514
10009.0,1.2593745591632062
10010.0,-0.7475533651095805
10011.0,0.43422913814935654
10012.0,0.3233421762391525
10013.0,-0.956417712884325
10014.0,0.039871046906582865
10015.0,-0.28959595534022026
10016.0,-0.11220223024289369
10017.0,-1.3076919334517279
10018.0,0.7897283430347777
10019.0,-0.15647371988045572
10020.0,-0.4449447602537459
10021.0,1.533490203077926
10022.0,-1.0781808828343207
10023.0,-1.323217546052713
10024.0,1.666574839853695
10025.0,-2.3752267600771977
10026.0,-0.4874551303062687
10027.0,1.3700309642157735
10028.0,0.3445038673614804
10029.0,0.9623979521481542
10030.0,1.0933959302936107
10031.0,-0.29217926663868343
10032.0,0.2865416064627141
10033.0,1.0983446354857869
10034.0,0.6752469893598106
10035.0,0.6634900884594075
10036.0,-0.482874244521345
10037.0,0.33633117181087235
10038.0,0.06838844784349371
10039.0,0.4375353355581376
10040.0,-0.15089865771459135
10041.0,0.26630539863886765
10042.0,0.25631704932638205
10043.0,1.3444737076517894
10044.0,1.065398179470622
10045.0,0.7386668051291179
10046.0,1.2348882923449263
10047.0,0.3814883893185057
10048.0,-0.02476686169453642
10049.0,-0.24840688951209117
10050.0,-0.8510567444600236
10051.0,1.509259407503316
10052.0,0.03205867655320263
10053.0,-0.6545253560747938
10054.0,-0.5445928912091063
10055.0,-0.833570229214937
10056.0,0.6725061347316771
10057.0,0.015434948178807984
10058.0,0.7130455363020155
10059.0,1.7309556317715369
10060.0,-0.08848166253268458
10061.0,-0.21979809462183916
10062.0,0.08035988262043428
10063.0,-0.19367356345187364
10064.0,-1.9837501972444151
10065.0,-0.13375077092474574
10066.0,0.9766515237828796
10067.0,-0.005887137556774295
10068.0,0.6394997039311203
10069.0,-1.0850979770259332
10070.0,0.12431969950551985
10071.0,0.5441517516419495
10072.0,-0.10599725778985981
10073.0,0.2710272868916879
10074.0,-0.7036882987249373
10075.0,0.6432106287250421
10076.0,-0.7272870663427755
10077.0,1.0788570258335983
10078.0,1.9113380001238887
10079.0,0.23641174663204761
10080.0,-0.8003823445291686
10081.0,-0.0855670523204412
10082.0,0.5104384280538875
10083.0,2.1065488979351543
10084.0,-0.17232938081266594
10085.0,-1.684372228108939
10086.0,0.0015529399312746992
10087.0,-1.2794925091187257
10088.0,0.18309756545505232
10089.0,0.4548231159411666
10090.0,-0.5838471495265404
10091.0,0.7002002787599478
10092.0,0.026097796112786342
10093.0,0.49004421868348313
10094.0,-0.46517710815053415
10095.0,0.5573713623461855
10096.0,-1.4564814204907166
10097.0,-0.05876936705842779
10098.0,-0.6639396361258321
10099.0,-1.0655185423372129
10100.0,-0.9296950314510801
10101.0,1.2956399990575227
10102.0,-0.30564361263892587
10103.0,0.1856307403780749
10104.0,1.0501278975370758
10105.0,1.496986123102167
10106.0,-1.435185820051733
10107.0,2.24476880143742
10108.0,-1.0119200351751034
10109.0,0.7997405894908649
10110.0,1.9964168909152107
10111.0,0.19670844880458793
10112.0,0.46720844218694435
10113.0,-2.4062434524368816
10114.0,-0.8521486733081799
10115.0,0.2129111065328644
10116.0,-0.19598750899024178
10117.0,-0.9288896442462123
10118.0,0.8653084296048984
10119.0,-0.8585735484784404
10120.0,-1.5690784277698702
10121.0,0.5682815789775361
10122.0,0.11831571488312057
10123.0,-1.3349336831671197
10124.0,-1.0298257462962308
10125.0,0.07883626850021322
10126.0,-1.173986361137086
10127.0,0.5605999032282794
10128.0,-0.08667844544397363
10129.0,-0.38890203247774147
10130.0,-0.12750460880772074
10131.0,-0.41282446584369675
10132.0,-0.5616470365959794
10133.0,-0.3641898834217318
10134.0,-1.0756388662314322
10135.0,0.17211296178428293
10136.0,1.0604027840670642
10137.0,1.1869317537861235
10138.0,-0.013665568623296733
10139.0,1.0842238861648574
10140.0,0.24470176524690432
10141.0,-1.57703833765362
10142.0,-0.7825156583695616
10143.0,1.600391889373016
10144.0,0.7003856825143151
10145.0,-0.4008925730196643
10146.0,-1.196626106248507
10147.0,1.041721713234137
10148.0,0.8423852302055944
10149.0,-1.2968162130689074
10150.0,-0.23460801078162752
10151.0,0.1792853164054179
10152.0,0.16424577769248505
10153.0,-0.8651120454599582
10154.0,0.14484193589266084
10155.0,-0.8729236355533183
10156.0,-0.4630534435240554
10157.0,-0.8646987548454855
10158.0,1.362254495195876
10159.0,0.7925976088504062
10160.0,0.49158952191769234
10161.0,-0.8546839246475182
10162.0,1.4494187354732826
10163.0,0.25241478465483697
10164.0,1.6200601557304726
10165.0,-1.1474929448350955
10166.0,-0.28555954427928026
10167.0,0.042407067534157794
10168.0,0.3839590684910431
10169.0,0.36051560974018065
10170.0,-0.23212667745869697
10171.0,-0.1258167460083706
10172.0,0.2279183951838441
10173.0,1.5410866879916134
10174.0,-1.2702537127190914
10175.0,-0.435515906439653
10176.0,0.989490533981944
10177.0,-0.263042060397314
10178.0,1.8924911934756776
10179.0,-1.9029447317557935
10180.0,-0.2494194212489906
10181.0,0.6167406010144761
10182.0,-0.7532494356046303
10183.0,0.8973371611463031
10184.0,1.9211540396650748
10185.0,-0.15666668429367425
10186.0,0.7977327580804466
10187.0,1.2462883009229053
10188.0,-0.5851495014700537
10189.0,-0.01050778967683001
10190.0,-0.9440925202614358
10191.0,-0.1242268580492491
10192.0,-0.7517662452909878
10193.0,-1.5236876194856617
10194.0,-0.7107698518092608
10195.0,1.5568079823633063
10196.0,0.11419601062260439
10197.0,-1.604809480831277
10198.0,-1.2076736291165877
10199.0,-1.7937423301803537
10200.0,-1.4909913478037233
10201.0,-0.08254387396808718
10202.0,-0.358769314057346
10203.0,-0.5951699979188407
10204.0,-0.9581537138598536
10205.0,0.21731759566633624
10206.0,1.0269413973089438
10207.0,-0.0367825384455532
10208.0,0.936946632858241
10209.0,-1.680406073732684
10210.0,-0.20618228653388226
10211.0,-0.9229704511185605
10212.0,-0.7539493460334905
10213.0,0.17634902281007728
10214.0,0.8882883990803404
10215.0,1.5203255109518425
10216.0,-0.8589522922284862
10217.0,-1.0221003237636876
10218.0,0.08623464714142513
10219.0,2.9003949896422134
10220.0,-0.6988816317285466
10221.0,0.29485358675787604
10222.0,-0.16812057977336242
10223.0,-0.18211848310700457
10224.0,0.18579673490644757
10225.0,-0.5418402244481767
10226.0,-2.583168857822905
10227.0,-0.5433598456441652
10228.0,-1.0580745978092545
10229.0,0.5319819548306989
10230.0,-0.9942185858568443
10231.0,0.1124367961027853
10232.0,0.43229331728615294
10233.0,-0.47996096231942403
10234.0,0.632110386023911
10235.0,-0.5678199789088919
10236.0,-0.9096831357967521
10237.0,0.06488965513425309
10238.0,-2.0989283040326763
10239.0,-0.9427748019793927
10240.0,-0.009431792016853997
10241.0,-1.0510818219384463
10242.0,1.2271745418321807
10243.0,0.6125874887370742
10244.0,0.8599227074738343
10245.0,-0.03126334048617505
10246.0,1.1507750982230214
10247.0,-0.29850477565361033
10248.0,1.0091160401878077
10249.0,0.4634418000521954
10250.0,-0.43744374718821183
10251.0,0.02493608088389654
10252.0,-0.21287772799208643
10253.0,-0.4628048986749302
10254.0,0.3499966411902445
10255.0,-0.512506290747572
10256.0,-0.5716743656630389
10257.0,0.5026959983766417
10258.0,2.3606054636142484
10259.0,0.015805860133056664
10260.0,0.2835726936203587
10261.0,-0.5462685866686152
10262.0,-0.47193320091662355
10263.0,0.6185561329019993
10264.0,0.620514729077894
10265.0,-0.4033465171131551
10266.0,0.9987431091345623
10267.0,0.593398318914033
10268.0,0.2961361044269279
10269.0,-0.3818161973375684
10270.0,0.3621192404735338
10271.0,0.14541812907743704
10272.0,-0.383632531051695
10273.0,0.5154769220644345
10274.0,-0.9505569541676234
10275.0,-1.0368652190493564
10276.0,1.9777941398351506
10277.0,0.284024005206012
10278.0,0.182902248206216
10279.0,0.576214822806553
10280.0,0.08670466761428568
10281.0,0.7977243023005496
10282.0,0.3182863613240956
10283.0,1.9238720529342108
10284.0,-0.8507133642413756
10285.0,0.1883008066387353
10286.0,-1.173326457276221
10287.0,0.08848518292399035
10288.0,-0.13934360595799494
10289.0,2.1165241772051733
10290.0,0.20477187584180329
10291.0,-0.692900010956537
10292.0,-0.9873654144604385
10293.0,-0.4596678555183767
10294.0,-0.4261709153900558
10295.0,0.9177561135874788
10296.0,-2.179668841543634
10297.0,0.5933212964717477
10298.0,1.042081438204363
10299.0,-0.11063642380252378
10300.0,-0.04279146694374488
10301.0,-0.8321187903721996
10302.0,-0.5156195291413618
10303.0,0.2672224047067911
10304.0,-1.0127315342077914
10305.0,1.593571012142888
10306.0,-0.5643343586811065
10307.0,-1.0297720577928384
10308.0,-2.2418816530445715
10309.0,1.5262856155838411
10310.0,0.5137603967233999
10311.0,-0.3934312566132861
10312.0,0.09609540602937043
10313.0,-1.272874656317787
10314.0,1.8966461924479858
10315.0,1.1911806537740595
10316.0,-1.8440088035725029
10317.0,0.46946883237772474
10318.0,-0.025707272296718858
10319.0,1.4435202113381165
10320.0,0.1818989117478287
10321.0,-0.04457265128677506
10322.0,-1.6616023714643648
10323.0,-0.9582436354858873
10324.0,0.3070133786519724
10325.0,1.1037888316737159
10326.0,-2.34150191283347
10327.0,-0.43897119769520054
10328.0,0.5328126807759049
10329.0,-0.2401821649370672
10330.0,0.6307580892444883
10331.0,1.1013778554022184
10332.0,-0.8116116482954012
10333.0,-0.04366371535330061
10334.0,-0.5031090499745172
10335.0,-0.06044276133029499
10336.0,-0.3407412723407762
10337.0,0.5069377994680797
10338.0,0.4302722826947057
10339.0,1.3145297951694768
10340.0,-0.6659720357322021
10341.0,-1.3938435772593187
10342.0,0.7014055910197275
10343.0,-0.9953749597638363
10344.0,-0.5905485222842951
10345.0,0.06820504909592856
10346.0,1.6557366638806614
10347.0,-0.13861012885371832
10348.0,-1.6703890348784278
10349.0,-0.908228068449455
10350.0,-1.4156801567946742
10351.0,-2.2563204503823213
10352.0,-0.9425611870250102
10353.0,-0.7390375908233113
10354.0,0.5594667183081524
10355.0,0.49083612971769436
10356.0,-0.2899991672587888
10357.0,-0.15208560197302265
10358.0,0.11762357031382718
10359.0,0.36026607779041786
10360.0,0.6322422228205655
10361.0,-0.13667945426028175
10362.0,-1.4563296429800894
10363.0,-2.551100339673799
10364.0,0.3673528561744424
10365.0,-0.6883922870035231
10366.0,-0.5782403164681158
10367.0,-0.17816285859154396
10368.0,0.8078236442068758
10369.0,0.8449401391127502
10370.0,1.0030907810566383
10371.0,0.15443710644148811
10372.0,0.6529314180272497
10373.0,-0.30679782709456543
10374.0,-0.2865598078359968
10375.0,0.6143952294935527
10376.0,0.08208195532229522
10377.0,1.0087104406783007
10378.0,0.0853830818115838
10379.0,-1.1335194157024882
10380.0,-0.8693401301837719
10381.0,0.781815850000155
10382.0,-1.3107998538469952
10383.0,-0.007915850327324198
10384.0,-0.04218911582263446
10385.0,1.7076293551839847
10386.0,-0.296571296397162
10387.0,-2.9985914175899406
10388.0,-0.6837988331223339
10389.0,-0.3875425919826838
10390.0,-2.3459895348089974
10391.0,-1.1199483573639664
10392.0,0.03869506712759367
10393.0,-0.7198022301019292
10394.0,0.2843105693439618
10395.0,1.27003559956806
10396.0,-0.12990943087245757
10397.0,0.20053374218156222
10398.0,0.012745250559173131
10399.0,-1.813002907503548
10400.0,1.615456648843467
10401.0,-1.226403339002402
10402.0,-1.6197641418576536
10403.0,-0.43878531651909924
10404.0,-0.7883507167828953
10405.0,0.013110545077621353
10406.0,-1.6748473607012118
10407.0,-0.15199167038027178
10408.0,0.5152519269396301
10409.0,0.01595844419967744
10410.0,0.5581863707383342
10411.0,-1.41901350417357
10412.0,0.5757114627094599
10413.0,-0.7712309520372329
10414.0,0.23475698468373704
10415.0,-1.1736991590759256
10416.0,2.5389865952092894
10417.0,-0.7803235140563051
10418.0,-0.6740483996477814
10419.0,-1.3801935632127371
10420.0,0.8912385522507783
10421.0,-0.7592722249680959
10422.0,-0.9873789465466251
10423.0,1.1017708905663333
10424.0,0.2902248212049645
10425.0,2.3293133364618663
10426.0,0.6366329368196254
10427.0,1.1408749656696353
10428.0,0.24080248088293524
10429.0,-0.9534651394723506
10430.0,-1.1429130518923527
10431.0,0.539786497063003
10432.0,-0.7060777525627017
10433.0,0.9113263556556878
10434.0,1.4199680560132677
10435.0,-1.4386510467480658
10436.0,0.799313921060255
10437.0,-0.5046856027530008
10438.0,1.1950090860205687
10439.0,0.014536932419440778
10440.0,-1.1331990043812894
10441.0,-0.8267799976989867
10442.0,0.7108826250987508
10443.0,2.6726822368793677
10444.0,0.5181848158143968
10445.0,-2.410717874415789
10446.0,-0.34620694927680506
10447.0,-0.7734425703487463
10448.0,-1.8543298863007107
10449.0,-0.16045180490699723
10450.0,0.03486064174424894
10451.0,1.1334449284786718
10452.0,0.5104856778145599
10453.0,0.05220683587447418
10454.0,-0.4902881178726669
10455.0,0.402141593338055
10456.0,0.8405140993564297
10457.0,-0.14025544695869166
10458.0,-0.7692947097861759
10459.0,1.1806948174287197
10460.0,-1.7373937581371914
10461.0,0.7327560711989356
10462.0,0.438728635245148
10463.0,-0.3596334140486401
10464.0,1.1542603684459947
10465.0,-0.42663412786719235
10466.0,1.3425844529876259
10467.0,-0.46746097256839386
10468.0,-0.10797042522527127
10469.0,0.5968475369537324
10470.0,0.8130635072356829
10471.0,-0.9489420815207035
10472.0,1.5464245079417362
10473.0,1.5025730879241863
10474.0,0.07252840405309541
10475.0,-0.13364370644475546
10476.0,-1.3563694429600144
10477.0,0.5970456137732821
10478.0,-0.3341853574073206
10479.0,-0.06929980737715119
10480.0,1.372463519969398
10481.0,-1.4414049690248658
10482.0,0.8471042131584682
10483.0,-0.66291159492191
10484.0,1.31320447528546
10485.0,1.1032040116719461
10486.0,0.35558604388368387
10487.0,-0.49323723895960625
10488.0,0.11773060037982454
10489.0,1.7941484720007213
10490.0,-0.192487450729205
10491.0,-1.065796072810347
10492.0,-1.6444070433212596
10493.0,-1.5974984524668014
10494.0,-0.4169929374118677
10495.0,0.5546208658998462
10496.0,1.5599853129702466
10497.0,-0.6840282476167341
10498.0,-0.26056081329489417
10499.0,0.5617170534301306
10500.0,-1.2209460792443165
10501.0,1.4575901150479973
10502.0,-1.1599915683374031
10503.0,-0.05153591138656563
10504.0,1.0544517497306933
10505.0,-0.15106417761917218
10506.0,1.3028868652511318
10507.0,1.3118312024898033
10508.0,0.009451646290059885
10509.0,0.5791518676482591
10510.0,0.661993362819718
10511.0,-0.4047550565872885
10512.0,-0.9544739005558518
10513.0,2.1885047937192823
10514.0,0.4295893991986393
10515.0,0.3291523671348223
10516.0,-0.04225922456141408
10517.0,0.8507912659487863
10518.0,-1.2825305395786464
10519.0,-0.328487321056956
10520.0,0.2967048981455784
10521.0,0.690089546468293
10522.0,-0.03931589571250665
10523.0,0.5126271784226111
10524.0,0.623445941443972
10525.0,2.2829819365676265
10526.0,1.0606463755257647
10527.0,-2.043436938151411
10528.0,-0.7065665860798931
10529.0,-1.859323506329682
10530.0,-0.1743133908732519
10531.0,-1.2962100281165596
10532.0,0.3017749509614178
10533.0,0.3479510199959453
10534.0,0.38955833939923346
10535.0,2.280485414131598
10536.0,0.08688594777947098
10537.0,-1.0773515159847942
10538.0,-0.3219969963954359
10539.0,1.1749259628868594
10540.0,-0.07626176566236213
10541.0,-0.059282117231910354
10542.0,-0.6250862343414096
10543.0,1.0665846182955645
10544.0,-0.13560658755109709
10545.0,1.392575844738923
10546.0,0.5864394712492855
10547.0,-0.9532427090005421
10548.0,0.48668301051208535
10549.0,0.6538160668099173
10550.0,-0.40440390773952567
10551.0,0.8484047048379675
10552.0,-0.09164568345169867
10553.0,0.6424678369861453
10554.0,-0.47422128066817304
10555.0,-0.879165623885899
10556.0,0.8653817524497684
10557.0,-1.244538270256479
10558.0,-0.08187535340151472
10559.0,-0.14982847836025961
10560.0,-0.9090826260349079
10561.0,-0.09672966954411949
10562.0,-1.0239297106455025
10563.0,-0.3145549694687602
10564.0,0.232454286869773
10565.0,-0.9378441656477541
10566.0,-2.2521598220087795
10567.0,0.4402502892589272
10568.0,-0.16945591591765757
10569.0,-0.8735218250470336
10570.0,1.3927778281100784
10571.0,-1.6634432439790878
10572.0,0.7844070308686734
10573.0,-1.3984748990993834
10574.0,0.36559332031361447
10575.0,-1.2108592122028268
10576.0,2.2623330879001005
10577.0,-0.9700658446553383
10578.0,0.14305072129340135
10579.0,-1.015848392233355
10580.0,-1.056369789496304
10581.0,0.16064088426987144
10582.0,0.33658854416990647
10583.0,-2.6586587711262015
10584.0,-1.160601689056968
10585.0,-0.07024616335909448
10586.0,0.4783401392750174
10587.0,0.30638592600151504
10588.0,0.2616027232441653
10589.0,-1.3745095471841802
10590.0,0.06882566265254436
10591.0,-0.3555801953517073
10592.0,0.6618380561188901
10593.0,-1.010538094620719
10594.0,0.004246427790462324
10595.0,-0.31675246281504016
10596.0,0.87075742226941
10597.0,0.5331762404085678
10598.0,-0.32043558326263694
10599.0,1.6918705142611399
10600.0,-1.2242627556882324
10601.0,0.43281510529835654
10602.0,-0.574586043746035
10603.0,-0.8634973236273392
10604.0,1.8172589532739503
10605.0,0.14954501749026497
10606.0,-0.01857817564769579
10607.0,1.2965010431725612
10608.0,0.6164361434633081
10609.0,-0.9001871827636396
10610.0,-0.21767866144013773
10611.0,-0.46113603816937343
10612.0,-0.24978197913255393
10613.0,1.2412872325100925
10614.0,-0.5631512572695577
10615.0,0.9642901908274665
10616.0,-0.9233659654157131
10617.0,0.4651193494859101
10618.0,-0.8313860982935842
10619.0,-0.5619585226972706
10620.0,-0.3856939346730543
10621.0,0.92771898899109
10622.0,0.6767422831463601
10623.0,0.9918515384852314
10624.0,0.13021226004769473
10625.0,0.8350799582886957
10626.0,0.8947849787528193
10627.0,-0.12340092748560039
10628.0,-1.0259640166662793
10629.0,-2.1013342667941206
10630.0,0.7152562766177468
10631.0,-0.6042275465109533
10632.0,0.4103945061120751
10633.0,-1.5782917904107185
10634.0,0.5728987591599756
10635.0,-1.5714050642414061
10636.0,0.21516118588771238
10637.0,-0.15372724763788698
10638.0,-1.1626750592072372
10639.0,0.7841612391841664
10640.0,-0.6795794022466406
10641.0,-1.9767066989512778
10642.0,-1.424182511472646
10643.0,0.1923313542332097
10644.0,0.21257504203506616
10645.0,-0.08278279541531465
10646.0,1.006833488778001
10647.0,-0.7951803264135398
10648.0,-0.12076957765161832
10649.0,0.40155567397999903
10650.0,-0.3710751087314881
10651.0,0.27443123841879385
10652.0,0.031591644561785565
10653.0,-1.0782016868892428
10654.0,-0.15941242611834813
10655.0,-0.4190047703532199
10656.0,-0.5199670282578333
10657.0,-0.5483371362583443
10658.0,-0.24424341689010867
10659.0,0.7132195868061311
10660.0,1.5088869899585293
10661.0,0.6747168075374442
10662.0,0.5616994098615912
10663.0,0.3191633586810236
10664.0,2.180249576663714
10665.0,-0.6585179857187473
10666.0,0.4040169704843663
10667.0,1.2296490073411768
10668.0,-0.018326849975713932
10669.0,-0.7045257443275129
10670.0,0.2357685926136118
10671.0,-0.7890606705378987
10672.0,0.540558940158709
10673.0,1.7093032835106996
10674.0,-0.3736651729255447
10675.0,1.1659922276296977
10676.0,-1.1882999884211114
10677.0,1.6810660210024215
10678.0,1.7054940276873443
10679.0,0.7986769205520612
10680.0,0.5573468257127246
10681.0,-1.048116066116054
10682.0,0.6318524752266094
10683.0,-0.6927825746377171
10684.0,-0.22465880286801498
10685.0,0.22104777526893873
10686.0,0.20399926278564567
10687.0,-0.5960224258529966
10688.0,0.6806677232077532
10689.0,-0.5034326185425754
10690.0,0.13927747270574478
10691.0,-0.27665318410935674
10692.0,0.33290936174866237
10693.0,0.3427017314037731
10694.0,1.2664962516230298
10695.0,-0.17125169423436318
10696.0,0.2354190457149147
10697.0,-0.15953026461652675
10698.0,0.5532765350618616
10699.0,-1.1855920830367948
10700.0,0.9008626616736852
10701.0,-0.45576344320784706
10702.0,3.0551521771171055
10703.0,2.4490412671756405
10704.0,-1.4731062809105806
10705.0,0.21081757267078532
10706.0,-0.0399989562212576
10707.0,0.6584876752452682
10708.0,0.05456363485175108
10709.0,1.0688492451001688
10710.0,0.0018870595199799384
10711.0,-1.081839253125668
10712.0,0.5720708390085014
10713.0,-1.454361621801807
10714.0,0.08958444514078148
10715.0,-0.166260359988424
10716.0,0.4464460037970543
10717.0,-0.7838438450944631
10718.0,0.44001984118455684
10719.0,-0.10510948785905454
10720.0,-0.1960782690598996
10721.0,-0.08907195620241398
10722.0,-0.5499723763413059
10723.0,-0.25845920980563036
10724.0,0.7027181729364903
10725.0,-1.1027364502051165
10726.0,0.03446810569855056
10727.0,-1.8712587786113075
10728.0,-0.4720695706534391
10729.0,-0.7311937656162514
10730.0,0.4040961456935035
10731.0,-2.3256762923418197
10732.0,0.3544293343285493
10733.0,0.20398467584000304
10734.0,1.0836615257577906
10735.0,-0.04564075421320078
10736.0,-1.1398764699606012
10737.0,0.20252743790486336
10738.0,1.2563805904458663
10739.0,0.6991027805799465
10740.0,0.44535602010685404
10741.0,-2.3056551620855243
10742.0,-0.8538090376669918
10743.0,-0.5076669305853423
10744.0,0.5282215164971753
10745.0,0.807491209217933
10746.0,-0.45324443416963645
10747.0,1.4195625855866332
10748.0,1.3608758987165233
10749.0,-1.4300961888356882
10750.0,0.5577124473871891
10751.0,0.7988502634809044
10752.0,-1.0717605864673438
10753.0,-1.4018504469026158
10754.0,-0.6664606334329033
10755.0,-0.20629203237579727
10756.0,0.3256325110302023
10757.0,-0.6316810726702837
10758.0,-0.6702329744314443
10759.0,-0.017888888899811592
10760.0,-0.39786058080254477
10761.0,0.6958488163934203
10762.0,-0.8317576436329552
10763.0,1.5938428368992135
10764.0,-1.900175069987267
10765.0,0.7037591879473961
10766.0,0.025850537900703997
10767.0,-0.7443748485530431
10768.0,0.35555047489290204
10769.0,1.0792539758577324
10770.0,-1.670346459568954
10771.0,-1.2736955023953476
10772.0,0.21029292594167476
10773.0,-0.6108785210861738
10774.0,-1.2851021707884154
10775.0,0.7112036384982509
10776.0,0.3349071340102904
10777.0,0.058497772497368476
10778.0,-1.1683588434867664
10779.0,0.18956538015448066
10780.0,-0.1128975718755667
10781.0,0.714008111346372
10782.0,0.8339609406449255
10783.0,0.07162388548971775
10784.0,-1.4101311122709486
10785.0,2.1150487223904646
10786.0,-0.27929298091113963
10787.0,0.7940886517049637
10788.0,1.5337744869717533
10789.0,0.8640291700972275
10790.0,-1.4512219112735034
10791.0,-0.9931183349482038
10792.0,-1.0986085928047518
10793.0,-0.31720617246137
10794.0,0.08149440003410029
10795.0,1.954405748498994
10796.0,1.3973943068476955
10797.0,-1.170187827961274
10798.0,-1.3724942957805306
10799.0,1.5015035719236094
10800.0,-0.7107724961586758
10801.0,1.256114975359406
10802.0,-0.5281836385084975
10803.0,0.725589369625657
10804.0,0.8073069315703923
10805.0,0.5796332423945677
10806.0,0.22475323601078984
10807.0,2.2699814063380126
10808.0,0.8802487816030705
10809.0,-0.49999611682172557
10810.0,-0.7480522974415945
10811.0,0.4254754113850658
10812.0,0.17449889498871493
10813.0,-0.7476429238537636
10814.0,-0.16978652107146103
10815.0,-1.3798388148044582
10816.0,1.1009082673853303
10817.0,-1.268282276455739
10818.0,-0.28587352503370483
10819.0,-0.9555191672844513
10820.0,-0.9423934129945609
10821.0,0.17888507158986716
10822.0,1.1321011130589562
10823.0,1.1413392826566882
10824.0,1.2163912066226081
10825.0,0.013902000588384261
10826.0,1.258913096515668
10827.0,-0.4264516097751237
10828.0,1.3486784853112
10829.0,-0.5296377792814081
10830.0,1.0727544116868069
10831.0,0.6019665211523447
10832.0,1.2081586576110432
10833.0,0.41510173943524054
10834.0,-0.04785143079168188
10835.0,1.689072059991651
10836.0,-0.40273580841798284
10837.0,-0.7757282955486019
10838.0,0.26688832380300503
10839.0,-1.397883574045591
10840.0,0.6823537081005017
10841.0,-0.972946511268311
10842.0,-0.3693844582098688
10843.0,-1.5595913021552612
10844.0,-1.5280611759139404
10845.0,0.04276345896819822
10846.0,0.9193460890412313
10847.0,0.12444693256299229
10848.0,2.4196089303057637
10849.0,0.42390119999019843
10850.0,1.529738194388535
10851.0,0.5424956971666139
10852.0,-1.5270430957922985
10853.0,-1.796287141143355
10854.0,0.61057623262658
10855.0,-1.3178996557424663
10856.0,0.048978650362223965
10857.0,0.04020936135718711
10858.0,-1.7226964604612602
10859.0,1.8182151892583551
10860.0,1.3006683177460512
10861.0,1.0635483882532384
10862.0,0.4153463505478481
10863.0,0.2115462716262552
10864.0,0.951700082923498
10865.0,0.3618550977419362
10866.0,1.0474798885577834
10867.0,-1.2392992041383044
10868.0,0.21246932534485005
10869.0,-0.8450450997977569
10870.0,-0.4351543530837806
10871.0,-0.3312354689262474
10872.0,0.24347428153553152
10873.0,-2.53504114930395
10874.0,-0.7128422554241561
10875.0,-0.9980663343319495
10876.0,1.432256974317538
10877.0,-0.6596842492151257
10878.0,1.0204288344325645
10879.0,-0.9931870683407242
10880.0,-0.05526404786134217
10881.0,-0.2783260271135392
10882.0,-0.0764374690631854
10883.0,0.2912206804264087
10884.0,-1.2077132054795465
10885.0,-1.0669730084803173
10886.0,0.6889820966043453
10887.0,-0.04594128019643973
10888.0,-1.2934142520770064
10889.0,-0.9577190391874886
10890.0,0.22855194945511972
10891.0,-1.0946882839971845
10892.0,0.17031747760271498
10893.0,-0.010133161574318364
10894.0,-0.5916288036196119
10895.0,1.095105742297629
10896.0,-0.6606281325441994
10897.0,-0.1304807354910939
10898.0,0.8913019347049724
10899.0,2.6017272809196976
10900.0,0.1165955978730771
10901.0,0.18366859575237007
10902.0,0.40605798408971927
10903.0,2.5722132711955563
10904.0,0.3133354061771374
10905.0,-0.24270863629709225
10906.0,-0.09573340862558723
10907.0,-0.7143908816624427
10908.0,1.4026947019833902
10909.0,-2.752105335421914
10910.0,0.8999679672089704
10911.0,-0.1476129551094428
10912.0,-1.1033945741528535
10913.0,-0.018284555389645126
10914.0,1.38756801329998
10915.0,2.055406693649751
10916.0,-1.4147211453363024
10917.0,-1.5319168066742348
10918.0,0.27102371780545337
10919.0,0.6103107725863955
10920.0,-1.8904703223100596
10921.0,-0.6864464758608685
10922.0,-0.9909199983988992
10923.0,1.5598110897342237
10924.0,0.01878590308200213
10925.0,0.20435245211810918
10926.0,0.5551925247255185
10927.0,-1.2121459773413417
10928.0,1.2905331014317993
10929.0,1.0922961227204826
10930.0,-0.1119297005688766
10931.0,0.30607622737223367
10932.0,0.4774454445567839
10933.0,1.3184504180261083
10934.0,1.045712995347031
10935.0,0.013510209310764663
10936.0,-1.3154152770431828
10937.0,-0.38863916372556084
10938.0,0.3352361298194663
10939.0,0.3817550758149963
10940.0,-0.5216764037642886
10941.0,-1.8403676990086568
10942.0,-0.5099800565754387
10943.0,0.14386773389202262
10944.0,-0.6960313124869184
10945.0,1.0428480119909178
10946.0,-0.9357942381546055
10947.0,-0.47925381795529604
10948.0,-0.9600091679844427
10949.0,0.2843470291176388
10950.0,-0.5454026792729243
10951.0,1.690512250008192
10952.0,1.6717079623396602
10953.0,-0.031116285191147623
10954.0,-0.4166930247079192
10955.0,0.7199846470085993
10956.0,-1.2525658755351579
10957.0,-0.25565956824474434
10958.0,0.049282770105408644
10959.0,0.1225575947982707
10960.0,-1.291634772262142
10961.0,-0.05546617948222944
10962.0,-0.8332903056879603
10963.0,0.0288033150504538
10964.0,0.6521756929655917
10965.0,1.7653455482522584
10966.0,1.966473701963936
10967.0,0.5503969760016573
10968.0,0.6785969611817706
10969.0,-0.19088019992462354
10970.0,1.0279063076657782
10971.0,-0.715342426104419
10972.0,-0.3490818734883491
10973.0,-2.632768500488005
10974.0,-1.6258834884165654
10975.0,1.2690188713824322
10976.0,-0.3459826412935135
10977.0,1.1539232731109283
10978.0,0.8273739185017869
10979.0,0.3633363227747301
10980.0,-2.09688501876901
10981.0,-1.0473397635847876
10982.0,1.5319184935251131
10983.0,-0.21214433822604978
10984.0,1.3603881503425719
10985.0,0.9576634211410535
10986.0,2.08961951194907
10987.0,-0.7270612095405616
10988.0,-0.18850978085306794
10989.0,0.23800428301480284
10990.0,-0.4045816341556596
10991.0,-0.08391927674932628
10992.0,-2.1928342553832305
10993.0,0.6747567021287244
10994.0,0.06203925409849278
10995.0,-0.6553389689466937
10996.0,-1.1666655446817922
10997.0,0.08048988823300442
10998.0,-1.2548457029052573
10999.0,1.5163504971040438
11000.0,-1.3291625266029903
11001.0,-0.26945097435001475
11002.0,0.9358286391906252
11003.0,2.1726775839219865
11004.0,0.713872056975712
11005.0,-1.9371843461130656
11006.0,0.40396010986457925
11007.0,-0.9127634872456744
11008.0,1.0884326064933072
11009.0,0.7731009164752551
11010.0,0.12261027224340328
11011.0,-0.9945393007488206
11012.0,1.93263197849405
11013.0,-1.3048593743411332
11014.0,-1.137078410382436
11015.0,-1.368877022733467
11016.0,0.514130840662027
11017.0,0.4867640094006608
11018.0,-0.8067894326219234
11019.0,0.4331181881848514
11020.0,1.2263098584262613
11021.0,-0.1896264831797089
11022.0,1.6871244923913549
11023.0,1.3441337041824823
11024.0,-1.6619308819914083
11025.0,0.17670476495645246
11026.0,0.992347137136635
11027.0,-0.6447757562547775
11028.0,-0.8539307615978805
11029.0,-0.6205377251104898
11030.0,-0.5704500767208257
11031.0,0.2205475185688926
11032.0,0.5036064338181498
11033.0,-0.027281765806195905
11034.0,1.4515720232387255
11035.0,0.1035316350373914
11036.0,-1.8739977510301546
11037.0,0.4397537297144001
11038.0,-1.4405226899655033
11039.0,-0.3276529678289387
11040.0,0.7805909046855323
11041.0,0.8025644199806299
11042.0,1.9084735873231606
11043.0,0.42120962304047455
11044.0,0.900969326872864
11045.0,-0.5052079220064655
11046.0,1.6102733153720235
11047.0,-0.9895578747895337
11048.0,0.051784237458955586
11049.0,0.1868401824057975
11050.0,0.5547953717811118
11051.0,1.2243090515971724
11052.0,-0.5420385094143599
11053.0,0.48367445871894676
11054.0,-0.31291469260119453
11055.0,-0.04478938829210639
11056.0,-0.26566905824952325
11057.0,-0.7552538823014285
11058.0,-0.6025413875555904
11059.0,1.0292709032512892
11060.0,-0.9717644132639879
11061.0,-0.7735227217216447
11062.0,-0.5889825218345143
11063.0,-0.31913559606871866
11064.0,0.517702263179536
11065.0,0.7567113110280029
11066.0,1.9639284466420328
11067.0,-1.474465149759923
11068.0,0.1274631577998883
11069.0,0.06635944493822783
11070.0,1.1711149930116482
11071.0,-1.2496829782389671
11072.0,0.24795364991531335
11073.0,-0.7857904819691899
11074.0,-0.6012999530522324
11075.0,-2.43202692693169
11076.0,-0.7696829672655718
11077.0,-0.3919919973099336
11078.0,-0.007573016010591235
11079.0,-0.17193440990794057
11080.0,0.140241316123229
11081.0,1.2939546992345063
11082.0,-1.4148655592553419
11083.0,-0.13745067627791827
11084.0,1.0344789202408218
11085.0,0.1634235678020216
11086.0,0.38077977546673736
11087.0,-0.3268303244325513
11088.0,-0.4653811789339983
11089.0,0.8932942564598976
11090.0,-0.5359757632312095
11091.0,-0.17930919550867355
11092.0,0.27832532525566755
11093.0,0.9992718992792802
11094.0,-1.1568884754512603
11095.0,0.16427028930166165
11096.0,-0.6273660669316059
11097.0,1.2983479042301769
11098.0,0.08517070870118952
11099.0,0.3955067817199924
11100.0,1.6639840774469459
11101.0,0.4370222231440012
11102.0,0.09781269412869048
11103.0,0.8353884683854569
11104.0,-0.9354924830674657
11105.0,-0.2076720111270658
11106.0,-0.7358761568837178
11107.0,0.7766446852802533
11108.0,-1.5924094785174803
11109.0,0.21555892473690857
11110.0,0.516918305680095
11111.0,0.013552127471329918
11112.0,0.015021382429314504
11113.0,0.44609534599341355
11114.0,-0.004391069902573777
11115.0,0.9890120907880822
11116.0,-0.13975165239902237
11117.0,1.2291831161833948
11118.0,-0.9625205796574455
11119.0,2.16520014266103
11120.0,0.7313589760893142
11121.0,-0.1848836251058067
11122.0,0.1195869026912754
11123.0,0.4096867034301103
11124.0,-1.0664087765825785
11125.0,-0.22756608702868367
11126.0,0.10818743521158558
11127.0,0.35999467980868893
11128.0,-0.07963562501085801
11129.0,0.720074089179935
11130.0,0.3467755498898583
11131.0,-1.873830348661625
11132.0,-0.9103612260647034
11133.0,-0.66348922013204
11134.0,0.6285641454013293
11135.0,1.2489282518789302
11136.0,0.8795214682989142
11137.0,-1.0862854221570246
11138.0,0.40133195166368424
11139.0,-0.2729456374277151
11140.0,-0.20617817410213946
11141.0,2.6654241260352087
11142.0,0.10312296926503825
11143.0,-1.348669789730941
11144.0,0.7128393217764186
11145.0,0.44340026831973645
11146.0,1.0365777729840906
11147.0,-1.407297463540945
11148.0,2.265224581262932
11149.0,0.3840365079324077
11150.0,0.3945052623369144
11151.0,-0.12447602662207044
11152.0,-1.6196066814403336
11153.0,-1.1778903837476524
11154.0,0.7981817387106477
11155.0,1.4036250689492396
11156.0,0.6717782248276192
11157.0,0.7434889647215174
11158.0,-1.1334613459673109
11159.0,-1.0526115733099457
11160.0,0.44619035473547497
11161.0,-1.5388486952620872
11162.0,0.11059146133326872
11163.0,0.3171867093379499
11164.0,1.7622146540195265
11165.0,-0.9646956788833764
11166.0,-1.0693335924781164
11167.0,0.10257554788547314
11168.0,-0.4012180800747333
11169.0,0.5417640766891915
11170.0,-0.6429363580020486
11171.0,-1.0008663717538944
11172.0,-1.229072082910522
11173.0,-0.27781851714153843
11174.0,0.903282814060213
11175.0,0.8077300831605276
11176.0,0.2384112857577297
11177.0,-2.4427638909690312
11178.0,-1.8712652104904246
11179.0,0.035768616062300966
11180.0,1.1163769609760534
11181.0,0.7985744747881389
11182.0,-0.8523764866809994
11183.0,-1.8672877389364675
11184.0,0.3000239786413663
11185.0,0.08146237917109661
11186.0,0.5717039596928672
11187.0,1.2644769552132893
11188.0,0.779250944632404
11189.0,-0.13655482023857748
11190.0,-0.4628882079710165
11191.0,-0.552588614815989
11192.0,1.8480875921943718
11193.0,0.14812914706071117
11194.0,-0.6332295738850675
11195.0,0.9240585243539977
11196.0,-0.2142365055469869
11197.0,-0.4921540768198374
11198.0,-1.4210786362939376
11199.0,0.5577227004015254
11200.0,-0.6131526874382407
11201.0,1.5695198092637295
11202.0,-1.5260046812569268
11203.0,-0.6813417841630668
11204.0,1.7074242701731708
11205.0,1.2400470471351832
11206.0,-0.9396850155313626
11207.0,0.24098147010572105
11208.0,0.03915375042160232
11209.0,-0.614075060177833
11210.0,0.7145733115320161
11211.0,1.4025412253035987
11212.0,-0.6216587089488523
11213.0,1.2823754881067777
11214.0,-0.9056240563296867
11215.0,-0.3533432113328701
11216.0,0.7250480736529599
11217.0,0.8071197107576616
11218.0,-0.5538429227384107
11219.0,1.9956454305369822
11220.0,0.8036368562474171
11221.0,0.8160506782229328
11222.0,-0.6510721874719145
11223.0,0.0034172607645106285
11224.0,0.28161971201432545
11225.0,-2.033355512618238
11226.0,-1.0957607671228244
11227.0,0.11901970742680575
11228.0,0.0006481635119904176
11229.0,-0.17193417240098377
11230.0,-0.6719989071576749
11231.0,-0.1356370643718454
11232.0,0.18166945713263125
11233.0,-0.0766343559736481
11234.0,1.8438788565462252
11235.0,1.4471375993374993
11236.0,0.5253350552006083
11237.0,0.3166250309872419
11238.0,0.6462408621075255
11239.0,-0.49966792238579383
11240.0,-1.058589373836722
11241.0,-1.2671866856315255
11242.0,0.93328147665125
11243.0,-0.5897989948904274
11244.0,1.3653373736858543
11245.0,-0.43374598776743456
11246.0,3.0167253275530976
11247.0,-0.31073759351633407
11248.0,-1.1224929655171205
11249.0,0.9502419987398941
11250.0,1.4590565895700671
11251.0,-0.1558038649305897
11252.0,-0.7254060215718451
11253.0,-0.11777307583480133
11254.0,-0.43839459495765487
11255.0,-0.5423739132991549
11256.0,0.16984183627542712
11257.0,0.18921856227530853
11258.0,1.0926435433470467
11259.0,-0.881720055475404
11260.0,1.0577088727293484
11261.0,1.136240167970979
11262.0,0.3434585157636182
11263.0,0.24293567745247915
11264.0,-0.6614389832903839
11265.0,-0.20798731126173445
11266.0,-0.9932286522522871
11267.0,0.5340172571815045
11268.0,-0.7927240678173336
11269.0,0.27134301850829434
11270.0,0.09108481964577214
11271.0,0.12706778863926535
11272.0,0.04195969270873388
11273.0,1.0896387788686461
11274.0,-0.3555926263353901
11275.0,0.6050731100695479
11276.0,1.947106839869408
11277.0,-0.27447364860715207
11278.0,0.2447379998700157
11279.0,-0.1706685660668179
11280.0,1.4077823372979617
11281.0,-0.46622381531185925
11282.0,0.8461706595585666
11283.0,2.282253743215543
11284.0,0.9955774592418708
11285.0,1.0662005079579404
11286.0,-0.18648975401409032
11287.0,-0.21898869026742052
11288.0,-0.3565833703267426
11289.0,-0.11112834814960397
11290.0,-1.1269734779746996
11291.0,-1.6498576752056622
11292.0,-0.9245467240660586
11293.0,0.37552547140692966
11294.0,-0.006755473158716035
11295.0,-0.5155302021517958
11296.0,0.04219930282050671
11297.0,-0.1005556794779739
11298.0,-1.3114540160275496
11299.0,0.5835362369900748
11300.0,0.2709369474631791
11301.0,0.5632017113323935
11302.0,-0.7898727883886317
11303.0,0.5684543893958917
11304.0,1.1781711953587837
11305.0,-0.588055174393884
11306.0,0.9260192449569453
11307.0,0.7115304775257439
11308.0,1.942859196501859
11309.0,0.4172573935859542
11310.0,-0.21041210910424685
11311.0,1.9540027430741034
11312.0,0.3306978253166354
11313.0,1.0126854200716255
11314.0,-1.6412571670472442
11315.0,-1.3654227785427775
11316.0,-0.21660963442879944
11317.0,-0.6157457612190218
11318.0,-1.6448687418143793
11319.0,0.29612671874725005
11320.0,-1.0421665525333286
11321.0,-0.5169117000413718
11322.0,-1.548694968146657
11323.0,0.5674273404533646
11324.0,0.4718672344964032
11325.0,0.6619235896780266
11326.0,-0.5916609361022017
11327.0,-0.06702351335977223
11328.0,2.2374113091791825
11329.0,0.10724963290174042
11330.0,-0.9550871640493996
11331.0,-0.026178939425304873
11332.0,1.6557630035656665
11333.0,0.5356341836472671
11334.0,0.9829558520207944
11335.0,1.6598699202981915
11336.0,0.26912774513154464
11337.0,-0.6547262804644015
11338.0,0.4851471110390957
11339.0,-0.056665391077557824
11340.0,0.5507732031715838
11341.0,-0.520582655540581
11342.0,-0.593525520925512
11343.0,-0.24593272756212414
11344.0,-0.08869193364747129
11345.0,0.4039802554830562
11346.0,-2.1334560954463924
11347.0,1.4940246619711732
11348.0,0.19654493859063962
11349.0,-0.8087697453034562
11350.0,0.550477945501736
11351.0,0.32652732224010633
11352.0,-1.3583352293891413
11353.0,0.2590489401277147
11354.0,0.6124609118516807
11355.0,0.15239117180624295
11356.0,-0.46258269357762943
11357.0,1.109556815275697
11358.0,0.32144440616423453
11359.0,-0.07304800404531432
11360.0,0.1060819168818215
11361.0,-0.14478781488187548
11362.0,-1.3511326138529178
11363.0,-1.3667054106344132
11364.0,-1.4628662559436372
11365.0,0.3345264981478342
11366.0,-0.29653908636544063
11367.0,-0.387797964869704
11368.0,-1.771467501411713
11369.0,0.3125185017031809
11370.0,0.2219606628527115
11371.0,0.10732016495245417
11372.0,-1.4843436642327164
11373.0,0.3875397184822749
11374.0,1.2881831888779893
11375.0,-0.45580383910206984
11376.0,0.3437861736552789
11377.0,0.8353606321768443
11378.0,0.192035984160631
11379.0,0.46473423917295564
11380.0,-0.09471016764393114
11381.0,0.698878438882157
11382.0,-0.23099478352214084
11383.0,1.4112587057392194
11384.0,-0.7381131890892217
11385.0,0.39840242051710345
11386.0,-0.07717084666452302
11387.0,0.41339239513770154
11388.0,-1.9687145468468528
11389.0,0.7604813661844706
11390.0,1.0940405838574434
11391.0,1.2442089811758248
11392.0,-1.0479704307342355
11393.0,0.24867808600028193
11394.0,0.7085914632855378
11395.0,0.038677032246355166
11396.0,-0.2978903883610815
11397.0,0.4577062952948037
11398.0,0.6055257574283415
11399.0,0.8512258255921659
11400.0,-1.4857744277560854
11401.0,-1.7354320209685428
11402.0,-0.631034114998731
11403.0,-0.33995350590038464
11404.0,-1.9981051107068366
11405.0,0.3944719239219627
11406.0,0.32529101936242333
11407.0,-0.7237627946032129
11408.0,0.22825627097790913
11409.0,-0.4108462219742509
11410.0,-1.5223829305171714
11411.0,-0.758672581708822
11412.0,-0.20022659494046435
11413.0,-0.7934683781540006
11414.0,-0.699387609449027
11415.0,-1.3764895697993862
11416.0,-1.2120176177014208
11417.0,-0.04624911414170251
11418.0,0.9714502531541928
11419.0,1.3156756490874335
11420.0,1.581036182043902
11421.0,-0.20151227890373632
11422.0,0.1936282116471043
11423.0,0.5586209246288756
11424.0,-0.5923954901344012
11425.0,0.5884768863972273
11426.0,-1.1512857274082577
11427.0,0.2248407642905956
11428.0,0.931103460037756
11429.0,0.9624947610235244
11430.0,-1.2215075797613892
11431.0,2.58368896205698
11432.0,-0.6178610917985913
11433.0,1.642515914995635
11434.0,0.446905950809601
11435.0,0.015618917394746365
11436.0,-2.798629662867229
11437.0,-1.9687463848953062
11438.0,0.3932694353720923
11439.0,2.0989138081677554
11440.0,0.9965950814910771
11441.0,-1.2774044190671352
11442.0,0.162266251223252
11443.0,-0.7386994232633605
11444.0,-1.1500072476213887
11445.0,-0.7529764958365035
11446.0,-0.5776481602168566
11447.0,0.11750073854333891
11448.0,2.1392189485140762
11449.0,0.8053981577505399
11450.0,1.825557407358116
11451.0,2.088048762094754
11452.0,-0.8026865326028882
11453.0,-1.0756781708496541
11454.0,0.7846834527990599
11455.0,-0.4743477844978398
11456.0,-0.56291706273604
11457.0,-0.3238633837537054
11458.0,-0.18875256250046588
11459.0,-0.2592387659048985
11460.0,0.3527167520698526
11461.0,-0.517148501123423
11462.0,-0.09635331416984562
11463.0,2.7379707978854393
11464.0,-0.49845157337398643
11465.0,-0.5821566313676455
11466.0,-0.8854912922789882
11467.0,-0.08615037530990245
11468.0,-0.22713138131322927
11469.0,1.6457556158110969
11470.0,0.7321795803073977
11471.0,0.6666303915390189
11472.0,1.5800044925738057
11473.0,0.8085230906334301
11474.0,1.8621163793640068
11475.0,1.1781736184327147
11476.0,0.5837086859562924
11477.0,1.4184416475600141
11478.0,-0.3818367330434646
11479.0,0.4553384388450873
11480.0,1.136154120674383
11481.0,-0.40836645287346734
11482.0,-0.48911654437067825
11483.0,1.8193680927147582
11484.0,0.9802464122387916
11485.0,-0.7407549035531742
11486.0,2.1200523915192235
11487.0,-0.9821007423299632
11488.0,-1.1226957073483426
11489.0,0.6862597565002461
11490.0,-0.5191100908562053
11491.0,1.330722503941349
11492.0,-0.3478663470895727
11493.0,0.1947295512856213
11494.0,0.7192229151405836
11495.0,-0.16473196287819616
11496.0,1.7664397975931143
11497.0,-0.6047541472000966
11498.0,-0.5120597056241758
11499.0,0.3130585779132141
11500.0,-0.018932760168779057
11501.0,-0.701277689513924
11502.0,-0.6103425345592096
11503.0,-0.22640151488714463
11504.0,0.638391585095764
11505.0,-0.4647495605520658
11506.0,-1.510944896669693
11507.0,0.5634709486934877
11508.0,-1.145309421594915
11509.0,2.5054878854689364
11510.0,-0.2547580498464898
11511.0,-0.907568303219947
11512.0,0.9115260231310891
11513.0,1.0060738949237837
11514.0,-0.31448173525658174
11515.0,0.269633268869801
11516.0,1.2664994759083914
11517.0,0.07249923099386647
11518.0,-1.4772713256770622
11519.0,-0.08858286874725158
11520.0,-1.3348337727126325
11521.0,0.11772867570305232
11522.0,0.9448704909705541
11523.0,-0.3864155878628256
11524.0,1.4006245449883656
11525.0,0.08339713794400548
11526.0,0.8857360193888104
11527.0,-0.8959880864935221
11528.0,-1.4074028931736344
11529.0,-0.20953578583173646
11530.0,-1.338453407626338
11531.0,-0.7288713883219198
11532.0,0.07511591473433403
11533.0,-0.48488532199834256
11534.0,0.8211215909153889
11535.0,0.6490826433610807
11536.0,-0.3332450854642337
11537.0,-0.14661487199167686
11538.0,0.6907191633334744
11539.0,-1.2129628941464983
11540.0,-0.7177974643475005
11541.0,-0.9162896023516173
11542.0,1.1611064240478282
11543.0,-2.2594571080700048
11544.0,1.4065437919355102
11545.0,1.1131390612477359
11546.0,-0.1297117593933725
11547.0,-0.4429357618576479
11548.0,0.8889587546813102
11549.0,-0.4115287914976909
11550.0,1.3358858302153462
11551.0,0.5461302673537406
11552.0,0.10075712432508024
11553.0,-0.5876715032720519
11554.0,0.6850895901416287
11555.0,0.47362055220065546
11556.0,-0.03969924863835029
11557.0,-1.0647528103592923
11558.0,0.4600328496609933
11559.0,0.011389541360954145
11560.0,0.15455530540728113
11561.0,0.1814274220775994
11562.0,1.4391544463967807
11563.0,1.965360226882389
11564.0,-0.04449219953803072
11565.0,0.5364696535637646
11566.0,-0.7551465662500803
11567.0,2.144631427880903
11568.0,-0.5019745175113308
11569.0,-1.0791649805917964
11570.0,-0.4791100854989067
11571.0,0.02012240323024765
11572.0,-0.3341722101454036
11573.0,-0.3937311609876297
11574.0,-0.1202675072938862
11575.0,-0.8667203219489955
11576.0,-1.8809999717651404
11577.0,-0.4982564016909469
11578.0,-1.918296548793759
11579.0,-0.34351781805559645
11580.0,-1.6409651087463926
11581.0,-0.5103541563307107
11582.0,1.4648335439218898
11583.0,-0.6152650227415694
11584.0,-1.9003151950074826
11585.0,0.40557665708465035
11586.0,1.132981439830668
11587.0,0.5044772759575114
11588.0,-0.250405514278851
11589.0,1.4332821454811193
11590.0,1.2438748689307808
11591.0,-1.1995928287943542
11592.0,-0.1759136673621285
11593.0,0.17866527468104942
11594.0,-1.5987743261751624
11595.0,0.08828215326090004
11596.0,0.174431748456953
11597.0,-0.7677394136522434
11598.0,-0.8684851944679247
11599.0,-0.4388403094314797
11600.0,0.9327477505696792
11601.0,0.5261967633621678
11602.0,-0.4748212911360352
11603.0,-0.1539092590884552
11604.0,0.8211827029755766
11605.0,0.3904381832285059
11606.0,-0.39055657925989395
11607.0,0.7436364963358059
11608.0,1.8565505068611283
11609.0,0.09044575331920003
11610.0,0.3811113268265905
11611.0,-0.6057286986868694
11612.0,0.8891534786526704
11613.0,-0.42364140452703225
11614.0,0.27816145094384603
11615.0,2.314284724931459
11616.0,0.5561403533259145
11617.0,1.2505018381042587
11618.0,-1.788077288965215
11619.0,-0.757262377453745
11620.0,-1.4395342538884397
11621.0,0.048322330269430495
11622.0,-1.206860190120678
11623.0,1.3241085702340665
11624.0,1.3952883311103406
11625.0,0.01515650782088008
11626.0,0.2627305324721078
11627.0,-1.7097694211830647
11628.0,-0.09708851305799614
11629.0,-0.13764340016973517
11630.0,0.6785086858393123
11631.0,0.9751167292774436
11632.0,0.07415466100719158
11633.0,-0.5484500602402952
11634.0,0.801622624984754
11635.0,-0.8602863682057673
11636.0,-2.2667176709865675
11637.0,1.0279725818202674
11638.0,-0.9929613134235947
11639.0,-0.37744509739742804
11640.0,0.16241404206135654
11641.0,0.31444984101827883
11642.0,-1.0174939387324538
11643.0,-2.239356637913781
11644.0,-0.28309315775569993
11645.0,-1.32816659223697
11646.0,0.23495987207266894
11647.0,0.7585776594782391
11648.0,-0.8848590361955376
11649.0,-0.14618735362693003
11650.0,1.287807671905282
11651.0,-0.24578069682339462
11652.0,-1.0527177786313164
11653.0,2.059872947709141
11654.0,0.44581964471392377
11655.0,0.3480422687182935
11656.0,-0.6511098172066218
11657.0,-0.2579539125544392
11658.0,-0.882167784124387
11659.0,0.9550423038421575
11660.0,-0.3403046583148713
11661.0,-0.7849566524345001
11662.0,0.22989262526976242
11663.0,-0.2643819669193847
11664.0,2.1708084519640387
11665.0,-0.1540126376273418
11666.0,-0.471531343769445
11667.0,1.2376145177812772
11668.0,0.9702745109977847
11669.0,-0.6466149630999521
11670.0,0.08573266295675004
11671.0,0.4751459835549878
11672.0,-1.4135245031389458
11673.0,0.388250025231993
11674.0,1.4941294284705557
11675.0,0.9097595256304204
11676.0,-0.7479837257752359
11677.0,-0.4594057044686551
11678.0,1.3650045290526833
11679.0,-0.7659996006608113
11680.0,0.8120016496965273
11681.0,-0.1579557708617903
11682.0,-0.5091002390544991
11683.0,1.0846189021741095
11684.0,-0.7203946824816427
11685.0,0.5809263998727098
11686.0,0.9687610627836979
11687.0,1.6416627676405302
11688.0,0.22592598347842144
11689.0,0.9992760649951052
11690.0,0.15258699589246488
11691.0,0.8348580450496559
11692.0,0.17677324180882842
11693.0,-0.039411178794496765
11694.0,1.6879391233227181
11695.0,0.7803415153998695
11696.0,1.5206692070668395
11697.0,1.7063239675855884
11698.0,1.8848380788790007
11699.0,1.861086406612623
11700.0,0.8922793352891676
11701.0,0.194337318778699
11702.0,0.04291742358932872
11703.0,1.6103038343422056
11704.0,-0.4983855701221508
11705.0,-1.7932805073446736
11706.0,1.5269245987194362
11707.0,-0.24321906342993893
11708.0,-1.255578271647016
11709.0,1.2359637990276224
11710.0,0.30396267374145153
11711.0,-0.1785473075396406
11712.0,-0.060294432535335826
11713.0,-0.7233459856062038
11714.0,-0.7533627559671742
11715.0,-0.3340321344307988
11716.0,-0.4121132936222846
11717.0,0.22452757943470833
11718.0,-0.7821429326686682
11719.0,0.15258788681250784
11720.0,-0.9375035212421374
11721.0,-0.5855190185317041
11722.0,0.012308103396928626
11723.0,-0.0014095536144059476
11724.0,0.5484095494680918
11725.0,-0.2561067454027375
11726.0,0.3248100936513648
11727.0,-0.05603991079222747
11728.0,0.8932624095248743
11729.0,0.5472001196277702
11730.0,0.9342309451999702
11731.0,0.1519734755318989
11732.0,0.8657578460331888
11733.0,0.5303437462510366
11734.0,-1.137665584075757
11735.0,-1.1798948589088034
11736.0,-0.49148832806045833
11737.0,-0.4157644729863329
11738.0,-1.1929599694210387
11739.0,-0.9672030408066191
11740.0,-1.08755439500613
11741.0,-1.2411092693158574
11742.0,1.188026498226914
11743.0,-0.7739563279079339
11744.0,0.25562944175650204
11745.0,1.859646739243824
11746.0,0.30811135686712293
11747.0,-0.8475193138279842
11748.0,0.22104082617701246
11749.0,2.0716935843706294
11750.0,-2.2329386061232195
11751.0,-0.7997429477445736
11752.0,-0.8010518547703839
11753.0,0.498232663123338
11754.0,-1.5829275739871211
11755.0,-1.2961825744305664
11756.0,-1.854137044683533
11757.0,0.12807791604274554
11758.0,-0.6377869152134729
11759.0,-1.7900534754569986
11760.0,-0.6090416927477804
11761.0,1.389422592516553
11762.0,1.9443835834297878
11763.0,0.35408344348093895
11764.0,-1.6762460038374778
11765.0,0.4743663065278996
11766.0,0.5005975996752621
11767.0,1.70620842533265
11768.0,0.08885111132450564
11769.0,-0.5180004193887122
11770.0,1.7849330386603435
11771.0,1.2432009485994384
11772.0,-0.8678232716757731
11773.0,1.9970631764624893
11774.0,1.685174188393543
11775.0,-1.0491256039507486
11776.0,1.2997088882717118
11777.0,0.9593452874901484
11778.0,-0.837886115650207
11779.0,-0.4727824632102954
11780.0,1.2611639778059678
11781.0,-1.1981029019654554
11782.0,1.46746477730175
11783.0,0.9854622340093293
11784.0,0.5645601153175127
11785.0,-0.609171331383868
11786.0,-1.240053676534459
11787.0,-0.7976772297066196
11788.0,-1.5648514765976327
11789.0,-1.6082770744174564
11790.0,-2.048278294404247
11791.0,-0.6142670971200725
11792.0,0.33493784230247137
11793.0,-0.1690061810383767
11794.0,-1.6952035177646416
11795.0,0.07666200678335207
11796.0,0.6776064847744871
11797.0,-0.921993835666637
11798.0,0.7092422629764196
11799.0,0.5820305613194847
11800.0,-0.6981827443430089
11801.0,-0.6992946069057924
11802.0,0.6394772064409856
11803.0,-0.38675162989013384
11804.0,-0.7420167355277074
11805.0,-0.037162216313754486
11806.0,-1.4357035668465898
11807.0,1.512815235406512
11808.0,1.040367137424395
11809.0,-0.7585746405220936
11810.0,-0.24596277981234826
11811.0,0.7190750118686804
11812.0,1.5811170199050724
11813.0,-0.12481666186288831
11814.0,-0.5096598285229909
11815.0,1.0219956120022926
11816.0,0.48271342583072585
11817.0,0.27679035105944777
11818.0,-1.3616011245821416
11819.0,0.13926430033346204
11820.0,-1.3418861964362812
11821.0,-0.30140583723565206
11822.0,1.0932075408010142
11823.0,1.3401273746442188
11824.0,0.7738410349593304
11825.0,0.9907422656400844
11826.0,0.4614549097862117
11827.0,-1.3269339281270978
11828.0,0.6423315670072524
11829.0,1.1305430818405466
11830.0,0.060810076168201575
11831.0,-1.1235254137551425
11832.0,0.6276687224356129
11833.0,2.0870646552911696
11834.0,0.2897602047778522
11835.0,0.8865152929615904
11836.0,-0.3860057320011107
11837.0,0.5935466624482221
11838.0,0.5320418617013529
11839.0,2.053493944393853
11840.0,-1.193931849859091
11841.0,-0.603266886404116
11842.0,-1.4304957619053373
11843.0,0.9758289342163027
11844.0,-1.7915726928524116
11845.0,0.32907502488405715
11846.0,-0.9712485312551926
11847.0,1.054375387971348
11848.0,0.06293234936296296
11849.0,1.0966243389657175
11850.0,-0.8226248571404866
11851.0,0.19050694174962965
11852.0,-0.2868024777406443
11853.0,1.7110579159292711
11854.0,0.37892945561301117
11855.0,0.9624995968288272
11856.0,-0.18139307449027792
11857.0,-0.11320460334352117
11858.0,-0.5435798737203981
11859.0,2.16340406730924
11860.0,1.7073320844613287
11861.0,-1.9313470309151322
11862.0,0.6114597034676168
11863.0,-1.6674517322107347
11864.0,-0.27957110933037266
11865.0,-0.1606991172242195
11866.0,-0.5388597215955125
11867.0,-0.7947625270879618
11868.0,-2.329821373204166
11869.0,1.6044711316134876
11870.0,0.9222048603755434
11871.0,1.550705145887007
11872.0,2.071786914577632
11873.0,0.8543242495744116
11874.0,0.4593811112814976
11875.0,-0.0918843466711762
11876.0,-1.5734548223474056
11877.0,-0.1503740990905809
11878.0,-0.46601167073779204
11879.0,-0.1272466902787149
11880.0,1.3162489209222688
11881.0,-0.24050514729872166
11882.0,0.694088759727376
11883.0,-0.2559496669036327
11884.0,-0.9857522710779529
11885.0,-0.8591695557448998
11886.0,0.490763296720132
11887.0,0.3972454848842563
11888.0,0.1846905799414106
11889.0,-1.877101914260172
11890.0,-0.52806920485043
11891.0,0.8837685462167578
11892.0,-1.5101065558565883
11893.0,-0.5210158269365303
11894.0,1.219565339954794
11895.0,0.4824282230510916
11896.0,0.08066181429256572
11897.0,-1.3233730784149358
11898.0,0.20958244653651192
11899.0,-0.43202728485914893
11900.0,-0.9811281410221897
11901.0,1.3755885746120895
11902.0,2.1957551066352985
11903.0,-0.38706467029596797
11904.0,-0.8111728941785851
11905.0,-0.5547634240614291
11906.0,0.9798074598847909
11907.0,1.2499968706673625
11908.0,0.2347824691690968
11909.0,-0.6475699792659716
11910.0,-1.127278487905404
11911.0,0.0636187073326475
11912.0,0.7357604744058469
11913.0,-0.6680464155408803
11914.0,0.6246265116755694
11915.0,0.3208514395733716
11916.0,-1.3381791940637409
11917.0,-0.09404697618681132
11918.0,0.021296434887906106
11919.0,0.33632098669052635
11920.0,-1.3762864462666289
11921.0,-1.4164062764766718
11922.0,-1.2028972275415706
11923.0,-0.1966074790814833
11924.0,-1.4729578567235322
11925.0,-0.0276022143249411
11926.0,-0.33241674881529715
11927.0,0.15015506839166326
11928.0,-0.11017012407587343
11929.0,-1.2518804602674611
11930.0,1.7603888150750995
11931.0,-0.33616423662824235
11932.0,1.084363420948166
11933.0,0.5958002675297123
11934.0,0.9711909393465917
11935.0,1.1288901508254807
11936.0,0.47599520001707196
11937.0,-2.5041246277439844
11938.0,-0.6503697382840082
11939.0,-0.7207484694787482
11940.0,0.44697688713504957
11941.0,0.14919073299190225
11942.0,0.20631769713038295
11943.0,0.6188443640674688
11944.0,-1.5614214695040625
11945.0,-0.6631411020911028
11946.0,0.1131753391169876
11947.0,-0.10594391658102266
11948.0,0.7937586545718195
11949.0,-0.11990211835598988
11950.0,0.2331052010358235
11951.0,0.5112028568659726
11952.0,0.3587473232349695
11953.0,1.0059472512795127
11954.0,0.9938685158324738
11955.0,1.1406578614052918
11956.0,0.8012076980879752
11957.0,0.7653284070778227
11958.0,1.0625586827297941
11959.0,1.075171073259793
11960.0,0.09549421733377499
11961.0,1.9461950217184176
11962.0,-0.5381911542661129
11963.0,2.0712688708978306
11964.0,1.346890007716397
11965.0,0.8339553971227192
11966.0,-0.6338382952672695
11967.0,0.028131668455147647
11968.0,1.3264537961669216
11969.0,-0.5776075062812707
11970.0,0.9884392348057899
11971.0,-0.5391418830334844
11972.0,-0.26152148142752785
11973.0,0.3816784462995504
11974.0,0.6512226009363378
11975.0,-1.1331515233989502
11976.0,0.17555779411847272
11977.0,0.8415802104342723
11978.0,-1.082025731179387
11979.0,-1.0685434420903268
11980.0,-0.9630403582550705
11981.0,0.013629980531762407
11982.0,0.37097167897253847
11983.0,-0.38677101088429766
11984.0,-0.19865933985931158
11985.0,0.18584474905384732
11986.0,0.2758662904397303
11987.0,0.13931930885484398
11988.0,-0.743704858819412
11989.0,0.6644804391431854
11990.0,-0.05638981880925463
11991.0,-0.34746856971712986
11992.0,-0.9511801714345319
11993.0,2.9953559935429963
11994.0,0.9102301281607285
11995.0,-0.02013236829751058
11996.0,0.40632055543544643
11997.0,-0.46526571094823055
11998.0,-0.026344512500268237
11999.0,-1.3724603465034597
12000.0,-1.8854789017490499
12001.0,0.23285248559247784
12002.0,0.039595249718177704
12003.0,1.0449904544437736
12004.0,0.5686861286144346
12005.0,1.3615235406110069
12006.0,1.1016002156115652
12007.0,-1.7424918857589322
12008.0,-0.21539883933422935
12009.0,0.1725072070860781
12010.0,-0.4257832198887191
12011.0,-0.35546903889240716
12012.0,-0.4225143413698083
12013.0,0.39247541836976535
12014.0,-0.6736616013858265
12015.0,0.33913485373118846
12016.0,1.8798283326740237
12017.0,0.21620651251132786
12018.0,0.04684704241695186
12019.0,0.7670278774418907
12020.0,0.2532657530993224
12021.0,0.15688161845482393
12022.0,-0.05644685883445284
12023.0,0.4597237099742886
12024.0,1.474636051897215
12025.0,-2.2565725179318075
12026.0,0.22203268215131014
12027.0,0.15654683039800926
12028.0,0.7758681715430318
12029.0,0.7977007910470644
12030.0,-0.2246472542016896
12031.0,-1.1223054992244526
12032.0,0.3652727989496052
12033.0,0.196547983575861
12034.0,0.831188835335581
12035.0,2.3394449764099083
12036.0,-2.253004969061766
12037.0,-0.47745310790824674
12038.0,1.3341518706274147
12039.0,-0.3749219714247201
12040.0,0.447748111046141
12041.0,-0.19216523895455326
12042.0,2.281365327017833
12043.0,-1.0445559992926676
12044.0,-0.06752337661885316
12045.0,0.17864419419925948
12046.0,-0.41473342863691287
12047.0,0.9360494389877261
12048.0,0.38068084294504156
12049.0,1.016539621298918
12050.0,0.21849683999266775
12051.0,0.3206963868401451
12052.0,-0.5497004037380443
12053.0,0.43801320004460553
12054.0,-0.5146526959776003
12055.0,-0.26583636453709886
12056.0,0.6980510897134286
12057.0,-0.75501524798495
12058.0,1.523064963713242
12059.0,-0.22130653190609362
12060.0,-0.711100341033255
12061.0,0.6119348360141357
12062.0,-1.095801018266611
12063.0,0.5847416276766969
12064.0,1.50608682060064
12065.0,1.77521064897066
12066.0,1.0282561392889722
12067.0,0.21664297489466425
12068.0,-0.9151558548610568
12069.0,-0.6199405895381509
12070.0,0.6342910648231712
12071.0,-0.5763717333169451
12072.0,0.7601712543649547
12073.0,0.24513515890585427
12074.0,0.9207832643979311
12075.0,0.15089690188465396
12076.0,0.4848269061241183
12077.0,-0.5533553242677891
12078.0,1.0990460391096868
12079.0,-0.3042014800828055
12080.0,-1.0360654370547975
12081.0,-0.5779068087526364
12082.0,-0.2195434685584661
12083.0,0.12128886521998945
12084.0,-0.8345974298155019
12085.0,-0.18154438640867762
12086.0,0.5324854399473964
12087.0,-1.1046178061937153
12088.0,0.5569390532856776
12089.0,-0.6581003295621441
12090.0,-0.9311325532305926
12091.0,0.6090574800556373
12092.0,0.7510299572381964
12093.0,-1.1317855592120438
12094.0,-1.4114104105191225
12095.0,-2.193027570595577
12096.0,-0.09268520370122547
12097.0,0.13401813957631833
12098.0,-0.4158964437927018
12099.0,-1.195490725361589
12100.0,-0.4402814380904037
12101.0,-0.2476722259212823
12102.0,0.7583424643498217
12103.0,0.10965169000191904
12104.0,-0.08656160762607104
12105.0,0.17754351190397924
12106.0,-1.216335336937851
12107.0,-0.1684782796047881
12108.0,1.893529855974529
12109.0,0.9776708380966441
12110.0,2.277468963217777
12111.0,-2.4838738577053716
12112.0,-0.2343012410415631
12113.0,0.6574506206714239
12114.0,1.5395565318647633
12115.0,0.707268031547294
12116.0,0.1089971542056353
12117.0,-0.9458947752953996
12118.0,1.467014331279499
12119.0,-0.9025694259204512
12120.0,-0.440924404054105
12121.0,-1.1631955857991434
12122.0,0.3545908107321187
12123.0,-0.5764708934911033
12124.0,0.17420077038012272
12125.0,-1.662705850689657
12126.0,-1.6534107984624449
12127.0,0.7063576428482533
12128.0,-0.08601802217248879
12129.0,0.22689852245705955
12130.0,0.01750183116638006
12131.0,1.3329049129438315
12132.0,-1.8864234957675514
12133.0,-0.3482307159139245
12134.0,-1.5030454012860712
12135.0,-1.0978844415200462
12136.0,0.33634643517999485
12137.0,0.3480012389067357
12138.0,-0.39801284088369787
12139.0,0.09801801935166007
12140.0,-0.3887198524765721
12141.0,-0.5105155035913841
12142.0,1.3558326384322665
12143.0,1.7582335211012867
12144.0,0.8172067324168619
12145.0,-0.3350272019112717
12146.0,1.464724468077749
12147.0,0.31359242137241344
12148.0,0.5453171530555802
12149.0,0.5104175958862152
12150.0,-0.5358518560971246
12151.0,-2.0022376969287086
12152.0,-2.5944897776832785
12153.0,2.481371817905927
12154.0,0.43810678919398727
12155.0,0.9689515122866473
12156.0,1.1846378317817536
12157.0,-0.2104568566914168
12158.0,-0.7861885293826618
12159.0,-1.0321780263959297
12160.0,0.711090988906469
12161.0,1.0451773932828714
12162.0,0.8607305675465957
12163.0,-0.5639933211809425
12164.0,0.7644431747848279
12165.0,1.966963202304732
12166.0,0.9165007382739575
12167.0,0.3185158268074961
12168.0,-0.47373013991629903
12169.0,-0.028544302650178544
12170.0,-0.6474778094578818
12171.0,-1.4090913095982263
12172.0,1.2217643506356721
12173.0,-0.4660574939787914
12174.0,-0.013716659977295325
12175.0,-0.7751925448090222
12176.0,-1.5324335641210962
12177.0,0.6194477017658837
12178.0,-0.04634188856038332
12179.0,-0.8445134816777723
12180.0,0.6217139240325118
12181.0,1.086630331707889
12182.0,-1.3816393093207031
12183.0,-0.6053182106117337
12184.0,-0.2479343683519024
12185.0,0.8023198655930761
12186.0,-0.5324039094743668
12187.0,-1.124494950107129
12188.0,-1.0255440443946258
12189.0,-1.320613616389174
12190.0,-0.7822027044212073
12191.0,0.9517510581204702
12192.0,1.9731334661022113
12193.0,0.7504550738155463
12194.0,-1.8984563716820713
12195.0,0.061576865831023474
12196.0,1.256301523657381
12197.0,1.4124886900989908
12198.0,0.48050442258632253
12199.0,-0.7702233519717967
12200.0,0.3040314733731275
12201.0,0.46073988865252596
12202.0,0.7091875232503766
12203.0,-1.011830889530826
12204.0,0.015846240408233105
12205.0,-1.2659995111209783
12206.0,0.9614051490882588
12207.0,-0.6968252167604446
12208.0,-1.76433472236691
12209.0,-0.5770167712858432
12210.0,-1.3647099769913829
12211.0,0.7014410894821603
12212.0,-0.2190695884675182
12213.0,1.409580945770027
12214.0,-0.5242518831350498
12215.0,1.6734675797866791
12216.0,-0.7858558900379723
12217.0,0.4850331736699615
12218.0,-1.3438613702622528
12219.0,0.8995535342208743
12220.0,-0.1445347721365133
12221.0,0.3949420259870319
12222.0,0.23380673405980446
12223.0,0.8206229740305812
12224.0,0.6450157955921579
12225.0,0.21232167524497517
12226.0,-1.1668423470472675
12227.0,0.21342318167807442
12228.0,0.4112513471912622
12229.0,0.14105839193743847
12230.0,-0.23865204654600547
12231.0,-0.7783296371644589
12232.0,0.4111547228705701
12233.0,1.6316915795114941
12234.0,-0.27544269625311546
12235.0,0.7217408215722548
12236.0,-1.298765103155968
12237.0,0.26967265181124966
12238.0,0.31333886598638283
12239.0,1.3017377123256098
12240.0,0.3633328898260006
12241.0,1.6716743247377237
12242.0,-1.6526029966955795
12243.0,-0.05900352135095455
12244.0,-0.9754725389967821
12245.0,-1.8568368648653373
12246.0,-0.8358859240040097
12247.0,0.5744693151938
12248.0,-1.3015665198646458
12249.0,-0.7407454663338183
12250.0,0.6671000628317114
12251.0,0.5621756386008169
12252.0,0.030823956286746744
12253.0,-0.3325990622603557
12254.0,0.1654709657234523
12255.0,0.2491650487033821
12256.0,2.257273140691879
12257.0,0.9629244014915321
12258.0,-1.3443148347291538
12259.0,0.733665294091469
12260.0,-1.2333704832263412
12261.0,-1.2069598494044291
12262.0,0.40039265820655473
12263.0,-0.36221561431954413
12264.0,-0.6772360055062028
12265.0,-0.9914543092281862
12266.0,0.7909417851916167
12267.0,-0.46030037006577673
12268.0,0.5572823370907871
12269.0,-1.0547419617892946
12270.0,1.080269541615569
12271.0,0.6114327620344998
12272.0,0.6525675237975581
12273.0,0.13507322320836773
12274.0,-1.4335808430738934
12275.0,-0.06345456612943631
12276.0,0.2669506989961436
12277.0,-0.6709898089282474
12278.0,-1.2964453475183835
12279.0,-0.7789626458031985
12280.0,-0.2796943377644183
12281.0,1.5948201566674243
12282.0,0.8347068867601126
12283.0,-0.6402123520241388
12284.0,0.4437876294156271
12285.0,0.4648562544171796
12286.0,-0.06268654410569206
12287.0,0.5290961972911556
12288.0,1.571581656289628
12289.0,-0.9152820169909515
12290.0,-0.3996737447166702
12291.0,-0.32890580165311584
12292.0,-3.082877455784591
12293.0,0.3485417631682932
12294.0,-1.486701321668543
12295.0,-0.8820978867420115
12296.0,-0.8640643853567712
12297.0,1.0070616072560705
12298.0,0.00356097470706621
12299.0,-0.31567777799029234
12300.0,0.08752885520819997
12301.0,2.007230993357205
12302.0,-0.29722524176403686
12303.0,-0.7573082777936334
12304.0,0.30336985607806616
12305.0,-0.6047490442617832
12306.0,-1.6174286031180793
12307.0,0.04073636898419885
12308.0,-1.0194248546460547
12309.0,0.8900009349002973
12310.0,-0.10076967711473213
12311.0,-1.1742330722307828
12312.0,0.6146163281745571
12313.0,-1.1613494029019933
12314.0,1.0939021811292395
12315.0,-0.5674975147364933
12316.0,0.14535665676604212
12317.0,-0.9393639572664181
12318.0,0.6621283469020849
12319.0,-2.2640682442956304
12320.0,0.39743853207328367
12321.0,-1.268971671538159
12322.0,-0.3519678899132873
12323.0,0.021008247188047415
12324.0,-0.10337465943728265
12325.0,-1.9202001819673074
12326.0,0.5250315468725867
12327.0,1.1161710187580403
12328.0,0.5113786794570997
12329.0,-0.7558932710799359
12330.0,1.026069087458589
12331.0,-0.45264929352935707
12332.0,1.477959198535379
12333.0,0.8675052198259795
12334.0,0.647547226196113
12335.0,0.15960304098552655
12336.0,-0.07142040176518484
12337.0,0.7848413049946011
12338.0,0.8342296835771019
12339.0,-1.5648180933925382
12340.0,-0.7953905336787638
12341.0,-0.5731710923277651
12342.0,1.1469911986209458
12343.0,0.44561624019571133
12344.0,-1.414465733077552
12345.0,0.5495294201348229
12346.0,-0.36531281699914053
12347.0,-0.8298094299239474
12348.0,0.7645155846201822
12349.0,0.4624956589296177
12350.0,0.7390627861625184
12351.0,-0.04996762188616515
12352.0,-1.042303244313465
12353.0,0.8118656293827908
12354.0,0.8267073075161983
12355.0,0.3817551610361506
12356.0,0.35616690537205886
12357.0,-1.0910955489730427
12358.0,0.5787135433267003
12359.0,-1.1587814801565914
12360.0,-0.011268674760041987
12361.0,-0.3454585688156314
12362.0,1.3148312414907728
12363.0,1.0276411419261855
12364.0,-1.0481352535156885
12365.0,0.23985358357271808
12366.0,-1.3212916793302256
12367.0,1.8070834560600018
12368.0,-1.3048142356895083
12369.0,-1.1286653565877844
12370.0,1.2601477687328853
12371.0,-0.21634379368622256
12372.0,-1.2963059454313146
12373.0,0.9988607518751162
12374.0,-0.13817057113044082
12375.0,0.3133459100101675
12376.0,1.9562114041227365
12377.0,-0.22773030856570514
12378.0,0.2746249025573578
12379.0,-0.00010775253276684065
12380.0,1.6221805148673805
12381.0,-0.9226123023340552
12382.0,0.39012055622817443
12383.0,-0.6703504695532346
12384.0,-1.0252756192625743
12385.0,-0.2656205612390849
12386.0,-0.3916688655399369
12387.0,-1.4358663404395093
12388.0,-0.2828559348493165
12389.0,-1.2269307147563828
12390.0,-0.187374498926184
12391.0,0.2736762521386772
12392.0,0.14243465731882007
12393.0,-0.7869348215228347
12394.0,1.4353615762489957
12395.0,-0.30041153612004023
12396.0,0.055271858977542894
12397.0,-0.7183120417760968
12398.0,-1.3966967345855277
12399.0,0.16807260567132826
12400.0,0.03169677852360812
12401.0,-0.27598934942610637
12402.0,-1.0651646089839624
12403.0,0.8145301802096043
12404.0,2.4393243157047353
12405.0,1.6531929492231294
12406.0,-0.3734574954198263
12407.0,-0.2407176475556541
12408.0,-0.31919404205090224
12409.0,-0.47923742661356267
12410.0,-0.9716148552894022
12411.0,0.5579863065640396
12412.0,0.26262218728474773
12413.0,-0.1379281098175014
12414.0,1.6444163314515807
12415.0,0.31922139890226175
12416.0,0.1329232261004177
12417.0,-1.2472170154573272
12418.0,1.0666390348564168
12419.0,0.475491640166006
12420.0,-0.1622498422898009
12421.0,0.01833598651996494
12422.0,0.8456154946380527
12423.0,1.7350354975168987
12424.0,-2.308229204513926
12425.0,-0.40089509459525335
12426.0,-0.6514885431143621
12427.0,-2.2108544923642444
12428.0,1.0566730166111347
12429.0,-0.4981667287332909
12430.0,-0.33637224962629114
12431.0,-1.0982608891499654
12432.0,-0.8537614577617948
12433.0,-0.8674544691264545
12434.0,-1.1071768371679682
12435.0,-0.1573216963730222
12436.0,-0.6772174978572241
12437.0,-1.209369038968393
12438.0,-0.7345995102386169
12439.0,-0.7826714537559977
12440.0,1.5740087274299757
12441.0,0.616846598538019
12442.0,-0.7486316291939535
12443.0,1.493638615606376
12444.0,-0.5128112664040914
12445.0,0.24933885071434525
12446.0,0.30445878965816486
12447.0,0.16799837564354142
12448.0,1.1523797140298722
12449.0,0.11026199781946201
12450.0,-1.2067490693727911
12451.0,-0.39639666277247676
12452.0,1.7793957471067252
12453.0,-0.5509993943944865
12454.0,2.069233539203491
12455.0,1.8945172576399685
12456.0,0.410076842100297
12457.0,0.4700210131762036
12458.0,-0.5870487348445549
12459.0,0.1350556342220114
12460.0,-1.0191350674837543
12461.0,1.0753401871862707
12462.0,0.42059805171238684
12463.0,-0.09022913618700897
12464.0,0.6338221586215228
12465.0,2.072217818028454
12466.0,0.17498866615593237
12467.0,-0.8240316846080181
12468.0,-0.06422944166853366
12469.0,0.5715096439210609
12470.0,-0.32758700102494315
12471.0,0.8690956071432602
12472.0,0.325515211766828
12473.0,0.7168981499341219
12474.0,0.3449548392565313
12475.0,1.0502698580196337
12476.0,1.8460850298736757
12477.0,-1.3449151627620406
12478.0,0.261867095324346
12479.0,-0.7147957942217009
12480.0,-0.0555602251468082
12481.0,-1.506154498438568
12482.0,-1.1103624467467326
12483.0,-0.7852226271706253
12484.0,0.3394131446766995
12485.0,-0.3293078574918122
12486.0,-0.8063765625503755
12487.0,-0.8649922842266642
12488.0,0.1603952844505899
12489.0,-0.2647754630958632
12490.0,0.961820706679034
12491.0,0.9883829406191256
12492.0,-1.1288082427693504
12493.0,1.2138514746421734
12494.0,0.9512549996397511
12495.0,0.5172343251265903
12496.0,-2.3087448037853826
12497.0,0.12351213952040674
12498.0,0.6676812702233167
12499.0,1.397058933278106
12500.0,0.09682555047826173
12501.0,0.0826183153271087
12502.0,-1.6221959660632381
12503.0,-1.3638376659105984
12504.0,0.3049593532740883
12505.0,-1.2090181608159798
12506.0,0.2544611970295965
12507.0,-1.0408157166231158
12508.0,-1.5772743010097536
12509.0,2.0147103496289893
12510.0,1.4280600847240585
12511.0,0.1577882834608321
12512.0,1.542564272216743
12513.0,-0.7069085572418193
12514.0,-1.3439048095799055
12515.0,1.189279814222272
12516.0,2.551765306703158
12517.0,-0.2720216927312939
12518.0,-2.005048169706469
12519.0,0.8434854753874098
12520.0,0.06245857342832188
12521.0,-0.5886209433823524
12522.0,-1.1063851006052756
12523.0,0.23222928310665678
12524.0,0.30626260110884324
12525.0,-0.4986087156339991
12526.0,-0.3994116216578712
12527.0,1.909790196759801
12528.0,0.3816338609138707
12529.0,-1.4522066505016715
12530.0,-1.3812851269991968
12531.0,1.6055171789250862
12532.0,1.1558988053552954
12533.0,-1.3455261208952285
12534.0,-0.8601889498790035
12535.0,-0.8649780750082605
12536.0,1.0759600351772984
12537.0,0.9962926576274267
12538.0,0.5244314381852102
12539.0,0.8810936853323148
12540.0,-1.5361561054652062
12541.0,-1.4102954938616312
12542.0,0.8546167830020883
12543.0,-0.35168916043836057
12544.0,0.28851489029879607
12545.0,0.848193816808299
12546.0,0.9525189833336491
12547.0,-1.4113415801875573
12548.0,-0.41385841363915743
12549.0,-0.8944925894663014
12550.0,0.4308234980249678
12551.0,0.8420493569183353
12552.0,0.520534979791598
12553.0,0.754166883056878
12554.0,0.26933360546734475
12555.0,1.3685836344890343
12556.0,-2.5171063546937624
12557.0,2.025295505686367
12558.0,1.7387029062952597
12559.0,-0.48154084002944286
12560.0,-1.6358911061312562
12561.0,-0.04215359332442984
12562.0,-0.8621167115371058
12563.0,0.1487253125594523
12564.0,0.4343706295300239
12565.0,2.392455401046616
12566.0,-0.02496178764560213
12567.0,-0.6686600724459726
12568.0,-0.0906628904864792
12569.0,-0.410865668931837
12570.0,-1.3282617308388147
12571.0,-0.2464857935561413
12572.0,1.1139239561454943
12573.0,-0.6110986554865873
12574.0,1.8701413932514015
12575.0,1.0925226214670833
12576.0,-1.136824604490183
12577.0,0.16567313610742923
12578.0,0.3970173929739439
12579.0,1.625271089333962
12580.0,1.0807466548330191
12581.0,-0.9634057547675545
12582.0,-0.43743460834914427
12583.0,1.6570314228252636
12584.0,-0.8492596608099672
12585.0,1.1662534910683593
12586.0,-0.10359604689997032
12587.0,-1.616107448019697
12588.0,0.9696876837802486
12589.0,0.06649184974093926
12590.0,-0.5943109218736988
12591.0,-1.5605790193400173
12592.0,-1.04882063589044
12593.0,-0.5144215695506043
12594.0,1.6625012553989647
12595.0,-1.4487964240294027
12596.0,0.5945650275388473
12597.0,-0.06097705238623939
12598.0,-0.47482484302199407
12599.0,0.4616017692005926
12600.0,-0.5967963941385293
12601.0,-0.05771644905792318
12602.0,0.739384584827806
12603.0,-1.4779143711811729
12604.0,0.8322286797081915
12605.0,-2.882446288233405
12606.0,1.1455039749619906
12607.0,-1.0847337651790334
12608.0,-0.021445380532976385
12609.0,-0.36916873999650596
12610.0,-3.2884885804878126
12611.0,0.5378010036094302
12612.0,-0.5227181403125432
12613.0,-1.242903011849953
12614.0,-1.5273078078437556
12615.0,1.4427929486934459
12616.0,0.20656079516822776
12617.0,0.26274087134960045
12618.0,0.34214697315022463
12619.0,-0.7410488144437636
12620.0,-0.9853786345615222
12621.0,2.3565235625273577
12622.0,0.06793086732490268
12623.0,-1.4210435455555048
12624.0,0.7515504695063879
12625.0,0.08103190025623312
12626.0,-1.1086440330320195
12627.0,0.8279097374682716
12628.0,-0.20182690896509747
12629.0,1.8167918940162475
12630.0,0.5848763047550748
12631.0,-0.8380483177168735
12632.0,-0.9299060085479866
12633.0,0.3564559453044918
12634.0,-0.6199742759868342
12635.0,0.16967249195532186
12636.0,-0.6472899183097608
12637.0,0.22712460947213797
12638.0,-1.5701536186100598
12639.0,-0.261198012359907
12640.0,-0.4382586174432769
12641.0,0.1283026035995667
12642.0,-0.828392509573855
12643.0,0.16447634505582223
12644.0,-0.027837736584910365
12645.0,1.4667461433142082
12646.0,-0.34573733586585204
12647.0,0.4040551610825323
12648.0,0.08116602271741154
12649.0,1.795624005581747
12650.0,-0.37802263144171466
12651.0,0.14420136122054825
12652.0,-0.7484673966622334
12653.0,0.3663854090554412
12654.0,-1.0072673786577329
12655.0,0.31545935811322046
12656.0,0.18960536721718602
12657.0,0.08339908088234278
12658.0,-1.6102080415737805
12659.0,1.1708080904609335
12660.0,0.7777877032821188
12661.0,1.5712726660934067
12662.0,0.647925660830761
12663.0,0.5096462411041249
12664.0,0.4714097195054595
12665.0,-0.7370319318574283
12666.0,0.9687038108618985
12667.0,-0.9615083736278958
12668.0,0.049890278438143656
12669.0,-0.37714796848729504
12670.0,1.0626629206195213
12671.0,-0.8186740266927708
12672.0,-0.06989179534054146
12673.0,-0.6258869336891251
12674.0,1.4354543308456935
12675.0,-0.5631261432728064
12676.0,-0.8966139512643041
12677.0,0.23075535512523968
12678.0,-0.35895064410303584
12679.0,0.8703456905166136
12680.0,-0.31290608191910335
12681.0,0.586400603147275
12682.0,-1.4412046720793972
12683.0,-1.2068099594370472
12684.0,0.7984925095047448
12685.0,0.10796647753705614
12686.0,0.8075694360074969
12687.0,0.8039884083486395
12688.0,0.48943041634106266
12689.0,-0.29029056993399316
12690.0,-0.7345365571180195
12691.0,0.8713795862327879
12692.0,-0.3272513891418964
12693.0,0.45346336986075536
12694.0,0.933968939860497
12695.0,-0.6001396984294407
12696.0,-0.190657168950879
12697.0,-1.3747744789915615
12698.0,0.09308699967335457
12699.0,-1.077786907161206
12700.0,0.9779264965276017
12701.0,0.10121928500704405
12702.0,-0.31599066983022783
12703.0,1.4844751669179324
12704.0,-0.7604030560541348
12705.0,-1.172196189545728
12706.0,-0.6253021998939298
12707.0,0.2340197167544604
12708.0,1.1755628407359378
12709.0,-0.5542673617387823
12710.0,-0.49413558689626724
12711.0,0.18118148450724253
12712.0,-3.029933075420624
12713.0,0.7846764945329558
12714.0,-1.4898646871284598
12715.0,-0.22267372985654768
12716.0,-1.0838084045325527
12717.0,-1.7333197947796228
12718.0,-1.3451628729074916
12719.0,0.1798940164190212
12720.0,0.7105518456914703
12721.0,-0.6010698931476646
12722.0,-0.40701590447368585
12723.0,-0.5097144851816121
12724.0,-1.7759906468465583
12725.0,-1.2306646923095923
12726.0,-1.6348275197357238
12727.0,-0.7387675187200833
12728.0,-2.156444998970277
12729.0,0.0250338061886335
12730.0,0.2801151058213123
12731.0,0.6034762420213785
12732.0,-0.3264749060758181
12733.0,-0.13920314462339034
12734.0,0.43445311893563715
12735.0,-0.06937432646104215
12736.0,-0.014867796854452458
12737.0,-0.10052404311212738
12738.0,-2.4075206815989607
12739.0,2.086037050308409
12740.0,0.05480735409363024
12741.0,-0.596660200908118
12742.0,1.2534221097475393
12743.0,-0.6715702747387755
12744.0,0.0801698604879316
12745.0,-0.25698211083307226
12746.0,-0.335365889456959
12747.0,-1.3190938961652598
12748.0,-0.9512255385648473
12749.0,0.6440468421079859
12750.0,0.08221047951450329
12751.0,0.05698296158267162
12752.0,-0.19689897075180574
12753.0,-0.4867017146140575
12754.0,0.5772238405401634
12755.0,0.6735774706087031
12756.0,-1.2339722997949263
12757.0,-1.3140094641174471
12758.0,-0.13911196497458306
12759.0,-0.22100807334239866
12760.0,0.6473070826852086
12761.0,-0.7271902734695969
12762.0,0.277238465136775
12763.0,-0.03643670120054717
12764.0,-0.14599679459385587
12765.0,-0.7354462531517341
12766.0,0.7390896779949456
12767.0,-0.1365874977490028
12768.0,0.3901017200803965
12769.0,0.07734610871086788
12770.0,-0.5640134832961184
12771.0,1.5891782253205218
12772.0,-1.71348199369633
12773.0,-1.3782639754153612
12774.0,-0.26151147554337256
12775.0,-0.5605318036058615
12776.0,-1.557893905591494
12777.0,0.3127618811093964
12778.0,-0.830574442283621
12779.0,-0.7287291514548602
12780.0,-0.185508553031842
12781.0,-0.6619883882449786
12782.0,0.0336454475980521
12783.0,-1.5956697465336211
12784.0,-1.8866673646253551
12785.0,-0.46772670659590615
12786.0,0.6138448893907013
12787.0,-0.5589405574921351
12788.0,0.09158075848361927
12789.0,-0.026992790142606853
12790.0,0.8745832217234346
12791.0,0.9269699993952285
12792.0,1.481553046312481
12793.0,-0.16236954860319075
12794.0,0.12020043762021533
12795.0,-0.23757247782130386
12796.0,-1.064931082330058
12797.0,-0.7915208058397815
12798.0,1.2363462080499676
12799.0,0.2696075808949267
12800.0,0.3092011668970036
12801.0,1.2045541414686236
12802.0,-1.1969885457961564
12803.0,-0.9565981050641604
12804.0,0.26867728262964774
12805.0,-0.9047172592366359
12806.0,1.1887275855153292
12807.0,0.7979941676927133
12808.0,1.1954344989791643
12809.0,-0.7233725133361434
12810.0,-1.1242431036819693
12811.0,-0.051949316998638376
12812.0,-0.32049529374261515
12813.0,-0.6545799129411912
12814.0,0.11512307691640623
12815.0,-0.1918585848694657
12816.0,0.3262368340058815
12817.0,1.5851950633538725
12818.0,-0.866643171890054
12819.0,-1.2002125089787083
12820.0,0.04174682559279794
12821.0,0.8395136549298059
12822.0,-0.38569580513905527
12823.0,-1.0195072243072838
12824.0,-0.6778061784398298
12825.0,0.8695518161874437
12826.0,0.46008696689718415
12827.0,-0.3891637960977944
12828.0,0.9852067027334352
12829.0,-0.5866621687108318
12830.0,-0.4224070388795566
12831.0,-0.5652907694744915
12832.0,-1.485979637393795
12833.0,-0.671471760502283
12834.0,-1.1324304592838088
12835.0,0.8576907012155501
12836.0,-0.8674382621547913
12837.0,-1.5384655459417222
12838.0,-0.03671247556564007
12839.0,0.12665562143667558
12840.0,0.0436383746042747
12841.0,-0.33911388571553047
12842.0,0.12653171254497458
12843.0,0.9407091173922568
12844.0,-0.667353903250129
12845.0,1.2746304081102195
12846.0,-0.2254994255412231
12847.0,0.0002673139434019493
12848.0,0.15655269141165204
12849.0,-0.6089709881350697
12850.0,-0.5510421679351752
12851.0,1.3922006226193386
12852.0,0.9591128430514219
12853.0,-0.9007001485977789
12854.0,-1.0376488322004727
12855.0,0.38053157313492353
12856.0,1.1617152891705411
12857.0,-1.0209816885844976
12858.0,0.7316322463094236
12859.0,-0.9663615982162549
12860.0,0.6755576344860313
12861.0,0.16304797705681187
12862.0,0.7860686210010774
12863.0,0.21430243509166394
12864.0,0.3551033704262265
12865.0,1.2171933908377612
12866.0,1.7937568164805577
12867.0,-0.9013838386995656
12868.0,-0.19438500720709484
12869.0,0.5258236833394666
12870.0,0.6573927478950577
12871.0,-0.9108701230477855
12872.0,-1.2179726652713254
12873.0,-0.36474788619051574
12874.0,1.9233731264114142
12875.0,0.7791502141552138
12876.0,-1.0127340981073096
12877.0,-0.03596570708716376
12878.0,-0.12088797578451485
12879.0,1.8657877186773861
12880.0,2.09403051003136
12881.0,-0.8972504821413547
12882.0,0.3951144661440176
12883.0,0.5765447214425015
12884.0,-0.7195511971670184
12885.0,-2.0225694351188017
12886.0,-0.4610827919930534
12887.0,0.5327520284715771
12888.0,-1.308278078227237
12889.0,-0.09485551169132499
12890.0,0.31110500948034003
12891.0,0.7420039036802687
12892.0,0.502812239262329
12893.0,-1.3432240587659392
12894.0,-0.48909766169938135
12895.0,-1.1358006549220245
12896.0,0.8709910380979524
12897.0,-1.436927690585061
12898.0,0.24345445064673674
12899.0,0.09629131545894584
12900.0,0.696072215827837
12901.0,0.08169466413663107
12902.0,1.58523893458296
12903.0,0.503462013386114
12904.0,-0.7032896897658146
12905.0,1.0892405221939958
12906.0,-0.10647834163448415
12907.0,-0.20841105184462805
12908.0,-0.10529266883467038
12909.0,0.9508842183878016
12910.0,-0.8980057629903284
12911.0,0.9874775609408237
12912.0,-0.22723387719747365
12913.0,-0.0361835724341205
12914.0,-1.0465737795241197
12915.0,-0.11487467072740747
12916.0,-0.7852060331785494
12917.0,-0.990437038294037
12918.0,-0.5452349319340767
12919.0,0.18153116530045282
12920.0,0.5055576800610899
12921.0,-0.6596495972352856
12922.0,1.7877146978446437
12923.0,-0.0377885962141705
12924.0,0.8665181176697436
12925.0,-0.37566060331057355
12926.0,-0.14716628852859215
12927.0,0.9205583341337787
12928.0,0.12450920105635949
12929.0,0.18968725775109896
12930.0,-1.7119412965114555
12931.0,1.4649913921204494
12932.0,0.09496445524432862
12933.0,0.5070857723518166
12934.0,-1.1252434150197657
12935.0,-1.3279249880568698
12936.0,0.12014564532334482
12937.0,-0.9065228747507251
12938.0,-1.3424451956043872
12939.0,0.7477018654454781
12940.0,-1.720471075558228
12941.0,0.08905763418596495
12942.0,0.15872964580371587
12943.0,-2.3486719300223395
12944.0,-0.7208884372240993
12945.0,-0.2346036295770407
12946.0,0.38539645319025945
12947.0,-1.33674253939205
12948.0,1.7309928965080388
12949.0,-0.8868618614371874
12950.0,0.47178029458517257
12951.0,0.41766660774138137
12952.0,0.6868227469018291
12953.0,-0.5979295019551157
12954.0,-0.46703402143928263
12955.0,0.22394778421936823
12956.0,0.2508830520930972
12957.0,-1.438869631562452
12958.0,-1.4943898210177453
12959.0,0.04401427365062797
12960.0,0.5373736287043179
12961.0,0.07009063251371264
12962.0,-0.6895886919649188
12963.0,-0.9391533892112592
12964.0,0.6249939750384648
12965.0,0.37813665521778056
12966.0,0.6168904272290933
12967.0,0.2362247499854561
12968.0,-0.9656825700534449
12969.0,-0.14797116678510053
12970.0,0.6312031376650906
12971.0,-0.19962670918620185
12972.0,-0.9998851160710458
12973.0,0.8421940254841912
12974.0,-0.11542589525918165
12975.0,-0.03039054777569795
12976.0,-0.20829822112562008
12977.0,-0.4102030322260593
12978.0,0.6108702482909191
12979.0,-0.6869241676304375
12980.0,-0.7585861743092576
12981.0,-0.09542929180012479
12982.0,-1.1488737482025628
12983.0,-0.29329074006403555
12984.0,-1.7029877547446093
12985.0,0.5577085552051977
12986.0,0.5692337858419305
12987.0,0.6412007159737212
12988.0,-0.7769521070223807
12989.0,-1.387246187569882
12990.0,0.7403670905149498
12991.0,-1.349998802040991
12992.0,1.2940769997835897
12993.0,-0.510900535975533
12994.0,-0.8723644895380936
12995.0,-0.31415125541249017
12996.0,1.3659489264325133
12997.0,0.19064729626826848
12998.0,0.13818074998371913
12999.0,1.334595753050117
13000.0,-0.058211585078607096
13001.0,0.7959221266064992
13002.0,0.47904663174696455
13003.0,0.7387589795078937
13004.0,0.03911367629512245
13005.0,2.1748689582091902
13006.0,-1.55188907071305
13007.0,1.0433675530658233
13008.0,-2.260324439574967
13009.0,0.07218170030044913
13010.0,1.1192011124554175
13011.0,-1.6062498868840098
13012.0,-0.7002706665460842
13013.0,-0.3989201547572817
13014.0,-1.5672465520954824
13015.0,-1.227517803108557
13016.0,0.6688178626617012
13017.0,1.1945695934019753
13018.0,-0.7769773194267158
13019.0,-0.36267336934172256
13020.0,0.6261809840443662
13021.0,0.5106033064290025
13022.0,-0.40404769061365753
13023.0,0.13886494599048407
13024.0,1.3284051959517946
13025.0,0.1846315834543802
13026.0,-0.6175275750379712
13027.0,0.29058875889720165
13028.0,-0.10317805518805791
13029.0,-0.6931592391242154
13030.0,-0.3115534837922955
13031.0,-1.4405387031392851
13032.0,0.22917221572135718
13033.0,0.23012677123827008
13034.0,0.01294812653425988
13035.0,0.20374098154394366
13036.0,-2.350847838916245
13037.0,-1.422350021726235
13038.0,-0.20136205718585445
13039.0,0.8417347420868063
13040.0,0.13470799431375338
13041.0,1.133418283830072
13042.0,-1.0528686518825434
13043.0,1.7214900702274576
13044.0,-0.458235049774111
13045.0,1.2308321535517601
13046.0,-0.3570663938007022
13047.0,-1.2171683338681987
13048.0,1.1708246639545692
13049.0,-0.0009911469290801332
13050.0,-0.8436818756626332
13051.0,1.0646147272079693
13052.0,-0.962389990944113
13053.0,-0.5640630511801858
13054.0,0.6519968304668312
13055.0,0.27108395139356123
13056.0,-0.5796257785537597
13057.0,0.0013027264394544187
13058.0,-1.2335887039382971
13059.0,-0.33874039634719716
13060.0,1.7786556022538318
13061.0,-0.0316050158433572
13062.0,0.07223728039274163
13063.0,0.492363086909702
13064.0,0.6084058140063587
13065.0,1.7085132090667259
13066.0,-0.3581024810825536
13067.0,-0.5981905015040041
13068.0,0.15944112868225177
13069.0,0.5887359543687175
13070.0,0.27790716806377386
13071.0,1.0529165187930298
13072.0,1.146462763340459
13073.0,-2.0140757330620094
13074.0,-0.17878104429837482
13075.0,0.9570649062375068
13076.0,-1.4825570850928549
13077.0,0.14106322585390846
13078.0,0.26923871323098614
13079.0,0.5165961419742345
13080.0,0.06550575021486488
13081.0,-0.6842521550665331
13082.0,1.939078517033914
13083.0,0.6617493490482701
13084.0,1.4510414779712635
13085.0,-0.29072857209176584
13086.0,-0.4712159632045844
13087.0,0.8243685533706064
13088.0,-0.9550023646577834
13089.0,0.7254189421321262
13090.0,-2.3269794929921357
13091.0,0.3142351810504717
13092.0,-0.8204401255937848
13093.0,1.4549196462758027
13094.0,0.13873941452490968
13095.0,-0.46763710485148124
13096.0,-0.03927521642966175
13097.0,0.03660448271428753
13098.0,0.2718862706279718
13099.0,-0.45203173396161245
13100.0,0.1299184879559455
13101.0,0.6919293604299169
13102.0,-0.28204578605263997
13103.0,-0.04514250603302696
13104.0,-1.896895638943012
13105.0,0.09850318207263935
13106.0,-0.4696265382975632
13107.0,0.20805358752196135
13108.0,0.5802782239227049
13109.0,0.9538776155530819
13110.0,0.8589023728091963
13111.0,-1.6332974997910825
13112.0,-0.6548563564704908
13113.0,-0.5757569983111963
13114.0,1.2156310678070175
13115.0,-0.22613358610035755
13116.0,1.4364861408521072
13117.0,0.0477007581375761
13118.0,-0.047251796204954746
13119.0,0.8155121658810462
13120.0,0.8328324402730592
13121.0,0.8860315921825412
13122.0,0.9288316452358806
13123.0,-0.12882623542603847
13124.0,0.37834231821668923
13125.0,0.16786039612012518
13126.0,-0.9434185520627574
13127.0,0.4933125672805347
13128.0,0.9170305919650501
13129.0,-0.5602529930559492
13130.0,0.19922269421269087
13131.0,-1.7297862949736607
13132.0,1.405670613484228
13133.0,-1.8730164092297628
13134.0,1.6014814708243532
13135.0,-1.453291838572491
13136.0,-1.96024857093044
13137.0,-1.0437371066369747
13138.0,-0.34631659043720847
13139.0,0.1530312364348956
13140.0,0.836014110899268
13141.0,0.6403307848303383
13142.0,-1.2590633094220942
13143.0,-0.0831968983949375
13144.0,-2.274337112281064
13145.0,-0.168204376095306
13146.0,0.13433077666585638
13147.0,-1.5565298332506576
13148.0,-0.7826652965292907
13149.0,-1.6551086565032453
13150.0,-0.8136980910004443
13151.0,0.34826077511711134
13152.0,-0.2393932359373205
13153.0,0.16230551015637143
13154.0,0.039667233251369734
13155.0,1.9025877582946473
13156.0,1.5111031000992
13157.0,1.4513241623704725
13158.0,0.440945578689159
13159.0,-1.074663387302569
13160.0,-0.22465025601377903
13161.0,0.5319383849399305
13162.0,-0.5033358306489634
13163.0,0.3485259905716396
13164.0,1.1601505040258218
13165.0,0.5378448196332147
13166.0,-0.0963675493389321
13167.0,-1.2285384806066113
13168.0,-0.486687761700306
13169.0,1.1374110335616343
13170.0,-0.0045411821058053674
13171.0,-0.4044241066161923
13172.0,0.6429602314121663
13173.0,-0.5575260013658702
13174.0,0.47331924562622013
13175.0,-2.46294530068911
13176.0,-0.16009879731371895
13177.0,-0.674049648938471
13178.0,-0.42215136042450163
13179.0,0.31198195935606365
13180.0,0.4498717667478415
13181.0,-0.7625978811462626
13182.0,-0.8606293211019823
13183.0,2.93324493188175
13184.0,0.12365850279152041
13185.0,-0.29931083655880103
13186.0,-1.2906637596265238
13187.0,1.4187010899400432
13188.0,1.9321276756908428
13189.0,-2.0248756969811383
13190.0,0.48375986766250695
13191.0,1.0583491108257927
13192.0,0.9247407589478112
13193.0,-0.6691146750080129
13194.0,-0.010720191764902
13195.0,-0.3342260942656068
13196.0,-0.05373756812083183
13197.0,-0.6235395756404727
13198.0,0.9429490581074824
13199.0,-1.045044175717272
13200.0,-0.3060031232305744
13201.0,0.05753686111131053
13202.0,-1.2891259364843874
13203.0,0.5714637572484594
13204.0,0.5815778235852238
13205.0,0.43266149034957346
13206.0,-0.8437193460306227
13207.0,1.2166133010233628
13208.0,-0.40499758572631905
13209.0,-1.095892880966946
13210.0,0.4679746129415432
13211.0,-0.14812890370699455
13212.0,-0.6218654650321446
13213.0,0.5695703112209445
13214.0,-1.370407901265631
13215.0,1.2785347992153084
13216.0,1.4404686360268124
13217.0,1.2349581324181396
13218.0,0.32124555352801615
13219.0,-0.04806140833174799
13220.0,-1.0946010577198395
13221.0,-0.07721956318821115
13222.0,-0.6400835298657617
13223.0,-0.5289370696504198
13224.0,-0.02834319302057109
13225.0,-0.09785604244305914
13226.0,1.0199833377276353
13227.0,-0.16819647073607533
13228.0,-0.9544693753941075
13229.0,0.2137636280997754
13230.0,0.35551780376560993
13231.0,-0.7965295105193759
13232.0,0.0884731705489929
13233.0,-1.6337349958568412
13234.0,1.079026078833733
13235.0,0.3886609972095401
13236.0,1.2545550555585472
13237.0,-1.0839798118035229
13238.0,-0.6993523202455163
13239.0,0.3788399210454877
13240.0,-0.15522262804272574
13241.0,-0.719756836881841
13242.0,1.255304419837364
13243.0,-0.1320425184712188
13244.0,0.9531983886111468
13245.0,0.5953798451981831
13246.0,-0.47382065267650203
13247.0,-0.2147435183681426
13248.0,-1.040796733919169
13249.0,-0.3216781720402965
13250.0,-1.2038747409436583
13251.0,0.3744840942005755
13252.0,0.9583385786592701
13253.0,0.643398185107959
13254.0,-0.25023924732573855
13255.0,-0.6072533133586083
13256.0,-0.16614340262094623
13257.0,0.6348236541316651
13258.0,0.44328073867806805
13259.0,0.8532036109436906
13260.0,0.16864622163172446
13261.0,1.2327711571393853
13262.0,-0.5587576160338755
13263.0,-0.2950938054121198
13264.0,1.4508305056910038
13265.0,-0.92290608079303
13266.0,0.5271116722807054
13267.0,-0.24985156838856468
13268.0,-1.3963185977143426
13269.0,-0.7661674498815446
13270.0,0.09432155215175543
13271.0,-0.1327170923425485
13272.0,1.960613150088387
13273.0,1.3596045729664235
13274.0,-1.509330333734429
13275.0,-0.6042665274717134
13276.0,0.9059876244432306
13277.0,1.0073264370475232
13278.0,-0.6122848341355175
13279.0,0.3891963662833835
13280.0,-0.2253170293744568
13281.0,-1.3975798439298288
13282.0,1.286688991059697
13283.0,-0.6618970049995142
13284.0,0.24637955684240043
13285.0,-0.7307048306536141
13286.0,0.2211952146386499
13287.0,0.2813153981908889
13288.0,-0.9471159207061555
13289.0,0.197944075351975
13290.0,0.9276931860340923
13291.0,1.459780879297084
13292.0,-1.5534766896169967
13293.0,1.616990363045314
13294.0,0.20804791618749388
13295.0,1.1366842223346536
13296.0,-0.23361686805383147
13297.0,-0.7641804437369313
13298.0,0.5875932231856067
13299.0,-0.41463107469046223
13300.0,0.5982681203348156
13301.0,0.5812787513958586
13302.0,1.8537312403572908
13303.0,1.1449288649691922
13304.0,0.5316413705038671
13305.0,0.7050861206208338
13306.0,0.3052846515668692
13307.0,-0.4149820273661613
13308.0,0.9301633950259569
13309.0,-0.9858849460861632
13310.0,0.628476252423086
13311.0,-0.6936832149661599
13312.0,-1.5477842717007018
13313.0,-0.1911522014627091
13314.0,1.3681462369002395
13315.0,-1.0172099650405213
13316.0,0.236104559638864
13317.0,0.7718012750240205
13318.0,-0.8978023330684911
13319.0,0.09808580394218043
13320.0,0.2756442414755562
13321.0,0.3185771722616866
13322.0,1.6198410404945736
13323.0,-0.3036729429303487
13324.0,1.1553103036096177
13325.0,-1.4057929667415325
13326.0,0.36341480583213404
13327.0,0.3559012730265899
13328.0,0.5262195167652753
13329.0,-1.7684308041831667
13330.0,0.702059090714374
13331.0,-0.36890545104806266
13332.0,0.40079021328550707
13333.0,-0.277153622528667
13334.0,0.8803847972820917
13335.0,-0.7176690962325575
13336.0,-0.47486583318093994
13337.0,0.08303337455806627
13338.0,-1.0887295639353929
13339.0,-0.4914665089450433
13340.0,0.22889510473595154
13341.0,-0.0946593299413817
13342.0,-0.9401592582731393
13343.0,-1.0493718750858487
13344.0,1.064534575038348
13345.0,0.5693939765610708
13346.0,0.3962850193749417
13347.0,0.9023395558194516
13348.0,-1.2016312709796189
13349.0,-0.2658390980472234
13350.0,0.2861964694673111
13351.0,0.06762075293374667
13352.0,-0.4120769296601679
13353.0,1.1061069522280875
13354.0,0.2456945267145547
13355.0,-0.7092473459414135
13356.0,-1.2945528665982786
13357.0,0.12489144734400494
13358.0,-0.032896262490243515
13359.0,0.37054912420140046
13360.0,-0.4193885701697932
13361.0,0.8453159850893406
13362.0,0.9467651557629246
13363.0,1.0065933554918292
13364.0,-2.252602354935994
13365.0,-1.136373899826868
13366.0,0.8569323484512881
13367.0,0.15279186723463423
13368.0,-0.23159745720406222
13369.0,-0.04125892078451263
13370.0,-0.11153060977051212
13371.0,0.7424855271493075
13372.0,0.7590045281041188
13373.0,-0.4643353649108307
13374.0,0.7877375561881769
13375.0,-0.9523098423035948
13376.0,-0.9795935875791065
13377.0,-0.6049938051174115
13378.0,-0.3966491256054712
13379.0,0.4303839541618009
13380.0,-0.9390850148355993
13381.0,0.9983980760228738
13382.0,-0.27957042533598747
13383.0,-1.0075753170202428
13384.0,0.40575844365972774
13385.0,1.8327769221022092
13386.0,-2.018216334758521
13387.0,-1.2864816117891402
13388.0,-0.4056142880147789
13389.0,0.6298180400213887
13390.0,0.11497249779358339
13391.0,-0.055517427594018794
13392.0,-0.48485379824729297
13393.0,-0.4963093178221277
13394.0,0.5302054612094974
13395.0,-0.2882905163237007
13396.0,-1.184860477475289
13397.0,-0.0305580851564041
13398.0,1.2235364337831265
13399.0,1.7207703761165183
13400.0,-0.37523004429863227
13401.0,2.062621225879866
13402.0,0.5119803274775251
13403.0,-0.9178357932779975
13404.0,0.1789323567650853
13405.0,0.8426401033884433
13406.0,-0.9933064214201403
13407.0,-1.1423487160357613
13408.0,-1.257017994442826
13409.0,0.28587803211359397
13410.0,-0.34839667451812234
13411.0,-0.24775182253379732
13412.0,-0.26532144173905003
13413.0,0.631681303107267
13414.0,0.6514130504395602
13415.0,1.5410266022259185
13416.0,1.8031959195708853
13417.0,0.017635717748492506
13418.0,0.7211687273914665
13419.0,0.6114035770367914
13420.0,-1.5498115639362484
13421.0,-0.17104981631322524
13422.0,0.5139023699937396
13423.0,0.16874057525674796
13424.0,-0.03269788795635844
13425.0,-2.219611609807284
13426.0,1.0115486480790936
13427.0,-1.3266997518747234
13428.0,0.28689080130114303
13429.0,-0.4734405129680633
13430.0,-0.6590479580082614
13431.0,-1.0951454006446275
13432.0,-0.24137464145219611
13433.0,0.8568517916943389
13434.0,0.5214955395755941
13435.0,-0.5396748208352432
13436.0,-0.47022638474192535
13437.0,-1.226226443616619
13438.0,0.6166335568908277
13439.0,-0.13338777711431046
13440.0,1.8590858621106374
13441.0,-0.46034308155195275
13442.0,-0.10807559352944811
13443.0,1.518056223662392
13444.0,-0.3539217420344611
13445.0,-0.24357865239121268
13446.0,-2.301469882816585
13447.0,-0.592697013524071
13448.0,0.29488687409834774
13449.0,0.24292363706754616
13450.0,0.1858262579432881
13451.0,-0.1194991453910761
13452.0,-0.8937835878939914
13453.0,0.245206363536308
13454.0,1.9378356507085477
13455.0,0.9608200041503212
13456.0,0.1351903499723058
13457.0,0.42640203112636144
13458.0,-0.3673645021207677
13459.0,0.3897564311433641
13460.0,0.1269534969355837
13461.0,1.3683756529961626
13462.0,0.32158132537195405
13463.0,-1.5690879769134112
13464.0,-0.8600269964057189
13465.0,-0.22271496721874487
13466.0,-1.594360247640903
13467.0,-0.40122142550356044
13468.0,1.1671478858328137
13469.0,0.6377934503845385
13470.0,0.21405920412336968
13471.0,1.069928504678149
13472.0,0.12297661542960978
13473.0,0.07478742802450879
13474.0,-0.5825054779470638
13475.0,0.7492198066729011
13476.0,1.2706234283367495
13477.0,0.7102646219121893
13478.0,-0.9040077335985367
13479.0,0.868797524447951
13480.0,-0.16299496635207406
13481.0,-0.2068019418249837
13482.0,0.06111283026233167
13483.0,-0.710535709359784
13484.0,-0.09619369524817045
13485.0,-0.9812311143396777
13486.0,0.19566526668699863
13487.0,-1.1804048389770088
13488.0,2.596640740420402
13489.0,-0.07474671809297652
13490.0,-2.819565579984853
13491.0,0.10724232353484565
13492.0,0.5984455293706175
13493.0,-0.7543979995431085
13494.0,0.547935712504464
13495.0,-1.4509199194174602
13496.0,0.23634462895545036
13497.0,-0.49762439135162434
13498.0,-1.057834659220038
13499.0,0.5146948596156516
13500.0,-0.5093124449289197
13501.0,-0.11551142241393503
13502.0,0.22926614071449347
13503.0,-1.9324119988059794
13504.0,0.5783267689514173
13505.0,-0.14168897504956796
13506.0,2.1766341453812066
13507.0,-0.806674181173532
13508.0,-1.1445844198563473
13509.0,-2.353064910816813
13510.0,1.005826952595085
13511.0,-0.6807810055158173
13512.0,-0.4736125486484468
13513.0,0.21845122235596656
13514.0,-0.15435951772080123
13515.0,-1.1561876417059356
13516.0,-0.3011240126481919
13517.0,1.7618312619769805
13518.0,0.3226785504711453
13519.0,0.5557472747993609
13520.0,1.3066838117422792
13521.0,2.552879924310166
13522.0,0.7278354701092441
13523.0,1.3582398378074323
13524.0,1.5501398745195882
13525.0,-0.07976204281270768
13526.0,-0.20940157352962144
13527.0,-1.1452417199188052
13528.0,0.956624288411822
13529.0,-0.7223593030908141
13530.0,0.1178961254828897
13531.0,0.7399575584416742
13532.0,-0.49537106963575
13533.0,1.373111960642798
13534.0,0.9125822303915294
13535.0,2.185916779358861
13536.0,0.8870803004422194
13537.0,0.912296328876883
13538.0,-0.24258117948698502
13539.0,-0.0729191188430937
13540.0,0.1262236279626242
13541.0,-0.1464744715593744
13542.0,0.3537038100035815
13543.0,-1.7027251061496431
13544.0,-0.032094799091565325
13545.0,-0.8756607127197598
13546.0,-0.46543053272267826
13547.0,0.712551207304975
13548.0,1.2729182842803959
13549.0,0.01585751719169412
13550.0,-0.0369166390883143
13551.0,0.11398388551496641
13552.0,-0.05576012892238018
13553.0,-0.42754498561913956
13554.0,-1.2736351041898268
13555.0,0.497062469048081
13556.0,-0.6970822399746178
13557.0,-0.47907321302341654
13558.0,0.4931181163582773
13559.0,0.3583474425070965
13560.0,-0.9853996400633465
13561.0,0.199061925762626
13562.0,-0.4383219883357121
13563.0,0.8728219701389995
13564.0,1.2367025720027152
13565.0,-0.9689197490651341
13566.0,-1.0867463746589325
13567.0,-0.08838675966150615
13568.0,-0.21972120548177507
13569.0,1.748936326618433
13570.0,-1.1030320833555478
13571.0,-0.17525417384654066
13572.0,-0.2426305432873163
13573.0,0.03648962157368082
13574.0,0.13324067090080202
13575.0,3.355463219866131
13576.0,-0.4148771162268684
13577.0,-0.4498480712525843
13578.0,-0.6860142376462438
13579.0,2.4775579812695963
13580.0,-0.048275039821216545
13581.0,0.7954625525499605
13582.0,0.06635244795539659
13583.0,-0.5523004006362725
13584.0,0.8416784623090933
13585.0,0.8665868802487343
13586.0,0.5366348179355708
13587.0,-0.818492660846779
13588.0,1.081977071871198
13589.0,0.9928070142621974
13590.0,-0.06200421411475567
13591.0,1.6331827217441448
13592.0,0.13569073040270377
13593.0,-0.12201116293623626
13594.0,1.3533801313216383
13595.0,1.5440528595770109
13596.0,-1.4840316430189566
13597.0,0.15085851314187873
13598.0,0.8593933762530932
13599.0,-0.2837531909585686
13600.0,0.6093262634394316
13601.0,1.3754435697573875
13602.0,2.204784146977529
13603.0,-0.04831261066857195
13604.0,-2.0642453940800505
13605.0,0.211323483669011
13606.0,0.44224280158714707
13607.0,-0.8927456314160297
13608.0,1.3653775057156377
13609.0,-0.7376485856808107
13610.0,0.3184900262783145
13611.0,-1.234774217727436
13612.0,-1.1399267138914524
13613.0,0.06384652328923816
13614.0,-0.2649035361688861
13615.0,0.6225736816534827
13616.0,2.2162893839157345
13617.0,0.010596630795925481
13618.0,-0.22422349425669652
13619.0,-0.00584515063741979
13620.0,1.4605333837404837
13621.0,-0.20248101629475887
13622.0,-0.1732161956424936
13623.0,-0.2427230060617467
13624.0,-1.167156070483991
13625.0,0.1228200422966719
13626.0,-0.3273806143496391
13627.0,-0.2884617924660624
13628.0,1.1909891242275206
13629.0,1.5274715168512423
13630.0,0.6217444015270643
13631.0,-0.3858850915941632
13632.0,0.34061846544674335
13633.0,-0.02358695016378295
13634.0,1.5821292310384298
13635.0,0.2980301726791169
13636.0,-0.18813865726057463
13637.0,-0.7589236086622325
13638.0,1.9699943342846438
13639.0,-0.7647255194190764
13640.0,-1.3033648541393987
13641.0,1.210230949349647
13642.0,0.11218138686702898
13643.0,0.2531608170094587
13644.0,1.0925943812409458
13645.0,-1.3449629385794017
13646.0,-0.10475579642290746
13647.0,0.6704695310708825
13648.0,0.3653422721305595
13649.0,0.21497605969222988
13650.0,0.5344522842571763
13651.0,0.12174997532438216
13652.0,-1.9678690995634056
13653.0,-2.5856378556517168
13654.0,-0.5786352774114563
13655.0,0.11410028489495858
13656.0,-0.7955001605771372
13657.0,0.8924074209640827
13658.0,-0.9538467872870561
13659.0,0.02923245189694306
13660.0,0.19844554263401418
13661.0,1.2555915626415186
13662.0,1.5500109113049032
13663.0,0.9052679398437051
13664.0,-0.6606974049554174
13665.0,-0.030931493847011313
13666.0,-0.749995161575436
13667.0,-0.8841726209664407
13668.0,-0.4935011210115872
13669.0,-0.05707550341316164
13670.0,1.3687697304383246
13671.0,0.2179755093089782
13672.0,0.9907931054766448
13673.0,-1.7303895988089784
13674.0,0.35622740912699136
13675.0,-0.8881808301045364
13676.0,-0.40660700524584914
13677.0,1.515156167032116
13678.0,-0.25760295115317616
13679.0,-0.1963502472723604
13680.0,1.1518102859798616
13681.0,-0.13650417846250038
13682.0,-1.4377859110153544
13683.0,0.0744975821615238
13684.0,-0.023910857911539973
13685.0,-1.4658841936539853
13686.0,-0.5130230381047663
13687.0,-0.6733692237828589
13688.0,0.7887674732452388
13689.0,-1.141318706117577
13690.0,-2.3764678345433183
13691.0,1.3140333198910172
13692.0,0.8790334689938378
13693.0,-0.6060020924473827
13694.0,-0.6738244861677659
13695.0,-2.005147235554261
13696.0,-1.5590173848796767
13697.0,0.15231061501797832
13698.0,1.1560884372201399
13699.0,0.15061393504355625
13700.0,-0.5767830473257226
13701.0,-0.1904012308941536
13702.0,-1.0635179592347919
13703.0,-0.52631678736929
13704.0,0.4866858020826521
13705.0,-0.3280407182743477
13706.0,0.4875616088729674
13707.0,0.32267619008245146
13708.0,0.08448524383696164
13709.0,-0.3955159580776628
13710.0,0.1733253914000603
13711.0,-0.5935228583951655
13712.0,0.04241320041274113
13713.0,-0.8078458936179822
13714.0,0.8707032351648424
13715.0,0.07433371111485627
13716.0,0.6843585826094344
13717.0,-0.05756805546938168
13718.0,1.4017970389070316
13719.0,-0.14083800368266905
13720.0,-0.5508284253255568
13721.0,-0.7442901151449413
13722.0,-0.0347752059311219
13723.0,-0.009636824569409806
13724.0,1.3257353586291392
13725.0,1.1739979898588437
13726.0,-1.421297731390541
13727.0,-0.38025163607577467
13728.0,-0.24582799072659836
13729.0,0.6514196368327048
13730.0,0.01871158828956042
13731.0,-0.6379210687184753
13732.0,-0.8597663796743479
13733.0,-1.3102334909170315
13734.0,0.6142337433596203
13735.0,-0.48127882408506245
13736.0,1.341448240849774
13737.0,1.7898899902759053
13738.0,-1.2268158428099232
13739.0,-0.7695094945648507
13740.0,-0.6366209859089522
13741.0,1.2461366915459071
13742.0,0.8261585645440577
13743.0,-0.27340859624045016
13744.0,0.7595240316237949
13745.0,-0.6580232421658242
13746.0,-0.32592903578798443
13747.0,0.03207265502312149
13748.0,0.2174282566666666
13749.0,-0.5890299037402098
13750.0,0.8989083172054351
13751.0,0.2665997857937235
13752.0,-0.23557562780010133
13753.0,-0.01406977431363624
13754.0,1.0654444736476023
13755.0,1.0553653495204136
13756.0,-0.3504860418206381
13757.0,1.5209086261768983
13758.0,-0.4569365931634
13759.0,-0.9717804564268434
13760.0,0.4592787011197917
13761.0,0.3924147617581889
13762.0,0.1604599927595732
13763.0,0.2903332216267241
13764.0,-0.5497224254366357
13765.0,-0.1553671412148414
13766.0,-0.048067521586118364
13767.0,-0.7852008547400431
13768.0,0.8521388191185173
13769.0,-0.21654072916363865
13770.0,-1.3987665764765551
13771.0,1.1948457060588136
13772.0,0.39156639678917654
13773.0,0.04957941567684146
13774.0,1.093104515101702
13775.0,-1.5503696885132503
13776.0,1.81077631510565
13777.0,1.394503209111325
13778.0,-1.7803928346208249
13779.0,0.5589893046114554
13780.0,-0.2503516890695407
13781.0,-0.09429648288774763
13782.0,-1.3619662666091783
13783.0,0.19148199235894706
13784.0,-1.718304152092164
13785.0,0.3856219230557667
13786.0,-0.038324466287886695
13787.0,-0.41956527278982153
13788.0,-0.7870607080930223
13789.0,0.8673272897205099
13790.0,-0.0195185327930014
13791.0,1.6606402789389985
13792.0,0.8409702370292182
13793.0,-0.5691382900190923
13794.0,-1.3865277803533393
13795.0,-2.3950592575428704
13796.0,1.6637987911674017
13797.0,0.19338561309500527
13798.0,-0.5455108763040027
13799.0,1.1729822437602089
13800.0,0.9066628801675491
13801.0,-0.20052489940446794
13802.0,-1.2339339894375254
13803.0,-0.035846958534478834
13804.0,0.8568538391654089
13805.0,0.6024027230325603
13806.0,0.26991647564991184
13807.0,0.9624641583150523
13808.0,1.6418789169907602
13809.0,0.0835258371383752
13810.0,-0.8285983137322271
13811.0,-0.676787495318568
13812.0,0.6704221885791379
13813.0,-1.487474340907355
13814.0,-0.16191986566305996
13815.0,0.8708018898546371
13816.0,0.45437177019814934
13817.0,0.9250635236811349
13818.0,1.9016306173945587
13819.0,1.7879816279111147
13820.0,0.17367649270021665
13821.0,-1.6547181511969231
13822.0,-0.8173164127867251
13823.0,-0.5677241060624154
13824.0,-0.04573616484714934
13825.0,-1.7856051569274511
13826.0,1.285970408526491
13827.0,-1.4396006753634496
13828.0,-1.261599469869193
13829.0,0.6723623618313849
13830.0,0.7043170222363314
13831.0,0.09866630570973053
13832.0,0.6284159632449263
13833.0,0.8595383086117439
13834.0,-0.6541495111275355
13835.0,1.327810030929756
13836.0,1.1582217113730229
13837.0,-0.4854066791100699
13838.0,0.07637219742199522
13839.0,-0.5878798041664929
13840.0,-0.8317448547381754
13841.0,-0.5239154476646103
13842.0,-0.6154211718512522
13843.0,0.7504925066044758
13844.0,1.4295970358072287
13845.0,0.3732554367150831
13846.0,-0.5132954472644204
13847.0,-1.3114192941280682
13848.0,-0.5064975513041547
13849.0,1.0694492444582036
13850.0,-1.2184720542516025
13851.0,-1.1824575522195058
13852.0,-0.7174951431343317
13853.0,-0.9019837738796023
13854.0,0.4355636179434026
13855.0,-0.6637638268664733
13856.0,-0.702748606443503
13857.0,-0.9427643376439251
13858.0,-0.42491591126690403
13859.0,-0.8046950644213567
13860.0,-0.8365614724391415
13861.0,0.9941901689802659
13862.0,-1.744254762880748
13863.0,-1.6403571537578117
13864.0,-0.5477201425281834
13865.0,1.0851857571636097
13866.0,-1.9935821036236698
13867.0,-0.7226408565895943
13868.0,0.5610399979956853
13869.0,-1.0764012592516143
13870.0,0.012862477156734565
13871.0,0.6240049166402691
13872.0,-0.7798160779067441
13873.0,-1.9633268501341876
13874.0,0.05327725723287813
13875.0,-0.3556970531613698
13876.0,1.305051064912343
13877.0,-0.5548994767019425
13878.0,1.0584143595955782
13879.0,-1.7578748391220556
13880.0,0.3055250841480519
13881.0,-0.6017692498405378
13882.0,-0.5904813610955529
13883.0,-1.4552455750258821
13884.0,-0.39107330205711066
13885.0,0.6468595297245195
13886.0,-1.676893950738476
13887.0,1.0581581808155969
13888.0,-0.07683628874563111
13889.0,0.00686641743854116
13890.0,0.215986369638812
13891.0,0.8636908443595098
13892.0,0.7489506251536322
13893.0,1.1938923352141506
13894.0,-0.5495824118632012
13895.0,0.1152494548520179
13896.0,0.3815904369174762
13897.0,0.7162460014751393
13898.0,1.5558987453227675
13899.0,-1.3531236652833833
13900.0,1.7094919697926336
13901.0,0.3732108989717702
13902.0,-0.5705640290448812
13903.0,0.5211875235480478
13904.0,0.9893160736998571
13905.0,0.41448409713936374
13906.0,1.0918846328382392
13907.0,-1.0920467498227229
13908.0,-0.3809899915863758
13909.0,-0.9864835227955245
13910.0,-1.7939695346082245
13911.0,0.04861829416415727
13912.0,1.7443767064940117
13913.0,0.6365137661290972
13914.0,0.5457435708340955
13915.0,0.2754831282631992
13916.0,-0.0280135453068718
13917.0,-0.18446588962754487
13918.0,0.4840699167254537
13919.0,0.4690327092062427
13920.0,-1.045506704833735
13921.0,-1.1469633380812638
13922.0,0.30538231485775064
13923.0,-1.0136585300420546
13924.0,0.3892198096870781
13925.0,1.4306878785502857
13926.0,0.49330539961396525
13927.0,-0.36721875148638045
13928.0,0.7256895183948124
13929.0,-0.520031419935203
13930.0,-0.718235587061971
13931.0,-0.17961565396281973
13932.0,-0.131472349137127
13933.0,-2.3957405413459436
13934.0,-0.612622269717275
13935.0,-0.49590658724134784
13936.0,-0.7194925075254222
13937.0,1.5478123172792266
13938.0,-1.873081905230595
13939.0,1.544876785214778
13940.0,0.7073826155958787
13941.0,-0.04686404805739382
13942.0,-0.737572244478186
13943.0,0.5449176149168682
13944.0,1.255936264771025
13945.0,-1.2528051930979411
13946.0,1.1741266719723524
13947.0,-1.708946333231095
13948.0,1.2361830669559206
13949.0,0.5101454773750056
13950.0,-1.4133064452615012
13951.0,0.589521237205894
13952.0,0.45213680697594616
13953.0,-0.5738570958335704
13954.0,1.7778804835595428
13955.0,0.7885333098681405
13956.0,-0.3993124343118467
13957.0,0.553790174007981
13958.0,-1.739891369553802
13959.0,-0.39694207763334705
13960.0,-0.8189917547840363
13961.0,-0.6203996682186298
13962.0,-0.4764349798188127
13963.0,0.2755882713680002
13964.0,0.9613024535535625
13965.0,0.5082574285788778
13966.0,-0.49325698737043505
13967.0,1.5261802845424468
13968.0,-0.6933203639062787
13969.0,-1.7632698211982418
13970.0,0.20049549462701916
13971.0,-1.0870110993314581
13972.0,-1.1755500440648414
13973.0,0.05858042568723381
13974.0,-1.381398880985875
13975.0,0.5361478645100266
13976.0,-0.6045188017678556
13977.0,-0.560278150684845
13978.0,0.21937862897860178
13979.0,-0.9499554169860105
13980.0,1.5392913694805714
13981.0,0.8719593040211813
13982.0,-0.06593703802735655
13983.0,0.14425070743165727
13984.0,1.219453709390988
13985.0,1.8387800575433515
13986.0,0.6409505101383645
13987.0,0.19978330266526906
13988.0,0.8640016080907654
13989.0,0.3736035115981729
13990.0,0.7503668405583718
13991.0,-1.0996243020279226
13992.0,-0.6676351386150517
13993.0,-0.9051145457006476
13994.0,-0.5510901511084373
13995.0,0.49695311102000694
13996.0,-0.13765725040832863
13997.0,-1.6827798072392042
13998.0,0.7659204534591277
13999.0,-0.0282702103259928
14000.0,-0.08621263207446257
14001.0,0.7812851682037952
14002.0,1.1699479947712084
14003.0,0.14471644449423857
14004.0,-0.426745097038015
14005.0,-0.537764321104784
14006.0,-0.39702136140131083
14007.0,0.8275315516362196
14008.0,-0.5766590666696404
14009.0,-1.516340826978615
14010.0,0.6989421779411723
14011.0,0.09447192002846087
14012.0,-1.2381691122020875
14013.0,2.704498606825475
14014.0,1.3384246194078544
14015.0,0.6169636748479455
14016.0,-0.8221901330648937
14017.0,-1.0972509266706862
14018.0,-0.775939143623733
14019.0,1.894652568640004
14020.0,1.07946130106677
14021.0,-0.5489543547559593
14022.0,1.5652126637977093
14023.0,-0.0476009048667731
14024.0,0.18858975071692113
14025.0,-0.06840953331230834
14026.0,0.23437806921496582
14027.0,-0.18682473453850168
14028.0,-1.5717727386477802
14029.0,0.5617614182546635
14030.0,-0.2285351534034619
14031.0,-0.4755689360478119
14032.0,0.01821954026207962
14033.0,-1.1348537945860673
14034.0,0.7993724756042253
14035.0,0.4541452071789956
14036.0,0.7292206584465569
14037.0,-0.08005618992691074
14038.0,0.6909059898334113
14039.0,0.21439302511574398
14040.0,0.9644819693968153
14041.0,0.06942602834128397
14042.0,0.1980711742717205
14043.0,-0.0907220719752632
14044.0,-0.657616845055024
14045.0,0.3783253322213078
14046.0,0.7180289449460096
14047.0,-0.5270181127567286
14048.0,0.09823767774684064
14049.0,-1.729365731258147
14050.0,1.7461140522918086
14051.0,0.8584704854226441
14052.0,0.7073050620118764
14053.0,0.8301980976008686
14054.0,1.1054165950422998
14055.0,-1.0812154556299303
14056.0,1.1174340291878984
14057.0,1.8453919596938557
14058.0,0.1944097669126175
14059.0,-0.10430240914204666
14060.0,0.27523967872684496
14061.0,-1.1489843802783224
14062.0,2.1403185349035336
14063.0,-0.13826766313922356
14064.0,0.9628746794319627
14065.0,-0.2913507889477305
14066.0,1.0633827414358326
14067.0,0.8088793080425016
14068.0,0.9862354115842599
14069.0,1.3215667366824377
14070.0,1.690520241720425
14071.0,-0.8613792369758959
14072.0,0.9070965435881729
14073.0,-1.1512152066352102
14074.0,-0.01604503880256895
14075.0,-0.3718757604630481
14076.0,0.31104495252929054
14077.0,-0.6272878142447286
14078.0,0.20537510295162242
14079.0,0.36978169176972603
14080.0,1.3804519303192104
14081.0,2.7024270494834792
14082.0,-0.18733256757995875
14083.0,-0.3089438234683576
14084.0,0.40712757982296527
14085.0,-0.576376522625332
14086.0,-1.8044791688529231
14087.0,-0.9103687762152578
14088.0,-0.28358247146448556
14089.0,1.5741834053968256
14090.0,1.0237592723776627
14091.0,-0.9327204611019302
14092.0,-0.61196541949916
14093.0,-0.04860302053808795
14094.0,-0.9922547035349675
14095.0,1.770460078950836
14096.0,0.4040754590617272
14097.0,0.8181249341281474
14098.0,-0.03852909083559604
14099.0,-0.9511468764569554
14100.0,0.7598443495759345
14101.0,0.27050034872644335
14102.0,-0.9217557817758909
14103.0,0.5827120745617069
14104.0,1.3566657898419954
14105.0,0.6784997732974302
14106.0,0.37332557329491844
14107.0,0.8284213598464908
14108.0,1.1149683986702192
14109.0,0.7188029502722972
14110.0,0.21530023387511454
14111.0,-0.33828509015671826
14112.0,-1.985499641308016
14113.0,1.010310220365076
14114.0,1.1354733979704996
14115.0,0.705840541535977
14116.0,-0.0008819947154234462
14117.0,-1.3559367021582722
14118.0,-0.0364866079935503
14119.0,0.11845028301704436
14120.0,1.0388186687316996
14121.0,0.6936412858400267
14122.0,-0.1670773596226986
14123.0,-1.0719014951227872
14124.0,1.1464197783154846
14125.0,0.02450084166239766
14126.0,-0.14683821960864718
14127.0,-0.646491815852742
14128.0,0.5654399441525159
14129.0,0.07226149651658952
14130.0,0.10435937233304789
14131.0,-0.24315686819323817
14132.0,-1.0924355092061826
14133.0,0.037548123653419974
14134.0,-0.23334514315780402
14135.0,-0.7064716575636756
14136.0,0.3758915891719245
14137.0,-0.18840957371850478
14138.0,-0.6621060832940859
14139.0,-0.6636711364581139
14140.0,-0.002634541788534342
14141.0,-0.10035944912677984
14142.0,0.05206120404588342
14143.0,-0.9704292789544855
14144.0,-0.701064067444806
14145.0,-0.8881768384570887
14146.0,1.5958170420016837
14147.0,1.677005304546744
14148.0,-1.0562505393392234
14149.0,-0.652541575070482
14150.0,0.7445004214090877
14151.0,-0.10960510735296301
14152.0,-1.1006671934953567
14153.0,-1.6958454368931883
14154.0,0.07504195535602097
14155.0,-1.7412438960794765
14156.0,1.0140996145615688
14157.0,0.43381068239171
14158.0,-0.5422553585353536
14159.0,-0.5401038374354047
14160.0,0.6379730873572971
14161.0,0.006966253383434141
14162.0,1.5882055509082367
14163.0,-0.22545442062403998
14164.0,-0.8957686730506187
14165.0,-0.4369343034149389
14166.0,0.9024820134444409
14167.0,-0.8037329739098736
14168.0,0.9301848077102651
14169.0,-1.402132000603338
14170.0,1.1450454623145905
14171.0,0.26322595977353747
14172.0,0.41201056970128963
14173.0,0.5465029056634115
14174.0,-0.6904546783586849
14175.0,0.39320807642226424
14176.0,-0.2854743050474648
14177.0,-0.09159368803275438
14178.0,-1.2229078831562479
14179.0,-1.47525604910036
14180.0,1.0225267887837348
14181.0,-0.5289611104632244
14182.0,-0.9728660150349616
14183.0,2.2463212024852752
14184.0,0.21406854193455777
14185.0,0.37512727480571084
14186.0,-0.043371662892123165
14187.0,0.7810578477849525
14188.0,-1.5127099103382249
14189.0,-0.22087345873338435
14190.0,-0.8911469659009871
14191.0,0.1580312651307486
14192.0,2.165441894743763
14193.0,-0.5860134981379833
14194.0,-1.2775631217554055
14195.0,1.285643957636973
14196.0,0.25154108551124676
14197.0,-2.1511550590259416
14198.0,1.139216256058973
14199.0,1.6805530135458677
14200.0,-0.11915700520622798
14201.0,-0.6020066211520108
14202.0,2.0424366658731707
14203.0,0.8083125193716972
14204.0,1.015463899019452
14205.0,1.4571938904789237
14206.0,-0.9914825012138854
14207.0,-1.3225611019942607
14208.0,-0.06842906246394602
14209.0,-1.285856453499603
14210.0,0.73063434198799
14211.0,-1.0328634897946336
14212.0,-1.2410360000757636
14213.0,0.2762435113243901
14214.0,-0.517258715358492
14215.0,-2.472726913415597
14216.0,1.0741455379829843
14217.0,-1.7224609180863923
14218.0,0.4723186221363717
14219.0,1.5515346544371604
14220.0,1.2247384278982791
14221.0,0.7727898408783288
14222.0,0.5756628311816085
14223.0,-0.06210744053944558
14224.0,-1.4465313364280108
14225.0,-0.7253628065533219
14226.0,-2.574246501833447
14227.0,2.092615190193928
14228.0,0.9793834995405938
14229.0,0.4251003181253524
14230.0,1.531785222033005
14231.0,1.7994712294743365
14232.0,-1.7578850637813292
14233.0,0.9203083064311643
14234.0,0.7875802984938828
14235.0,0.4204063533451309
14236.0,1.1985049357415103
14237.0,0.015578691893603799
14238.0,2.0341270360781607
14239.0,-0.5294383230244838
14240.0,0.06019475653346491
14241.0,-0.5937221263603026
14242.0,1.723208244155009
14243.0,0.008865631875833155
14244.0,-2.421959253268983
14245.0,-1.259343704000805
14246.0,0.6392012078784343
14247.0,-1.0839987395156796
14248.0,-0.24304721000298726
14249.0,0.2968873931166971
14250.0,0.8470013015883402
14251.0,-1.9068130518735118
14252.0,2.127707215600955
14253.0,1.6373246070643164
14254.0,1.1686963967052808
14255.0,0.28233145488971273
14256.0,-0.318967440533686
14257.0,-0.8311964852276602
14258.0,-1.8012175313758847
14259.0,1.5138138502291292
14260.0,-0.18088619679297482
14261.0,0.5928926789319865
14262.0,-0.10327810790515893
14263.0,3.555771489376995
14264.0,2.297288881379659
14265.0,-0.9112546505321582
14266.0,0.19958342191651796
14267.0,-0.3482000112069747
14268.0,-0.8929049226085788
14269.0,-0.7343378709317075
14270.0,-0.4286061799434307
14271.0,-0.9522455849795519
14272.0,0.050439084028462484
14273.0,-1.9335252908439984
14274.0,0.834758288156423
14275.0,0.05097887018688527
14276.0,-0.08922408113984469
14277.0,-0.35519480481533994
14278.0,0.44103541400820095
14279.0,-0.35958215913841046
14280.0,-0.32863126975269774
14281.0,0.4629148770844839
14282.0,-0.67049757517641
14283.0,0.5382312745454364
14284.0,-0.6114377236349045
14285.0,-1.2099616939433435
14286.0,0.6771123030872523
14287.0,-0.3119375845905324
14288.0,1.806085983699281
14289.0,0.5431944155939212
14290.0,2.415614841119701
14291.0,-1.0230720944864158
14292.0,0.40618187872709216
14293.0,1.0504749987866289
14294.0,0.25513046734427625
14295.0,1.7002463179407576
14296.0,-0.9378206660999291
14297.0,0.7893458715867963
14298.0,1.8936470743393274
14299.0,0.25623609678226555
14300.0,0.3586813829639952
14301.0,-0.17901972496302063
14302.0,0.9282257742849054
14303.0,0.5457884279627212
14304.0,-0.25669571406487873
14305.0,-0.7595068297163116
14306.0,1.1588889847530415
14307.0,0.43736846311566957
14308.0,0.1789945128554038
14309.0,-0.31183999977099114
14310.0,-0.7176032177525625
14311.0,0.49275805100235076
14312.0,-1.2983384533059634
14313.0,-0.17738378201550029
14314.0,-1.0452054655815506
14315.0,0.6434220799385383
14316.0,-0.005291283522538982
14317.0,-0.34785683049418803
14318.0,0.1091755468997307
14319.0,1.8874105358728648
14320.0,-0.6017931615790152
14321.0,0.005777596530577813
14322.0,1.6008480124150153
14323.0,1.8536246979062
14324.0,-0.6991753343892279
14325.0,1.051886911436544
14326.0,-0.6822765108677363
14327.0,0.28911920543265496
14328.0,0.6522622957582334
14329.0,0.07433781217997397
14330.0,-0.809380676641547
14331.0,-1.2869632642690267
14332.0,0.9050513994546355
14333.0,-0.4778923150754501
14334.0,0.533105358190925
14335.0,0.38780708294827526
14336.0,-0.4404869259568083
14337.0,0.38888215632039663
14338.0,0.39305837885930156
14339.0,-0.4529882421301468
14340.0,0.830833071986441
14341.0,0.011398227887288599
14342.0,-0.12677316538116465
14343.0,1.1146053394333477
14344.0,1.5501188731638644
14345.0,1.4624097122873294
14346.0,-0.16354382985097088
14347.0,0.45092029281965607
14348.0,2.0514350988737258
14349.0,-0.008329482599741185
14350.0,0.8530893442466448
14351.0,0.33552530961381777
14352.0,-0.017309581058962017
14353.0,0.6156577665000446
14354.0,-1.739822720901395
14355.0,0.18082744070268889
14356.0,-0.4395059549468714
14357.0,-1.0631288285463723
14358.0,-0.6803072567284006
14359.0,0.37394520281358834
14360.0,-0.3045452924672802
14361.0,-1.6006067440253375
14362.0,0.9174718327883469
14363.0,-1.2033020299978843
14364.0,0.5902716311384414
14365.0,-2.4397321343913454
14366.0,-1.2627865239929759
14367.0,0.41076530361019425
14368.0,-0.30213560287033087
14369.0,1.8767181095559753
14370.0,0.2743160590285205
14371.0,-0.7839511924528184
14372.0,1.693276861709025
14373.0,0.1673668065849487
14374.0,-1.291524858070458
14375.0,-2.211407733185864
14376.0,-0.6568086593485634
14377.0,1.0455129785820083
14378.0,0.6172684942877038
14379.0,-0.7139728566921719
14380.0,-0.9273577776815004
14381.0,-0.5765691199390969
14382.0,0.5923423404635203
14383.0,-0.9539306837735664
14384.0,0.6974920965576524
14385.0,0.01664302799402509
14386.0,0.05218985453219881
14387.0,-1.4423327078445918
14388.0,-0.05407696092973479
14389.0,0.3478962095228112
14390.0,0.23293569752704696
14391.0,-1.1694831665317846
14392.0,-2.249961908565424
14393.0,-0.1903156698212573
14394.0,1.3458823746054813
14395.0,0.6025784620457941
14396.0,0.9182765377066016
14397.0,-2.014159063638875
14398.0,-0.8817596131110772
14399.0,-0.5273512771169713
14400.0,0.01223453069220823
14401.0,0.6729977459019418
14402.0,-0.9490508007684686
14403.0,-0.10239000822826677
14404.0,1.0229935695988344
14405.0,0.3650637927384796
14406.0,-1.9305435414610186
14407.0,-0.6421407030201381
14408.0,-0.5566138902064403
14409.0,1.2680350792396982
14410.0,0.908880998441576
14411.0,0.577921344899567
14412.0,1.2676317673814035
14413.0,-0.9670650956938115
14414.0,0.09401393892107171
14415.0,0.7609533863823857
14416.0,1.3056009092140137
14417.0,1.5323406607263896
14418.0,-0.5086820892527687
14419.0,1.613005020878441
14420.0,0.5861624043089473
14421.0,-0.6795508765094782
14422.0,0.6034807007642036
14423.0,-0.5375083037251204
14424.0,0.9463380869256217
14425.0,0.7105214925792303
14426.0,0.12098594037111922
14427.0,-0.40776583606915506
14428.0,-0.927558456061472
14429.0,-0.643536439404552
14430.0,0.24468438383395297
14431.0,0.10540479355131849
14432.0,0.7653401364799124
14433.0,0.6855619823436527
14434.0,-0.571122926109818
14435.0,-0.056595244087355535
14436.0,-0.0011154662893603777
14437.0,-1.8563848190097796
14438.0,-0.9831839283974895
14439.0,0.49707670290008943
14440.0,0.9085779813306191
14441.0,1.4843894762699414
14442.0,1.2736126383712223
14443.0,0.5033744070354723
14444.0,-1.6850485394563284
14445.0,0.36984386221445825
14446.0,-0.7136423686356144
14447.0,-0.4658197008072348
14448.0,1.6024244013373723
14449.0,0.12965664921950448
14450.0,1.072328121371611
14451.0,-0.5824753335908325
14452.0,-0.6619762304524487
14453.0,-0.26913308487202536
14454.0,0.006178727469616147
14455.0,1.114719881989344
14456.0,-0.7130435863728142
14457.0,-0.8158392075882429
14458.0,1.0086473166465777
14459.0,1.6875733690853643
14460.0,-0.31264082334718785
14461.0,-0.06727921037036337
14462.0,0.34766283122879316
14463.0,1.257447984358364
14464.0,-0.13379908390442943
14465.0,0.13867957175644116
14466.0,0.07470245927302281
14467.0,0.6528326720507068
14468.0,-2.613789518204349
14469.0,-0.6502677317837712
14470.0,0.3757523100642066
14471.0,-1.2025903333750774
14472.0,-1.6241558123364497
14473.0,-0.7711340368042505
14474.0,0.27154356343598096
14475.0,-0.18671769021423512
14476.0,-1.4480719070933512
14477.0,-0.34043985188587284
14478.0,0.15155510501060426
14479.0,-1.4647001774128867
14480.0,-0.35624702972105715
14481.0,0.7559172331599439
14482.0,-0.23723818104107453
14483.0,0.8958994355661144
14484.0,-0.9102099137572192
14485.0,-0.3351568529481011
14486.0,-2.456761160957648
14487.0,0.6826662029266582
14488.0,-0.38100362410909827
14489.0,0.5527907222441487
14490.0,-1.242748794294136
14491.0,-2.4335320983860855
14492.0,0.9339597810435579
14493.0,0.861416976117624
14494.0,-1.3382964264097108
14495.0,0.5925011097772375
14496.0,-1.4942492202861946
14497.0,0.06570072203819431
14498.0,0.7871670096972864
14499.0,-0.11827338489688753
14500.0,-0.8262151117936077
14501.0,0.33821589883264874
14502.0,-0.8372416353203114
14503.0,0.8619432765592886
14504.0,1.5561100548366817
14505.0,-0.8050676352653175
14506.0,1.2481722104308801
14507.0,-0.5098112804252065
14508.0,1.02423334778577
14509.0,0.11234800744870516
14510.0,0.23499619898686538
14511.0,1.3595053818768401
14512.0,-0.6339457499760799
14513.0,1.8436519377777731
14514.0,1.5453779673832875
14515.0,1.787530465039262
14516.0,-0.6283032073207698
14517.0,-0.010525830704095834
14518.0,1.045427838619776
14519.0,0.3826526858167462
14520.0,0.46701437957003805
14521.0,-0.565661050526484
14522.0,-0.8828953374902444
14523.0,1.5044871884932884
14524.0,0.8762152460116351
14525.0,-0.985061737345794
14526.0,-1.4338289986388486
14527.0,1.2840474374893744
14528.0,-0.4495246275469958
14529.0,1.2741797866323767
14530.0,2.1441862330905206
14531.0,-2.138904948096665
14532.0,1.3026389811115955
14533.0,1.2003491971881095
14534.0,0.3850507832050096
14535.0,0.019218601950086702
14536.0,-0.18154445919610948
14537.0,-0.5536660183886603
14538.0,-2.354675802158211
14539.0,2.2284504226219464
14540.0,-1.021130199477777
14541.0,1.1562725806011234
14542.0,0.4541489956875381
14543.0,-0.6204645770128642
14544.0,-0.09228154364519005
14545.0,-0.4094848755958553
14546.0,-0.13617419446042192
14547.0,-0.060013007245398965
14548.0,0.27786891812932457
14549.0,-0.19803629414612345
14550.0,-0.9688016331470132
14551.0,-1.9993569049583944
14552.0,-0.8707077340790563
14553.0,0.9016329849737876
14554.0,0.005633427092140606
14555.0,-0.7097185768693459
14556.0,1.772543876033676
14557.0,0.5357225827624911
14558.0,1.521854335015225
14559.0,-0.40787936034901956
14560.0,-0.35703988898491507
14561.0,0.33863726302412855
14562.0,-0.4994792175367969
14563.0,0.47204804531768463
14564.0,0.4088666774570641
14565.0,0.8737385875206957
14566.0,-1.0318738592970356
14567.0,0.19676366828960004
14568.0,-0.2820077149211223
14569.0,0.0801787583880283
14570.0,-1.8922415259304848
14571.0,-1.2252746312630438
14572.0,0.9238096030949183
14573.0,-0.33907257289580783
14574.0,1.6676658096218044
14575.0,0.370986239361331
14576.0,1.4242506140927773
14577.0,-1.4559905803069682
14578.0,-0.31047492314554953
14579.0,0.663148009988511
14580.0,0.7338574679082145
14581.0,-1.3578587869180465
14582.0,-1.1112881246516497
14583.0,1.3434947035596383
14584.0,1.0722651576721833
14585.0,1.1382985128055443
14586.0,0.05109811093009841
14587.0,-1.1112073785636827
14588.0,0.5617402535990912
14589.0,0.8188305703904909
14590.0,0.5296552814846709
14591.0,0.048022639937649395
14592.0,0.11561823382837486
14593.0,0.8777189584798517
14594.0,1.1757673428966247
14595.0,-0.4164996362982544
14596.0,-0.6704092926293607
14597.0,0.42001790350893947
14598.0,-1.2282947480466586
14599.0,1.7794683708351349
14600.0,0.4371731845453926
14601.0,-1.184534078469774
14602.0,-1.0072393282473016
14603.0,0.6553710221598514
14604.0,1.0339487253536763
14605.0,-2.274468505387442
14606.0,-0.147322393045937
14607.0,0.6517660261261785
14608.0,2.1594097643112757
14609.0,0.573457340095767
14610.0,0.5050845678358757
14611.0,-0.7156074974855234
14612.0,-1.0566709265232843
14613.0,-1.1049511280193964
14614.0,-1.4965216079151926
14615.0,-0.9079452986794948
14616.0,0.4603194131271767
14617.0,-0.601370558843889
14618.0,1.149711062539778
14619.0,-0.10918377117231964
14620.0,0.22280312705293465
14621.0,0.271371767705935
14622.0,-0.6662634679965949
14623.0,0.041312764055058376
14624.0,1.456829126895455
14625.0,-0.5012051937640191
14626.0,-0.6321601382391963
14627.0,-0.3846345366369355
14628.0,-0.8474073107855706
14629.0,-1.1029937298991552
14630.0,-0.6826823292147267
14631.0,1.822302945489706
14632.0,0.0709103422990031
14633.0,0.8809853479257596
14634.0,0.7063598744461634
14635.0,0.9356702913023481
14636.0,-1.5884913555724638
14637.0,0.3431830758557826
14638.0,1.0460635877570037
14639.0,-0.17138405795875328
14640.0,1.3599588929141542
14641.0,0.865068856066639
14642.0,0.6010815613181314
14643.0,-0.10752526517039401
14644.0,-0.7704276899075574
14645.0,-1.2067507514564848
14646.0,-0.8065355733562767
14647.0,0.9463148562112074
14648.0,-0.7522632743397014
14649.0,-1.7206121932774185
14650.0,0.1695759829730719
14651.0,-1.579606848510873
14652.0,-1.2388501569115102
14653.0,0.978610329377059
14654.0,-0.32142835211663356
14655.0,0.8056127898762366
14656.0,0.8434888296580696
14657.0,-0.23962284773418124
14658.0,-0.6061243595630591
14659.0,0.6883932780046732
14660.0,1.1420164151426455
14661.0,-0.6339504642401727
14662.0,0.22430460240457784
14663.0,1.9078435383279455
14664.0,-0.8413993755261708
14665.0,-0.057469624012841385
14666.0,0.8698848043636533
14667.0,1.1234542701770576
14668.0,-0.018966947085142776
14669.0,-0.4497525418180315
14670.0,0.0009984086699185526
14671.0,0.09646075747715731
14672.0,-0.512734155202752
14673.0,0.5144286695620092
14674.0,1.0678729179470214
14675.0,2.0297564171023934
14676.0,-1.3771084991848035
14677.0,-0.4069178168066588
14678.0,0.2647906843258301
14679.0,0.31403794092987336
14680.0,-0.7176629677309101
14681.0,0.9038119509637025
14682.0,0.4786973198498331
14683.0,-0.4030630316544875
14684.0,1.3523406026439737
14685.0,0.2186786382031302
14686.0,-0.8942389555107465
14687.0,-1.3213954620009334
14688.0,-0.1376957533868045
14689.0,-0.7413480441000189
14690.0,-0.36471953798228596
14691.0,1.3605078490528573
14692.0,0.2995700417505096
14693.0,-1.6849652429897626
14694.0,1.288262129687401
14695.0,0.671158346331733
14696.0,2.068886154770941
14697.0,0.49109677554033615
14698.0,-1.529577128915602
14699.0,-0.927565024742412
14700.0,-1.3919363787162184
14701.0,0.053076230830176915
14702.0,1.6013441158711543
14703.0,0.8497695919216169
14704.0,0.21147550935496784
14705.0,1.0960421307413337
14706.0,-2.0937518306012723
14707.0,3.070703803811376
14708.0,-0.5623803611975855
14709.0,-2.7532166560396254
14710.0,-0.5700135975141478
14711.0,-1.457996693909872
14712.0,0.8020016282079566
14713.0,1.0214279157291501
14714.0,-0.22413179045852633
14715.0,-0.8663884953249107
14716.0,-0.4558972104202507
14717.0,1.0879163389631548
14718.0,-0.3633675636550994
14719.0,1.3338160261901222
14720.0,-0.8036622057930255
14721.0,-0.16058014101937546
14722.0,1.8277639183055894
14723.0,0.42806783354015254
14724.0,-0.31613957264592835
14725.0,0.3698037135367515
14726.0,-1.205129630326587
14727.0,-1.5549913112771847
14728.0,-0.015795249299630908
14729.0,-0.44140174698073625
14730.0,1.6783001032276208
14731.0,-0.1283308979507459
14732.0,1.3711136802723711
14733.0,0.18815364440691312
14734.0,-0.7381747801929619
14735.0,-0.9286180433986607
14736.0,-0.6899580923120011
14737.0,0.6418746820789496
14738.0,0.18870147697284656
14739.0,0.6150492015419958
14740.0,-0.446248055023102
14741.0,0.6154142411326169
14742.0,0.594472141923962
14743.0,0.26347346028434965
14744.0,0.119063088279175
14745.0,0.8190141964003694
14746.0,0.7864987267561218
14747.0,-0.2040675401094962
14748.0,0.20967067811191673
14749.0,0.2862295192404483
14750.0,-1.3148015305577059
14751.0,0.9890277523326156
14752.0,0.3026078562750981
14753.0,1.8108039225315473
14754.0,-0.4283562528411637
14755.0,-1.1199282318345336
14756.0,1.662185852461429
14757.0,0.11500918293822426
14758.0,0.24196114515721606
14759.0,-0.26209886584962405
14760.0,-0.14939743458955515
14761.0,-1.2074514731932824
14762.0,1.1624089190252855
14763.0,-0.22248445866438338
14764.0,0.6451655257853762
14765.0,0.9067152197043253
14766.0,0.7550768146409376
14767.0,0.9759025308281795
14768.0,-1.0147851555305802
14769.0,-1.0332313093858514
14770.0,0.010517728467096385
14771.0,0.1011182970294837
14772.0,0.01739845859305968
14773.0,-0.09161022355410366
14774.0,-0.5802031209800302
14775.0,2.338649921551832
14776.0,0.25442065933034197
14777.0,-1.2974444931818496
14778.0,1.2105497467972166
14779.0,2.0718439665862745
14780.0,1.5798189877676128
14781.0,-1.0326022606892993
14782.0,-0.7219274782785896
14783.0,2.3823412158911004
14784.0,-2.5968463579228778
14785.0,0.957233324102262
14786.0,0.3888518099406091
14787.0,0.6199918826227968
14788.0,0.6102136231606373
14789.0,1.5284599324857002
14790.0,-0.5011991245859952
14791.0,-0.8956919671644322
14792.0,-1.2585550233562177
14793.0,-0.4045436907331104
14794.0,-0.8570846421196928
14795.0,-1.0083013180771745
14796.0,-0.17030770097135536
14797.0,2.4598473516013293
14798.0,0.4521026109824225
14799.0,-1.2935458523630021
14800.0,-0.9180610591367587
14801.0,0.0799388850161847
14802.0,0.3116996583881452
14803.0,-0.20759452152320154
14804.0,-0.38059354899419034
14805.0,0.043265589140733855
14806.0,0.5029565721758675
14807.0,-1.9661379955034652
14808.0,-0.02405625538902921
14809.0,1.133976815455454
14810.0,-0.9609390472645216
14811.0,-0.9716644942061116
14812.0,0.5079316696353725
14813.0,0.6491442195604926
14814.0,-1.1917994592288002
14815.0,-1.1467433779499916
14816.0,1.422079123832846
14817.0,-1.515956099340867
14818.0,-1.7923406447129127
14819.0,0.014842630123877288
14820.0,-0.5878503833698266
14821.0,0.5009854057503484
14822.0,0.6586476444739349
14823.0,-0.3744904960512879
14824.0,0.35624150107
14825.0,-1.6527511943663713
14826.0,-0.9728315113915926
14827.0,-2.7681455526471237
14828.0,-0.8048360599877523
14829.0,-0.6123565246968895
14830.0,-2.2293447066466756
14831.0,-1.8512853263724331
14832.0,1.535780288675449
14833.0,1.134073401294042
14834.0,-0.028847422438050427
14835.0,1.1632577275177534
14836.0,1.3439092618464037
14837.0,-1.2239232867280474
14838.0,0.5388006206245942
14839.0,-0.25599426587085045
14840.0,0.7012464334114599
14841.0,1.5832182310617984
14842.0,-0.8225987517250076
14843.0,-0.7077071234043467
14844.0,-0.25601866009190616
14845.0,-0.2927002905493887
14846.0,-1.7919140728378802
14847.0,0.9668837054485694
14848.0,1.161328906038419
14849.0,1.2614301238717147
14850.0,0.29098128824527214
14851.0,1.3383122548035875
14852.0,0.14630499907075412
14853.0,1.5034214602963407
14854.0,-1.13297986542129
14855.0,1.3280066363024445
14856.0,-0.7491898285524095
14857.0,0.42742499665697337
14858.0,2.1380900761464714
14859.0,-1.901918477111793
14860.0,0.5678444972879609
14861.0,-1.0296037906309619
14862.0,-0.04120121252654325
14863.0,-1.1734305108338314
14864.0,-0.6555844735969448
14865.0,-0.7477435713267689
14866.0,0.8737371550313359
14867.0,-0.2111362065738127
14868.0,0.13222900124122344
14869.0,-0.019788903604496776
14870.0,-1.0383777129726612
14871.0,1.3238083091717223
14872.0,-1.082956040174434
14873.0,-0.49822924521255657
14874.0,-0.49665134862045524
14875.0,0.4365930968854494
14876.0,-0.16762329332786263
14877.0,1.1590282409893655
14878.0,-1.0185318163712171
14879.0,0.46435771472327525
14880.0,0.3315380578862506
14881.0,-0.19144522302241948
14882.0,-0.038740021002291326
14883.0,-1.008072719886938
14884.0,-1.4235567032992211
14885.0,-0.2719671999249988
14886.0,0.8676857683921828
14887.0,1.160871269788326
14888.0,0.3627515198501506
14889.0,0.029335467929499825
14890.0,1.7419676514089115
14891.0,0.6543419025898913
14892.0,0.9798021759350553
14893.0,-0.19152036499929861
14894.0,-0.1971119212105592
14895.0,-0.5753444505103623
14896.0,-0.784108439053585
14897.0,1.8549373073568576
14898.0,-3.2763983336385056
14899.0,-0.365609159101253
14900.0,-0.23039126503161034
14901.0,1.3903929122282543
14902.0,2.175122261638381
14903.0,-0.0697246209491483
14904.0,0.5579468870745757
14905.0,0.3363884656378134
14906.0,0.4600563152699136
14907.0,0.6000991748520055
14908.0,0.42729810067000434
14909.0,0.7634495451730973
14910.0,-0.3305729963315442
14911.0,0.32038992060882715
14912.0,-0.05991856679245811
14913.0,0.6355958755558211
14914.0,-0.6217757067290179
14915.0,1.912362888299749
14916.0,-0.5466960236760555
14917.0,1.6345821709811754
14918.0,-1.708635188099794
14919.0,-0.30644801257846693
14920.0,0.627865752643182
14921.0,0.12116119181261911
14922.0,-0.8628316645373079
14923.0,-2.074062003622204
14924.0,0.5984954873429486
14925.0,-1.8351905792674714
14926.0,1.2062971262765438
14927.0,-0.06420813147056442
14928.0,-0.3940714394394416
14929.0,0.6949501394700466
14930.0,-0.6207882303390786
14931.0,-0.09716085580609031
14932.0,1.5184510345685522
14933.0,-0.06687900710924997
14934.0,-0.03301157940752467
14935.0,-1.9115623343643606
14936.0,-0.4490490359339307
14937.0,-0.18253453151894639
14938.0,0.30551688784238656
14939.0,-0.26958028413004037
14940.0,1.1775499522788462
14941.0,0.8742445508304149
14942.0,1.2303666181264548
14943.0,-0.6326982300285489
14944.0,0.46218857781315537
14945.0,-1.0173597360029896
14946.0,-0.8871795730741683
14947.0,0.3448108234664692
14948.0,0.6154863758962181
14949.0,-0.21314409656723377
14950.0,2.0804443723952177
14951.0,-0.6726820484064678
14952.0,-1.8057408362451985
14953.0,-0.3910877846636069
14954.0,-1.067988540051257
14955.0,0.09225322326141912
14956.0,-0.4473551965491707
14957.0,0.8562351289617106
14958.0,-0.2863885106935381
14959.0,0.10498342142470292
14960.0,0.2548921398265475
14961.0,-1.7883890163649712
14962.0,1.7733024443504193
14963.0,0.21934558242544297
14964.0,-0.2990428132498759
14965.0,0.02390902625290334
14966.0,-0.7067365935249844
14967.0,0.19381793827969274
14968.0,0.34427259987710546
14969.0,-0.8831279044490535
14970.0,0.9048899955146852
14971.0,-0.756968445567666
14972.0,0.8886895082931924
14973.0,0.9461165772317933
14974.0,-0.64506138193233
14975.0,1.0273532267439882
14976.0,1.1115383700447021
14977.0,-0.2688950034439769
14978.0,-0.05676171795669763
14979.0,-1.3435340806179228
14980.0,-3.837138502258588
14981.0,1.5800594113796984
14982.0,-1.473459525076305
14983.0,-0.199414702468901
14984.0,0.3960015934435094
14985.0,1.3253815900733326
14986.0,-0.4079682559756015
14987.0,1.557687117227795
14988.0,2.1426583539640682
14989.0,-0.1169005365516344
14990.0,0.8310135529783783
14991.0,-0.6812030849344868
14992.0,-1.9072270140811245
14993.0,1.8408394967161128
14994.0,-1.104452589854375
14995.0,-0.40670167234362653
14996.0,-1.1749702612336645
14997.0,2.4149902175403692
14998.0,1.085682810073912
14999.0,-0.8380955647713021
15000.0,1.0554604067455906
15001.0,0.3087999807662264
15002.0,0.5817246596931744
15003.0,-0.6097246035394125
15004.0,0.19798815449489562
15005.0,0.783495041809841
15006.0,2.5215937108147166
15007.0,-1.308982480089316
15008.0,-0.05567984760150226
15009.0,0.9285228920232017
15010.0,-2.9055488548734067
15011.0,-0.9463286874943124
15012.0,-0.2566699322825107
15013.0,-0.42187517550271814
15014.0,0.06870728149531448
15015.0,-0.3812864239293386
15016.0,0.4507291575834322
15017.0,-0.8186207365006437
15018.0,0.30736120260956457
15019.0,1.1373348987923588
15020.0,1.1479203795203214
15021.0,-0.8317216899321945
15022.0,0.541844489477262
15023.0,0.7608004475350928
15024.0,-0.7875358457817889
15025.0,-0.8822983485969103
15026.0,-0.4188060862589117
15027.0,-0.8326088365811796
15028.0,0.935483531542965
15029.0,-0.0646731169126414
15030.0,-0.2282178807051902
15031.0,1.0069365859635282
15032.0,-1.0026239582413972
15033.0,1.9507511381009501
15034.0,1.356083328461672
15035.0,1.016535170407396
15036.0,-0.008788860922297382
15037.0,-0.5819561870340132
15038.0,-0.16904167701257372
15039.0,-0.4042181966242689
15040.0,-0.11648676204113242
15041.0,1.1862048139504975
15042.0,0.11343397706834005
15043.0,-1.0004767797811254
15044.0,-0.4988168927714133
15045.0,-1.56206097573939
15046.0,-0.2736489184633743
15047.0,-0.14228225607129605
15048.0,-0.44463898881251446
15049.0,0.8746797422835236
15050.0,-0.877027997619875
15051.0,0.36013909946672806
15052.0,1.3971847440239606
15053.0,1.1844245988392712
15054.0,-0.1662092182417151
15055.0,0.6476014305338351
15056.0,-0.15975654523532506
15057.0,-1.1816497550611869
15058.0,-0.8604103118841003
15059.0,0.37032818629957825
15060.0,0.03208438979391607
15061.0,-3.062029109718809
15062.0,-0.16767387946146958
15063.0,0.3039542577321067
15064.0,1.1860965002563268
15065.0,1.8181618288761299
15066.0,-1.0431388522982907
15067.0,-1.2952101678312955
15068.0,-0.442709955076969
15069.0,2.083279138784046
15070.0,0.9123768019264925
15071.0,2.6031070385933157
15072.0,0.1770882708092044
15073.0,1.6119372367842044
15074.0,-0.7338066977312319
15075.0,1.789665669358762
15076.0,0.2978734029622192
15077.0,0.840658507434074
15078.0,-0.27599139395823385
15079.0,0.8583398964822169
15080.0,-0.0012664259125719545
15081.0,-0.8219453215766465
15082.0,1.189803601413343
15083.0,0.2024934376465171
15084.0,-1.5721419259615457
15085.0,0.6165485223996466
15086.0,1.1738493146091196
15087.0,-1.6584925948396656
15088.0,1.035999188784209
15089.0,-0.5000968789643783
15090.0,0.45242142903876614
15091.0,0.27158121337102453
15092.0,0.7686505743014973
15093.0,-0.5575403566638306
15094.0,-1.3005958390563537
15095.0,-1.2673921964567736
15096.0,0.7809501825669957
15097.0,0.307027822887201
15098.0,-0.6912626112046311
15099.0,-0.4753358713515092
15100.0,-0.012194792519427929
15101.0,-0.17145155338817955
15102.0,-3.38845249481683
15103.0,0.3314219320634154
15104.0,1.5426768575985421
15105.0,-0.2779713327154572
15106.0,1.2998773900948872
15107.0,1.2327825413986315
15108.0,0.1949599164327458
15109.0,-1.460199393462798
15110.0,1.659169401907754
15111.0,-0.9592056148060015
15112.0,0.09322432979852349
15113.0,-1.0689027360115633
15114.0,0.5788913551578229
15115.0,-0.3718180177046846
15116.0,-0.21682272752226533
15117.0,-0.7430619275960728
15118.0,0.41535726941735857
15119.0,-2.033266799455634
15120.0,-0.6964367622186014
15121.0,1.5219687567211042
15122.0,0.04150451067393129
15123.0,1.1384501483496452
15124.0,-0.9563011124035725
15125.0,1.288554114531534
15126.0,0.05208128708967711
15127.0,0.8068115785525237
15128.0,0.8599369640699693
15129.0,-0.6534342521334879
15130.0,-0.5504849795005801
15131.0,-0.7100448900685113
15132.0,-0.6045079298426687
15133.0,0.777533499024309
15134.0,1.3691928010449463
15135.0,0.5848791613153174
15136.0,0.29666220832289625
15137.0,-1.5522287536505488
15138.0,-0.5016991127361804
15139.0,0.14656653185526186
15140.0,0.24919040903814735
15141.0,1.717762293810009
15142.0,0.6899947220036393
15143.0,1.8872602178465154
15144.0,-1.0938770155400386
15145.0,-1.6310270341778519
15146.0,0.17638084545430102
15147.0,-0.40602203939092946
15148.0,0.4574491207456726
15149.0,0.06464279062920658
15150.0,1.2459670821370563
15151.0,-1.0691295628948505
15152.0,0.035200463506619845
15153.0,0.9064802280279297
15154.0,1.0626334345190187
15155.0,-0.2842961787424067
15156.0,0.4032859989178705
15157.0,-1.1329082044771865
15158.0,0.5878157923381744
15159.0,0.05112304248007287
15160.0,1.3679751647622707
15161.0,0.8700710514731957
15162.0,0.5273748697344687
15163.0,0.15352790730233912
15164.0,0.2171858264362313
15165.0,1.3420967783775246
15166.0,1.7590669976469961
15167.0,0.7878910384609377
15168.0,-0.42665100676987916
15169.0,0.582489308672391
15170.0,0.309786201371381
15171.0,-0.7344002989189615
15172.0,-1.996955522845196
15173.0,0.5524798334172952
15174.0,-0.08028377180523026
15175.0,-1.7171409159443651
15176.0,1.0365591454615408
15177.0,2.037269752581912
15178.0,2.3550626297198156
15179.0,1.1348476772776133
15180.0,-0.8203212073947477
15181.0,0.13297622064031042
15182.0,0.5664263189112084
15183.0,-0.23537281662200732
15184.0,1.7396892888737936
15185.0,-0.7535883752082004
15186.0,-0.27659284589766203
15187.0,0.46939613124894936
15188.0,-0.5903008904210951
15189.0,0.6403920372564269
15190.0,0.4039478472091789
15191.0,-0.3701287968110935
15192.0,0.12996843754189655
15193.0,-0.7157776401336787
15194.0,1.101229682169282
15195.0,-1.3627228305797607
15196.0,-0.6204212941193321
15197.0,0.0488022956545043
15198.0,1.6916339667779483
15199.0,0.8132702419235882
15200.0,-0.05233199863166611
15201.0,0.8761234233649436
15202.0,-0.010394918242636986
15203.0,0.10289749852799522
15204.0,-0.9105849087104377
15205.0,-0.5324979649436323
15206.0,-0.9723929819763489
15207.0,0.719485368154551
15208.0,-0.03422279303340993
15209.0,-0.32365861998771095
15210.0,-1.9227718132046536
15211.0,-0.4041795673094537
15212.0,0.5980582526537358
15213.0,0.8583035044658951
15214.0,0.5340906793794008
15215.0,-1.0030055900290553
15216.0,0.20884159915591227
15217.0,-0.8294427949925858
15218.0,-0.55206135119136
15219.0,-0.03745159271695774
15220.0,0.44540741095765074
15221.0,1.356458493316358
15222.0,0.38671815424988365
15223.0,-0.4461823272404451
15224.0,1.1532893919172464
15225.0,-1.4613728759689464
15226.0,-0.3387477037474615
15227.0,0.8991067121736397
15228.0,0.14867247762467883
15229.0,0.49146290571575457
15230.0,-0.8560116943695024
15231.0,0.24750468278075594
15232.0,-0.9066898596858282
15233.0,1.957694101567989
15234.0,0.03963421527920507
15235.0,1.4586816629284696
15236.0,0.30965994710413475
15237.0,0.6818132568364844
15238.0,0.6203036613193501
15239.0,-1.4607721138825964
15240.0,0.514894341874748
15241.0,-0.9005638735243653
15242.0,-1.2150871626885862
15243.0,0.8893141300182182
15244.0,0.4021083752315846
15245.0,0.2504571218417748
15246.0,-0.6017014984399235
15247.0,0.15371242382558942
15248.0,-2.001929079532262
15249.0,0.17107147549312335
15250.0,0.11814794459623369
15251.0,0.7157021642335186
15252.0,1.9543537534488182
15253.0,0.5620339487570869
15254.0,-1.02771470899163
15255.0,-1.1842396087638116
15256.0,1.446821989547631
15257.0,0.46378493750742333
15258.0,2.051104253649068
15259.0,-1.9154451057766784
15260.0,0.8126369799093708
15261.0,-0.742683524465115
15262.0,0.3384902257075504
15263.0,-0.7903606451937603
15264.0,0.3109849753423936
15265.0,1.3064159824308936
15266.0,1.2275535976725669
15267.0,2.5421266590908087
15268.0,-0.3245154535964792
15269.0,-1.2801017231914975
15270.0,0.2924870593940856
15271.0,0.78596181802822
15272.0,-0.14205121574014698
15273.0,-0.3023897814407564
15274.0,0.3679851417610519
15275.0,0.6149174497292209
15276.0,-0.06349020299906358
15277.0,1.6161971305287983
15278.0,0.8332967659846365
15279.0,1.2277695355136078
15280.0,0.1851535108928572
15281.0,1.1409866240880095
15282.0,0.4609385071789838
15283.0,-0.6427916556648078
15284.0,3.1017578569147863
15285.0,-0.05260275225089145
15286.0,1.141901712656275
15287.0,0.4631093885103273
15288.0,-0.8504849658220902
15289.0,-1.1137302258822053
15290.0,0.5434681875836125
15291.0,1.5517637998943028
15292.0,0.1013902540576292
15293.0,0.8405862839637676
15294.0,0.8949521375881616
15295.0,2.822147778824535
15296.0,0.06818047967025556
15297.0,-0.4535792511069395
15298.0,0.8904582436395159
15299.0,-1.0874708024193114
15300.0,-0.2983079472676077
15301.0,-0.3983438509419414
15302.0,2.135688925681919
15303.0,0.9631096474682451
15304.0,-0.5636514093464501
15305.0,0.9481818687612866
15306.0,0.6736062351362766
15307.0,0.16972266636190772
15308.0,0.3300425828273614
15309.0,-0.2806386002334039
15310.0,-2.2974627625719237
15311.0,1.996491981347375
15312.0,1.0919666295515313
15313.0,-1.6380268837266363
15314.0,0.04888228451527551
15315.0,0.06106492289252276
15316.0,0.08129136508383776
15317.0,0.20838195423332226
15318.0,-1.0225300084663105
15319.0,2.5879249920456107
15320.0,-0.0265406903829337
15321.0,-0.041780098063909386
15322.0,0.5893262830917061
15323.0,1.435859359757217
15324.0,0.24498505520103644
15325.0,-0.7701735430152431
15326.0,-1.7507835773075155
15327.0,0.4285447759528286
15328.0,-0.4000447971725613
15329.0,0.6470366820899626
15330.0,-0.513352975830446
15331.0,0.43910743594879
15332.0,-1.1075314126827673
15333.0,-0.7758811652869373
15334.0,0.42781553297429337
15335.0,0.02968607810457863
15336.0,0.38480276671625696
15337.0,0.07435495034601494
15338.0,0.1314030161836371
15339.0,-1.048937903094862
15340.0,-1.634088252416294
15341.0,0.15940004287188225
15342.0,0.7008718126339206
15343.0,-1.2219732765337883
15344.0,0.6639531821738296
15345.0,0.5798141783363189
15346.0,1.8254595660146293
15347.0,0.5733973481007542
15348.0,0.8405743198006612
15349.0,0.8150073341833977
15350.0,-0.3453955477658522
15351.0,-0.8801616557753714
15352.0,-0.19621052265519365
15353.0,-1.2334599521546281
15354.0,0.789392235940435
15355.0,0.008134118504499691
15356.0,-0.7947226882863382
15357.0,1.4814370848750313
15358.0,0.034066565320707384
15359.0,1.3577721725177103
15360.0,0.9220480251414074
15361.0,-0.16710342980134
15362.0,1.0773279377102287
15363.0,0.4554473790163857
15364.0,1.8974221021176363
15365.0,-1.1888647959963528
15366.0,-0.08762030000121296
15367.0,0.30431439954987133
15368.0,0.6376335195373926
15369.0,-0.1346530480836079
15370.0,0.2988484999386162
15371.0,0.02472293962996239
15372.0,0.6209965536164638
15373.0,0.18701295202952464
15374.0,0.7106271430056477
15375.0,-0.6946093607156733
15376.0,-1.9416323514804024
15377.0,0.01072495929850679
15378.0,0.8152894488121561
15379.0,-0.09961009244507438
15380.0,1.294659075888971
15381.0,-0.41333506487764216
15382.0,-0.4847788369062303
15383.0,-0.584280855757607
15384.0,-0.7811352221836674
15385.0,-0.12729271998483088
15386.0,0.5878444963707252
15387.0,0.9423020268091741
15388.0,1.840320086270269
15389.0,0.3901951525926465
15390.0,1.4814333916161977
15391.0,-0.05174693569923928
15392.0,-0.012032632291836511
15393.0,0.35225025012510763
15394.0,0.3044938620287492
15395.0,-1.019922722380609
15396.0,1.1468953454008688
15397.0,1.604316108887486
15398.0,1.1333807050033933
15399.0,-1.3663196569344103
15400.0,0.037177262640597473
15401.0,1.5510185751417158
15402.0,-0.9270428330267673
15403.0,-1.356824047369603
15404.0,-0.26442863596415156
15405.0,1.0774318140779604
15406.0,-0.9205048698405073
15407.0,0.2814296459927101
15408.0,1.2062428534039482
15409.0,-0.2311100269624708
15410.0,-0.23688510426445084
15411.0,-1.2856458230873908
15412.0,1.3631479085195546
15413.0,-0.7147311069898062
15414.0,1.221897122677548
15415.0,-1.3824992445443687
15416.0,-1.4005303560369886
15417.0,0.5957682897436477
15418.0,0.9497852405159619
15419.0,-0.7721889262148371
15420.0,0.5783848467595949
15421.0,-0.583292685878801
15422.0,-1.4876016243386938
15423.0,1.6776093796696583
15424.0,0.041937197196937316
15425.0,-0.4078465289414138
15426.0,-0.1534165511235378
15427.0,0.7862875764986942
15428.0,0.39378933421569356
15429.0,-1.4719705108801624
15430.0,0.2801028441288399
15431.0,0.18948585981855895
15432.0,-0.5922746926943326
15433.0,1.8813828822507643
15434.0,-1.2568470113160108
15435.0,-1.3479704558130845
15436.0,0.41865449042314434
15437.0,-1.0885091521426293
15438.0,-1.359840498150473
15439.0,1.6240935109385273
15440.0,-0.45149157240955623
15441.0,1.0502532660385446
15442.0,0.2735468993810242
15443.0,-0.6681479323654955
15444.0,1.7318230419572551
15445.0,3.141606469178319
15446.0,-1.2523729529638545
15447.0,0.8928860155529083
15448.0,-0.8948249383904454
15449.0,1.6672215588848567
15450.0,0.033801135260097016
15451.0,-0.21937103493254406
15452.0,-0.952918250773623
15453.0,-0.07651257039329144
15454.0,-0.2520024454242035
15455.0,-0.3807777875900455
15456.0,1.4754128588960163
15457.0,-0.4147889462754424
15458.0,-2.150098100841795
15459.0,0.778861136070784
15460.0,-0.9303556772158189
15461.0,0.2695923578227529
15462.0,0.573418404459063
15463.0,-0.11366071686616389
15464.0,1.6221697098257526
15465.0,1.5574087464976527
15466.0,0.0553666656160037
15467.0,-0.6054902230411543
15468.0,0.04953902440711294
15469.0,0.8388242184408786
15470.0,-0.4864488576636715
15471.0,-0.6364928050335854
15472.0,0.8005631262472201
15473.0,-0.8883601440628652
15474.0,0.2621072224898606
15475.0,1.8687424127925387
15476.0,-0.4520817526822622
15477.0,0.2961058113515555
15478.0,-0.4177866470450884
15479.0,-1.5047426502340546
15480.0,0.14402603044389137
15481.0,-0.9682087556942931
15482.0,-1.0043277979841736
15483.0,1.323810178183617
15484.0,-0.28492259164026484
15485.0,-0.3756621585599595
15486.0,0.6823945304760618
15487.0,1.2826675641315002
15488.0,0.6492936824637677
15489.0,1.9668006384711303
15490.0,0.5665824530175284
15491.0,0.9263326348052128
15492.0,-1.379300549590008
15493.0,-1.491006803106475
15494.0,0.7446319113596559
15495.0,-0.4700185539106408
15496.0,-1.3581834119660845
15497.0,0.10971503344468492
15498.0,-0.5464012860225116
15499.0,-1.2467159504922134
15500.0,1.0793541016495793
15501.0,0.633510376427465
15502.0,-0.5766334492766779
15503.0,-0.007937338075497381
15504.0,-0.599957572048994
15505.0,-0.3616064655858946
15506.0,-0.9522680753668985
15507.0,-0.43999159531862664
15508.0,-1.2512018545061483
15509.0,-0.48067643721895364
15510.0,1.8843154503232322
15511.0,-0.2631210123621751
15512.0,-1.076504190155708
15513.0,0.04941521376312228
15514.0,-0.7145139801128679
15515.0,-1.529088812231184
15516.0,-0.7354400443786228
15517.0,1.9154197258235843
15518.0,1.4648856653771989
15519.0,-0.09904475281847674
15520.0,-0.0132043160871911
15521.0,-0.05437764624440154
15522.0,-0.29950514812229106
15523.0,0.33744799445081247
15524.0,-2.7204362117338134
15525.0,0.8034765066007308
15526.0,0.7022281761291398
15527.0,2.2221226102089746
15528.0,1.394941968551533
15529.0,0.20846862387520923
15530.0,-0.08645631581370967
15531.0,-0.14794723291284623
15532.0,0.7738455345847289
15533.0,1.2891901258578056
15534.0,1.0024767858847983
15535.0,-0.8688265590358515
15536.0,-0.34114482196783535
15537.0,1.0248728820122959
15538.0,1.1958091239945787
15539.0,-0.03903733576940852
15540.0,0.3674777686685855
15541.0,3.050923451679707
15542.0,1.2122169624524008
15543.0,0.26694706849149397
15544.0,0.2797756097150743
15545.0,0.38850566086120253
15546.0,-0.6497739016097582
15547.0,2.969725687724158
15548.0,-2.4635699581025157
15549.0,2.259481534937656
15550.0,2.743034985319785
15551.0,-1.5014352308167154
15552.0,0.4034973787909792
15553.0,-1.7030152869372122
15554.0,-1.0085760316734218
15555.0,-0.3731257299871014
15556.0,-0.7452139645430195
15557.0,1.1563633363677364
15558.0,1.8042771926917562
15559.0,-0.731291471582814
15560.0,3.2411200799733066
15561.0,-0.22779533111263714
15562.0,1.2868018403749515
15563.0,0.16268325159625685
15564.0,0.3829013709804604
15565.0,-1.1630055118112608
15566.0,0.8086033357261129
15567.0,-2.1289231927038976
15568.0,-0.16494434253411097
15569.0,0.4391124720176443
15570.0,-0.9252662372261173
15571.0,0.10520112039717487
15572.0,0.1399700381053663
15573.0,-0.8836162881842146
15574.0,1.0954594654690692
15575.0,1.3138485641297393
15576.0,0.8346628631788323
15577.0,-0.7534321706030466
15578.0,-1.4392410236394872
15579.0,0.1263365143729712
15580.0,0.18450683617094038
15581.0,-0.3735667811419169
15582.0,1.1605257273202816
15583.0,0.1509357487055094
15584.0,0.6374787921328047
15585.0,-0.3095858718870458
15586.0,-0.017182732375017024
15587.0,0.0388445329687991
15588.0,0.9505696257644636
15589.0,-0.4788026231101184
15590.0,0.7312262355417908
15591.0,-0.020155042795300414
15592.0,-0.16266176513939248
15593.0,-0.36517525017263996
15594.0,-1.4175604568214153
15595.0,-1.1423484242207294
15596.0,-1.0273438891244968
15597.0,-3.270284734716969
15598.0,1.4085438454302084
15599.0,-0.515028780737417
15600.0,1.659995941031562
15601.0,-0.8649618841446114
15602.0,-0.7387794213837415
15603.0,0.5153606190932787
15604.0,0.1307935378244764
15605.0,-1.663245391360941
15606.0,-0.4085563777128825
15607.0,1.744098435071994
15608.0,-1.8834325870231212
15609.0,-0.8059252830778039
15610.0,-0.91956989067624
15611.0,-0.2243305374593749
15612.0,0.04862558651410396
15613.0,1.9902838353549834
15614.0,0.6215600302895546
15615.0,-0.32464587735770367
15616.0,2.437566205225725
15617.0,-0.2700445408580167
15618.0,-0.5947785743777384
15619.0,-0.521665235899899
15620.0,-0.2812504915583643
15621.0,0.34299884214525916
15622.0,-0.6579024512608582
15623.0,-1.5783790521055703
15624.0,1.5305298480224079
15625.0,-0.7364199068645739
15626.0,-0.5827923743517176
15627.0,1.4837346516972278
15628.0,-1.6828740636556596
15629.0,0.06864739729147695
15630.0,0.2302970601396117
15631.0,0.5673631476523177
15632.0,-0.3279954427900572
15633.0,-1.6408253421323478
15634.0,-0.34157045404402436
15635.0,-0.6463256534926797
15636.0,1.3675758478027538
15637.0,-0.009694887175511164
15638.0,-0.41037353847349406
15639.0,-1.8335653062560908
15640.0,0.10940864889388192
15641.0,-0.16103847445213487
15642.0,-1.1464939370993903
15643.0,2.603447540191619
15644.0,-1.2310929689567902
15645.0,-2.0332491067430496
15646.0,0.31761867152935047
15647.0,-2.7903096155298845
15648.0,-0.749951459938892
15649.0,-2.4632117471130184
15650.0,-0.13136977798648627
15651.0,0.5490024984000706
15652.0,2.7038060206697687
15653.0,1.7334852366607143
15654.0,-2.5787966656010757
15655.0,0.827773519564715
15656.0,0.2755804791091885
15657.0,0.5082041858567855
15658.0,-1.1334954745770498
15659.0,-1.2228028053826645
15660.0,-0.4310862083714264
15661.0,0.7213898856005759
15662.0,1.3587398279618341
15663.0,-0.8507404838736232
15664.0,0.5658602104647341
15665.0,-0.6582366025884181
15666.0,0.7274097723954785
15667.0,2.1816936199619237
15668.0,-0.4548350942780201
15669.0,0.9366065524671343
15670.0,0.7967242172906247
15671.0,0.9434299231087939
15672.0,-0.7934488550335536
15673.0,1.1323338224457662
15674.0,-1.7521608422327715
15675.0,-0.8554693995668222
15676.0,-0.6661484981134047
15677.0,-0.2500071288333829
15678.0,0.7513388305594239
15679.0,0.1712220090816723
15680.0,-1.2998585605931536
15681.0,0.8316191931882009
15682.0,-0.8397444731464381
15683.0,-0.3050975688444108
15684.0,-0.7964773281560039
15685.0,-0.6466556133591559
15686.0,0.5194889473893819
15687.0,1.611618869809967
15688.0,-0.6028739104903359
15689.0,-1.2929806082855695
15690.0,-0.012382924316482203
15691.0,-0.3276939086453285
15692.0,-0.12145981703495308
15693.0,0.2629365459368362
15694.0,0.3817524943460193
15695.0,-0.10712605727572187
15696.0,0.7148780777705139
15697.0,-0.26713463657839276
15698.0,0.7162391194546831
15699.0,-1.0689021838353299
15700.0,-0.29811067327582114
15701.0,-0.5333210590035761
15702.0,-0.9830155974328668
15703.0,-0.1815274441496278
15704.0,0.05042761029692571
15705.0,-0.47832075653576117
15706.0,-2.3913347090238832
15707.0,-1.4075400691430764
15708.0,0.5133439463226154
15709.0,0.42108991917595334
15710.0,0.4108811731752213
15711.0,0.2800353555363192
15712.0,-0.7638024798878827
15713.0,-0.034527024622399496
15714.0,-0.27048971279370015
15715.0,-0.5112363754049285
15716.0,0.36882142031803644
15717.0,0.5941666825955068
15718.0,-0.7416603068879174
15719.0,-0.08146623683433266
15720.0,0.29615361618297875
15721.0,-0.6967705618738144
15722.0,1.223618514370962
15723.0,0.16052321080096532
15724.0,1.4612396625352346
15725.0,1.1955149141992685
15726.0,1.5017680280923997
15727.0,0.2552625141971865
15728.0,-0.8971721732147253
15729.0,0.33554278467846743
15730.0,0.7532714435604551
15731.0,-0.901603844778175
15732.0,0.6058659098295178
15733.0,-0.5586855605398409
15734.0,-0.9042125421299898
15735.0,0.9896429672981668
15736.0,0.6728140081139944
15737.0,-0.16165611907870808
15738.0,0.24431992791634116
15739.0,1.83347504464553
15740.0,1.3073176562327524
15741.0,0.04456789495661489
15742.0,-0.8730355237658002
15743.0,0.29192431457474266
15744.0,1.5981434042765224
15745.0,-0.26921691208941223
15746.0,0.06966083614072055
15747.0,1.848252855917113
15748.0,-1.474817860440587
15749.0,0.5438744868571849
15750.0,-0.8965050369334177
15751.0,0.8127557137246192
15752.0,0.8800969645419386
15753.0,-0.9592169642063336
15754.0,-1.332904604485796
15755.0,0.6524626164535459
15756.0,-0.8278201811488571
15757.0,0.9868350835593963
15758.0,0.9167713892359324
15759.0,0.18372514987478436
15760.0,0.2930219274195362
15761.0,-0.010905163080953947
15762.0,1.0547025123136942
15763.0,-1.2255679515081346
15764.0,-0.43860344580056193
15765.0,0.8281062839904005
15766.0,-0.9316191542768624
15767.0,2.8321862354779155
15768.0,1.134640694698881
15769.0,1.4943329710159117
15770.0,0.08657546277873339
15771.0,1.3688021807604231
15772.0,0.41211632938151727
15773.0,1.065254754905367
15774.0,0.2019597743424843
15775.0,-1.391908483988853
15776.0,-0.4761411942042097
15777.0,-0.32654348284944973
15778.0,0.560738015504177
15779.0,-0.34357385318795913
15780.0,0.5407363828327472
15781.0,-1.4925409550826096
15782.0,-0.7737454726899707
15783.0,1.3201137842122148
15784.0,-1.5762032651948301
15785.0,-0.4591429861001236
15786.0,1.401276809702076
15787.0,0.9908683465381386
15788.0,-0.5799202116778505
15789.0,-0.014975112769249385
15790.0,-2.1252496723251366
15791.0,0.13257639755977912
15792.0,0.2609376109226239
15793.0,0.7191981267175233
15794.0,-1.1443754233363654
15795.0,0.45653838834259075
15796.0,-0.09971378367249695
15797.0,0.3803736825518703
15798.0,0.5559741507270833
15799.0,-0.9295505300421507
15800.0,0.5735852433567806
15801.0,-0.11920285560064799
15802.0,0.11219558272058007
15803.0,1.2800635892977181
15804.0,3.1551454957156597
15805.0,-0.3615513567859003
15806.0,1.1746297925564724
15807.0,0.0048860913585741786
15808.0,0.7205719489255954
15809.0,-0.2775673044741605
15810.0,-0.30007987471363334
15811.0,-1.966177934060846
15812.0,1.0648643217423197
15813.0,-0.2789634047465597
15814.0,1.0747052190867212
15815.0,1.2404257266743992
15816.0,2.186150973483902
15817.0,-0.13216557788790823
15818.0,-1.8352951555716002
15819.0,-0.12667471371873457
15820.0,-1.2336602990708292
15821.0,0.5517803533676491
15822.0,0.7888085302848895
15823.0,-0.4800254795113144
15824.0,0.2991476608832128
15825.0,-0.38832646651074176
15826.0,-1.5150348980739587
15827.0,0.025149575310760182
15828.0,1.2079100851284446
15829.0,2.1877701468795254
15830.0,-0.49936202111052586
15831.0,-1.2431385335629515
15832.0,0.21565913153095118
15833.0,-0.5600671412819485
15834.0,-0.15222584106180925
15835.0,-0.45034267365963
15836.0,0.8952426356338958
15837.0,-1.929553546065067
15838.0,-0.4633140950558545
15839.0,-0.5411913943854938
15840.0,-1.5974812001738514
15841.0,-0.006344462766889903
15842.0,0.49395752555489253
15843.0,-0.09946432518375531
15844.0,0.053021826837086644
15845.0,-0.10527452114010875
15846.0,-0.5768758317209772
15847.0,0.20251737321581623
15848.0,-0.20824360630292882
15849.0,-1.5524313349354744
15850.0,1.9979565690398313
15851.0,-0.42396169290025454
15852.0,1.2716280797091075
15853.0,0.7928776958379607
15854.0,1.0186880584326536
15855.0,-0.027105278914069334
15856.0,-0.24124120452428433
15857.0,0.1269164380902487
15858.0,-1.1312708785631949
15859.0,-2.283464730109498
15860.0,0.7446197421713698
15861.0,-0.596472679797918
15862.0,0.5003131658428593
15863.0,-0.8231685546453276
15864.0,-0.14555771730396483
15865.0,-0.8306516492117864
15866.0,-1.4175697468866524
15867.0,1.4644784747666573
15868.0,1.036546565553629
15869.0,-0.06649427164613646
15870.0,0.37110022169196355
15871.0,-0.6013968695188932
15872.0,-0.17829830687582998
15873.0,-1.0716367773001088
15874.0,-1.29928328722431
15875.0,0.2281938799107104
15876.0,0.12682534326949263
15877.0,0.7679072013373359
15878.0,0.3044428682625084
15879.0,-0.587410122425244
15880.0,0.15334865182006877
15881.0,-2.3502959095448785
15882.0,1.1692294624675659
15883.0,-0.35531320308601494
15884.0,-2.8865171857881182
15885.0,-0.4432887567877719
15886.0,-2.6208851089863803
15887.0,1.8139339980643294
15888.0,-0.9699029100584774
15889.0,-0.7298925688543941
15890.0,-0.5083637813225763
15891.0,1.3980726776263253
15892.0,1.149938041152769
15893.0,1.4107354650900694
15894.0,-0.464070871680517
15895.0,0.6222076151530849
15896.0,1.3885983979007228
15897.0,0.8091158092447587
15898.0,-0.8445639848713671
15899.0,2.0473463275468657
15900.0,-2.0417340432734536
15901.0,0.8045225454918083
15902.0,-0.45453492037892834
15903.0,-1.4158238444376425
15904.0,0.06278907997875553
15905.0,-1.6116211589130722
15906.0,0.4712998058011898
15907.0,-1.3271625106612235
15908.0,-0.3347705931768711
15909.0,1.0490833955076924
15910.0,-0.23553611451488232
15911.0,-0.8884802354487318
15912.0,-1.1073742716507362
15913.0,1.8039151715852824
15914.0,-0.945550218159911
15915.0,1.7705751673537966
15916.0,0.9507556009797313
15917.0,-0.8524574630765089
15918.0,0.01320137271807792
15919.0,-0.08206570637277795
15920.0,-0.5781137528642794
15921.0,0.1722972034145356
15922.0,-0.3151560401251869
15923.0,1.058730028319343
15924.0,2.177652869657638
15925.0,0.9478367580153247
15926.0,-0.16437975896442636
15927.0,-0.14504914598341234
15928.0,0.1667836671565871
15929.0,0.5735074638100669
15930.0,-0.1659168822227117
15931.0,-0.6079011071578406
15932.0,0.28032636806800876
15933.0,-1.8115517319366916
15934.0,-0.1137624056572608
15935.0,0.2411616533535216
15936.0,0.48668181365843044
15937.0,-1.9096217594189184
15938.0,0.5857762727155472
15939.0,-1.050113432571213
15940.0,0.6198207122881958
15941.0,0.41803175717042157
15942.0,-1.479346892835639
15943.0,1.0693730695032153
15944.0,1.385571230525013
15945.0,0.34702483773901077
15946.0,-0.5298002970780475
15947.0,-0.04181272514934378
15948.0,2.002233754378339
15949.0,1.1331263954982018
15950.0,-0.3273001269962515
15951.0,-0.01797330462866917
15952.0,-1.3673538848675795
15953.0,-1.450545054844066
15954.0,0.356466615550325
15955.0,0.13708515759768009
15956.0,2.19842416522151
15957.0,-0.985862379426318
15958.0,1.5996813380202541
15959.0,1.357201618316524
15960.0,-1.8035537283515175
15961.0,0.49300891709927996
15962.0,-0.7580903046263836
15963.0,-0.44879885024100025
15964.0,0.8687885376534059
15965.0,-0.6404265216969627
15966.0,0.5422185750232356
15967.0,0.45233888405704736
15968.0,-0.4637840518718617
15969.0,-0.6317391209158141
15970.0,2.102833667530397
15971.0,1.172314819095599
15972.0,0.17820067085737937
15973.0,2.1355444707591027
15974.0,-0.8809048590980099
15975.0,-0.5976922294194746
15976.0,0.48433618618229785
15977.0,1.757572408910109
15978.0,0.9425153821695983
15979.0,1.5011087072756224
15980.0,1.1599259947624017
15981.0,-0.09832789347400218
15982.0,-0.38261833640931303
15983.0,-1.6618029253829596
15984.0,0.800673061352696
15985.0,-1.3713533383244276
15986.0,-1.2684783359956244
15987.0,0.5672444297210791
15988.0,0.8611983573149791
15989.0,-1.1195358898944354
15990.0,-1.4147338909876892
15991.0,-1.1021158110372347
15992.0,-0.0466249979716249
15993.0,1.3863515026159114
15994.0,-0.37710557236903586
15995.0,0.2728977978969187
15996.0,0.2124074687897602
15997.0,-0.4677496670480584
15998.0,0.5438553074455248
15999.0,-0.3098522915224279
16000.0,0.6717264814536222
16001.0,-1.1089320651021948
16002.0,0.7310562772088055
16003.0,1.0193591825517727
16004.0,1.243570500889755
16005.0,-0.6363093651008721
16006.0,0.00013899080205756654
16007.0,0.041991907740945286
16008.0,-0.8084972801491938
16009.0,-0.703237160960359
16010.0,-0.2402759870572302
16011.0,0.2243576428207391
16012.0,-0.9932652819183174
16013.0,-0.5029239166024234
16014.0,0.49144069598478574
16015.0,0.0353662013944547
16016.0,-0.37250842758105857
16017.0,-0.5462345628618085
16018.0,-0.10935906356105182
16019.0,0.07417039492256561
16020.0,-0.4408451301512063
16021.0,-0.6270316754881055
16022.0,2.085612236338119
16023.0,0.522245144571334
16024.0,-1.5284994903577442
16025.0,-0.6311492515999968
16026.0,0.8457209587763261
16027.0,-1.350561783637085
16028.0,0.5626274059415028
16029.0,1.4504110631168605
16030.0,0.672181755142981
16031.0,1.0015693549471754
16032.0,0.1175568408125682
16033.0,-0.20095912703037996
16034.0,0.23309832451839418
16035.0,0.7457633318883279
16036.0,-0.6075894864013439
16037.0,-0.48472840805492373
16038.0,0.7773907067219937
16039.0,-0.9493834362192822
16040.0,1.509985923619535
16041.0,-1.1844792617265103
16042.0,0.2004360602767543
16043.0,-0.2863012372859892
16044.0,0.725596656440726
16045.0,-1.2596663185933918
16046.0,-0.43620539270921943
16047.0,-0.14266717056137657
16048.0,0.9387413571090583
16049.0,-1.4302218185419449
16050.0,0.2333809420353467
16051.0,-0.11129383279609552
16052.0,1.8734580510185097
16053.0,-0.6988834414443733
16054.0,0.08274934791203194
16055.0,-1.898832390739128
16056.0,0.1133736359159991
16057.0,-1.183661780497341
16058.0,0.2756940804315798
16059.0,-0.04067065378525488
16060.0,-0.04494004978480905
16061.0,1.7881622449804102
16062.0,-0.9072891283618091
16063.0,0.18596789324260815
16064.0,-0.7057326307067875
16065.0,-0.3606244331211574
16066.0,-0.4002747737978837
16067.0,1.4589011181577147
16068.0,-0.48064497882087803
16069.0,-1.6767030439252892
16070.0,-0.39706993267466945
16071.0,-1.0591652946649044
16072.0,-0.28474092085459374
16073.0,-0.23857177846305602
16074.0,0.471049059352548
16075.0,-0.5491626865426451
16076.0,-0.3467672537848822
16077.0,1.2493236609974419
16078.0,-2.226803467143631
16079.0,2.3568247186442925
16080.0,0.8382462012479355
16081.0,-1.4342168759713012
16082.0,-0.7912867222740753
16083.0,1.5710113603667344
16084.0,-0.831502557618904
16085.0,-0.011291767992052058
16086.0,2.96114600904495
16087.0,-0.13553336493828777
16088.0,-0.25386435780153194
16089.0,-1.2102064008946365
16090.0,-0.13682545406224958
16091.0,-0.24001079725377591
16092.0,0.7931581082481969
16093.0,0.828406445287927
16094.0,-0.15469966593133147
16095.0,-1.6592761171108312
16096.0,-1.3855710628594162
16097.0,0.6583764339649887
16098.0,1.0900133751418333
16099.0,0.8416177840388439
16100.0,0.36814519515561295
16101.0,0.2037200499850078
16102.0,0.044447053961190454
16103.0,1.5532832896254338
16104.0,-0.6345590966583919
16105.0,1.9644994262744175
16106.0,0.5663913375958769
16107.0,0.9924536294977094
16108.0,0.2874046636577665
16109.0,0.2577475794050926
16110.0,-1.9269445962563474
16111.0,-0.30996263729291795
16112.0,-2.1035083378915487
16113.0,-0.2626428442098938
16114.0,0.6074283978896223
16115.0,0.031445519825409635
16116.0,-1.6113349137172428
16117.0,0.13651825497983416
16118.0,-0.8453299370482101
16119.0,1.0936751698817808
16120.0,1.2820303517990486
16121.0,0.08076707230706723
16122.0,-0.9697649922457485
16123.0,-0.6280063838132848
16124.0,1.1160191546116929
16125.0,-0.01757042930126758
16126.0,0.8883974815674913
16127.0,0.5042384355306977
16128.0,0.32904892120272566
16129.0,0.48155248018062835
16130.0,-1.9189257367495134
16131.0,0.6178351730202167
16132.0,-0.1936078805731776
16133.0,-0.5319889841907492
16134.0,-0.6105501138322647
16135.0,-1.503097591104029
16136.0,-0.2628684390581856
16137.0,0.26053981078417954
16138.0,0.3562761790585551
16139.0,0.9044999063400937
16140.0,-1.3871359474442355
16141.0,-0.07896121551480474
16142.0,-0.9990940483284458
16143.0,0.6420287061845477
16144.0,-0.5094586398070591
16145.0,0.6254171163176414
16146.0,-0.3539381938393769
16147.0,0.02835488614792725
16148.0,0.21420972753626719
16149.0,1.6977366462221135
16150.0,1.236010642992237
16151.0,-0.11800213615057259
16152.0,0.5147048631300505
16153.0,-0.15778312844631476
16154.0,0.28184404661552315
16155.0,-1.385019245429371
16156.0,-0.8025223172298996
16157.0,1.1850885052882243
16158.0,0.3889935408645059
16159.0,0.7695488949212407
16160.0,1.3895439000222634
16161.0,0.6737016281488643
16162.0,0.39071344094501687
16163.0,0.3852742588834578
16164.0,1.2915766206621886
16165.0,1.0792868217678224
16166.0,-0.8709768319578769
16167.0,-1.0201021757327047
16168.0,-1.6613174424503432
16169.0,1.288196359385342
16170.0,-0.7219907196249896
16171.0,-0.4069910886020511
16172.0,-0.9988710688345153
16173.0,-0.7308747593181332
16174.0,-0.3778763905976975
16175.0,-0.9866696516801755
16176.0,-0.4348180193508715
16177.0,-0.4867911415161038
16178.0,-1.3550145040399126
16179.0,-0.22283962169498486
16180.0,-1.0766061958488413
16181.0,-0.9130654406456512
16182.0,0.14830326553235396
16183.0,-0.2268229493157793
16184.0,-0.10373954452680782
16185.0,-0.485905463377951
16186.0,-0.1999303397243748
16187.0,-0.712488558312574
16188.0,0.018218390501769065
16189.0,-1.3205607877401813
16190.0,0.666657517242298
16191.0,1.2409083309840383
16192.0,1.0834905733182316
16193.0,-0.34472435479519586
16194.0,0.20512692742985011
16195.0,-1.6458934230145628
16196.0,-1.4511833663452725
16197.0,-1.3201728457508666
16198.0,2.0023900274534556
16199.0,0.7937104148970943
16200.0,0.32309725103768194
16201.0,0.8947658177521683
16202.0,0.21148017788119516
16203.0,-0.29321568175427515
16204.0,-0.41455076977018085
16205.0,1.906856212579083
16206.0,0.16455502126004623
16207.0,-1.7003978433331317
16208.0,-0.6288990933539751
16209.0,0.07633323284359929
16210.0,0.52264210887486
16211.0,-0.9406474573186524
16212.0,1.1926845897277105
16213.0,0.660427800498156
16214.0,-0.7832309739544083
16215.0,0.8280658909654955
16216.0,-1.4922084777882578
16217.0,1.4921989575851515
16218.0,0.053319133270997895
16219.0,0.08566351174431996
16220.0,0.8883166717413475
16221.0,0.2962722032474684
16222.0,-1.6052745653871359
16223.0,-0.9120013988674002
16224.0,-0.7276196428562308
16225.0,0.7483505849637914
16226.0,0.30138684744900057
16227.0,-2.2314455160078186
16228.0,-0.7085512847377982
16229.0,-1.0251992864534798
16230.0,-0.09333220280283178
16231.0,1.208711592028197
16232.0,-1.9292826978441395
16233.0,-0.3192357265355415
16234.0,-1.1708371313579635
16235.0,-1.0946340779197294
16236.0,0.318987326844827
16237.0,2.129494550377949
16238.0,-1.4390600076372448
16239.0,-0.5873874686592266
16240.0,-1.5765790587639408
16241.0,0.9061569144140489
16242.0,1.5592291417226933
16243.0,1.461204950416065
16244.0,-0.7124378054223229
16245.0,0.6703785101448243
16246.0,-0.3223565400758821
16247.0,-1.0705351310185218
16248.0,0.6967704733463763
16249.0,0.015857898922654365
16250.0,0.28928346528530274
16251.0,-0.21643631434084967
16252.0,-0.22148082002313982
16253.0,1.455461282559973
16254.0,-0.8616304509902611
16255.0,0.1122473237249672
16256.0,-0.14869227305669933
16257.0,-0.3625979552296714
16258.0,-2.7215185631111996
16259.0,-1.4763328507353999
16260.0,1.1775524128003496
16261.0,-1.6950684067290118
16262.0,0.8050283609071905
16263.0,-1.0916989050558639
16264.0,0.8204907881469068
16265.0,-0.03165755562642456
16266.0,0.5659016414154845
16267.0,1.517518601500512
16268.0,1.3294250617115133
16269.0,0.6467131056326286
16270.0,-0.9161735866054976
16271.0,-0.9484468746044378
16272.0,1.4060826876813417
16273.0,1.1617270447641979
16274.0,0.6822108235097201
16275.0,-1.4317956852104028
16276.0,1.1923869737511197
16277.0,-0.35774910982044195
16278.0,-2.832929743975383
16279.0,-1.6035526295981026
16280.0,0.22608613888418996
16281.0,-0.7166743741290613
16282.0,0.6214038673192378
16283.0,-0.14335758164207604
16284.0,-1.042446638541922
16285.0,0.8221920883691957
16286.0,-2.9338409091564666
16287.0,-0.5309726650142346
16288.0,0.8796353120107026
16289.0,0.19504265718824673
16290.0,2.1381923149123025
16291.0,-0.737005854748786
16292.0,-1.6180999031398362
16293.0,1.91805714926539
16294.0,2.052303373684682
16295.0,-0.7948072905325115
16296.0,-0.3153275644804599
16297.0,-0.7814525011060258
16298.0,-1.0640426809928138
16299.0,-1.1842155104494207
16300.0,-1.156929693919815
16301.0,-0.05474484858550109
16302.0,1.9455498266712887
16303.0,1.6162901635614932
16304.0,-0.983752675015738
16305.0,-0.3396901437843439
16306.0,-1.1015919584397897
16307.0,-0.5680835455942592
16308.0,0.017048985983042716
16309.0,0.5748217638002405
16310.0,-0.7145676285054717
16311.0,-1.3051370378709415
16312.0,0.31151089058592907
16313.0,-0.14737357879045615
16314.0,0.2965285640573947
16315.0,-0.008086063820979098
16316.0,1.2421162727287631
16317.0,0.289535182858743
16318.0,-0.5527372024395405
16319.0,-0.39484463131281605
16320.0,-0.7090192742385145
16321.0,0.79166226389871
16322.0,-0.5756730956189414
16323.0,1.1549438096531193
16324.0,-2.382699514013525
16325.0,0.26691017798349276
16326.0,0.13743773775669813
16327.0,-1.0000039441800956
16328.0,-0.16817806842418734
16329.0,0.8228084999888325
16330.0,-1.1121860138364088
16331.0,-0.47556678391092294
16332.0,-0.7043946138390503
16333.0,-1.2492374319331332
16334.0,0.9139455056668669
16335.0,0.9875588018638691
16336.0,1.0303623699705597
16337.0,-0.251401531121075
16338.0,0.9893259974445382
16339.0,0.597262364000521
16340.0,-0.2770528836573087
16341.0,-1.3018416265452821
16342.0,0.7614487825459211
16343.0,1.314345428539782
16344.0,0.7867864729349332
16345.0,-0.04070288666769697
16346.0,-0.10762103439754542
16347.0,0.7873456446233967
16348.0,-0.09156524434555556
16349.0,-0.0038459986966640236
16350.0,-0.8095462077833241
16351.0,-0.4900520051760275
16352.0,-1.1834159618228426
16353.0,-0.6368892094880779
16354.0,-0.3380112217930674
16355.0,0.3987596267304001
16356.0,0.66248021630058
16357.0,0.04842541978136656
16358.0,0.3601442882259852
16359.0,0.9193029559639178
16360.0,-1.9208636869045583
16361.0,-2.0901895470183267
16362.0,-0.09227307304738172
16363.0,-1.6783470810970642
16364.0,0.23111396269956713
16365.0,-0.1371704660289351
16366.0,-1.3118765659309783
16367.0,-0.6550438702253081
16368.0,-1.7501253868651307
16369.0,-0.2691244669332551
16370.0,-0.8015237480326317
16371.0,0.8253491307488252
16372.0,-0.20123946083636224
16373.0,-0.9890308743609354
16374.0,-1.2299282930019684
16375.0,-1.0817204487223593
16376.0,0.12957878821942503
16377.0,-0.8018535818852692
16378.0,0.19235894801429015
16379.0,0.5836752486514257
16380.0,-0.9303889692135882
16381.0,1.0472463343703649
16382.0,-0.38490268816258205
16383.0,-1.4482029098234177
16384.0,1.7301064589936206
16385.0,1.9515651964666387
16386.0,-0.7677262238052908
16387.0,-0.43846259729732623
16388.0,-0.05427553527052842
16389.0,-0.9468207349872556
16390.0,0.8016611601423584
16391.0,0.25758142330489586
16392.0,-1.2001737966669366
16393.0,0.5936872062055204
16394.0,-1.024986253379893
16395.0,0.7328505300799337
16396.0,-0.1173977015466009
16397.0,-0.9207527483793072
16398.0,2.076088561955104
16399.0,-0.5378513168041776
16400.0,0.4654144798465611
16401.0,1.821711521227331
16402.0,-1.122785819302754
16403.0,0.41280084483641377
16404.0,-0.1963121088116156
16405.0,0.2767753006255023
16406.0,-0.884865994648253
16407.0,-0.379951037288484
16408.0,-0.6405298180790251
16409.0,0.7875079858064554
16410.0,-1.778321950780798
16411.0,-0.46205497926185
16412.0,0.16764560165834075
16413.0,1.0442946401232798
16414.0,-0.2597015646566461
16415.0,-0.4492909672172198
16416.0,-0.5764794994363001
16417.0,0.29338741174026817
16418.0,-0.8539792285765929
16419.0,-0.32163092687613604
16420.0,-0.2070971115666079
16421.0,0.03313543546086909
16422.0,-0.902766460107598
16423.0,1.654865818556718
16424.0,-0.09880953935854395
16425.0,-0.155676671763186
16426.0,0.036812266374541436
16427.0,-0.3787352693451456
16428.0,-0.43326011160349953
16429.0,1.7949002061786885
16430.0,-0.2424946031446757
16431.0,0.391743211541919
16432.0,0.8122188067634004
16433.0,-0.41341193886276806
16434.0,-1.6104801264851627
16435.0,1.2239878170207106
16436.0,-0.9977325527901029
16437.0,0.041069169495485135
16438.0,2.668772588752686
16439.0,0.7107672041049019
16440.0,-1.3691820500506695
16441.0,-0.16523644160303222
16442.0,-0.7028839887648635
16443.0,0.3374776925464292
16444.0,-1.5503110505882798
16445.0,-1.2579515460558774
16446.0,0.5484656241901142
16447.0,0.9397906721463968
16448.0,-0.7360835900539096
16449.0,-1.258547486171163
16450.0,-0.32289052763360176
16451.0,-0.2558377617641286
16452.0,1.9044959479331023
16453.0,0.7507100303506166
16454.0,1.3879651584318462
16455.0,1.0729066216064418
16456.0,2.097703700167975
16457.0,-0.8311006151715128
16458.0,-0.3446327911646476
16459.0,-0.44649016467356895
16460.0,0.24275478527715655
16461.0,1.899479091275332
16462.0,0.3886196448493099
16463.0,0.5332223570479195
16464.0,-1.520675655271086
16465.0,-0.13675883285940296
16466.0,0.7676054627696742
16467.0,-1.7574724853370183
16468.0,0.18993485351849895
16469.0,-1.668606683562042
16470.0,-0.7773873057350873
16471.0,-1.521814553463359
16472.0,0.7010134238395954
16473.0,-0.662991377564031
16474.0,-1.5800152879568397
16475.0,0.7009247687209555
16476.0,-0.16388640521512818
16477.0,-0.8655253820589702
16478.0,-0.864910630445046
16479.0,0.10543514837816889
16480.0,-0.6539769635839555
16481.0,-0.26522820373733214
16482.0,-0.17226097949566824
16483.0,0.11552501935766188
16484.0,-0.13301307510843485
16485.0,-0.36410444903607586
16486.0,-0.7178146190333955
16487.0,0.2544176592956114
16488.0,-0.4953004073646732
16489.0,0.6281976065923007
16490.0,0.4928287158056601
16491.0,0.7921134323228056
16492.0,-0.32560770626555074
16493.0,-0.3753994398111235
16494.0,1.152780009125838
16495.0,-0.9980299683939555
16496.0,-0.8172445502469906
16497.0,-0.7570541364299307
16498.0,-0.7916882118650916
16499.0,-1.5215307637966684
16500.0,-0.9132817903249895
16501.0,-1.263626064799401
16502.0,-0.5121001610487875
16503.0,-0.9833972155084874
16504.0,-1.4169821660076225
16505.0,2.231664139685931
16506.0,0.5295666263782078
16507.0,-0.3381085049104259
16508.0,-1.4034584008542856
16509.0,-1.1477665269914141
16510.0,-0.28788590317417573
16511.0,0.1841654918082264
16512.0,0.32866706845135785
16513.0,-0.1299363744125879
16514.0,0.8933325014238191
16515.0,-0.5009793441601127
16516.0,-0.32458057188656725
16517.0,1.2279648612328735
16518.0,0.30802017125135134
16519.0,0.05285574994078148
16520.0,0.0381155690756035
16521.0,-0.0015147463205575854
16522.0,-0.6319943535153538
16523.0,-0.2972382965662448
16524.0,0.6643282395963425
16525.0,-0.28668988565580217
16526.0,0.8279050966818996
16527.0,-1.2917644933343462
16528.0,-0.38062115589713624
16529.0,-1.787666270785708
16530.0,0.3510966494527128
16531.0,-1.6051302543102468
16532.0,-0.4039972320736414
16533.0,0.8582234947740833
16534.0,-0.6521391712241764
16535.0,-1.5650919942077786
16536.0,0.2602644456359427
16537.0,1.3836747944982535
16538.0,0.26585173583592114
16539.0,0.051988503016634775
16540.0,0.5520887541528515
16541.0,0.06339459807737714
16542.0,-1.2992421056953438
16543.0,0.829797175373149
16544.0,-0.012104500963962676
16545.0,-0.9899040530453721
16546.0,0.9528793288064235
16547.0,-0.7099804560026571
16548.0,1.3429020937596752
16549.0,-0.8974032129636745
16550.0,0.6528851130804447
16551.0,0.5532313645050928
16552.0,0.7176343524962429
16553.0,0.21921784106837475
16554.0,-0.5550490088307063
16555.0,-1.8288012821901916
16556.0,0.502572994950071
16557.0,-1.1088473559364047
16558.0,0.06120797313623262
16559.0,-0.6154604887676116
16560.0,-1.3134982571226996
16561.0,1.7764371722422008
16562.0,0.050428443001268204
16563.0,0.6001986899359371
16564.0,-2.5650034341491947
16565.0,0.8202058176373329
16566.0,0.46924533719014283
16567.0,0.49693701472403307
16568.0,-1.22582697692592
16569.0,1.0026893503006808
16570.0,1.2414887219275446
16571.0,0.18830991416732035
16572.0,-0.13160275905203955
16573.0,0.37769076009044217
16574.0,-0.5357234477693512
16575.0,0.8765301985821363
16576.0,-0.4105476223398014
16577.0,0.2743270548385226
16578.0,1.0251174203797515
16579.0,-1.5304417649785997
16580.0,-1.2903021272891442
16581.0,-0.26146319169475457
16582.0,0.5921261597779005
16583.0,2.048919794520539
16584.0,0.21148725476323446
16585.0,0.6095563769490874
16586.0,0.762052760537018
16587.0,0.5275187018685298
16588.0,-0.30968916788443496
16589.0,0.029901418040521554
16590.0,0.46337349392340504
16591.0,-1.0595972808361676
16592.0,0.12957516382913972
16593.0,0.38535475409644426
16594.0,1.9930497089567822
16595.0,0.3962069422414933
16596.0,0.14683475025603981
16597.0,-1.2927659910288503
16598.0,0.07623024091102529
16599.0,0.031443363202806766
16600.0,-0.1979045859009789
16601.0,0.36505754260877066
16602.0,-0.4344166816803184
16603.0,0.21969019277883653
16604.0,-0.18697813348549758
16605.0,-0.48505884238477953
16606.0,2.04815838065171
16607.0,0.4589903910022641
16608.0,-0.47376460788796887
16609.0,0.9472004492566237
16610.0,-1.5996807435602036
16611.0,-0.8838240458665058
16612.0,0.5137268466416638
16613.0,0.51183066501123
16614.0,-0.8697936314192412
16615.0,-1.594085910909625
16616.0,0.7838343315225773
16617.0,-0.5722488080822219
16618.0,0.06678975025680474
16619.0,0.7473788540778603
16620.0,0.8048891877662429
16621.0,1.225906997125775
16622.0,-0.6205842951127503
16623.0,1.5836123405805538
16624.0,0.45082861039406175
16625.0,0.12459430956021242
16626.0,-0.09273673560328813
16627.0,0.33611932722739146
16628.0,-0.7703404176975908
16629.0,1.840675942540697
16630.0,0.13920182846747525
16631.0,-0.33857135105374697
16632.0,0.023142154655718256
16633.0,0.9785482592479033
16634.0,-0.8452018734854861
16635.0,-1.2029609583204415
16636.0,-1.5702939161834142
16637.0,-0.6624228496047364
16638.0,-1.0212682950776482
16639.0,1.8518710012636719
16640.0,-0.388732895396373
16641.0,-2.1108187047328393
16642.0,-0.8061646643382211
16643.0,-0.2635174758072605
16644.0,1.5813776175407814
16645.0,-0.580734219142939
16646.0,-1.3190594992570606
16647.0,0.7843679265053478
16648.0,-0.756164975918523
16649.0,-0.21562717046717406
16650.0,-1.549056491512086
16651.0,0.40237090175925994
16652.0,-0.3906792469358884
16653.0,-1.537400476802438
16654.0,-0.020634920225081666
16655.0,0.052235875724834076
16656.0,-0.3560034717331939
16657.0,0.6485461493993324
16658.0,0.07425327503782712
16659.0,1.2461861022453307
16660.0,0.9055763162024241
16661.0,-1.1272345887365192
16662.0,1.0473543422430538
16663.0,1.0846670812375125
16664.0,-0.2095888459374586
16665.0,-0.4522752420395979
16666.0,-0.24067100533288488
16667.0,0.5088011079529485
16668.0,0.7583840193027624
16669.0,-0.15279671792004965
16670.0,0.3623659227104425
16671.0,-0.8315414007809963
16672.0,-0.463127440733932
16673.0,0.35872405580545286
16674.0,2.663697676280379
16675.0,1.3400877202245092
16676.0,0.7700481611103722
16677.0,1.1737172912859035
16678.0,0.619329622939636
16679.0,0.4535088659236065
16680.0,-0.05201769996629053
16681.0,-1.0751991401460013
16682.0,0.3079369963542722
16683.0,-0.14591638846279528
16684.0,0.4855729189541763
16685.0,-0.24200026918485387
16686.0,-0.3448480582142027
16687.0,0.3309854145688839
16688.0,0.5502998022072162
16689.0,-1.075625914203657
16690.0,-1.1682942151838014
16691.0,0.29863638105219825
16692.0,0.28104288927555043
16693.0,0.6739415898306486
16694.0,0.2442113894253313
16695.0,0.686397767762109
16696.0,1.4955674762511004
16697.0,-1.5976221050819237
16698.0,-1.8471013104571499
16699.0,1.347014720750443
16700.0,0.6184487434263939
16701.0,0.2749685141284028
16702.0,-0.6436246283705915
16703.0,-0.06304775093201563
16704.0,0.7358976901997616
16705.0,-2.377031170563284
16706.0,2.2601779806620823
16707.0,0.3102054661665999
16708.0,-2.083292745838648
16709.0,-0.5675329393250801
16710.0,0.1279761077604907
16711.0,0.051465900302170194
16712.0,0.7795373376798385
16713.0,-0.4574074552432761
16714.0,-0.475571017239219
16715.0,-1.8179500282449563
16716.0,-0.1898811491119221
16717.0,0.10731071032001001
16718.0,-0.2822062856603936
16719.0,1.718417743801069
16720.0,-1.0927591316029859
16721.0,0.5915619715288001
16722.0,0.7647983478345678
16723.0,-1.1397287155654539
16724.0,2.4267460419218367
16725.0,-0.6300143313705041
16726.0,0.7532919405589177
16727.0,-0.456249573130449
16728.0,-0.06174585066475532
16729.0,-0.8778237644032924
16730.0,0.05814607722686805
16731.0,0.2792042832194688
16732.0,-0.8661676366202145
16733.0,0.6585262700394768
16734.0,0.412770628739545
16735.0,-0.8326612759812131
16736.0,0.12332932561075025
16737.0,-1.3632168561784404
16738.0,-0.6353052238844924
16739.0,-1.7454500974348912
16740.0,-1.6171288241346609
16741.0,-2.26420304830463
16742.0,-1.6866553168620526
16743.0,-0.10430885136043558
16744.0,0.05793920052216158
16745.0,1.5777009665325614
16746.0,-0.3033956646821655
16747.0,1.1401211064230354
16748.0,1.8397229390290717
16749.0,-1.031122938291827
16750.0,-0.38021087828513
16751.0,1.979951985567216
16752.0,0.2650581108067156
16753.0,0.5161428240660613
16754.0,0.037380123343871835
16755.0,0.5497144138071264
16756.0,0.327044193281972
16757.0,-0.1132669783006919
16758.0,0.027673778664313715
16759.0,1.5598219103495359
16760.0,-1.199159759229388
16761.0,-2.5485341494153797
16762.0,0.8505992571854633
16763.0,-0.2603737241112389
16764.0,1.1405429270098542
16765.0,-1.4444221491292957
16766.0,1.5969218487994083
16767.0,0.15450613660424029
16768.0,0.49370222085038556
16769.0,0.2387431848477207
16770.0,-0.6302940851229205
16771.0,-0.1503791968433273
16772.0,0.9359157743006988
16773.0,0.5425760228434044
16774.0,1.9428813243594354
16775.0,0.2318538845609332
16776.0,1.2235229066293412
16777.0,-0.6346157290492607
16778.0,0.2659122274813018
16779.0,-0.41154993114357546
16780.0,0.16042021225063907
16781.0,-0.45236685810578026
16782.0,-0.13200835510463743
16783.0,-1.9228899453925283
16784.0,-0.514380699810178
16785.0,2.3606528175516033
16786.0,0.3273108772193306
16787.0,0.11743651938198099
16788.0,-1.2549650360154432
16789.0,0.34663705160803315
16790.0,-0.632414114372631
16791.0,0.5265709471841954
16792.0,-0.8111707489137739
16793.0,0.4336349036012116
16794.0,-3.065615490547087
16795.0,-2.3362772053647656
16796.0,-0.6763292308114225
16797.0,2.591401741527882
16798.0,0.22546298085037866
16799.0,1.1017087194660122
16800.0,0.9211820292664429
16801.0,-0.9257096302911914
16802.0,-0.6480932225695788
16803.0,-0.1825434512470773
16804.0,0.7030646283788795
16805.0,0.05094463867159273
16806.0,-0.2605252625283652
16807.0,0.2884032174013969
16808.0,-0.5848393834052581
16809.0,-0.3955676315014406
16810.0,-0.4457496603254809
16811.0,-1.6195919840491866
16812.0,1.014846800783534
16813.0,-0.31413415019796037
16814.0,-1.177536760631655
16815.0,-1.2206921249243696
16816.0,1.0017689174416253
16817.0,0.7147538494718567
16818.0,-0.3598974182831562
16819.0,2.0826803559964358
16820.0,-0.23083079429883913
16821.0,0.2071404373012868
16822.0,-1.0014313069846414
16823.0,0.11288544104241356
16824.0,0.4914598802126438
16825.0,0.5819491626246653
16826.0,-1.5240473764210367
16827.0,-0.45559118075735916
16828.0,0.1397246696134733
16829.0,-1.3280622805563713
16830.0,-0.9062880418732165
16831.0,-0.6916267136496225
16832.0,-0.7762853885136012
16833.0,-0.3431010161206486
16834.0,0.4875635894380316
16835.0,0.25887423291361633
16836.0,-0.8353789472032407
16837.0,-0.6837252510614328
16838.0,-0.9615782094363434
16839.0,0.27800534566965535
16840.0,0.9854435223121332
16841.0,0.779919617562329
16842.0,-1.190331476486899
16843.0,0.12937370718284114
16844.0,-1.0435779077806533
16845.0,1.4016231827807535
16846.0,1.8225659235830416
16847.0,0.1599154490910908
16848.0,0.010319674735236524
16849.0,-1.9720420616322862
16850.0,1.5614252327207798
16851.0,-0.4696204891601544
16852.0,0.24047940307177118
16853.0,-0.22584212768213363
16854.0,2.3284225479005323
16855.0,-0.09599688725872146
16856.0,-0.024599595100999298
16857.0,-0.9993919906454473
16858.0,-1.3828621046647878
16859.0,-0.2216390053916003
16860.0,-0.1638618138512836
16861.0,-1.864123280213664
16862.0,0.5067448443624468
16863.0,1.0751734894447553
16864.0,0.018596230172848796
16865.0,1.0835836572777182
16866.0,0.7138952932681013
16867.0,-0.9179339521792996
16868.0,-1.8324123993291492
16869.0,-0.568460687367725
16870.0,0.5950375386275593
16871.0,0.8990633721137508
16872.0,1.0703289925598956
16873.0,1.2572245811993839
16874.0,-2.03551359218687
16875.0,0.5283802803298417
16876.0,-1.8650530750259398
16877.0,0.3405912436218245
16878.0,0.9584782265956256
16879.0,0.5636584307512198
16880.0,0.22609255681389906
16881.0,1.599288531833113
16882.0,-0.9071661615039845
16883.0,-1.4189623320524913
16884.0,1.5038446646755845
16885.0,-2.265638752361651
16886.0,0.5424767454349537
16887.0,0.029271564741369743
16888.0,-0.2571396694502323
16889.0,0.11314415695577441
16890.0,1.262804159458745
16891.0,0.223864795380929
16892.0,-0.6968378386721376
16893.0,0.011041774531390417
16894.0,1.5534596723093943
16895.0,-0.6092550017973513
16896.0,-1.7616273518487457
16897.0,-2.717996922480254
16898.0,0.7232554645566209
16899.0,-1.1045050730057937
16900.0,0.21779298996760174
16901.0,-1.5409915446450286
16902.0,0.6791623769110264
16903.0,-0.8389550209825181
16904.0,-0.6218239712077784
16905.0,0.7491956432937565
16906.0,0.4125982549656422
16907.0,0.2676686132465279
16908.0,1.0727521400161595
16909.0,0.755453395742211
16910.0,-0.5023337638854494
16911.0,-0.09501706803901563
16912.0,-3.0087305614901036
16913.0,-0.19842728248832858
16914.0,-1.2914209613148548
16915.0,0.6557107315039018
16916.0,-0.006841449895787854
16917.0,0.5874419276264099
16918.0,0.6013524547289236
16919.0,-0.4776782116182307
16920.0,0.3860667203019238
16921.0,-0.290506839608809
16922.0,0.2421911022720148
16923.0,-0.3826851365897136
16924.0,-0.2737891280490091
16925.0,0.3907019713247837
16926.0,0.21637125106873198
16927.0,0.03977329341175469
16928.0,0.4001556896481361
16929.0,0.6149115696648518
16930.0,-0.24939895898205597
16931.0,-0.13502851825745432
16932.0,1.5324288272981212
16933.0,0.6639903992964831
16934.0,0.8699454009228763
16935.0,0.7642996275512175
16936.0,-0.20295565677583904
16937.0,1.0623432221627782
16938.0,-0.741013338157462
16939.0,-1.335052759054751
16940.0,-1.2327117674264358
16941.0,0.9681850751350587
16942.0,-0.9011882363486279
16943.0,-0.5413256529695948
16944.0,0.24326293921553796
16945.0,-0.5085978679040555
16946.0,-1.0231463191376855
16947.0,-0.02707011140474584
16948.0,0.9152247746962564
16949.0,-1.604252500372316
16950.0,1.452169045707223
16951.0,1.469530335086127
16952.0,0.29059197382137186
16953.0,1.0786526200567716
16954.0,-0.0031762973623443037
16955.0,-0.15109507631655542
16956.0,-0.8045462747961712
16957.0,-0.4378098246749416
16958.0,0.9695897863545107
16959.0,0.5624575849101625
16960.0,0.4189770414765792
16961.0,0.9163127979552479
16962.0,-0.6272958066169058
16963.0,0.8664424165592868
16964.0,-0.8845840087005032
16965.0,-0.17147866048995705
16966.0,-0.6580941137499708
16967.0,0.18711301575149755
16968.0,0.6777952707310919
16969.0,-0.21129164808493486
16970.0,-0.6975020339536876
16971.0,-1.0301821754952971
16972.0,-0.5019198077810123
16973.0,1.6078820249419665
16974.0,-1.8242102806122622
16975.0,-0.16957262642508086
16976.0,-0.47834262097713137
16977.0,-0.5300721559531909
16978.0,-0.23360918471592995
16979.0,-0.446926459405913
16980.0,-0.6644110769184636
16981.0,0.40126993892324625
16982.0,-0.3470573236203183
16983.0,-0.5674843372763958
16984.0,-0.43361133315671924
16985.0,1.0188022815665794
16986.0,-0.024371568463491262
16987.0,-1.8747253744689139
16988.0,-0.9074556551623564
16989.0,0.21837861600128233
16990.0,1.0199133504019822
16991.0,-0.028129789081189044
16992.0,0.018762224624795217
16993.0,-0.735174398986522
16994.0,0.859728709276685
16995.0,0.7312232988690999
16996.0,-1.3055778519297885
16997.0,0.65207384683322
16998.0,0.9967994763594713
16999.0,0.10244424013611968
17000.0,1.115220557244137
17001.0,-0.04846042889976384
17002.0,1.7047678923749825
17003.0,1.1963629168562842
17004.0,-0.2937098496610406
17005.0,-1.0354266792985145
17006.0,-1.0326988674976727
17007.0,0.7297448833723262
17008.0,1.1749881708031311
17009.0,-0.20697159558376868
17010.0,0.28526632620012643
17011.0,-0.6220954843270468
17012.0,-0.5855931552034819
17013.0,-1.059308880958552
17014.0,-1.7346869929404458
17015.0,-1.2368341074024265
17016.0,0.2590619433499539
17017.0,0.022931306370165615
17018.0,0.2765899642109441
17019.0,-0.3394035083963771
17020.0,-1.5384239602302219
17021.0,0.09689652390619681
17022.0,-0.8615574167886937
17023.0,0.43492019051342573
17024.0,-0.39940692309124687
17025.0,0.3718498970862112
17026.0,1.1352468963649056
17027.0,-0.09835874576235708
17028.0,-0.23450258141950805
17029.0,-0.6069585637024435
17030.0,-0.23969394657721144
17031.0,-0.2804375267555811
17032.0,-1.1617557114194603
17033.0,0.4886017450168534
17034.0,1.2417152289234858
17035.0,-1.1218147668495932
17036.0,0.3184100542441139
17037.0,-0.19830360934781097
17038.0,1.1549636418245504
17039.0,0.9084233297431692
17040.0,-1.2223750436214895
17041.0,0.04161518447357493
17042.0,1.0806280524154923
17043.0,-0.23832616089356648
17044.0,-0.3211026645022276
17045.0,1.2007614343413933
17046.0,2.294138227844601
17047.0,1.8003251128493978
17048.0,-1.439089283079925
17049.0,-0.8236654046246636
17050.0,-0.5312397728018584
17051.0,-0.017338355828336628
17052.0,-0.3117627287102009
17053.0,-0.11143872920728391
17054.0,-0.22090198833996777
17055.0,0.9508743956240626
17056.0,1.2919154732035927
17057.0,0.004359243040741199
17058.0,-0.8152416006846378
17059.0,-0.7408383028048616
17060.0,0.8486917459292552
17061.0,0.37200954327033187
17062.0,-0.7597123459812928
17063.0,-0.49932212036919027
17064.0,-1.1002122850224874
17065.0,-0.0920019772193078
17066.0,0.5511126897251644
17067.0,1.4329338670041356
17068.0,-0.7588198751408317
17069.0,-0.9054448105611119
17070.0,2.311966151827196
17071.0,1.7957313196872118
17072.0,-0.19508068495069825
17073.0,0.0061299042273718
17074.0,-0.3306671541077645
17075.0,1.3205665471103254
17076.0,1.7906735141977108
17077.0,0.0776567603823173
17078.0,0.4831224999965626
17079.0,-1.1203963173850442
17080.0,-1.04368313488843
17081.0,-0.3075318606808674
17082.0,0.8595904069173027
17083.0,0.5285917085120266
17084.0,0.534121684473245
17085.0,-0.17357124084396214
17086.0,1.1498414460137854
17087.0,-0.30174855411101115
17088.0,-1.9792812016844767
17089.0,0.2850249944563845
17090.0,-0.5995630947448044
17091.0,0.024525360704133397
17092.0,1.8261021562077089
17093.0,0.07257400970982308
17094.0,-1.5638383109518228
17095.0,1.0251987969590381
17096.0,0.6297740759938739
17097.0,-0.7034100243997327
17098.0,-0.7260072122194979
17099.0,0.886704352521242
17100.0,-1.0280712129928038
17101.0,0.08216716378593063
17102.0,1.0113896282359558
17103.0,-0.028450107615729938
17104.0,-1.5626546940324553
17105.0,2.3435281948210642
17106.0,0.42730208512364803
17107.0,0.8235151541082433
17108.0,-0.8548696542634826
17109.0,-0.5724100683495321
17110.0,-0.628759142922032
17111.0,1.2708859739566627
17112.0,-0.9767414225218699
17113.0,2.1040037919326235
17114.0,0.49954615157452964
17115.0,-0.52984011855471
17116.0,-0.21727780512807918
17117.0,1.5112326359870447
17118.0,-0.15898313868082195
17119.0,0.5748882431896871
17120.0,-0.03105220599239051
17121.0,0.4659577415428977
17122.0,-0.35783060365152886
17123.0,0.012926480079896168
17124.0,0.5544429920994732
17125.0,0.6126966348547734
17126.0,-0.5360354396941824
17127.0,-1.7740999283806558
17128.0,-0.921880250547106
17129.0,-0.04081689755960583
17130.0,0.61228588916461
17131.0,0.25206589482737973
17132.0,0.06068844063651972
17133.0,0.15417661094889323
17134.0,1.258817668674754
17135.0,-0.3928223161374665
17136.0,-0.46371174574970514
17137.0,1.2370523486716185
17138.0,-0.7319045869663571
17139.0,0.23147367981348269
17140.0,-1.7992949447059996
17141.0,-0.6878704246795493
17142.0,0.021138071612817146
17143.0,-0.9346841590255066
17144.0,-0.6506251253134571
17145.0,0.6563321295340295
17146.0,-0.20008019682179365
17147.0,1.3045615410507814
17148.0,0.6002100728376502
17149.0,-1.5291297996582913
17150.0,0.05709192169877073
17151.0,-0.006675390898457942
17152.0,-1.8387389374832332
17153.0,-0.5869010663903084
17154.0,-0.14621125733616017
17155.0,1.7899460611718614
17156.0,0.19200933042992088
17157.0,0.27616707109846605
17158.0,-0.4341614008623875
17159.0,0.1699284666654235
17160.0,0.23773190627444205
17161.0,0.36066068224593223
17162.0,1.4676206870178747
17163.0,-1.248160990676864
17164.0,-0.2668304924108345
17165.0,-0.02712220461670267
17166.0,-1.020107015368347
17167.0,-1.8386469164579122
17168.0,0.27539171345034025
17169.0,-0.03146558666613635
17170.0,0.7769435714030374
17171.0,0.432134127470332
17172.0,0.599665367705657
17173.0,0.7128739395518394
17174.0,0.6949918962269077
17175.0,-0.7337469558236771
17176.0,-0.4146778853737808
17177.0,0.697641627973539
17178.0,1.0461408294144052
17179.0,-0.6742364210792343
17180.0,0.08651358450077246
17181.0,0.7634974722350064
17182.0,0.4844549196321475
17183.0,-0.3816021043463245
17184.0,-0.8200671375367745
17185.0,-0.6066571581362905
17186.0,-1.538411915474478
17187.0,-1.362467763455204
17188.0,-0.6141553112297684
17189.0,-0.9917459551222186
17190.0,0.14067798109573132
17191.0,-1.3209003624332365
17192.0,1.1640449197268585
17193.0,-0.30444895489354595
17194.0,-1.3646122056281207
17195.0,1.3598537599027924
17196.0,0.15157019839789207
17197.0,0.8204017636837535
17198.0,-0.5742694541504878
17199.0,-0.9653145434464024
17200.0,0.01588455832860057
17201.0,-0.48167260286062347
17202.0,0.6272850588335033
17203.0,0.574682684834119
17204.0,-1.3548755388964804
17205.0,1.6709348035662854
17206.0,0.0398896199940962
17207.0,0.7682802857257428
17208.0,-0.17613749247849875
17209.0,0.1822464428531447
17210.0,0.888291905131094
17211.0,0.13311294680836774
17212.0,0.32085231872409137
17213.0,0.4916873311686124
17214.0,0.5669035825316265
17215.0,-0.07090432947521462
17216.0,-2.1130639562229203
17217.0,-0.5522269709095227
17218.0,0.021043670631987862
17219.0,1.0425498669338764
17220.0,0.7049050792581183
17221.0,-1.6369990625725113
17222.0,0.014544924546859996
17223.0,-0.7033618585902215
17224.0,-0.01034711064473547
17225.0,-0.6255898634535749
17226.0,0.9717245160792657
17227.0,1.552425237578135
17228.0,-0.44540366549540367
17229.0,0.561359172522695
17230.0,-0.1448319181299203
17231.0,0.4607777158732061
17232.0,-1.0514199140515645
17233.0,-1.255106630049909
17234.0,0.8849097066911773
17235.0,0.47270044338026607
17236.0,-0.08342931384142784
17237.0,0.13723529685401836
17238.0,0.3875586202871904
17239.0,0.9089099087759689
17240.0,0.3808755259617255
17241.0,-0.33439602348182024
17242.0,0.8556120680438206
17243.0,0.6292979433905888
17244.0,0.653140100454698
17245.0,0.36286760381004446
17246.0,-0.3011387784516247
17247.0,-0.7238436007211312
17248.0,-0.3340052871618603
17249.0,-0.7779134281419422
17250.0,1.3052440513263082
17251.0,-0.9159311572432104
17252.0,0.7348057266466584
17253.0,-1.0931535350513386
17254.0,-1.8451090553146898
17255.0,0.5925313537782978
17256.0,0.9961334212250844
17257.0,-0.9159532895607877
17258.0,-0.5102171444354505
17259.0,0.9698393480331226
17260.0,1.1264983142544918
17261.0,0.10693233817279083
17262.0,-1.7450050735921547
17263.0,0.6733420959955754
17264.0,0.24436105449476747
17265.0,-1.4666572575534973
17266.0,-1.023533607787861
17267.0,-1.2330278413021492
17268.0,0.8157516984375253
17269.0,-0.27737450552040843
17270.0,0.2652076722957379
17271.0,0.7467863660098172
17272.0,1.0100584682038691
17273.0,1.6319978743242116
17274.0,1.132288829952335
17275.0,0.3096906917336163
17276.0,0.3243560678881194
17277.0,1.512544515875896
17278.0,1.3684625950961207
17279.0,-2.665086796325334
17280.0,0.07836656092931614
17281.0,-0.47086351624579087
17282.0,-0.6028467555784396
17283.0,-0.22623741710751052
17284.0,-1.1298800100729198
17285.0,-0.5535157366647936
17286.0,0.1130656351235421
17287.0,-0.6039918693948623
17288.0,0.7618651476574576
17289.0,1.3844733005700418
17290.0,1.8615750871177827
17291.0,-0.8744807107540333
17292.0,-0.1335907451300073
17293.0,-1.842284780485198
17294.0,-1.3420209663387799
17295.0,0.3307739853774425
17296.0,-0.7322936522364737
17297.0,1.5160459724094617
17298.0,0.9572393308941062
17299.0,-0.14569560197699927
17300.0,-0.13251174750126862
17301.0,0.14873785357318642
17302.0,1.9859234124830907
17303.0,0.12705146284185886
17304.0,0.6067469895641743
17305.0,-1.002103241532893
17306.0,0.6444704916362634
17307.0,0.6781502976790877
17308.0,0.14102202814827214
17309.0,0.13273755550818261
17310.0,0.8887318501207058
17311.0,1.215024217484222
17312.0,0.266142496780416
17313.0,-0.42709052928631036
17314.0,0.24675401793899404
17315.0,1.0669500722240197
17316.0,-0.7731534139894509
17317.0,-0.62374047549052
17318.0,-0.03144293095152186
17319.0,-1.5479849071560885
17320.0,-1.5421696882666651
17321.0,0.017787594133049502
17322.0,-1.1806420901004289
17323.0,-1.0852967767852222
17324.0,0.27488898858412125
17325.0,0.659955650625565
17326.0,0.31126906625594797
17327.0,1.104498033974406
17328.0,2.8683519163796842
17329.0,1.2371405934661062
17330.0,1.5860388457284513
17331.0,0.011686300955784271
17332.0,-0.1034577278952464
17333.0,-0.4204168500009901
17334.0,-0.7201827374759421
17335.0,-1.033803744127156
17336.0,0.7380948903169224
17337.0,0.5493509652471048
17338.0,0.7266643167179839
17339.0,-1.3944906262502677
17340.0,1.2018874541452242
17341.0,1.7014184652946274
17342.0,0.30786901181994764
17343.0,-1.1731771978680887
17344.0,0.8295704231111146
17345.0,0.5365895700022634
17346.0,2.6901578142357376
17347.0,0.379167750372906
17348.0,0.9469122708482359
17349.0,-0.6433842969843396
17350.0,0.5529190577467961
17351.0,-0.10368576140054307
17352.0,-0.9416778314224417
17353.0,0.28560153303959557
17354.0,-0.9082838350922072
17355.0,1.0968675858729775
17356.0,-1.198790795285559
17357.0,0.49977200019844725
17358.0,0.8677569465464199
17359.0,-0.05844939446320805
17360.0,-0.7772544279441732
17361.0,0.4850164650536596
17362.0,-0.31510251910734327
17363.0,0.654979709854113
17364.0,1.0836848722122874
17365.0,-1.2137889962629347
17366.0,1.086592329154003
17367.0,-1.0842906924312123
17368.0,0.33348222339823425
17369.0,0.3603217660283812
17370.0,1.1765198511952197
17371.0,-1.685918898852263
17372.0,-0.9088744201944693
17373.0,0.348489503973261
17374.0,0.3885227353375034
17375.0,-1.9306341054193465
17376.0,-0.17627053716018493
17377.0,-1.2403742114150202
17378.0,0.7441816356383848
17379.0,0.7425415681845546
17380.0,-0.4187078028869911
17381.0,0.8451940847595061
17382.0,0.7298436743719953
17383.0,-0.4010753461175387
17384.0,0.9900710917443506
17385.0,2.5773116508888587
17386.0,-0.9639556285403992
17387.0,0.9125669007208871
17388.0,0.058979780148516854
17389.0,-1.0310016656015568
17390.0,-1.8774060050124146
17391.0,-0.14919521482617246
17392.0,-2.1635534297926533
17393.0,0.8297467067380917
17394.0,1.1293476050334315
17395.0,0.3167026086089366
17396.0,1.5733802350734616
17397.0,0.22910167474529505
17398.0,1.8649499645939105
17399.0,-2.4952361698570273
17400.0,-1.9562681888609688
17401.0,-0.8076365055852093
17402.0,-1.0482564323462176
17403.0,0.30957521207160793
17404.0,0.22702154761042295
17405.0,1.951287648300793
17406.0,0.6401242184823597
17407.0,1.566997117957611
17408.0,-1.1289946008492702
17409.0,1.2349464695850145
17410.0,0.07899063329481255
17411.0,-0.2791006133907282
17412.0,-0.7450326835033513
17413.0,-0.5586920845074272
17414.0,0.5173698500411216
17415.0,-1.8015953405387473
17416.0,-0.13583221203626275
17417.0,0.12569223132468968
17418.0,-0.6929248853798148
17419.0,0.5524175226151088
17420.0,-0.30666409492859914
17421.0,-0.3277298479448092
17422.0,1.171362452457308
17423.0,1.2570991021002929
17424.0,-0.16211992118597254
17425.0,-0.4751379234287489
17426.0,-1.0269597145624887
17427.0,1.620827323422184
17428.0,0.43985871819437405
17429.0,-0.6015261687908295
17430.0,1.1134646709316955
17431.0,0.9706466907761017
17432.0,0.31013911606532146
17433.0,-0.11448894558935306
17434.0,-0.2056426540672084
17435.0,-0.44693941354474026
17436.0,0.22400640016998136
17437.0,2.1745166296114604
17438.0,0.5057182560376418
17439.0,0.020715557869959038
17440.0,-1.1616153723717444
17441.0,0.4553840818925587
17442.0,1.638107838401132
17443.0,-0.902844392220163
17444.0,-0.37828898122832394
17445.0,-0.8589530911055722
17446.0,-1.056404788009266
17447.0,-0.7658582569713066
17448.0,-0.780743159207881
17449.0,-1.021813171870799
17450.0,0.3453020887443429
17451.0,-0.12026239053668501
17452.0,-0.5916678615412496
17453.0,1.1934942693329427
17454.0,1.0001727517447017
17455.0,-0.5532313457635386
17456.0,2.4566327112492545
17457.0,1.9914659812918407
17458.0,1.4867104932769553
17459.0,0.5881256131870553
17460.0,-0.24610962062719907
17461.0,0.951534743175893
17462.0,0.16955355921450857
17463.0,0.9919437808968379
17464.0,0.4888211714142299
17465.0,-0.21581141126773637
17466.0,0.44868658571043885
17467.0,0.18538053298400384
17468.0,-1.614323320363761
17469.0,-0.40522592332693386
17470.0,-0.6006439100254614
17471.0,0.6660101019319337
17472.0,-0.30723731048356423
17473.0,-0.371080124914162
17474.0,-0.35083136452650954
17475.0,-0.5322991163652251
17476.0,0.8262166254727243
17477.0,-0.3843160185061871
17478.0,-0.042381688400839806
17479.0,1.7989177886843148
17480.0,-1.2478718511730666
17481.0,0.3526598464717274
17482.0,0.24086825486273647
17483.0,-0.8220514208613299
17484.0,-2.0340189151992183
17485.0,0.8825252142579167
17486.0,-0.0482586270910541
17487.0,-0.05442624773718443
17488.0,1.2369005697801907
17489.0,0.14594343181753544
17490.0,0.9988630576557487
17491.0,0.7100710362619
17492.0,1.9274025094493874
17493.0,0.2178559482602243
17494.0,-0.8189979694482552
17495.0,-1.376086650100622
17496.0,1.0720470559496589
17497.0,0.7901143497733928
17498.0,-1.378707959827581
17499.0,1.0189518623119167
17500.0,-0.09382833098519597
17501.0,-0.3238220467902393
17502.0,-0.8935012840712073
17503.0,0.36187415246549953
17504.0,-0.11044356865153648
17505.0,1.3655234782284926
17506.0,0.3412852161228431
17507.0,-0.9405575438058928
17508.0,-1.0637055091005105
17509.0,-1.1318177778287803
17510.0,0.6438223892588419
17511.0,0.5247163987706468
17512.0,0.41074756862195394
17513.0,-1.1922178137298571
17514.0,0.09179175098847742
17515.0,0.6529365079934007
17516.0,-1.9276527776803205
17517.0,-0.23692682554139344
17518.0,2.3652847425601307
17519.0,-0.46462390496372724
17520.0,-2.026783665876574
17521.0,1.2470283267700544
17522.0,0.6198369252730637
17523.0,2.084138067617039
17524.0,0.23737337400053077
17525.0,0.6230941711114739
17526.0,2.673489291749355
17527.0,-1.962214683396851
17528.0,0.22396133571374652
17529.0,-0.20028299485375795
17530.0,0.5800904098696585
17531.0,2.5071528022761638
17532.0,-0.3430203833440647
17533.0,-0.5851558810263194
17534.0,-0.32495767397517505
17535.0,-0.6015898095762714
17536.0,1.3439399199883257
17537.0,1.5685473771500524
17538.0,0.06467800292290046
17539.0,-0.7391249609138193
17540.0,1.0535741293473642
17541.0,0.13904474559389368
17542.0,-1.064315357288913
17543.0,-1.2316752638332624
17544.0,-0.5489124453130088
17545.0,-1.0794945308989703
17546.0,0.8957393751766699
17547.0,0.2042914446479197
17548.0,-0.5429005503710838
17549.0,1.1111619085542763
17550.0,-2.1859041964908914
17551.0,1.8583532630342863
17552.0,-0.11008920514273571
17553.0,0.0252950881648959
17554.0,-0.3907057148040863
17555.0,0.7900099949335366
17556.0,1.7450013377324756
17557.0,0.0834901965490514
17558.0,0.32347167927625353
17559.0,-1.3863527472879231
17560.0,-0.18831971684724497
17561.0,-0.21864597799129962
17562.0,0.09107048060030766
17563.0,-0.3573548423138916
17564.0,-0.5054905503578123
17565.0,0.027339401831549568
17566.0,0.8026328142468393
17567.0,-1.0427214239943183
17568.0,0.5382317288568744
17569.0,-1.1292309947771708
17570.0,0.8951191962614744
17571.0,-0.013066861747645046
17572.0,-0.7086852597933688
17573.0,-0.4079540317799862
17574.0,-0.907440942318834
17575.0,2.873168258704916
17576.0,0.0035786099800743727
17577.0,1.2850901564469615
17578.0,1.1024971924631064
17579.0,0.47515655606836404
17580.0,0.4892447221124922
17581.0,0.6988867842555379
17582.0,0.7705714398815212
17583.0,1.1985785294352294
17584.0,1.9054995723501635
17585.0,0.7426205499701012
17586.0,0.42365878033842197
17587.0,-0.7662668759668921
17588.0,0.5108797086980832
17589.0,0.31204750482212307
17590.0,0.8028626033266397
17591.0,-1.3628955353632217
17592.0,-0.7124290279967967
17593.0,1.5275287676371565
17594.0,2.4242924869244553
17595.0,-0.8699244111438069
17596.0,-1.9332862550679082
17597.0,1.6701702031207142
17598.0,0.8526766189201581
17599.0,-0.7341895596036314
17600.0,-1.7954814951817637
17601.0,1.5934253494903399
17602.0,0.11641079217342142
17603.0,-0.5752120311380244
17604.0,-0.17375930322183183
17605.0,1.113961931542657
17606.0,-1.8326103869496708
17607.0,0.47208588375505023
17608.0,1.0407152421738488
17609.0,0.35599553154714814
17610.0,0.34741868266794584
17611.0,-0.5041115328491302
17612.0,-1.5063341216085706
17613.0,-0.2848158605363882
17614.0,1.2951139282461819
17615.0,-0.2715278559329893
17616.0,0.8730411099899045
17617.0,0.9307355275549798
17618.0,0.5380009923779462
17619.0,-1.664735228421344
17620.0,-0.47420120896564677
17621.0,2.7689131245405005
17622.0,-0.8063199397287314
17623.0,-0.39300512107022517
17624.0,-0.7562467168170253
17625.0,0.23863590485664674
17626.0,-0.47487167761687255
17627.0,-1.3264366957074645
17628.0,-1.5710655463251837
17629.0,0.24803828728254235
17630.0,1.0271786163049088
17631.0,-0.32246332496677127
17632.0,-0.6908237111729159
17633.0,0.4532357431325359
17634.0,-0.749128073322939
17635.0,0.032900977486143644
17636.0,-0.0900936826473975
17637.0,2.6653251728726812
17638.0,-0.9073609540781274
17639.0,0.7101074497706871
17640.0,-0.4789647636233344
17641.0,0.5261937943967274
17642.0,-0.2478865650307928
17643.0,-0.945750508173029
17644.0,-0.4350847586887305
17645.0,1.2023452404915926
17646.0,0.001612117837912257
17647.0,0.14319172584791545
17648.0,-0.9355166119424155
17649.0,2.043189283295065
17650.0,0.6603422040711652
17651.0,-0.5398967971645556
17652.0,-1.6786283041500913
17653.0,-1.7339127549943634
17654.0,-0.9409094787949881
17655.0,1.450267566724073
17656.0,-0.849052341352804
17657.0,-0.49099683362577545
17658.0,-1.713256979626497
17659.0,0.4706455794985814
17660.0,-1.0716989423261234
17661.0,-0.5086512418298547
17662.0,-0.09710660121625822
17663.0,-0.1917487125560903
17664.0,0.9524256131788256
17665.0,-0.4600868638614027
17666.0,0.4708237290672092
17667.0,-1.5428518791856667
17668.0,-1.304374800389584
17669.0,0.44148878613989084
17670.0,1.5704728046769456
17671.0,2.9256705223681223
17672.0,-0.5615944197560353
17673.0,-2.4926412215371627
17674.0,-0.9695036651494989
17675.0,-1.0074266151873712
17676.0,-1.0489695885481924
17677.0,-1.5166634305035491
17678.0,-0.6600231126698962
17679.0,0.8169927674093409
17680.0,-2.6469238637377726
17681.0,2.6965181461418255
17682.0,0.0819877048714806
17683.0,-2.1656251452707855
17684.0,-1.1817760398549697
17685.0,0.6358027763775813
17686.0,0.8427619041979529
17687.0,1.0690586242592286
17688.0,0.12744056738142587
17689.0,-1.1723070492187082
17690.0,0.032559045737683555
17691.0,0.6415031868665846
17692.0,0.9786487297851796
17693.0,0.12752816221731722
17694.0,-0.7670956852534113
17695.0,1.3874591804358665
17696.0,0.609418389142386
17697.0,-0.5599115206636944
17698.0,0.35233383328353207
17699.0,-0.8226635031395522
17700.0,-0.23756258048338882
17701.0,0.37399996165227095
17702.0,-0.7434380222042111
17703.0,-1.4940559170294088
17704.0,0.9092950202180369
17705.0,-0.2615573828868687
17706.0,0.9319069414520229
17707.0,0.15200659715035839
17708.0,-0.0279713349394817
17709.0,-0.45222371027556346
17710.0,0.17505459467103693
17711.0,0.007264368823923274
17712.0,-2.4813105236849156
17713.0,-0.4466232573244959
17714.0,-0.07977313398275211
17715.0,-0.3503586394476416
17716.0,-0.8541203245265561
17717.0,0.0010767957873406995
17718.0,-1.0539323690257625
17719.0,-0.36405541843333405
17720.0,-0.15694989972047782
17721.0,-1.6561033457050072
17722.0,0.20558385804209275
17723.0,-0.7784781239179585
17724.0,0.4654118060145528
17725.0,1.047779059594717
17726.0,0.11639554819099558
17727.0,1.0566182174478993
17728.0,-0.8942844908675448
17729.0,-0.5396239875715081
17730.0,-0.25036911739321355
17731.0,1.3261399479267983
17732.0,0.05147725045993679
17733.0,1.4461409512876822
17734.0,1.1493497323628978
17735.0,1.827092795281523
17736.0,-1.8981042232603704
17737.0,-0.8704694141596404
17738.0,-0.8129779832793428
17739.0,1.6271528504092105
17740.0,-0.7147286426744238
17741.0,-0.035584953088695415
17742.0,-1.110098974931825
17743.0,0.3228203085420089
17744.0,-0.864831649951234
17745.0,1.1185691335831391
17746.0,0.9841159363215415
17747.0,-0.9632015439164775
17748.0,0.7385297240755713
17749.0,-1.463188567054251
17750.0,-1.6334210121430022
17751.0,-0.6131611187130589
17752.0,-0.6125725491548056
17753.0,-0.9627808413797985
17754.0,0.6540426030988646
17755.0,-0.8956585776735884
17756.0,-0.8867951653593711
17757.0,0.7510235634708161
17758.0,1.655197591642109
17759.0,-0.19168792895697073
17760.0,-0.6097126046445699
17761.0,1.551819475724401
17762.0,-0.27827309320571497
17763.0,1.5654191792487535
17764.0,0.9573578351642431
17765.0,0.5694670956191016
17766.0,0.98725726466816
17767.0,1.1418400163816413
17768.0,-1.75409305794854
17769.0,1.5136198694884722
17770.0,0.25552841100206314
17771.0,1.1420425535850827
17772.0,1.794051160623203
17773.0,-1.12224264792626
17774.0,0.03115138788442745
17775.0,-1.7198819464799595
17776.0,-1.5388854713923985
17777.0,-1.2137502830985452
17778.0,-0.6397541884692103
17779.0,-0.8397186466099577
17780.0,-0.8894189819547971
17781.0,0.29381420621623977
17782.0,-1.1976501095575436
17783.0,-1.105146077261076
17784.0,0.07232469448467035
17785.0,-1.1002476316536143
17786.0,0.28502604565274925
17787.0,-0.9023001133355446
17788.0,-3.20192273482244
17789.0,0.8942189322754674
17790.0,-0.40389926280235183
17791.0,0.5521552095445245
17792.0,-1.0569613694901379
17793.0,-0.34300443842566053
17794.0,-0.4867642723420194
17795.0,-0.012495327830275649
17796.0,-0.1410402917219956
17797.0,0.15794126498119146
17798.0,-0.21668185567768017
17799.0,-0.2851867103373966
17800.0,0.07701340465978516
17801.0,-0.28895192070205106
17802.0,1.5595080315105798
17803.0,0.594302989123788
17804.0,0.9215065656623201
17805.0,0.9985481859313058
17806.0,1.291395162910368
17807.0,-0.23281514495633102
17808.0,-0.13069895091381153
17809.0,0.1100013367774718
17810.0,-0.7482941130782543
17811.0,1.030141567012906
17812.0,-2.1314661324755475
17813.0,0.12893552825564333
17814.0,0.9277541236674123
17815.0,-0.8099213631313216
17816.0,-0.3259068890980085
17817.0,1.05189061626876
17818.0,-0.05868085417515943
17819.0,-0.7366197988663361
17820.0,0.5057171524054647
17821.0,1.4563126872686558
17822.0,-0.43084479529272157
17823.0,-0.17488491012341614
17824.0,-0.1740039607794799
17825.0,1.2280325419340778
17826.0,1.5510970091103016
17827.0,-1.5183747552310716
17828.0,-1.0689205942920053
17829.0,1.0823285672064844
17830.0,0.2532349184973247
17831.0,-1.2699093214941597
17832.0,1.3531250857354382
17833.0,0.015365355101639366
17834.0,1.3614470798862839
17835.0,-0.16186366859789772
17836.0,-0.13659498322783967
17837.0,2.0578991250424803
17838.0,-1.2564606603899042
17839.0,1.3663638462242496
17840.0,-0.8662188937954327
17841.0,-0.5574657951565813
17842.0,-1.7869237225586492
17843.0,2.285264630888203
17844.0,0.7869473797725628
17845.0,0.08327629966942478
17846.0,1.3968003207105373
17847.0,-1.9756972067628609
17848.0,-0.25988518516955755
17849.0,-0.20017004902787583
17850.0,0.6454321208697453
17851.0,1.602904643678021
17852.0,-2.092194991741107
17853.0,2.6411974529626754
17854.0,-0.8015262300995651
17855.0,-0.9616855349647794
17856.0,-0.015670647819482048
17857.0,0.39805457229774577
17858.0,0.033307178123457334
17859.0,0.551177321206919
17860.0,2.961065834773832
17861.0,-0.7059158764388831
17862.0,0.6061490222213478
17863.0,0.7396013590688801
17864.0,0.2773190214373755
17865.0,-0.37036090523993187
17866.0,0.0994169680227989
17867.0,0.2771588788765271
17868.0,-0.8266965542864573
17869.0,0.4252105799671279
17870.0,0.720094921051239
17871.0,-1.6944121548834679
17872.0,0.3681558899309233
17873.0,-0.5097266806597682
17874.0,-1.3529879165196235
17875.0,-2.0159870231550414
17876.0,-0.3264143098927502
17877.0,0.8041810446476954
17878.0,-0.2329256980839439
17879.0,0.30273199589782496
17880.0,0.08755946220958066
17881.0,-2.163312137392166
17882.0,-0.016109292217630324
17883.0,0.5176207009828631
17884.0,1.0737150902120005
17885.0,-0.36440057329493875
17886.0,1.3406357562427642
17887.0,-1.5160369142135637
17888.0,0.27538400430128523
17889.0,-0.901851773845473
17890.0,-0.41551267192883173
17891.0,-0.8303106355395832
17892.0,0.3868550500500504
17893.0,-0.44032983296339023
17894.0,-0.22795532178998193
17895.0,0.1741749803558103
17896.0,0.5024549215053873
17897.0,0.3472847851184771
17898.0,2.318278686799396
17899.0,-0.5630635946911118
17900.0,0.2875944446278354
17901.0,-0.3359536548391843
17902.0,-1.3291432904714968
17903.0,0.9970594748089041
17904.0,-0.5512347880388191
17905.0,-0.1339342691231824
17906.0,-0.6010121004501511
17907.0,2.597838557538523
17908.0,0.3666994575895435
17909.0,-1.6938817072806296
17910.0,-1.1796124102629144
17911.0,2.0442117987681367
17912.0,0.14258304651494735
17913.0,0.29960776892457186
17914.0,1.2658232534113831
17915.0,-2.399723211827996
17916.0,0.9371164621997264
17917.0,0.2647068569797822
17918.0,-0.2691817951254286
17919.0,-1.2548700289271282
17920.0,-1.4667760017821494
17921.0,1.1943907833323248
17922.0,-0.703737781868295
17923.0,0.7054481008928937
17924.0,-1.2898137474425682
17925.0,0.71879622119406
17926.0,0.06430865548977695
17927.0,0.31256745159258637
17928.0,0.2862213596136576
17929.0,0.5476590506177245
17930.0,0.5097133513314372
17931.0,-0.15167800044284446
17932.0,-0.5546049095928749
17933.0,1.121227490824831
17934.0,1.177553900422646
17935.0,-0.297970246981943
17936.0,-0.5371751237844952
17937.0,1.56622504466001
17938.0,0.5710330649989199
17939.0,0.09626220785395372
17940.0,-0.2484003474765221
17941.0,-1.5977565148082442
17942.0,1.313075004416298
17943.0,-0.037701591335912
17944.0,-1.8173640125036972
17945.0,0.3232304920804023
17946.0,0.4974844942048575
17947.0,-0.3320671769349969
17948.0,-0.8497205021992917
17949.0,-0.47100741244251904
17950.0,-0.7268168839018043
17951.0,0.27067579628844385
17952.0,0.4824250019818842
17953.0,1.0054999286394581
17954.0,0.8572880443683187
17955.0,0.34578632737331094
17956.0,-0.8504142653861125
17957.0,0.29361330788854206
17958.0,0.1910052428557126
17959.0,-3.61367984351186
17960.0,-0.9870304392385545
17961.0,-2.3104988389712857
17962.0,-0.11593202620929557
17963.0,0.3021810770595468
17964.0,-0.05707550836314692
17965.0,-0.1653700930085673
17966.0,-1.2428502997852289
17967.0,-0.6122352293478017
17968.0,-0.15315315428165874
17969.0,1.100405034359683
17970.0,0.23275204438887154
17971.0,-1.7927136915684918
17972.0,1.973205412703572
17973.0,0.4547913758633984
17974.0,0.864980436756579
17975.0,-0.8537753561128425
17976.0,0.5372336915195692
17977.0,-0.27480416513776856
17978.0,1.9988616460810538
17979.0,-0.2946131381815958
17980.0,1.5708065829322173
17981.0,0.966145371038571
17982.0,-0.09063654090461966
17983.0,-1.0444225349811889
17984.0,-1.939814857971874
17985.0,0.24564437306106796
17986.0,1.1807474964807965
17987.0,0.3889522919356479
17988.0,-1.3169498700699998
17989.0,-1.0954528221078734
17990.0,1.3486601448675746
17991.0,-0.027336769066151203
17992.0,-0.2955414391456939
17993.0,1.3499259075710142
17994.0,0.6588653402002853
17995.0,-0.4395163834318594
17996.0,-0.06013119605489177
17997.0,-0.9395880141385876
17998.0,0.5560521499431799
17999.0,-0.42877634785164737
18000.0,0.3051953072510126
18001.0,0.43430905861075403
18002.0,1.127502685073748
18003.0,1.4783748830570917
18004.0,0.70175792652377
18005.0,-0.5576502814312555
18006.0,0.8093522625781538
18007.0,0.624064531495784
18008.0,1.2788829865612967
18009.0,0.8395800498998479
18010.0,-0.127590164905299
18011.0,0.3059671693389593
18012.0,0.4864815162377137
18013.0,0.35205777624090756
18014.0,0.6798388527678093
18015.0,-0.28419265683890044
18016.0,0.03694545252534838
18017.0,-1.029233157631604
18018.0,0.2973295888220081
18019.0,-0.9914767531565559
18020.0,-0.9499542453330575
18021.0,-1.291545459793154
18022.0,0.09192838436920502
18023.0,0.5870263750918132
18024.0,0.8305781167350328
18025.0,0.9061256996506405
18026.0,0.7171393869226526
18027.0,-1.2900359929648297
18028.0,0.9849036185460468
18029.0,0.4267421609792391
18030.0,0.16270678486628928
18031.0,0.12684512593827496
18032.0,-1.2274571918129924
18033.0,0.9015913493084048
18034.0,0.434746592951092
18035.0,-0.44821311051581136
18036.0,-0.28505535885748867
18037.0,-0.7330709135752617
18038.0,1.253532616374501
18039.0,1.0654023748645618
18040.0,1.162795702535756
18041.0,-0.8661412177079542
18042.0,-0.6034930479010232
18043.0,-0.0763849634778619
18044.0,-0.9826747984854122
18045.0,-2.113344398111579
18046.0,-2.4800970902110735
18047.0,1.1627037667971547
18048.0,-0.37122801109396153
18049.0,0.16511626467716023
18050.0,0.16622520001360558
18051.0,-1.0198571603230284
18052.0,-1.582451532277667
18053.0,-1.411445526002345
18054.0,-0.30130951357130337
18055.0,1.6478367560677134
18056.0,-0.07947711203544369
18057.0,0.7723659905690351
18058.0,1.2489807583558565
18059.0,0.6772260438375751
18060.0,-1.0723255660371112
18061.0,0.5901639768454933
18062.0,-1.5899290401303419
18063.0,1.7516458774201733
18064.0,0.08295666866068444
18065.0,-1.286402442157056
18066.0,0.056257295830101785
18067.0,-0.8570964167848343
18068.0,0.3008415015011613
18069.0,-1.1362090278105519
18070.0,0.6963328952581423
18071.0,-0.8891360629001444
18072.0,-1.352763784277625
18073.0,-0.09358545919259455
18074.0,1.392130313680735
18075.0,-0.3328871609465885
18076.0,-0.28306360221423876
18077.0,-0.9837468314041603
18078.0,2.0110650713307514
18079.0,-1.6207520458412112
18080.0,1.835891420887519
18081.0,0.8712374318954691
18082.0,1.4173047129519702
18083.0,2.1492111817382016
18084.0,-0.5906887366716412
18085.0,0.5134993786352282
18086.0,0.39625585388622114
18087.0,-0.20105705480008376
18088.0,1.55239497285305
18089.0,-1.5457203540461115
18090.0,0.37000966822015124
18091.0,-0.025788616949777656
18092.0,-1.049339771565154
18093.0,-0.8024336549568805
18094.0,0.24245808124801285
18095.0,-0.41323960571170454
18096.0,-0.7155135098931731
18097.0,-0.885722475735254
18098.0,1.127621989519577
18099.0,0.3847657387741117
18100.0,-0.6634827385683155
18101.0,-0.19669188886110922
18102.0,0.23295229089983369
18103.0,-1.028624335124017
18104.0,-1.5035913944735857
18105.0,0.18133297135547646
18106.0,0.5293938220984699
18107.0,1.0395416987549875
18108.0,0.19475026837911177
18109.0,-1.732704379275535
18110.0,-0.7195413531983074
18111.0,-0.6999976675135531
18112.0,1.0271999751517897
18113.0,-0.10507338597767535
18114.0,-1.7053768476824707
18115.0,1.163683708198277
18116.0,0.6909765597485635
18117.0,-0.6380413008404151
18118.0,0.1668167312719721
18119.0,-0.5753198047584677
18120.0,-0.8475791926127771
18121.0,0.03858728127263749
18122.0,1.261438942571505
18123.0,-0.006886073286990539
18124.0,-0.5313988350746188
18125.0,-0.3027475038178004
18126.0,0.8259684633620876
18127.0,-0.1827417890875798
18128.0,1.2883871461130305
18129.0,-2.060797205279354
18130.0,-1.564555765957979
18131.0,1.4833026766330957
18132.0,1.1980720574519061
18133.0,-1.0615136504799665
18134.0,3.034498060504569
18135.0,2.1146417052476045
18136.0,0.9953192718645341
18137.0,0.39236071564297276
18138.0,-0.4638670334797382
18139.0,-1.08036335981519
18140.0,0.8542628594865609
18141.0,-1.7272974007045905
18142.0,-0.6329344111302172
18143.0,-0.9187085803809896
18144.0,0.03834096139891859
18145.0,0.15355122500191068
18146.0,1.1687938370978905
18147.0,1.1358680847005542
18148.0,1.1541484670294841
18149.0,0.600310128556973
18150.0,0.8928682396262202
18151.0,-0.4239684925243719
18152.0,-0.3412665194513451
18153.0,0.2747919162829933
18154.0,-0.8568702593378662
18155.0,0.7155017508946163
18156.0,-1.9908169246208118
18157.0,1.8292735029681106
18158.0,1.0119595620650792
18159.0,-0.32970662312570576
18160.0,-0.10115222368407895
18161.0,-1.5921759909315298
18162.0,-1.1614437424476216
18163.0,-0.2650517602029913
18164.0,0.47611238350435947
18165.0,0.5427080610754736
18166.0,-0.31168898111776855
18167.0,-1.196351598040329
18168.0,-0.12482313229463049
18169.0,0.2242807430281419
18170.0,1.3184869104964878
18171.0,-0.3413787631735973
18172.0,1.6980547485415216
18173.0,0.5704921578569195
18174.0,2.0189040967381575
18175.0,-0.5870091406442816
18176.0,1.3929500238414445
18177.0,0.17812216151018054
18178.0,-0.007215142512534614
18179.0,1.0864529417131232
18180.0,0.41902838877782445
18181.0,-1.3331776565171374
18182.0,-0.4598401740498454
18183.0,-2.641341098400246
18184.0,0.47409075792692745
18185.0,-1.2129493075609452
18186.0,0.004220292611657333
18187.0,-0.5087464805180382
18188.0,1.0958556902553023
18189.0,0.9536547443278203
18190.0,-1.1067382709385887
18191.0,1.6525864032413158
18192.0,-0.8163810768065181
18193.0,-1.5578580626821825
18194.0,-0.2353914243889855
18195.0,0.15378348056555494
18196.0,-0.5583120455458097
18197.0,0.2335561747599602
18198.0,0.7508364973481975
18199.0,-1.1261647482018378
18200.0,0.1538004718837078
18201.0,0.4349274081213042
18202.0,0.2917857685899674
18203.0,-0.9202117514238379
18204.0,-0.7376130526022084
18205.0,-0.8933829477386771
18206.0,0.2017946774901247
18207.0,1.817609541029352
18208.0,-1.51063491620594
18209.0,0.9932918716347418
18210.0,-0.12883398926569553
18211.0,-0.03527154779822897
18212.0,-0.7332277342085167
18213.0,-2.457976506538786
18214.0,0.6785316569727463
18215.0,-0.11016960005096381
18216.0,-1.0669682481348977
18217.0,0.32004465638316076
18218.0,-1.2535235315051099
18219.0,0.03970325319502802
18220.0,-0.025872546729755745
18221.0,0.15881556303590194
18222.0,0.032666003077001876
18223.0,-0.2550137425987695
18224.0,-0.5942986045823092
18225.0,1.9023369076330585
18226.0,0.1969697683743079
18227.0,0.12543292665000363
18228.0,1.932705986954626
18229.0,1.1426416395066397
18230.0,-1.0979946677222443
18231.0,0.1886734595566389
18232.0,0.666997771213794
18233.0,2.1548527146199556
18234.0,2.0061642245954685
18235.0,0.923346564175739
18236.0,-1.5926967603545654
18237.0,0.12495896117981468
18238.0,0.49714001828772236
18239.0,0.05527031569567984
18240.0,-1.244057106986123
18241.0,-1.112684329145516
18242.0,-0.4755517864791725
18243.0,-0.028824386080669652
18244.0,-0.041919097567990206
18245.0,-0.78733576102005
18246.0,-1.1482927729156163
18247.0,-0.04654786043054315
18248.0,0.5492711183631597
18249.0,1.3828389123585496
18250.0,-0.01994690620138562
18251.0,1.409247141827262
18252.0,-0.827520973776657
18253.0,0.7734777163475117
18254.0,0.2867141913299702
18255.0,-1.0061202187435823
18256.0,-0.22351623036851723
18257.0,0.8260016018773769
18258.0,-0.08749990955655743
18259.0,0.6563792863589292
18260.0,2.2156602250958715
18261.0,-0.16051553683486142
18262.0,0.12451042232745205
18263.0,-0.005576858235080545
18264.0,-0.03647919005034465
18265.0,-0.6303609092875393
18266.0,-1.0883186049071107
18267.0,-0.2742158283933839
18268.0,-0.4762137614681876
18269.0,-0.05004367122617234
18270.0,-0.12063856076933045
18271.0,-0.15573588305946184
18272.0,0.5298299731896965
18273.0,1.219595490178448
18274.0,0.12044779811855165
18275.0,0.6443628656846899
18276.0,-0.7521710665764063
18277.0,-2.4153236926709027
18278.0,-0.14809039053989323
18279.0,-0.40600153627215063
18280.0,-1.96171974174364
18281.0,2.2627796802041056
18282.0,1.1751322714979977
18283.0,-1.1812102444159698
18284.0,0.9143799606296557
18285.0,0.7006705400202676
18286.0,-2.414334284452653
18287.0,-0.27847525014323626
18288.0,1.304690721105846
18289.0,-0.8453876421088912
18290.0,1.7899016454672803
18291.0,0.9371744956369696
18292.0,-0.10448078701461108
18293.0,-0.6773070261073864
18294.0,-0.5196163895379922
18295.0,0.06036909308881103
18296.0,-0.2940048593970651
18297.0,0.07367956102996577
18298.0,0.15272633856619594
18299.0,0.6061200205175598
18300.0,0.13701550041041255
18301.0,0.47401659431889065
18302.0,-0.1011945423114478
18303.0,1.5904994442730402
18304.0,0.49712577825799115
18305.0,-0.39151067211796714
18306.0,1.3442406968440663
18307.0,-0.6481256496898453
18308.0,-0.27395367177113317
18309.0,0.5393829375513848
18310.0,-0.6694797203058915
18311.0,1.1958687372571517
18312.0,-0.9326998035789451
18313.0,-0.23196632427949757
18314.0,-1.3493329333014688
18315.0,-0.7370971711745142
18316.0,0.2796972635905612
18317.0,-0.45566233272443285
18318.0,0.0430477996207387
18319.0,0.7776479546408779
18320.0,0.8612253326883018
18321.0,1.3492327133358095
18322.0,1.523280831534821
18323.0,1.4948774363488375
18324.0,0.7718986591401039
18325.0,0.9419438544321687
18326.0,-0.8548784219941216
18327.0,-0.9504343935262769
18328.0,0.3583197402122401
18329.0,-0.19417136047644276
18330.0,1.5870159000147595
18331.0,1.1861781237631235
18332.0,-1.5771761671866071
18333.0,-0.8736021809798917
18334.0,-0.7458202832101575
18335.0,0.48827508680903214
18336.0,0.582746062894444
18337.0,0.09361495207895577
18338.0,0.759830916409223
18339.0,-0.29255299199696055
18340.0,0.01128068181982879
18341.0,-0.37800987141012143
18342.0,-0.6029431412502823
18343.0,-0.020920293839636086
18344.0,-0.8811950386361328
18345.0,2.1159063641813356
18346.0,-1.5685598880713438
18347.0,1.7753310731574017
18348.0,0.45814002032934514
18349.0,1.3680249777932694
18350.0,-0.18608050958107902
18351.0,-1.1276923118581592
18352.0,-1.2367208580441278
18353.0,-0.7908909324770033
18354.0,-0.9904408814221273
18355.0,0.8010714377119649
18356.0,-0.009770087866126194
18357.0,-0.002994635530593244
18358.0,2.3609460543896184
18359.0,1.702492428555843
18360.0,-0.9339959862339406
18361.0,0.43184066120107767
18362.0,1.5445099029564235
18363.0,2.5307339175479253
18364.0,-2.2312594313102867
18365.0,-1.5324901703076959
18366.0,0.8000424008814518
18367.0,0.6275403118668583
18368.0,-0.7885020512689742
18369.0,-1.681788153305752
18370.0,-0.08892664095914088
18371.0,-0.8699560836169588
18372.0,0.5516251751887618
18373.0,-0.6516833683233401
18374.0,-0.08729405380565859
18375.0,0.38872810281871417
18376.0,-0.6254937462514916
18377.0,1.1243058640165484
18378.0,0.3685732864468333
18379.0,0.7306877947021063
18380.0,-0.5024084833796293
18381.0,-0.5818097043680559
18382.0,0.34348980527607886
18383.0,0.45103151181483864
18384.0,0.47944237310483834
18385.0,-1.6654363541225863
18386.0,1.8276044124733597
18387.0,-3.9051433074704525
18388.0,0.6808590934988836
18389.0,-1.5049105945488992
18390.0,1.3377901013581803
18391.0,2.2269037683327646
18392.0,0.7264441017469746
18393.0,-0.17971470290739747
18394.0,0.9389604332117585
18395.0,0.18279390448077462
18396.0,0.11520539096101237
18397.0,0.555560540290956
18398.0,-0.26275942440188754
18399.0,0.6042244070061344
18400.0,0.7332083109478069
18401.0,0.8450523819825719
18402.0,-0.4471145955313192
18403.0,0.037525841687022526
18404.0,-0.20859821118731214
18405.0,-1.897941318545458
18406.0,-0.23629591409354653
18407.0,0.20254402249371567
18408.0,-1.625982255672085
18409.0,1.1788723964780063
18410.0,-0.16545945146536872
18411.0,-0.4458772899567286
18412.0,-0.39719341140166764
18413.0,-0.3338376712929106
18414.0,-0.8513833936065024
18415.0,2.2431912361353024
18416.0,-1.1193899835132746
18417.0,-0.6404737821214216
18418.0,1.3921200342083249
18419.0,-2.372833371790626
18420.0,0.4325993451104777
18421.0,0.5830227337177528
18422.0,-0.4589259331821003
18423.0,-0.32811395330397414
18424.0,0.9474729557987652
18425.0,1.5005220159695394
18426.0,-1.7474716709136289
18427.0,0.04148601227875823
18428.0,-0.481762794092505
18429.0,-0.3687106393207206
18430.0,1.5642437178115034
18431.0,0.5052825109190743
18432.0,-0.18929872381620105
18433.0,-1.4243640805697155
18434.0,1.599822084783198
18435.0,-1.2817189815871792
18436.0,0.4242628356257767
18437.0,0.9029739746431708
18438.0,-1.119568135703773
18439.0,2.682462010369393
18440.0,-1.5737190822691598
18441.0,-1.210636683931945
18442.0,-0.3685799352588097
18443.0,0.6074855403270978
18444.0,-0.36476764390739497
18445.0,-0.060050806217276896
18446.0,-1.9031705130918772
18447.0,-0.6718450088439677
18448.0,0.22182281287562974
18449.0,-1.2946192328596835
18450.0,-0.6311165233904259
18451.0,-0.18999029404771642
18452.0,1.1048038196478778
18453.0,-0.07821627288189521
18454.0,-0.05356617548018848
18455.0,-0.6125869971353545
18456.0,-0.2772922929408648
18457.0,-0.2790229740552516
18458.0,0.45541790973213453
18459.0,0.9358511116433555
18460.0,-1.1082089696198008
18461.0,-1.1379701788658232
18462.0,0.948692758741457
18463.0,0.017453384269562274
18464.0,0.20529556526360765
18465.0,0.17870657616613855
18466.0,-1.977420121794714
18467.0,0.020597211327143747
18468.0,-0.05018417125190039
18469.0,-0.49036546654725827
18470.0,0.0170901213587871
18471.0,-0.8863298362101029
18472.0,-1.522334627524769
18473.0,1.9875774406951543
18474.0,1.0530326892010526
18475.0,1.9779952096311366
18476.0,-0.3098802004311972
18477.0,0.6911951638202724
18478.0,-2.0738263699821253
18479.0,-0.8249007918748503
18480.0,1.3933836175871708
18481.0,0.14880153608234667
18482.0,-0.08521359097865758
18483.0,-0.31647376024312823
18484.0,0.667234652884246
18485.0,-0.062403157142570914
18486.0,2.5198346696752836
18487.0,-0.2432191984241832
18488.0,-1.6667220080929785
18489.0,-1.47512243438097
18490.0,-0.2916562370183181
18491.0,1.864204273097175
18492.0,-0.004110594875664626
18493.0,1.6914868234591787
18494.0,0.25105744300143723
18495.0,-1.0907172107575915
18496.0,0.7838686683322521
18497.0,-0.12556163053713282
18498.0,0.12577102910158958
18499.0,0.49707281117888485
18500.0,-0.8600949396277371
18501.0,0.3591345289915173
18502.0,0.20648647111315477
18503.0,0.3657783607596858
18504.0,-0.8448155952674961
18505.0,-0.2963513352837166
18506.0,-0.0902711599545234
18507.0,-0.545612185942102
18508.0,-0.4283897843892555
18509.0,0.09599138371530552
18510.0,0.8072635009300929
18511.0,-0.06734519036335121
18512.0,-0.511228134094723
18513.0,-0.5157943162421179
18514.0,-0.33410453167650495
18515.0,0.03991789170488395
18516.0,-1.3423507586096648
18517.0,-0.6677675642238582
18518.0,0.2523146094734735
18519.0,-0.24044436783603684
18520.0,0.050950429149569314
18521.0,0.829497545364862
18522.0,-0.4447182818589515
18523.0,-0.04614074613993229
18524.0,-1.4425366638324315
18525.0,0.48302543983725726
18526.0,-0.8488612162185994
18527.0,-0.15239064839124397
18528.0,-1.5480414883341274
18529.0,-1.299237447344582
18530.0,0.2229029017240281
18531.0,-0.7944890125748278
18532.0,-0.9668724199134262
18533.0,1.5478494390467854
18534.0,-1.138344171461641
18535.0,0.1702607086504365
18536.0,1.0108655400898672
18537.0,1.8642328097119834
18538.0,-0.054842423297867995
18539.0,0.3522181767545926
18540.0,1.0754738726307944
18541.0,-1.1630565696967694
18542.0,-0.8254298655875768
18543.0,1.0781857218816067
18544.0,-0.5693930692404146
18545.0,-0.31401627046966457
18546.0,-0.6908998628269976
18547.0,0.9620696294998247
18548.0,-2.3614753426828385
18549.0,1.448504716884842
18550.0,-1.499084168941337
18551.0,0.4298861001424255
18552.0,0.47922444798489794
18553.0,0.2986368021473155
18554.0,-0.13612673668283204
18555.0,-0.17255667498068808
18556.0,-2.405432509801741
18557.0,2.18615194278796
18558.0,-0.6998575001013577
18559.0,-0.2574758665109788
18560.0,-0.22549333758308496
18561.0,-0.46057148317476404
18562.0,0.7605582065109773
18563.0,-0.9391742216441826
18564.0,-0.9509811181563493
18565.0,0.21948195275928092
18566.0,-1.2688843459908659
18567.0,-0.36041949433275683
18568.0,-1.570301979321036
18569.0,-0.1382283889787993
18570.0,0.3732023178540701
18571.0,0.7380374603248463
18572.0,1.2491317246227214
18573.0,-1.8980158866892587
18574.0,-0.6250141310955734
18575.0,0.5039591090362955
18576.0,-2.5062178335211245
18577.0,-0.47166084449041634
18578.0,-0.35583947493903456
18579.0,1.4178916264131305
18580.0,0.3314967278875269
18581.0,0.10006637774654156
18582.0,2.7727509881195602
18583.0,-0.6329334999606964
18584.0,-2.0258427887564077
18585.0,0.30855349745201116
18586.0,-0.0703729943323636
18587.0,1.5134235639126796
18588.0,1.607944232813056
18589.0,0.49805271609218255
18590.0,1.2657039354006752
18591.0,-0.4019069077915556
18592.0,0.8441360622243499
18593.0,0.37597465251681605
18594.0,1.8059265128024544
18595.0,1.277528106122547
18596.0,0.7748855414058834
18597.0,-0.916169468031374
18598.0,0.5889051502929562
18599.0,0.36808102721511776
18600.0,0.8283063103528167
18601.0,2.591173260145545
18602.0,-1.5294717431685518
18603.0,-0.5546935978644123
18604.0,-1.2761346343623468
18605.0,-0.9337438964085955
18606.0,-0.2554879868689169
18607.0,-1.110388441106158
18608.0,-0.8779449415794811
18609.0,0.7717168167220811
18610.0,0.2007460557810044
18611.0,-1.8482552849794782
18612.0,-0.21708737508078366
18613.0,-0.21226448213203905
18614.0,0.6420185497724319
18615.0,-0.6625189451139639
18616.0,-0.642586200279613
18617.0,-0.6479128349175222
18618.0,-0.6478438524841953
18619.0,0.6259679136599625
18620.0,-1.0462102890406846
18621.0,0.9059051197620362
18622.0,-0.4638498384557506
18623.0,-0.42851015046565494
18624.0,-0.374040737233906
18625.0,1.3834758332373847
18626.0,2.1977708995152447
18627.0,-0.5749332921128905
18628.0,1.3514781449825384
18629.0,0.6282813653202778
18630.0,0.06303850645935644
18631.0,-0.19011666227778534
18632.0,-0.29355455732491786
18633.0,0.739610416639609
18634.0,-1.1204330161603282
18635.0,0.19951470213099295
18636.0,0.3036436114978583
18637.0,-0.6829260050889445
18638.0,-0.2211679020092443
18639.0,-1.9922437866387415
18640.0,-1.0246536547965277
18641.0,0.2574925237687275
18642.0,0.3172835705941997
18643.0,-0.1995747107383004
18644.0,1.9207011848233264
18645.0,0.16266630418586325
18646.0,1.0844943259840325
18647.0,-0.9725802198484799
18648.0,0.5397502487640043
18649.0,0.5011881311579927
18650.0,0.47429644278356103
18651.0,-0.3723834509633024
18652.0,0.5637534549596808
18653.0,0.7565511798498754
18654.0,1.2394389242434363
18655.0,-1.9703388301593985
18656.0,1.8480321062719496
18657.0,-0.5673548112601746
18658.0,0.9270486758807959
18659.0,0.588223585439752
18660.0,-0.6098884894922164
18661.0,-1.3111745546290825
18662.0,-1.6252419741236355
18663.0,-1.1536274329340335
18664.0,-0.23601205723765775
18665.0,0.8830787409424327
18666.0,-0.24167493706449006
18667.0,-0.031117866908372645
18668.0,1.7972430621694777
18669.0,-0.7967332409329867
18670.0,1.8653716464636598
18671.0,-1.2129564122016214
18672.0,0.627189375002846
18673.0,-0.32642042632167245
18674.0,0.11112287065030911
18675.0,2.3623082907653012
18676.0,0.902905170496378
18677.0,0.862728230268854
18678.0,-1.879531970934358
18679.0,0.9075108122709179
18680.0,0.1263325259943013
18681.0,0.5910417844532937
18682.0,-0.17252413236258077
18683.0,0.6875826432207516
18684.0,1.3884278198301288
18685.0,-0.6284158436098632
18686.0,-1.799290743149514
18687.0,-1.3224679270599107
18688.0,1.2971155698636512
18689.0,-0.12891311596610808
18690.0,1.1192659682837887
18691.0,0.19485382943939217
18692.0,-1.313478083983819
18693.0,0.2029824131271637
18694.0,0.8798102041656551
18695.0,0.6014295891379665
18696.0,-0.766726718922994
18697.0,0.8440983157710114
18698.0,0.075587191679311
18699.0,0.5303250137463306
18700.0,0.5986076243057367
18701.0,-0.863380868369979
18702.0,0.10213440254792917
18703.0,1.580769065694769
18704.0,1.1821439381495913
18705.0,-0.996961284209002
18706.0,-1.2226806334583322
18707.0,1.2371957067863417
18708.0,1.6310021905754704
18709.0,0.23673804813060495
18710.0,-1.1117067943095125
18711.0,-1.887577606976197
18712.0,0.215721001779997
18713.0,-0.8441378039582242
18714.0,0.8641153203379811
18715.0,-0.052269422846928155
18716.0,1.026898889933654
18717.0,0.7237712724398574
18718.0,-0.526528516876857
18719.0,0.446607758049805
18720.0,-0.3122273701112692
18721.0,0.2987608944063936
18722.0,0.10323757787698518
18723.0,-0.5546603123360492
18724.0,-1.1904824983025648
18725.0,-0.041644063395125094
18726.0,-0.49806854266675665
18727.0,-0.34118069004130175
18728.0,-0.8509788020689892
18729.0,0.1957994151438251
18730.0,0.9640874139900323
18731.0,-1.032658572106202
18732.0,0.9238218779895556
18733.0,-0.43194979273128103
18734.0,-1.3728536149827146
18735.0,-0.11646015364999224
18736.0,-0.6393202912588917
18737.0,-0.9043501456574209
18738.0,-0.5786674638873753
18739.0,-1.233455738413486
18740.0,-1.1517824769171785
18741.0,-1.4402135441470278
18742.0,-0.4618230007422787
18743.0,0.5388006046238439
18744.0,-0.13205658075334353
18745.0,2.066946159671111
18746.0,0.31741328477580644
18747.0,-0.9030738132348946
18748.0,0.6574460873993748
18749.0,-0.7130226441519425
18750.0,-0.3227902220295297
18751.0,-0.8826171474916226
18752.0,-0.6910725044970971
18753.0,0.4200147808031981
18754.0,0.6550663697724973
18755.0,-0.44649675421581353
18756.0,0.3537424425954969
18757.0,0.23188541197271703
18758.0,-0.16793810473029872
18759.0,-0.06451278536094993
18760.0,1.6872587510144612
18761.0,-0.3737719906830173
18762.0,0.15134484513499114
18763.0,-0.2913818761403356
18764.0,0.7957672312573251
18765.0,-0.3583690757307655
18766.0,-0.14818813061427605
18767.0,0.5775944817973612
18768.0,-1.5474422729628317
18769.0,0.4674772185201054
18770.0,0.4183185575014272
18771.0,-0.2312895288068801
18772.0,-0.2688901843548945
18773.0,1.0919309853509565
18774.0,-0.14105879006265498
18775.0,0.0025909870156058316
18776.0,1.4090814277191521
18777.0,-0.6365292696694024
18778.0,-0.4697938398110929
18779.0,-1.7007731803191626
18780.0,-0.07391523809464466
18781.0,1.7339041326909181
18782.0,0.2418140658850935
18783.0,-0.7502813200185826
18784.0,1.6508750882676115
18785.0,2.5951839656225504
18786.0,1.5090652919012262
18787.0,0.12417294327429855
18788.0,-0.5187085356291617
18789.0,0.02079113479897755
18790.0,0.21068316896473505
18791.0,-0.3759051932171615
18792.0,-0.6919201099946882
18793.0,0.1947794683522216
18794.0,0.34570606008931326
18795.0,-0.9343423112288197
18796.0,0.16557594670205134
18797.0,0.8412599544354061
18798.0,0.269505854001876
18799.0,-1.7073953023630384
18800.0,-0.8339962446348037
18801.0,-0.3425608667995769
18802.0,-1.9441083324642365
18803.0,0.35489511166221793
18804.0,1.0421191068965474
18805.0,0.4433550865253705
18806.0,0.9645682715344529
18807.0,-0.7932750462584285
18808.0,-1.914743914673119
18809.0,-0.5512248334599162
18810.0,-1.256728864978675
18811.0,0.4025236040369138
18812.0,0.8609121297589116
18813.0,-0.4980523862461505
18814.0,-1.0867241701968373
18815.0,-2.336566939995881
18816.0,0.432985627462027
18817.0,-0.7263069743231448
18818.0,-0.22029040512421358
18819.0,0.3476553568406038
18820.0,-0.4467677669324546
18821.0,0.9019634420801687
18822.0,-0.05578558956836618
18823.0,-1.156176276287596
18824.0,0.638680865206291
18825.0,-1.1531907861235016
18826.0,-0.6413475477929356
18827.0,0.39289099494144775
18828.0,-0.6480289071450692
18829.0,0.21590291461806052
18830.0,0.5071990748277552
18831.0,0.23446406301080727
18832.0,0.6762633336555285
18833.0,1.9499827361934923
18834.0,-0.5874551160754695
18835.0,-0.04315463942087572
18836.0,-1.7426356065534856
18837.0,-0.12729532362423415
18838.0,-0.43747504076386196
18839.0,-1.538027443149299
18840.0,-0.7047168049427482
18841.0,-0.49660093898132124
18842.0,-0.04856233848119782
18843.0,-0.7209692132607114
18844.0,-1.1736391685908332
18845.0,-0.5063348663221071
18846.0,1.5740796617434896
18847.0,-1.3386447118505087
18848.0,-1.2560649985137338
18849.0,-0.773723169446491
18850.0,-1.1925324887386946
18851.0,-1.7341443409868051
18852.0,-0.8577162886448597
18853.0,-0.8290178280069329
18854.0,0.20418372878552996
18855.0,0.00978135966519411
18856.0,0.7602672655301476
18857.0,-1.3346091961603461
18858.0,-2.9540756200526177
18859.0,-0.571874408527679
18860.0,-0.32153910833481003
18861.0,-1.1018290715615209
18862.0,-1.921874467836306
18863.0,0.3233066126060487
18864.0,0.08174125406277413
18865.0,-0.06317599363703962
18866.0,0.1732931741476418
18867.0,-0.21919838492016674
18868.0,-0.32364597915603
18869.0,-0.3911048431761537
18870.0,-0.08778508110607175
18871.0,-0.12020623884786942
18872.0,-0.7787106149189144
18873.0,0.8017395744469292
18874.0,-0.22837157949434672
18875.0,-0.12345546629715329
18876.0,-0.6578246380010241
18877.0,0.3320590641109799
18878.0,-0.8027683984424943
18879.0,0.5732226664957474
18880.0,-0.11206949618459153
18881.0,-1.0055848335752942
18882.0,-0.8039731641722998
18883.0,0.27634149012123554
18884.0,0.6747266900201166
18885.0,-0.9221051589102134
18886.0,-1.3711682579809743
18887.0,1.0666900600710234
18888.0,-1.407633431454649
18889.0,1.3273694491007229
18890.0,-1.7176036275912823
18891.0,-0.8265475071027731
18892.0,-2.067157753401666
18893.0,1.1777088992628326
18894.0,1.1172828321805774
18895.0,-1.7344135665710392
18896.0,-0.6663783937948453
18897.0,-0.866963905225481
18898.0,0.4298814105461139
18899.0,-0.8754457545355117
18900.0,0.5382202478831928
18901.0,0.3061938836274187
18902.0,0.381722619840449
18903.0,-0.4921149980929346
18904.0,0.4960322525057903
18905.0,-1.428369265460168
18906.0,-1.3953522725315177
18907.0,-0.8688823558414591
18908.0,0.7032265047806879
18909.0,0.6634334796153544
18910.0,0.7363741255126556
18911.0,-1.0999672734286012
18912.0,-0.5043237793051155
18913.0,-0.33195395276542417
18914.0,0.8527604849011327
18915.0,-0.044196644989608784
18916.0,1.5406353517879532
18917.0,0.2705885347512813
18918.0,-0.3882355223341764
18919.0,-0.5665151653352208
18920.0,1.2137351784006667
18921.0,-0.4890148513515862
18922.0,0.15249359868016996
18923.0,0.13535904458694822
18924.0,0.00880802229953179
18925.0,-0.16164358176086466
18926.0,-0.11784902407826792
18927.0,0.0659311979364077
18928.0,-1.6602236714512149
18929.0,1.011824572903024
18930.0,-0.21428481250735917
18931.0,-1.5858664845267412
18932.0,-1.3398010969094056
18933.0,0.38845460258065523
18934.0,-1.3236819677474119
18935.0,0.19849158974706316
18936.0,-2.3300533658648996
18937.0,-1.2503311492004017
18938.0,-0.8989714389717859
18939.0,-0.9535847591754419
18940.0,-0.9120023546119727
18941.0,-0.8003483825511292
18942.0,1.7257892596905902
18943.0,0.592865708821069
18944.0,1.128380869862086
18945.0,0.7847840622097381
18946.0,0.9315192335935911
18947.0,0.24692408140303967
18948.0,0.0988452039349489
18949.0,1.1186379014417427
18950.0,0.9091501950609218
18951.0,0.0048498020317344175
18952.0,-1.4359006737065068
18953.0,-1.4911992127512597
18954.0,-0.7910656273265964
18955.0,-0.3854702535066362
18956.0,-2.5613636846924956
18957.0,-1.6393591944514305
18958.0,-1.0213420080201785
18959.0,1.2655196792758057
18960.0,-0.6736510877779224
18961.0,-0.41834364843104455
18962.0,-0.9928687920691083
18963.0,-1.2658987244768627
18964.0,-0.5878274577826862
18965.0,0.27943470668158166
18966.0,-1.7955250608354605
18967.0,-1.2963740260155638
18968.0,-0.7647681635961365
18969.0,-0.6978563014741134
18970.0,-2.400308139218286
18971.0,0.33590883383429126
18972.0,-1.1057396591250208
18973.0,-0.06092207682061647
18974.0,-0.46054151000024723
18975.0,-0.9294203372765739
18976.0,-1.7019345368394982
18977.0,-1.8316590649007187
18978.0,0.5774103562565609
18979.0,-2.020432455353149
18980.0,0.1008178488835089
18981.0,1.051475238780956
18982.0,-0.208041961985245
18983.0,-0.6266959766195739
18984.0,-1.2682249524289397
18985.0,-0.5437496034945024
18986.0,-0.9778845032912641
18987.0,-1.5804791385080639
18988.0,-0.520570056989714
18989.0,-0.3438132874904412
18990.0,-0.22934274642358585
18991.0,0.6191585744940763
18992.0,0.31284676325666244
18993.0,-0.18970752673547106
18994.0,0.7652765518554506
18995.0,-0.048899104909306705
18996.0,-0.852079942406403
18997.0,0.5296876298099604
18998.0,-0.6106123862597537
18999.0,-1.315490779730541
19000.0,-1.001708608383549
19001.0,0.5670379118434179
19002.0,-0.4198799168257015
19003.0,0.012066532411069874
19004.0,0.4480289701299216
19005.0,-0.7636344145732841
19006.0,-1.038365045979875
19007.0,-0.9230255115490188
19008.0,-0.19845769381718453
19009.0,-0.8419650192598299
19010.0,0.38130682165586843
19011.0,0.8966849790063026
19012.0,-1.0615715951292515
19013.0,-0.5481494688093103
19014.0,0.052432808624541166
19015.0,1.936023612985237
19016.0,-0.0665959492299808
19017.0,-1.0106779143116043
19018.0,-0.16043178387816573
19019.0,0.09139603782243681
19020.0,0.3587119116856227
19021.0,1.5887303095337055
19022.0,-1.8469142377209942
19023.0,-0.14836640710595095
19024.0,-0.23611273405363475
19025.0,1.0021185144112215
19026.0,0.21909862590795254
19027.0,0.9116010880481218
19028.0,0.2748474067940205
19029.0,1.4593524532744968
19030.0,-0.45173153662275417
19031.0,-0.20573459952137285
19032.0,0.7333489657820508
19033.0,1.654116548395692
19034.0,-0.19521222778661104
19035.0,-0.7902504955308238
19036.0,-0.28227776583628905
19037.0,0.7359651322196122
19038.0,-0.8074929370887396
19039.0,0.5285162118230685
19040.0,-1.7357065418546445
19041.0,-2.5730556530136175
19042.0,0.9216960880543379
19043.0,-0.12063907070852795
19044.0,0.1925492324313204
19045.0,0.1595158923003487
19046.0,-1.5056973468813297
19047.0,2.2923720177178253
19048.0,0.2713980089721859
19049.0,-1.8828810082107215
19050.0,0.09479094061066487
19051.0,0.8455767440642415
19052.0,1.3880562763740336
19053.0,0.9342281053666371
19054.0,0.24667468018861868
19055.0,-1.3591726998921265
19056.0,-0.7021635630834405
19057.0,-1.6273904838284141
19058.0,-0.07138363951516628
19059.0,2.4027667740002583
19060.0,0.5876200200715505
19061.0,-0.6730431941459326
19062.0,-0.1306912587636032
19063.0,0.6231817614648549
19064.0,-1.264626194379292
19065.0,-0.5910144036213206
19066.0,-0.9770069904467577
19067.0,0.7612898074784021
19068.0,-1.301187946155684
19069.0,-0.7050806075619411
19070.0,-1.2123756815766191
19071.0,-0.1806607047356186
19072.0,0.22169997219262283
19073.0,-1.048710779453723
19074.0,0.8891972089731417
19075.0,-1.898916502161266
19076.0,0.5889104792398367
19077.0,-2.0781466060974596
19078.0,0.6955889646367425
19079.0,0.3749949190216155
19080.0,0.34727705280885535
19081.0,0.029725994955850998
19082.0,1.3064986705464567
19083.0,2.2705744982866274
19084.0,-0.7364640798216632
19085.0,-0.30192811815550996
19086.0,-0.1039867325591775
19087.0,1.1848999172864552
19088.0,-0.5300891043266193
19089.0,0.2585764369786547
19090.0,-0.8887509200430498
19091.0,-1.1696020564235075
19092.0,2.217427767478121
19093.0,-0.18512117330418623
19094.0,-2.5693623026527828
19095.0,1.2834616017812077
19096.0,2.887052154965849
19097.0,-0.797463684450226
19098.0,-0.5712253574908079
19099.0,-0.7202991267132747
19100.0,-1.7597244870917037
19101.0,0.5569097254711217
19102.0,0.5823735516599894
19103.0,2.091324972147595
19104.0,-1.5481180307578482
19105.0,-0.9737173495406698
19106.0,-0.22661245196262128
19107.0,0.6052100418464654
19108.0,1.2999904072891801
19109.0,0.06479812425517256
19110.0,-0.1514571534075021
19111.0,0.382760360595867
19112.0,-0.6049659703216649
19113.0,-0.4680235705845549
19114.0,0.11844028130627797
19115.0,0.04823853906494892
19116.0,0.7458656582546649
19117.0,1.3418421658894057
19118.0,0.39661860681096495
19119.0,-0.49430770773008864
19120.0,-0.8068108109680783
19121.0,0.8878587969910025
19122.0,-0.4180858593294702
19123.0,-0.9969874592981022
19124.0,-0.9153641880985525
19125.0,-0.047969451515029224
19126.0,1.3398952038250411
19127.0,1.1765559220087378
19128.0,0.3143908307873214
19129.0,-0.7153665635051727
19130.0,-0.1338540494024196
19131.0,0.6433376303605691
19132.0,0.956535667116464
19133.0,0.4602872470839577
19134.0,0.6014915521167562
19135.0,0.49648139454261336
19136.0,-0.2907509658897171
19137.0,1.1442704037499123
19138.0,-0.3979674947196994
19139.0,-0.2721753359702437
19140.0,0.31001240258927654
19141.0,1.2182809070454674
19142.0,-0.19231579295896786
19143.0,1.6758349233607908
19144.0,1.209955289480783
19145.0,0.6787954530032827
19146.0,-0.9111192541495933
19147.0,1.4775079535390832
19148.0,-0.2082547413744405
19149.0,-0.8182949678667919
19150.0,0.12029012094023846
19151.0,-1.2817075989823197
19152.0,0.320024358185907
19153.0,-1.1641789203742063
19154.0,-0.13776937648774043
19155.0,0.3967026685211366
19156.0,-0.13279422159390242
19157.0,1.3554382531883316
19158.0,-0.8729186829596964
19159.0,-1.806457050078899
19160.0,-0.7574153419568188
19161.0,1.0893041671396144
19162.0,1.2375467014524113
19163.0,0.19599514809803845
19164.0,2.2032575509640204
19165.0,-0.7557618116546356
19166.0,1.3246065356997336
19167.0,-1.2065928860421637
19168.0,0.43847715762066275
19169.0,1.382311707496467
19170.0,-1.2613969684214754
19171.0,1.1627131035518883
19172.0,-0.06064648115011713
19173.0,-0.15132283606954972
19174.0,0.9134477058766131
19175.0,-0.23809206671877672
19176.0,-0.7433606522476037
19177.0,1.0056779165660767
19178.0,-1.573796108938829
19179.0,-0.32186985388170286
19180.0,0.2782007562474068
19181.0,-0.1042240809420053
19182.0,1.305197556911855
19183.0,-0.553852704967106
19184.0,1.7893675524236337
19185.0,0.46864605242629437
19186.0,-0.09809942915787526
19187.0,0.813719197846791
19188.0,0.06552352793742337
19189.0,-0.829742322093971
19190.0,1.4176350091452214
19191.0,0.6659399035475637
19192.0,1.0418385218747166
19193.0,0.27019633840609564
19194.0,-1.4242073630694427
19195.0,-0.03254730402743616
19196.0,-0.22089136789496933
19197.0,-0.09030793501536127
19198.0,0.34180504990221766
19199.0,-0.13814666723473984
19200.0,-1.2525472155084103
19201.0,-0.07595836873413696
19202.0,0.6834775505237018
19203.0,-1.336527961637881
19204.0,0.12616744275616001
19205.0,-0.6746590467435246
19206.0,-0.6989183042322221
19207.0,-0.489278484227534
19208.0,-1.3622125351145906
19209.0,-0.4372680278351213
19210.0,0.10719307915683397
19211.0,1.2060907909984784
19212.0,0.23708372749269202
19213.0,-0.5072211873750304
19214.0,1.569749694065078
19215.0,1.3561904904027309
19216.0,-0.035218645243154545
19217.0,-0.3773947216842624
19218.0,2.335387035738342
19219.0,0.9154394314835652
19220.0,0.09832179100259907
19221.0,-0.25059175057796684
19222.0,0.05375175625245869
19223.0,-1.7980830148858387
19224.0,1.7044484260887058
19225.0,-0.42740049539997277
19226.0,0.3376481475187371
19227.0,-0.8845982997658085
19228.0,2.1144453278397046
19229.0,0.06627233428722624
19230.0,0.9831496050191709
19231.0,0.8551496288234339
19232.0,-0.6678072640573575
19233.0,-0.6549110265154643
19234.0,0.3395475097595409
19235.0,0.3851202211560646
19236.0,0.7983980771501674
19237.0,0.25473901873178795
19238.0,-1.4174269889014528
19239.0,-0.529945177318457
19240.0,-0.5734061518617866
19241.0,-1.0477624848463725
19242.0,0.05355710253943355
19243.0,0.36750949461365673
19244.0,0.11135136557338907
19245.0,-1.1270410341168309
19246.0,0.920628717028951
19247.0,-0.10065021661719996
19248.0,-0.4696371086178777
19249.0,0.24790968024885668
19250.0,-0.354294537601387
19251.0,0.5041675888025174
19252.0,1.3223971891486042
19253.0,1.4488852402938102
19254.0,0.17096937121322664
19255.0,-0.5159373763534417
19256.0,0.4298779443726802
19257.0,2.1827637443783923
19258.0,-0.7532394584690092
19259.0,0.9748399208209417
19260.0,-1.2139462016711475
19261.0,0.5846346116807637
19262.0,-0.9168272584887428
19263.0,-2.1081319522117994
19264.0,0.2390628207068151
19265.0,0.7570847087747523
19266.0,1.9560514619575822
19267.0,0.9892782711072424
19268.0,-0.13434097769315603
19269.0,-1.8868987683020249
19270.0,-0.9770543359168368
19271.0,0.4200752756407777
19272.0,-0.527517585453561
19273.0,0.4375474674378574
19274.0,-1.8927350638730285
19275.0,-2.0614498169221593
19276.0,-1.8560848343494574
19277.0,-0.23869815843793338
19278.0,-1.4517797322530754
19279.0,0.8019334220568963
19280.0,0.10299297422059593
19281.0,1.3657057082834891
19282.0,-0.4673820989057142
19283.0,-0.4726299478887969
19284.0,-1.5230814646387905
19285.0,1.078336795160845
19286.0,-1.8447423441570534
19287.0,-1.0480306172307865
19288.0,0.07100994113214065
19289.0,0.10718379171807371
19290.0,0.3381052964005088
19291.0,-0.8741131069717053
19292.0,0.12186191805724643
19293.0,-1.1573900140847964
19294.0,-2.207331292289548
19295.0,-0.36374913367430006
19296.0,0.6769466566670511
19297.0,0.5408196406932464
19298.0,-1.227344582464107
19299.0,-1.0815681282460932
19300.0,0.7314682263397726
19301.0,0.4975545016116347
19302.0,-1.1052419617725984
19303.0,0.03507779020791982
19304.0,-0.12637316182426114
19305.0,-0.4851439617041598
19306.0,1.3245078411577325
19307.0,0.16235484098274583
19308.0,-1.5747187278393793
19309.0,1.1265700406636685
19310.0,0.5880618741807685
19311.0,0.29611115320582304
19312.0,-0.5428109089561309
19313.0,-1.4545718072518508
19314.0,0.7971289570041382
19315.0,-0.10821129442055032
19316.0,1.0702709886227235
19317.0,0.47870478553108997
19318.0,-1.1804233860946916
19319.0,0.0991368847365277
19320.0,-1.856423485288565
19321.0,-1.7607735368228916
19322.0,0.19566848973970313
19323.0,-0.9807355406492922
19324.0,-0.14272299970612332
19325.0,0.7546378350407478
19326.0,0.6089119849887438
19327.0,1.7934565472569752
19328.0,0.9914127359161264
19329.0,-1.1035020387135404
19330.0,-2.1828733164238487
19331.0,-0.3054297542837079
19332.0,-0.3733154753054447
19333.0,-0.10405781456554744
19334.0,0.12600465749016765
19335.0,1.5523915364663396
19336.0,0.5542102634241032
19337.0,-0.08278158940093482
19338.0,-0.011596795935333895
19339.0,-0.2021283237690049
19340.0,-1.5096951598504957
19341.0,1.2481314057151318
19342.0,0.650879233343043
19343.0,1.1123408152127383
19344.0,0.22241383543493307
19345.0,1.3626816477599308
19346.0,0.9856140534819262
19347.0,-0.8727106596667916
19348.0,0.31737404331484664
19349.0,-2.6718789049786213
19350.0,-1.6746097124236086
19351.0,-1.3213546079315748
19352.0,1.3202105586550985
19353.0,-0.8623789236186107
19354.0,-0.5323452848831449
19355.0,0.3307925139772847
19356.0,-0.3428129698175349
19357.0,-0.6055008389922979
19358.0,-0.6953455241995206
19359.0,0.2271899424380027
19360.0,1.2106405970044776
19361.0,0.17015532146876863
19362.0,-0.5873023226864275
19363.0,-0.28076937634880117
19364.0,-0.49079526090829795
19365.0,1.1805708644859554
19366.0,-0.20106599610809503
19367.0,-0.6691482764325098
19368.0,-1.2020492914838177
19369.0,0.4319934894316548
19370.0,0.13971551177420594
19371.0,0.7317210305021498
19372.0,-2.5882919441760834
19373.0,0.9221011451063043
19374.0,0.26572853250212863
19375.0,0.9741393952885214
19376.0,0.8933772658749628
19377.0,1.1231605125067898
19378.0,0.1675069942581608
19379.0,1.0669991928333753
19380.0,0.1307272957200778
19381.0,0.5061111772894143
19382.0,0.38362194629510893
19383.0,-1.0947319330676117
19384.0,1.1212762270056795
19385.0,-1.1499074757656398
19386.0,1.4715431537162984
19387.0,1.4297293147760097
19388.0,-0.981240456957326
19389.0,-1.7487607053099332
19390.0,0.19913172380246993
19391.0,0.7429511658688328
19392.0,-1.9050584791300256
19393.0,-0.11900839905680945
19394.0,-0.9082826581247575
19395.0,1.8838122969006217
19396.0,-0.9008048241201714
19397.0,-1.6969880971743332
19398.0,0.3972609173726345
19399.0,1.0724914285455478
19400.0,-0.02090158992212898
19401.0,-0.010094569965898595
19402.0,-0.5150843777139817
19403.0,0.3273307081846289
19404.0,0.33266598754254667
19405.0,0.40296573078891407
19406.0,0.7790437199453301
19407.0,-0.7114156485416749
19408.0,1.6056317413792134
19409.0,0.13383745738007896
19410.0,1.6713149885004435
19411.0,1.3998475653069906
19412.0,-1.824242459157431
19413.0,-0.46454494315385775
19414.0,0.35340787234411863
19415.0,1.4294609790925206
19416.0,0.009977275227933352
19417.0,0.9984900165670694
19418.0,-0.7905318909669629
19419.0,0.41970059307249585
19420.0,-0.6012274145858475
19421.0,-0.15419530605701012
19422.0,1.0439995957451553
19423.0,0.6882132833115475
19424.0,2.1203287950118495
19425.0,-0.43609690180983585
19426.0,0.013481066376224522
19427.0,1.2865341981770524
19428.0,0.6726575146154684
19429.0,-0.11395213064860371
19430.0,1.5027065115761928
19431.0,-0.30042288614409185
19432.0,-0.01633713337884116
19433.0,0.1405540974699743
19434.0,-1.2266114949894362
19435.0,-1.7901547287500357
19436.0,0.06862831757023308
19437.0,-1.8596217748923027
19438.0,0.37149689107488154
19439.0,-0.3083943557092592
19440.0,-1.2781063110451758
19441.0,-0.47812037874533175
19442.0,-2.400617306685885
19443.0,-0.6898140415285656
19444.0,1.5550766542845218
19445.0,0.3266447280042656
19446.0,-0.4585052189697118
19447.0,0.04541572902946218
19448.0,0.4883803635623376
19449.0,0.24038277873467828
19450.0,-0.31671242542440675
19451.0,0.3908362528891212
19452.0,0.08637776362836058
19453.0,-1.1927389312912473
19454.0,-1.1350723889280148
19455.0,-0.7250915723697099
19456.0,2.7601920311810493
19457.0,-0.290299682693533
19458.0,-0.848542502042737
19459.0,-0.12284422310920054
19460.0,-0.15434823667594907
19461.0,-0.8849568149924651
19462.0,0.19424533977398828
19463.0,0.8978294155444548
19464.0,-0.025267977960184446
19465.0,0.5377033553381828
19466.0,0.00526378407397933
19467.0,-0.3374594735475044
19468.0,0.12322971628605339
19469.0,0.7413697490396421
19470.0,1.0820164844644418
19471.0,0.6218038156063359
19472.0,-0.5498571634940138
19473.0,-0.4761445963894434
19474.0,0.15901207174658005
19475.0,-0.6240946086896313
19476.0,-0.10178663858055528
19477.0,-0.5803560356699616
19478.0,-1.3474140086845994
19479.0,-2.9562993510907565
19480.0,0.8687887816847133
19481.0,-0.5484328268029021
19482.0,-0.5639943529538897
19483.0,1.4020802801508525
19484.0,0.1818046553486326
19485.0,0.9139578080537081
19486.0,0.7721978304421162
19487.0,0.004256376727124058
19488.0,-0.12460563192683816
19489.0,-0.7659579692006416
19490.0,-1.4757195846334825
19491.0,-0.738088625662296
19492.0,-0.13576659416021847
19493.0,-0.30380694943594816
19494.0,1.5328624390150205
19495.0,1.7852059498039314
19496.0,-0.7134600823036664
19497.0,0.43661745289244963
19498.0,0.2722283319902854
19499.0,0.41173505744217465
19500.0,-0.7333194097227284
19501.0,2.3740186424813152
19502.0,-1.2609961677572572
19503.0,0.9569663139569193
19504.0,0.36314094813275155
19505.0,0.03274718666647876
19506.0,-0.5064287110074884
19507.0,-0.9619761197320901
19508.0,0.5644332239182436
19509.0,1.285314223565957
19510.0,-1.3411312919033997
19511.0,-0.19932853759101746
19512.0,0.3679347710654882
19513.0,0.7774281264750122
19514.0,0.2899348416007514
19515.0,-0.34199259222574135
19516.0,-0.3994497144361361
19517.0,1.2742315154015071
19518.0,-0.7674324528643329
19519.0,-0.4126573620983953
19520.0,0.007546095982827107
19521.0,-0.9532201050855222
19522.0,-0.06399317287610315
19523.0,-1.3108113686926195
19524.0,-0.6804159433077723
19525.0,2.396274777812281
19526.0,-1.7037141122358925
19527.0,-0.1464805997698666
19528.0,0.7995812509413228
19529.0,0.6458336437469246
19530.0,-0.15751314446192408
19531.0,0.1168438957998681
19532.0,-1.112951133945464
19533.0,-0.388844405991701
19534.0,-0.6556254437307912
19535.0,-0.7638137790602431
19536.0,-0.2638487066496819
19537.0,0.5794467928253829
19538.0,-0.5733244159892402
19539.0,-1.3811995701316373
19540.0,0.6756941669176724
19541.0,-0.9970457847386334
19542.0,-0.13320626026986923
19543.0,-0.6542692018623696
19544.0,-0.5463049364130992
19545.0,0.5406694290526255
19546.0,-0.22834434619377253
19547.0,-1.2453360893523788
19548.0,1.1960506333099437
19549.0,-3.6011851280031344
19550.0,1.6911435227241967
19551.0,-0.46950411017968957
19552.0,-0.13751994322030023
19553.0,-0.7197632556275537
19554.0,-1.9238718165611448
19555.0,-1.8073805074005511
19556.0,0.416424839312538
19557.0,0.01766432000844423
19558.0,0.3751352436791613
19559.0,-0.3271417909554366
19560.0,0.8231570351525577
19561.0,0.3184933600736583
19562.0,-0.564462980834775
19563.0,-1.543442885748701
19564.0,0.05431774262769803
19565.0,-0.1634189708552977
19566.0,-0.046688569064572805
19567.0,0.5596343456733428
19568.0,-0.7543569788223656
19569.0,1.1393532897946184
19570.0,1.157889817934501
19571.0,0.5169182433746975
19572.0,-0.3532984351272764
19573.0,0.7498683860944256
19574.0,-0.9689480865771437
19575.0,0.23372622182303104
19576.0,-0.988525609592327
19577.0,1.717074139317722
19578.0,-1.4089401044763186
19579.0,-1.397419051225852
19580.0,0.04133549673860274
19581.0,0.10287437277627512
19582.0,0.6091022196645521
19583.0,-0.9057865519717513
19584.0,-0.7116951102186375
19585.0,-1.242969274673854
19586.0,1.7944492662652827
19587.0,1.495906724391877
19588.0,1.3844258285814743
19589.0,0.7313383590136852
19590.0,0.33692981782809556
19591.0,-1.4414921105749179
19592.0,-0.9940289799950159
19593.0,-1.3828892533398403
19594.0,0.7021340954311706
19595.0,-0.9263548365941009
19596.0,-1.6828066309587382
19597.0,1.5890553635221312
19598.0,-0.42503529660931383
19599.0,-0.2686402437505248
19600.0,0.7522142009431783
19601.0,-0.04484708468318749
19602.0,0.3010758605932214
19603.0,0.44279100431080365
19604.0,2.0492499140895233
19605.0,-2.52671124722393
19606.0,-0.9411282888291314
19607.0,-0.01851622228713254
19608.0,0.024305591422372305
19609.0,-1.7630161018682837
19610.0,0.8386290361563561
19611.0,-1.2338341943335216
19612.0,0.6609738011328118
19613.0,0.6818873547779121
19614.0,1.2007403379130097
19615.0,-0.5423829899020496
19616.0,-0.9931365798196149
19617.0,-0.13748776565946944
19618.0,0.2999380398905574
19619.0,-0.5268484894662477
19620.0,1.2022707389104348
19621.0,0.7288232926939154
19622.0,-0.20990651198364133
19623.0,0.187382043467345
19624.0,-0.41263633821901846
19625.0,0.3145514696767819
19626.0,-0.541883991955073
19627.0,-0.543842460233204
19628.0,0.9790811721849667
19629.0,0.03685753112505876
19630.0,-2.1557941038105697
19631.0,-0.07111249013365882
19632.0,0.7543751176462418
19633.0,-0.417006012005789
19634.0,0.006626057370922799
19635.0,1.5524892937513073
19636.0,0.8313215275542024
19637.0,-0.3188982865765099
19638.0,-0.2377565487829012
19639.0,-2.200795940429645
19640.0,-0.5343337324166815
19641.0,-0.10256163862282243
19642.0,-0.5318682907178607
19643.0,0.8526060599622749
19644.0,-0.16852454063592373
19645.0,0.10779921708882352
19646.0,-1.0528374596125756
19647.0,0.8976364610267397
19648.0,-1.5737562507176324
19649.0,0.40985138577886
19650.0,0.48754235009642183
19651.0,-0.9909102332986335
19652.0,-0.7968865174912186
19653.0,-0.002890543631409877
19654.0,-1.1104416020071606
19655.0,-0.27587779915564975
19656.0,0.3305375166818109
19657.0,0.9012405064981729
19658.0,0.6547028879083768
19659.0,-0.13790556361192
19660.0,0.0649490794899604
19661.0,0.7812775151984973
19662.0,-1.3444615896801266
19663.0,0.4976019496187704
19664.0,1.1717029350879422
19665.0,0.8914500013345088
19666.0,0.031522030585358206
19667.0,-0.1391821737166721
19668.0,0.13382667223238306
19669.0,-0.13593530636801615
19670.0,1.769674687375259
19671.0,0.9759324420437954
19672.0,-0.9834806943634631
19673.0,0.046845172436945554
19674.0,-0.7892696005191071
19675.0,0.4319362802663541
19676.0,-1.3765924705928572
19677.0,0.982441698765905
19678.0,0.9556319529214186
19679.0,-1.2698153657908018
19680.0,-0.7605313694628558
19681.0,-2.2155212327609033
19682.0,0.1758916172378246
19683.0,-1.8870832990249322
19684.0,-0.6421259216056059
19685.0,0.554749806866529
19686.0,0.7458346308071133
19687.0,0.526540850025134
19688.0,0.13674375846942902
19689.0,-0.2851918731689725
19690.0,-2.3562204434733305
19691.0,0.6006884972451337
19692.0,-0.3874341031379561
19693.0,-0.5403832705098458
19694.0,0.08687818998003075
19695.0,-0.07846620995724224
19696.0,0.11342681655957783
19697.0,-0.03196578532978671
19698.0,0.8993815388354011
19699.0,-0.7681892853526802
19700.0,0.16321443202341315
19701.0,-1.4671412241008557
19702.0,-1.1718233939269365
19703.0,1.4026900352035065
19704.0,0.3552335425158989
19705.0,-0.32606286619928165
19706.0,0.3985154281666759
19707.0,-2.7383722718138506
19708.0,-0.7778345707582052
19709.0,-0.7856991700519449
19710.0,0.5101155238210638
19711.0,-1.5139352479351749
19712.0,-0.5838386079485022
19713.0,-0.8172048022989958
19714.0,-0.4348184628879166
19715.0,1.3675499464178695
19716.0,-0.8272050542261109
19717.0,-0.047393529004879205
19718.0,-2.271559747469196
19719.0,-0.4929867771764805
19720.0,-0.9356817177842381
19721.0,-1.681796027952331
19722.0,-0.31820330095222504
19723.0,0.024303003584235157
19724.0,-0.5029731353061392
19725.0,-0.005007490326206592
19726.0,-0.7554787762472419
19727.0,0.6763417322500885
19728.0,-0.8278898892190032
19729.0,-0.441681206795603
19730.0,-0.8867313808134962
19731.0,0.1801960859488688
19732.0,-1.481162363614083
19733.0,1.838751114418381
19734.0,0.06507460021111246
19735.0,0.6789950342789319
19736.0,-0.2017816022204138
19737.0,1.9505753255624492
19738.0,-1.2476373974281754
19739.0,-0.9373479515245087
19740.0,0.04417274009880902
19741.0,1.5566163973844647
19742.0,-0.044187653684516125
19743.0,-0.4945789674830862
19744.0,-0.17592638343090056
19745.0,0.2504923692125355
19746.0,1.4234943693761075
19747.0,-1.754904316284544
19748.0,-0.5371962396702147
19749.0,1.1677248413047043
19750.0,0.3233515768466181
19751.0,0.7270076135662074
19752.0,-0.8105444837524739
19753.0,0.6809675381992681
19754.0,-0.34791318276184896
19755.0,-1.402748665891179
19756.0,-0.7129358917531116
19757.0,-0.8138351288462587
19758.0,0.169492046990293
19759.0,0.5755835667742265
19760.0,-0.4084481571286186
19761.0,-0.9183516650427538
19762.0,-0.5785551788086337
19763.0,0.7217364305749707
19764.0,-1.8602145906565115
19765.0,-1.865244296527372
19766.0,-1.2928971705568335
19767.0,-0.705393143688524
19768.0,-0.5127853846469101
19769.0,0.6019094486054691
19770.0,-0.34451682505895515
19771.0,0.33555882972452644
19772.0,-0.566739116652443
19773.0,-0.2379843519282099
19774.0,0.7556881935512846
19775.0,-0.5999686586470523
19776.0,1.0154123650582496
19777.0,-0.32889251797436075
19778.0,0.3762163724799941
19779.0,-0.06587524320904088
19780.0,-0.9698726724172466
19781.0,-1.186515530243277
19782.0,0.31286891111623283
19783.0,-0.7603953209771334
19784.0,-0.7383303387956983
19785.0,0.7903251917974479
19786.0,-1.0460889129449316
19787.0,0.9132038081220619
19788.0,-0.7870656751311441
19789.0,1.3586966120974449
19790.0,-0.7672954078414821
19791.0,0.8861873892641917
19792.0,-1.2210560355314537
19793.0,0.8137160604665024
19794.0,1.3708046104222456
19795.0,-0.5914879540920728
19796.0,-1.3922039624849947
19797.0,-1.3628719807778085
19798.0,0.7851953826323339
19799.0,0.7060776099225411
19800.0,-0.4385983686019349
19801.0,0.7330691787840117
19802.0,0.0991876258074772
19803.0,-1.5454631256975495
19804.0,-0.06783976363939406
19805.0,-0.5062571825753273
19806.0,-1.1890978155164442
19807.0,0.8069800982641623
19808.0,0.5384146199821124
19809.0,-0.3633605886068235
19810.0,-0.2444316494986467
19811.0,1.9354626738909122
19812.0,-0.6698304044043806
19813.0,2.0367031482269375
19814.0,0.7659903550546466
19815.0,-2.147138406758246
19816.0,-0.07182263599499666
19817.0,-1.2121997194992036
19818.0,1.0125920757916276
19819.0,-2.473021917674253
19820.0,1.057787552724287
19821.0,-1.0902872283801486
19822.0,0.7991423274849215
19823.0,0.6321679545047002
19824.0,1.3865636936550658
19825.0,-0.173919543490975
19826.0,-0.05659780658528009
19827.0,0.49382087129922125
19828.0,0.8279335660123782
19829.0,-1.641369114315053
19830.0,0.5073226742873982
19831.0,-0.09535698783976061
19832.0,0.40968148374613256
19833.0,-0.5324094474961166
19834.0,-0.10593357791998938
19835.0,0.6333990829654375
19836.0,2.5129167510589707
19837.0,1.3569556946788073
19838.0,1.608428694590616
19839.0,-1.5114925939678348
19840.0,0.9239345059825694
19841.0,0.16238043009471187
19842.0,1.0497220511098793
19843.0,0.4803653451051863
19844.0,-1.458678300260198
19845.0,0.9859576243574621
19846.0,0.08482699176683677
19847.0,0.17431478357679014
19848.0,0.6191592764800634
19849.0,0.8340654348319446
19850.0,-1.2481884301893922
19851.0,0.039109027982844144
19852.0,-0.6780940010205149
19853.0,-0.8059994915450652
19854.0,-0.8425889570669881
19855.0,-1.0413399524741085
19856.0,0.5577357849188123
19857.0,0.611877538992215
19858.0,0.7411169291835875
19859.0,0.5471778036716328
19860.0,0.3284186840192286
19861.0,-1.3079770674907834
19862.0,-1.3779027335127982
19863.0,0.7312029996743182
19864.0,0.2533555952015027
19865.0,0.5062726736357439
19866.0,-1.339496680202599
19867.0,0.31856536441063243
19868.0,-0.06764043039557045
19869.0,0.48473226659181234
19870.0,-0.14703793414059313
19871.0,0.641324763172645
19872.0,-0.9419593384557797
19873.0,-0.05110050732161334
19874.0,2.382713782456572
19875.0,1.2917530841026945
19876.0,1.9424763008581578
19877.0,0.3388858749501638
19878.0,0.41055068119422156
19879.0,-0.5867551768629435
19880.0,-1.1269041340720503
19881.0,-0.9615129393872904
19882.0,1.139707495491584
19883.0,-1.4927997136478102
19884.0,-0.028518767456012523
19885.0,1.1145520001738423
19886.0,1.7305270981995398
19887.0,0.5328017678491166
19888.0,-1.116713337287214
19889.0,-1.4676223531073191
19890.0,-1.2191008538958108
19891.0,-1.2641404712123963
19892.0,-0.6831026388435388
19893.0,0.7067942677059257
19894.0,-0.7774023965596788
19895.0,0.874982372473399
19896.0,-1.034564315058837
19897.0,0.9815108577374322
19898.0,-0.31083612209149575
19899.0,0.003491396352763634
19900.0,-0.10414882498041506
19901.0,0.27919879174481177
19902.0,-0.3755004271620874
19903.0,-0.009025617922098913
19904.0,1.6392468580191106
19905.0,-0.23478310711362516
19906.0,-1.2140691054441153
19907.0,0.24434430523792988
19908.0,-0.01872580012066052
19909.0,-1.5217965798155162
19910.0,1.7726326646865822
19911.0,-0.2870655057222854
19912.0,0.8231492423702096
19913.0,0.0757839147097061
19914.0,1.3432022842900455
19915.0,-1.0034793233742303
19916.0,0.8409749336961634
19917.0,0.9304289438313941
19918.0,0.03653938215328991
19919.0,0.7226483890919874
19920.0,0.12613790002844308
19921.0,0.1399550269038369
19922.0,1.0962490502349262
19923.0,-1.8650076437806395
19924.0,-1.3715586997592237
19925.0,0.11106197743414171
19926.0,-1.1065003139105185
19927.0,-2.1719967736996715
19928.0,-0.0612977076316442
19929.0,-0.8341212148226103
19930.0,-0.2411676673208437
19931.0,0.051215283807939556
19932.0,-0.6480533079731904
19933.0,-0.7437029034611605
19934.0,-0.5052549098310752
19935.0,1.9800361548247976
19936.0,0.24317212121184048
19937.0,0.02944152985568206
19938.0,0.0387738319590107
19939.0,0.33482204087651163
19940.0,1.2850622391772002
19941.0,-0.911568996597676
19942.0,-1.6984368980709292
19943.0,-1.2456046758815336
19944.0,-0.8949421266375736
19945.0,-1.3758983211311282
19946.0,0.57640204316253
19947.0,-0.3898908525409417
19948.0,-0.37100412739924926
19949.0,1.4285788101391157
19950.0,0.2819117652518266
19951.0,1.5161041556603103
19952.0,-0.8858544933138902
19953.0,-1.2912384610447007
19954.0,-2.0448307383870983
19955.0,-0.22106901987556646
19956.0,-0.4112395733962234
19957.0,0.26155225049405534
19958.0,-0.01928476830285101
19959.0,-0.36355630385431376
19960.0,-0.7833169068727681
19961.0,-2.6171177857391617
19962.0,0.5945138251741492
19963.0,-0.16667971105760054
19964.0,0.4030487662151077
19965.0,-0.8856414469885252
19966.0,0.13475258718726857
19967.0,-1.8620528847017117
19968.0,0.6898635717197938
19969.0,0.4233041257702254
19970.0,0.9288699396261059
19971.0,-0.3568599145297391
19972.0,1.110214045565697
19973.0,0.19499328132292798
19974.0,-0.6720385579751333
19975.0,0.23867969443028864
19976.0,0.5127571927016398
19977.0,0.05600120350288719
19978.0,2.3069436134681727
19979.0,0.003471114846771147
19980.0,1.7248271935057498
19981.0,0.5235135532132335
19982.0,0.33431280233285
19983.0,1.0382193766771664
19984.0,-2.4003606894134966
19985.0,1.7621923603542855
19986.0,1.3697761264935628
19987.0,0.23554585243635837
19988.0,0.7378694997618631
19989.0,0.33680807965987325
19990.0,1.656535453265387
19991.0,-0.36489079996848117
19992.0,-0.4741514317611913
19993.0,-0.43470814142013475
19994.0,-0.6932176200442938
19995.0,-1.1524622210923474
19996.0,0.27814100908494205
19997.0,-0.7097700984948169
19998.0,-0.12462326368630343
19999.0,0.01736736728019381
